frame,joint,x_2d,y_2d,score_2d,x_3d,y_3d,z_3d
0,Nose,465.0934,136.38885,0.9391396,,,
0,LEye,469.7881,126.09049,0.905032,,,
0,REye,460.3987,126.09049,0.9367644,,,
0,LEar,474.4828,131.23967,0.882494,,,
0,REar,453.3567,126.09049,0.9154138,,,
0,LShoulder,476.83014,167.28394,0.84242344,0.12039062,-0.17366323,0.03725566
0,RShoulder,432.2306,162.13475,0.825087,0.014328173,-0.1921194,-0.004150396
0,LElbow,486.21948,182.73148,0.8390774,0.14996526,-0.14347368,0.11772052
0,RElbow,406.40982,187.88065,0.9043202,-0.05105681,-0.12164873,0.07403376
0,LWrist,474.4828,203.3282,0.8409265,0.11152582,-0.088279724,0.04652046
0,RWrist,413.45184,229.0741,0.9121819,-0.035370626,-0.029988721,0.0089894
0,LHip,455.70404,249.67082,0.8336459,0.07832764,0.014731102,0.015461612
0,RHip,429.88324,239.37245,0.8742531,-0.0007069337,-0.016056843,-0.016398473
0,LKnee,443.96732,301.16263,0.8207446,0.040154293,0.14785108,-0.106912695
0,RKnee,427.53592,290.86426,0.87036717,0.003627614,0.11087939,-0.15950406
0,LAnkle,432.2306,342.35605,0.88872504,0.014918232,0.24961673,0.028772017
0,RAnkle,408.75717,352.65442,0.85296994,-0.043347634,0.27309546,-0.17045847
0,Head,465.0934,105.49377,0.8769908,0.08993162,-0.31893256,-0.03868875
0,Neck,458.0514,151.8364,0.9534999,0.07767064,-0.21202575,-0.00012437906
0,Hip,443.96732,239.37245,0.8414302,0.038669735,-0.0011603646,-0.0013919941
0,LBigToe,436.9253,362.9528,0.9323197,,,
0,RBigToe,411.1045,368.10196,0.80442065,,,
0,LSmallToe,439.27264,362.9528,0.891552,,,
0,RSmallToe,404.06247,362.9528,0.7873656,,,
0,LHeel,425.18857,352.65442,0.8754169,,,
0,RHeel,404.06247,362.9528,0.66614693,,,
1,Nose,466.4163,130.47423,0.9374489,,,
1,LEye,471.06277,125.34364,0.9090399,,,
1,REye,461.76978,125.34364,0.92484367,,,
1,LEar,475.7093,135.60483,0.89737517,,,
1,REar,454.80005,125.34364,0.9244373,,,
1,LShoulder,478.03253,166.38838,0.82452786,0.12263863,-0.17427786,0.037168052
1,RShoulder,433.8908,156.1272,0.8334302,0.016701713,-0.19223611,-0.004761505
1,LElbow,487.32553,176.64955,0.8486153,0.15214998,-0.14708434,0.11882644
1,RElbow,406.01184,186.91074,0.9045732,-0.049465314,-0.121819675,0.0735218
1,LWrist,473.38602,197.17192,0.79099697,0.11323372,-0.08943978,0.04863429
1,RWrist,412.98157,227.95547,0.9307311,-0.033678688,-0.030791905,0.0076427916
1,LHip,457.1233,248.47784,0.83051765,0.080689445,0.013930764,0.015499575
1,RHip,431.56757,238.21666,0.83484936,0.0022948657,-0.017657742,-0.016532872
1,LKnee,445.50705,299.78375,0.82428044,0.04066509,0.14732696,-0.10618765
1,RKnee,429.24432,284.392,0.87846285,0.009838039,0.10656138,-0.16106747
1,LAnkle,431.56757,345.95908,0.9024035,0.014185054,0.2501588,0.032712385
1,RAnkle,412.98157,351.0897,0.8634404,-0.032957837,0.2683182,-0.17042404
1,Head,466.4163,104.82127,0.88354206,0.09187366,-0.31939557,-0.03938252
1,Neck,459.44653,150.9966,0.9597795,0.079982586,-0.21232197,-0.0006234532
1,Hip,445.50705,238.21666,0.8296851,0.04134915,-0.0023212563,-0.0013264855
1,LBigToe,438.5373,361.35086,0.9145012,,,
1,RBigToe,406.01184,366.48145,0.8723767,,,
1,LSmallToe,440.86057,361.35086,0.9213325,,,
1,RSmallToe,403.68857,361.35086,0.9628248,,,
1,LHeel,426.92105,356.22028,0.855621,,,
1,RHeel,415.3048,361.35086,0.8819672,,,
2,Nose,467.40936,134.83362,0.9436683,,,
2,LEye,472.04776,124.6506,0.9096977,,,
2,REye,462.771,124.6506,0.93846315,,,
2,LEar,476.68613,134.83362,0.9286138,,,
2,REar,455.81342,129.74211,0.90224004,,,
2,LShoulder,479.0053,165.3827,0.7806283,0.124829575,-0.17481999,0.036819924
2,RShoulder,437.2599,160.29118,0.8236697,0.019207617,-0.1923032,-0.005640002
2,LElbow,488.2821,175.56573,0.8525021,0.1547156,-0.15010768,0.1196923
2,RElbow,407.1104,190.84027,0.9209179,-0.04792795,-0.122173175,0.07261639
2,LWrist,474.36694,201.0233,0.8584195,0.11528935,-0.09022358,0.050078884
2,RWrist,414.068,226.48085,0.9119069,-0.032144036,-0.031855233,0.0062455023
2,LHip,458.1326,251.93842,0.8202678,0.082955204,0.013171867,0.015765963
2,RHip,434.9407,236.66388,0.811549,0.0051595233,-0.019251874,-0.016795473
2,LKnee,446.53665,297.76202,0.8422811,0.041137774,0.14699154,-0.105300836
2,RKnee,432.62152,287.579,0.9209181,0.016356084,0.10284223,-0.1623322
2,LAnkle,432.62152,343.58566,0.8703519,0.013554874,0.25044206,0.036749333
2,RAnkle,418.70636,343.58566,0.8123659,-0.02171311,0.26349708,-0.16884577
2,Head,467.40936,104.284546,0.8877533,0.09367742,-0.31987116,-0.040020403
2,Neck,460.45178,150.10817,0.9441546,0.08229753,-0.212624,-0.0014865256
2,Hip,446.53665,236.66388,0.81869674,0.04397756,-0.003453469,-0.0012616585
2,LBigToe,437.2599,363.95172,0.94435513,,,
2,RBigToe,411.74878,363.95172,0.82889545,,,
2,LSmallToe,439.57907,358.8602,0.95740086,,,
2,RSmallToe,407.1104,358.8602,0.89626265,,,
2,LHeel,425.66394,353.76868,0.88736784,,,
2,RHeel,418.70636,358.8602,0.82167107,,,
3,Nose,468.14005,129.37535,0.9539314,,,
3,LEye,472.80365,124.28916,0.922868,,,
3,REye,463.47644,124.28916,0.93756545,,,
3,LEar,477.46722,134.46155,0.92066604,,,
3,REar,456.48105,129.37535,0.90950483,,,
3,LShoulder,479.79904,164.97868,0.7971997,0.12709022,-0.17567581,0.03611473
3,RShoulder,435.49487,159.89249,0.8430655,0.021596579,-0.19283436,-0.0067282813
3,LElbow,489.12622,175.15106,0.84605825,0.15759543,-0.15322556,0.12000713
3,RElbow,407.51328,190.40962,0.9151724,-0.04632154,-0.12325229,0.07155332
3,LWrist,475.13544,200.582,0.8768925,0.11753842,-0.09120831,0.051217895
3,RWrist,414.50867,226.01295,0.9150193,-0.030587314,-0.03348225,0.0055336514
3,LHip,458.81284,246.35771,0.83426195,0.08536349,0.012210127,0.01598461
3,RHip,435.49487,236.18533,0.8106324,0.008179887,-0.020954112,-0.017265094
3,LKnee,447.15387,297.2196,0.8479657,0.04190509,0.14679499,-0.10388238
3,RKnee,435.49487,281.96103,0.926445,0.02343932,0.09908643,-0.16350582
3,LAnkle,430.83127,342.9953,0.83238554,0.012849316,0.25055224,0.040944293
3,RAnkle,423.83588,342.9953,0.8492828,-0.009760314,0.25950876,-0.16659912
3,Head,468.14005,103.944405,0.8717916,0.0953344,-0.32070994,-0.040774107
3,Neck,461.14465,149.72011,0.95586485,0.0845986,-0.21330094,-0.0026330065
3,Hip,447.15387,236.18533,0.83151776,0.0467656,-0.0047382675,-0.0012123908
3,LBigToe,437.82666,363.34006,0.9541855,,,
3,RBigToe,416.84048,363.34006,0.6134478,,,
3,LSmallToe,440.15845,363.34006,0.9307862,,,
3,RSmallToe,414.50867,358.25388,0.71266234,,,
3,LHeel,428.49945,358.25388,0.8205119,,,
3,RHeel,421.50406,358.25388,0.67460763,,,
4,Nose,469.21567,129.44467,0.96888137,,,
4,LEye,473.931,124.36767,0.9430301,,,
4,REye,466.858,124.36767,0.9227045,,,
4,LEar,478.64633,134.52167,0.93912977,,,
4,REar,457.42734,129.44467,0.9096949,,,
4,LShoulder,481.004,164.98366,0.78064466,0.12939814,-0.17676729,0.03512959
4,RShoulder,438.56598,154.82967,0.82518727,0.023890318,-0.19361925,-0.00805397
4,LElbow,490.43466,175.13766,0.8435116,0.1607579,-0.15629421,0.11976901
4,RElbow,407.91632,190.36865,0.9061186,-0.044676486,-0.1248007,0.070357285
4,LWrist,476.28867,200.52266,0.7977337,0.11995645,-0.09222612,0.052345395
4,RWrist,414.98932,225.90765,0.9271788,-0.028935617,-0.0354091,0.0051938035
4,LHip,459.785,251.29265,0.8168976,0.08790516,0.01115248,0.016166197
4,RHip,436.2083,230.98465,0.80335295,0.011182813,-0.022666723,-0.017506761
4,LKnee,447.99664,296.98566,0.7366049,0.04282368,0.1467789,-0.10221864
4,RKnee,438.56598,281.75464,0.87326324,0.030885445,0.095632926,-0.16420202
4,LAnkle,429.1353,347.75565,0.749764,0.012305741,0.25076708,0.04478015
4,RAnkle,429.1353,342.67865,0.8548357,0.0027232494,0.25603148,-0.1636492
4,Head,469.21567,104.05967,0.8738906,0.09681302,-0.32173094,-0.04154701
4,Neck,462.14267,149.75267,0.9434075,0.086946085,-0.2141561,-0.0040408364
4,Hip,447.99664,236.06165,0.8216019,0.049569376,-0.006149605,-0.0011640692
4,LBigToe,438.56598,362.98663,0.9121484,,,
4,RBigToe,438.56598,362.98663,0.5608038,,,
4,LSmallToe,438.56598,362.98663,0.7961712,,,
4,RSmallToe,433.85065,357.90964,0.59461904,,,
4,LHeel,422.06232,357.90964,0.7319256,,,
4,RHeel,422.06232,352.83264,0.6112539,,,
5,Nose,470.57938,129.48283,0.9627357,,,
5,LEye,475.3596,124.41192,0.91532314,,,
5,REye,465.79916,124.41192,0.94816554,,,
5,LEar,480.13983,129.48283,0.8894715,,,
5,REar,456.2387,129.48283,0.917142,,,
5,LShoulder,482.52994,164.97931,0.72708744,0.13186911,-0.17843093,0.03406439
5,RShoulder,437.11783,159.90839,0.8018236,0.026275154,-0.19473591,-0.009093254
5,LElbow,492.0904,170.05023,0.84515554,0.16429393,-0.15928732,0.118862994
5,RElbow,408.4365,185.263,0.9064494,-0.042993326,-0.12693764,0.06948401
5,LWrist,477.74973,200.47577,0.83185446,0.1227593,-0.09346984,0.053384043
5,RWrist,415.6068,220.75946,0.880406,-0.027067175,-0.037707716,0.005226547
5,LHip,461.01892,251.18501,0.81132156,0.090693176,0.009677734,0.016226644
5,RHip,437.11783,235.97223,0.7789891,0.0141709745,-0.024582544,-0.017960347
5,LKnee,444.28815,301.89426,0.62554586,0.04374467,0.14687653,-0.100114204
5,RKnee,441.89804,281.61057,0.8664384,0.03855648,0.09238206,-0.16461092
5,LAnkle,429.94748,347.53256,0.6379998,0.012129604,0.25086424,0.048005432
5,RAnkle,429.94748,347.53256,0.82022214,0.0154424505,0.25324243,-0.16138498
5,Head,468.18927,104.12822,0.8571047,0.098111615,-0.32320014,-0.042118423
5,Neck,463.40906,154.83746,0.93395716,0.08938962,-0.21540548,-0.005451897
5,Hip,449.06836,235.97223,0.842617,0.052623704,-0.007853355,-0.0011290468
5,LBigToe,437.11783,362.74533,0.83836114,,,
5,RBigToe,439.50793,362.74533,0.72524756,,,
5,LSmallToe,439.50793,362.74533,0.72525656,,,
5,RSmallToe,434.7277,362.74533,0.68260235,,,
5,LHeel,422.77716,352.6035,0.7323885,,,
5,RHeel,422.77716,352.6035,0.78429675,,,
6,Nose,471.75476,129.66055,0.9656638,,,
6,LEye,474.1638,124.58373,0.9210142,,,
6,REye,466.93668,124.58373,0.9258715,,,
6,LEar,481.39087,129.66055,0.9101618,,,
6,REar,457.30057,129.66055,0.9372094,,,
6,LShoulder,483.7999,165.19827,0.7116137,0.13418807,-0.18091954,0.032405928
6,RShoulder,438.02832,160.12146,0.80064905,0.028507652,-0.19665143,-0.010452136
6,LElbow,493.43604,170.27509,0.8402207,0.16758934,-0.16226533,0.11798173
6,RElbow,409.11993,185.50554,0.91686434,-0.040975735,-0.12932031,0.06847858
6,LWrist,478.98184,200.736,0.8287481,0.12555462,-0.09517564,0.053944945
6,RWrist,416.34705,221.04326,0.88891023,-0.02482661,-0.04016031,0.004943382
6,LHip,462.11862,251.50417,0.80494064,0.093724415,0.0075626094,0.015999611
6,RHip,438.02832,236.27371,0.7981309,0.017357161,-0.02699968,-0.018296083
6,LKnee,442.84637,312.42596,0.46931598,0.045084253,0.14659278,-0.09804129
6,RKnee,445.2554,276.88824,0.87303406,0.046284527,0.08922158,-0.16470957
6,LAnkle,430.8012,347.9637,0.43778983,0.01220323,0.25071242,0.050725557
6,RAnkle,433.21027,342.88687,0.71673864,0.029193169,0.25124183,-0.15761547
6,Head,469.3457,104.27646,0.8450092,0.09916017,-0.32549468,-0.043200325
6,Neck,464.52765,149.96782,0.91672474,0.091483794,-0.21765949,-0.0070751924
6,Hip,450.0735,236.27371,0.852451,0.055770382,-0.01014393,-0.0010453761
6,LBigToe,438.02832,363.19415,0.4417622,,,
6,RBigToe,440.43735,363.19415,0.7921079,,,
6,LSmallToe,440.43735,368.27097,0.4764617,,,
6,RSmallToe,433.21027,358.11734,0.61631155,,,
6,LHeel,423.57413,353.04053,0.52676153,,,
6,RHeel,423.57413,353.04053,0.74501836,,,
7,Nose,470.47882,129.30417,0.9917148,,,
7,LEye,472.8933,124.21797,0.9084342,,,
7,REye,465.64987,119.13178,0.93418455,,,
7,LEar,480.13675,129.30417,0.8980717,,,
7,REar,455.99194,129.30417,0.9128069,,,
7,LShoulder,482.5512,164.90752,0.72512805,0.13649246,-0.1844036,0.03068084
7,RShoulder,439.0906,154.73514,0.79857355,0.030641556,-0.19947179,-0.011674054
7,LElbow,494.62363,169.99371,0.8474995,0.17086467,-0.16528957,0.1167642
7,RElbow,410.11685,185.25229,0.9181014,-0.03870048,-0.13200559,0.0673694
7,LWrist,480.13675,195.42468,0.82171786,0.12845236,-0.09740943,0.05430397
7,RWrist,414.9458,220.85564,0.9304471,-0.022241045,-0.04286755,0.004722083
7,LHip,460.82092,246.2866,0.7959104,0.096884,0.00451478,0.015376146
7,RHip,436.67612,231.02803,0.7991797,0.020772941,-0.030312857,-0.01844679
7,LKnee,446.33405,297.14853,0.5242844,0.046982937,0.14551783,-0.09608579
7,RKnee,448.7485,276.80377,0.91699505,0.053987585,0.086318105,-0.16418171
7,LAnkle,429.43268,348.01047,0.64258856,0.012475555,0.25036296,0.052752063
7,RAnkle,446.33405,342.9243,0.4793128,0.043736897,0.24955134,-0.15360513
7,Head,468.06436,98.78701,0.81501335,0.09988047,-0.32861474,-0.044103455
7,Neck,465.64987,149.64894,0.8642818,0.09351916,-0.22072656,-0.008761123
7,Hip,451.163,236.11423,0.8221331,0.059010237,-0.013323998,-0.00095287315
7,LBigToe,436.67612,363.26904,0.7333931,,,
7,RBigToe,439.0906,363.26904,0.6966085,,,
7,LSmallToe,439.0906,363.26904,0.6590376,,,
7,RSmallToe,431.84717,363.26904,0.74640375,,,
7,LHeel,424.60373,353.09665,0.47820526,,,
7,RHeel,422.18924,353.09665,0.7702456,,,
8,Nose,472.07632,127.68106,0.96998614,,,
8,LEye,474.5042,122.5632,0.91209793,,,
8,REye,467.22058,122.5632,0.9131636,,,
8,LEar,481.7878,127.68106,0.89167815,,,
8,REar,457.5091,127.68106,0.935223,,,
8,LShoulder,484.2157,163.5061,0.7150064,0.13890457,-0.18877284,0.028686037
8,RShoulder,440.51398,153.27037,0.80095947,0.032807957,-0.20284571,-0.01304669
8,LElbow,496.35507,168.62396,0.8475416,0.1741673,-0.16826688,0.11557651
8,RElbow,411.3795,183.97755,0.92274517,-0.036240224,-0.13476096,0.06609713
8,LWrist,481.7878,199.33113,0.8388511,0.13156492,-0.10010311,0.054827098
8,RWrist,418.6631,219.80258,0.91736054,-0.01919028,-0.045661926,0.004287728
8,LHip,462.36484,245.39189,0.80230874,0.10062392,0.000565812,0.014743147
8,RHip,440.51398,230.03831,0.8217588,0.024545433,-0.03424277,-0.01877222
8,LKnee,447.79758,296.57053,0.5923717,0.048871502,0.14422543,-0.09346091
8,RKnee,452.65332,276.09906,0.8591941,0.061484057,0.08367236,-0.16319117
8,LAnkle,428.3746,342.6313,0.8757943,0.013269064,0.24975233,0.05457081
8,RAnkle,450.22546,337.51343,0.7693285,0.05857309,0.24849324,-0.14918226
8,Head,469.64847,96.973885,0.79231155,0.10040352,-0.33237422,-0.045029767
8,Neck,467.22058,148.15251,0.8594773,0.09555562,-0.2245963,-0.01043571
8,Hip,452.65332,230.03831,0.84037095,0.062668964,-0.017345779,-0.00080451486
8,LBigToe,438.0861,363.10272,0.815069,,,
8,RBigToe,457.5091,352.867,0.82662636,,,
8,LSmallToe,438.0861,363.10272,0.8860391,,,
8,RSmallToe,455.0812,352.867,0.6758256,,,
8,LHeel,423.51886,352.867,0.8166961,,,
8,RHeel,445.36972,347.74915,0.60227716,,,
9,Nose,470.9303,121.051285,0.93275607,,,
9,LEye,475.77908,115.888336,0.91198003,,,
9,REye,466.08148,115.888336,0.9257665,,,
9,LEar,480.62787,121.051285,0.8733152,,,
9,REar,458.8083,126.21423,0.906992,,,
9,LShoulder,483.05228,157.19193,0.7503837,0.14121835,-0.19285889,0.026904646
9,RShoulder,441.8375,152.02898,0.8042964,0.034894973,-0.20584002,-0.014065148
9,LElbow,497.5987,167.51782,0.85148036,0.17742896,-0.17068683,0.11432568
9,RElbow,412.7447,183.00667,0.9109835,-0.033650067,-0.13689338,0.06516264
9,LWrist,483.05228,198.4955,0.8187262,0.13481611,-0.10271269,0.055218294
9,RWrist,420.01788,219.1473,0.9485902,-0.01588844,-0.047714926,0.0039990544
9,LHip,466.08148,244.96204,0.80026096,0.10489996,-0.0026738793,0.014174634
9,RHip,441.8375,229.47319,0.8341581,0.028585939,-0.03721065,-0.019120235
9,LKnee,449.1107,296.59152,0.57790554,0.05136807,0.14313205,-0.09095911
9,RKnee,453.95947,275.93973,0.84009236,0.06851405,0.081778824,-0.1621246
9,LAnkle,429.71548,343.05804,0.9290077,0.014683064,0.24923597,0.05629965
9,RAnkle,456.38388,343.05804,0.8251187,0.07292022,0.24830936,-0.14587195
9,Head,468.5059,95.23654,0.8254386,0.100695215,-0.33583763,-0.045559995
9,Neck,466.08148,146.86603,0.8787128,0.09741657,-0.22821884,-0.011851272
9,Hip,453.95947,229.47319,0.8302346,0.06671961,-0.02060751,-0.0007746483
9,LBigToe,436.98868,363.70984,0.79014564,,,
9,RBigToe,463.65707,353.38394,0.74959904,,,
9,LSmallToe,439.4131,358.5469,0.9204795,,,
9,RSmallToe,456.38388,353.38394,0.8035407,,,
9,LHeel,424.8667,348.221,0.812501,,,
9,RHeel,456.38388,348.221,0.6901938,,,
10,Nose,470.14902,124.245865,0.9161047,,,
10,LEye,475.04465,113.82535,0.93929005,,,
10,REye,467.7012,113.82535,0.90405947,,,
10,LEar,479.94028,124.245865,0.8880607,,,
10,REar,457.90994,124.245865,0.9176526,,,
10,LShoulder,484.8359,160.71767,0.77520704,0.14352393,-0.19704297,0.024828346
10,RShoulder,443.22305,150.29715,0.8330854,0.03694898,-0.20866711,-0.015156399
10,LElbow,499.5228,165.92792,0.8562955,0.18055037,-0.17277582,0.11287264
10,RElbow,413.84927,181.5587,0.91599774,-0.030895634,-0.1385486,0.064151734
10,LWrist,484.8359,191.97922,0.7939516,0.13810173,-0.10536297,0.05534526
10,RWrist,421.19272,218.0305,0.975579,-0.012323454,-0.04920643,0.0037247424
10,LHip,467.7012,244.08179,0.83001506,0.109581396,-0.0058581047,0.013480309
10,RHip,443.22305,228.45102,0.87552166,0.032944582,-0.039994024,-0.01951
10,LKnee,453.0143,296.18436,0.5859113,0.054305956,0.14204685,-0.08856259
10,RKnee,457.90994,275.34332,0.8498515,0.07528342,0.0804162,-0.16095364
10,LAnkle,430.98398,343.0767,0.9413206,0.016660554,0.24876256,0.05822128
10,RAnkle,462.80557,343.0767,0.8374511,0.08714816,0.24879952,-0.14199221
10,Head,470.14902,98.19457,0.85420334,0.10084481,-0.33919916,-0.046193965
10,Neck,467.7012,145.0869,0.9088656,0.09914001,-0.23187159,-0.01336476
10,Hip,455.46213,228.45102,0.86502403,0.07119857,-0.023722403,-0.00079219206
10,LBigToe,435.8796,363.9177,0.77709115,,,
10,RBigToe,470.14902,353.4972,0.8236464,,,
10,LSmallToe,438.32742,358.70746,0.9085257,,,
10,RSmallToe,465.2534,353.4972,0.74647146,,,
10,LHeel,426.08835,348.28693,0.79603136,,,
10,RHeel,460.35776,353.4972,0.76146215,,,
11,Nose,471.9638,117.06764,0.9444026,,,
11,LEye,474.41205,111.82464,0.9628488,,,
11,REye,467.06732,111.82464,0.9349013,,,
11,LEar,481.75677,122.31065,0.8852039,,,
11,REar,459.7226,122.31065,0.91385937,,,
11,LShoulder,486.65326,153.76869,0.79228115,0.14575061,-0.20105946,0.023146508
11,RShoulder,442.58493,148.52568,0.8110991,0.038979452,-0.21112125,-0.01599995
11,LElbow,501.34268,169.49771,0.87234855,0.18359835,-0.17443858,0.11181359
11,RElbow,415.6543,179.98372,0.9045259,-0.027997857,-0.13953058,0.06322684
11,LWrist,484.20502,195.71274,0.804785,0.1415836,-0.10788877,0.05543172
11,RWrist,422.99902,216.68477,0.96529543,-0.008468807,-0.049990382,0.0033349332
11,LHip,469.51556,242.8998,0.82335126,0.114634335,-0.008833875,0.01285858
11,RHip,445.03317,227.17078,0.8738666,0.037748255,-0.042378195,-0.019996686
11,LKnee,454.82614,300.57288,0.63301724,0.057660796,0.14111854,-0.08611981
11,RKnee,459.7226,274.35785,0.8530919,0.081774004,0.07965222,-0.15970355
11,LAnkle,430.34372,342.51694,0.8944588,0.019253837,0.24839126,0.06047021
11,RAnkle,467.06732,347.75992,0.7774902,0.10079508,0.25006756,-0.13738167
11,Head,469.51556,90.852615,0.8038961,0.10076499,-0.34243855,-0.046481337
11,Neck,467.06732,143.28268,0.9170476,0.10076046,-0.2352372,-0.014406232
11,Hip,457.27435,227.17078,0.86369747,0.07606004,-0.026574349,-0.00087311235
11,LBigToe,437.68845,363.48895,0.8017704,,,
11,RBigToe,476.8603,353.00293,0.8312846,,,
11,LSmallToe,440.1367,358.24594,0.9062784,,,
11,RSmallToe,469.51556,353.00293,0.7120361,,,
11,LHeel,425.44724,347.75992,0.84143734,,,
11,RHeel,464.61908,353.00293,0.71532995,,,
12,Nose,471.5813,114.93917,0.9545065,,,
12,LEye,476.46637,109.64607,0.92094743,,,
12,REye,466.6962,109.64607,0.9150052,,,
12,LEar,481.35147,120.23228,0.9138748,,,
12,REar,459.3686,120.23228,0.94522685,,,
12,LShoulder,488.6791,151.99092,0.7783062,0.14801249,-0.20441727,0.021589695
12,RShoulder,444.71332,151.99092,0.8134259,0.04111558,-0.212763,-0.016709909
12,LElbow,503.33435,167.87024,0.89852935,0.18678616,-0.17533161,0.1105465
12,RElbow,417.84534,178.45644,0.9000213,-0.024956422,-0.13976504,0.06266119
12,LWrist,488.6791,189.04265,0.8183062,0.14523783,-0.10998702,0.055468053
12,RWrist,425.17297,215.50818,0.96114177,-0.0044378536,-0.049913067,0.003308038
12,LHip,474.02383,236.6806,0.7908353,0.119938284,-0.011168784,0.012298531
12,RHip,449.5984,226.09439,0.83998,0.042696767,-0.04403879,-0.020420505
12,LKnee,461.81113,300.19788,0.553962,0.061539188,0.14051151,-0.08406068
12,RKnee,464.25366,273.73236,0.830823,0.087871045,0.079647616,-0.15854809
12,LAnkle,434.94315,337.2496,0.8725866,0.02273749,0.24829684,0.062803775
12,RAnkle,474.02383,342.54272,0.8218293,0.11362432,0.25185093,-0.13189258
12,Head,469.13876,93.766754,0.7606889,0.10076713,-0.34499183,-0.046645533
12,Neck,469.13876,141.40471,0.91478693,0.10238313,-0.23798935,-0.0151864495
12,Hip,461.81113,226.09439,0.8637188,0.08120671,-0.028770447,-0.0009357438
12,LBigToe,437.38568,363.71515,0.84188586,,,
12,RBigToe,481.35147,358.42203,0.8812469,,,
12,LSmallToe,439.82822,358.42203,0.8598681,,,
12,RSmallToe,476.46637,358.42203,0.7829413,,,
12,LHeel,427.6155,342.54272,0.82962775,,,
12,RHeel,471.5813,347.83582,0.7596046,,,
13,Nose,470.95877,118.757484,0.96660984,,,
13,LEye,473.4165,113.41064,0.91594464,,,
13,REye,466.0433,113.41064,0.9492559,,,
13,LEar,480.7897,118.757484,0.93071526,,,
13,REar,458.67007,124.10433,0.89125663,,,
13,LShoulder,490.62064,150.83856,0.77116925,0.15041701,-0.2070123,0.020234397
13,RShoulder,443.92368,150.83856,0.814348,0.043329466,-0.21353988,-0.017714936
13,LElbow,502.9093,166.87909,0.9058871,0.1901738,-0.17574725,0.10927338
13,RElbow,416.8886,182.91963,0.8917719,-0.02170767,-0.13912705,0.06206563
13,LWrist,490.62064,188.26648,0.80753374,0.14912862,-0.11150296,0.055364635
13,RWrist,426.71954,220.34755,0.92211694,-0.00021164352,-0.04880045,0.0033164385
13,LHip,475.87424,236.38808,0.8044964,0.12538688,-0.012560513,0.012228777
13,RHip,451.29688,225.6944,0.8221217,0.047809716,-0.044457972,-0.020891832
13,LKnee,470.95877,295.20337,0.5511242,0.06594761,0.14051278,-0.08224119
13,RKnee,466.0433,273.816,0.8122535,0.09396319,0.08056922,-0.15764125
13,LAnkle,436.55048,337.97815,0.8957372,0.026567725,0.24882196,0.0655512
13,RAnkle,478.33197,343.32498,0.89597887,0.12610309,0.25443932,-0.1259058
13,Head,468.50104,92.023254,0.828597,0.100671425,-0.3468463,-0.046960764
13,Neck,470.95877,140.14487,0.9114265,0.10410294,-0.2399515,-0.01608588
13,Hip,463.58557,225.6944,0.87529737,0.0865275,-0.029769614,-0.0010359474
13,LBigToe,439.0082,364.71237,0.83997494,,,
13,RBigToe,485.70517,359.36554,0.9015633,,,
13,LSmallToe,441.46594,359.36554,0.84527504,,,
13,RSmallToe,478.33197,359.36554,0.829313,,,
13,LHeel,429.17728,337.97815,0.8116585,,,
13,RHeel,478.33197,348.67184,0.7183634,,,
14,Nose,469.9398,112.78409,0.93925774,,,
14,LEye,474.80402,107.39041,0.9366004,,,
14,REye,465.0756,112.78409,0.9342969,,,
14,LEar,482.10034,118.17777,0.883507,,,
14,REar,460.21136,123.57145,0.8784293,,,
14,LShoulder,489.39667,150.53986,0.79228246,0.15281844,-0.20870891,0.019217191
14,RShoulder,445.61874,150.53986,0.8118582,0.045639444,-0.21345726,-0.01891529
14,LElbow,506.4214,166.7209,0.8959004,0.1936208,-0.17568985,0.108241394
14,RElbow,418.86557,182.90193,0.9046961,-0.01839371,-0.13789885,0.061203644
14,LWrist,491.82877,188.29562,0.8237277,0.15310133,-0.11227399,0.055113286
14,RWrist,428.594,220.6577,0.9329089,0.004194259,-0.04695738,0.0032032377
14,LHip,477.2361,236.83875,0.8160073,0.13084283,-0.013008524,0.012500776
14,RHip,452.91504,226.05138,0.82559174,0.05282613,-0.043666285,-0.021373378
14,LKnee,472.37192,296.16922,0.46807283,0.070561185,0.14109157,-0.08093407
14,RKnee,469.9398,274.5945,0.78775924,0.09983979,0.082330376,-0.15695068
14,LAnkle,438.32242,339.31866,0.89508665,0.030548839,0.24981229,0.06811935
14,RAnkle,482.10034,344.71237,0.8145703,0.13728389,0.25792712,-0.11990426
14,Head,467.5077,91.209366,0.82429606,0.10055763,-0.34793818,-0.04731793
14,Neck,469.9398,139.75249,0.9295829,0.1058135,-0.24100403,-0.016979514
14,Hip,465.0756,226.05138,0.8719234,0.09181306,-0.029578105,-0.0010901417
14,LBigToe,448.05084,366.28708,0.856052,,,
14,RBigToe,489.39667,360.8934,0.8457823,,,
14,LSmallToe,448.05084,360.8934,0.83633405,,,
14,RSmallToe,482.10034,360.8934,0.842495,,,
14,LHeel,431.0261,344.71237,0.82831526,,,
14,RHeel,482.10034,350.10605,0.65705174,,,
15,Nose,471.51587,112.633514,0.94340366,,,
15,LEye,473.97223,107.21031,0.935622,,,
15,REye,466.60318,112.633514,0.94116527,,,
15,LEar,481.34125,118.05671,0.87269276,,,
15,REar,459.23413,118.05671,0.9201619,,,
15,LShoulder,491.16663,150.59589,0.80818725,0.15535066,-0.20960799,0.018458359
15,RShoulder,446.95242,150.59589,0.82076323,0.04814621,-0.21254243,-0.020134863
15,LElbow,505.9047,166.86546,0.89029974,0.19724977,-0.17503797,0.107663535
15,RElbow,419.93262,183.13506,0.9058999,-0.014906269,-0.13603902,0.0604003
15,LWrist,493.623,188.55826,0.81829405,0.15721978,-0.11241935,0.054843448
15,RWrist,429.758,221.09743,0.954711,0.008847247,-0.04440938,0.0031879095
15,LHip,481.34125,237.36702,0.8068023,0.13638264,-0.012606859,0.012978267
15,RHip,454.32144,226.52063,0.8178121,0.05783368,-0.041781284,-0.021874128
15,LKnee,471.51587,297.0222,0.5870345,0.075422585,0.14230768,-0.07941348
15,RKnee,471.51587,275.32938,0.74524397,0.10557528,0.08494985,-0.15649821
15,LAnkle,442.03973,345.83093,0.87284786,0.034749337,0.25140807,0.070470795
15,RAnkle,488.7103,345.83093,0.81146824,0.14764977,0.2621375,-0.113329075
15,Head,466.60318,90.94073,0.82130754,0.10049784,-0.34831914,-0.047647677
15,Neck,471.51587,139.7495,0.93285537,0.10766312,-0.24125536,-0.017695159
15,Hip,469.05954,226.52063,0.85377663,0.09717728,-0.028378934,-0.0010782427
15,LBigToe,456.7778,367.5237,0.8639976,,,
15,RBigToe,493.623,362.10052,0.81077594,,,
15,LSmallToe,456.7778,362.10052,0.9027714,,,
15,RSmallToe,486.25394,362.10052,0.8819529,,,
15,LHeel,437.12704,351.25412,0.799285,,,
15,RHeel,488.7103,351.25412,0.63267255,,,
16,Nose,471.09592,117.94982,0.9612414,,,
16,LEye,476.02246,106.96899,0.9423455,,,
16,REye,466.16937,112.459404,0.95369303,,,
16,LEar,483.41226,112.459404,0.84362054,,,
16,REar,461.24286,117.94982,0.899187,,,
16,LShoulder,493.26535,150.89235,0.82218194,0.15804039,-0.20977205,0.017985266
16,RShoulder,448.9265,150.89235,0.78850186,0.050858118,-0.21074314,-0.02147773
16,LElbow,508.04495,167.3636,0.9078932,0.20110255,-0.173918,0.10733392
16,RElbow,421.83057,183.83485,0.9380734,-0.011162647,-0.13348415,0.05951111
16,LWrist,495.7286,189.32527,0.82896,0.16158451,-0.11197153,0.05464001
16,RWrist,431.68362,222.26779,0.9626387,0.01386307,-0.041174553,0.0030543099
16,LHip,483.41226,238.73906,0.80988425,0.14219427,-0.011348179,0.013781202
16,RHip,456.3163,227.75821,0.82142067,0.06305647,-0.0387152,-0.022398412
16,LKnee,468.63266,293.64325,0.5592611,0.08077979,0.14408381,-0.078200445
16,RKnee,471.09592,277.172,0.7597465,0.111436374,0.08852446,-0.15627214
16,LAnkle,448.9265,348.54745,0.86606926,0.03879702,0.2531747,0.07250686
16,RAnkle,490.80206,343.05704,0.79807955,0.15735713,0.26728228,-0.105736665
16,Head,468.63266,90.49773,0.86252016,0.1005471,-0.34797686,-0.047972046
16,Neck,471.09592,139.9115,0.9405416,0.10963629,-0.24066027,-0.018289056
16,Hip,468.63266,227.75821,0.834291,0.102838635,-0.026017357,-0.0010611068
16,LBigToe,463.70612,370.50912,0.807932,,,
16,RBigToe,498.19186,365.0187,0.77023405,,,
16,LSmallToe,463.70612,365.0187,0.83800536,,,
16,RSmallToe,490.80206,365.0187,0.80270827,,,
16,LHeel,441.5367,354.03787,0.7874538,,,
16,RHeel,493.26535,359.5283,0.6162199,,,
17,Nose,472.66507,112.43355,0.96070564,,,
17,LEye,475.1255,106.901596,0.9513423,,,
17,REye,467.74423,112.43355,0.93989915,,,
17,LEar,482.50674,112.43355,0.8601501,,,
17,REar,462.8234,123.497444,0.8972377,,,
17,LShoulder,494.8088,151.1572,0.8340813,0.16079053,-0.20936325,0.017708883
17,RShoulder,450.5213,151.1572,0.8053899,0.05372421,-0.20827608,-0.023035403
17,LElbow,512.03174,167.75304,0.8762831,0.2049981,-0.17256728,0.10709936
17,RElbow,425.91714,184.34889,0.9186217,-0.007295537,-0.13054907,0.058529243
17,LWrist,497.26923,189.88084,0.8057633,0.16593665,-0.111028224,0.05444231
17,RWrist,433.2984,223.07254,0.9377984,0.019004317,-0.037536852,0.0027847036
17,LHip,484.96716,239.66838,0.8456121,0.14786515,-0.009506059,0.014627489
17,RHip,460.36298,234.13644,0.8199031,0.06801407,-0.034899548,-0.02311361
17,LKnee,470.20465,300.51984,0.6702932,0.08661408,0.14623104,-0.0769172
17,RKnee,472.66507,272.86008,0.6480915,0.1172121,0.09278722,-0.1562134
17,LAnkle,448.06088,350.30737,0.83810043,0.04192021,0.25473922,0.07448652
17,RAnkle,497.26923,350.30737,0.82917506,0.16560286,0.2735999,-0.097159274
17,Head,467.74423,90.30575,0.8073845,0.10077568,-0.3470773,-0.048458442
17,Neck,472.66507,140.09329,0.9419921,0.111788034,-0.23939292,-0.01898514
17,Hip,472.66507,228.60449,0.856277,0.10841329,-0.0229521,-0.0010640405
17,LBigToe,465.2838,366.90323,0.8114259,,,
17,RBigToe,499.72964,366.90323,0.76632756,,,
17,LSmallToe,465.2838,366.90323,0.8176776,,,
17,RSmallToe,494.8088,366.90323,0.8128005,,,
17,LHeel,440.67966,355.83932,0.7415726,,,
17,RHeel,499.72964,361.37128,0.59222394,,,
18,Nose,471.85333,113.44885,0.9359219,,,
18,LEye,476.80667,107.87477,0.93419486,,,
18,REye,466.90002,113.44885,0.9316957,,,
18,LEar,484.23663,113.44885,0.91124,,,
18,REar,461.9467,124.59703,0.9185236,,,
18,LShoulder,496.61996,152.46745,0.8313345,0.16360705,-0.20864841,0.017308202
18,RShoulder,452.04004,152.46745,0.8073893,0.056700863,-0.20525713,-0.024755454
18,LElbow,513.9566,169.18971,0.90697074,0.20888294,-0.17106818,0.107047595
18,RElbow,427.27344,185.91197,0.9284457,-0.0032412487,-0.12709562,0.05723525
18,LWrist,499.09662,191.48605,0.798777,0.17032191,-0.10978544,0.05404958
18,RWrist,437.18008,224.93057,0.92861843,0.02433934,-0.033469073,0.0024736437
18,LHip,486.71332,241.65283,0.833884,0.15331247,-0.0073830336,0.015536427
18,RHip,461.9467,230.50465,0.81659365,0.07315329,-0.030668039,-0.023847178
18,LKnee,469.37668,302.96777,0.70636183,0.093382165,0.14873801,-0.07574764
18,RKnee,476.80667,280.67145,0.58478874,0.12339088,0.09799722,-0.15586802
18,LAnkle,447.08673,347.56046,0.86726075,0.04480059,0.25591135,0.076153986
18,RAnkle,499.09662,358.70865,0.83550805,0.1717647,0.28089818,-0.08737343
18,Head,469.37668,91.15251,0.82000804,0.10120876,-0.34568325,-0.04908523
18,Neck,474.33002,141.31929,0.96040034,0.11408957,-0.23765032,-0.019905606
18,Hip,474.33002,230.50465,0.8572124,0.113836944,-0.019509804,-0.0010581221
18,LBigToe,464.42334,369.8568,0.77324724,,,
18,RBigToe,509.00327,369.8568,0.81987387,,,
18,LSmallToe,461.9467,364.2827,0.7118656,,,
18,RSmallToe,501.57327,375.4309,0.77084464,,,
18,LHeel,439.65674,358.70865,0.7629315,,,
18,RHeel,499.09662,369.8568,0.68721026,,,
19,Nose,473.45175,120.30578,0.9134158,,,
19,LEye,475.93558,109.08283,0.94733083,,,
19,REye,468.4841,114.694305,0.9100458,,,
19,LEar,483.38705,114.694305,0.8906301,,,
19,REar,461.03262,125.91725,0.9119317,,,
19,LShoulder,495.80615,153.97461,0.77737176,0.16640183,-0.20775266,0.017052706
19,RShoulder,451.09732,153.97461,0.7988813,0.059666626,-0.20191948,-0.026269048
19,LElbow,515.67676,170.80904,0.90977937,0.21258222,-0.1697912,0.107276104
19,RElbow,426.2591,187.64345,0.920613,0.0007968454,-0.123447135,0.05600007
19,LWrist,500.7738,193.25493,0.7993963,0.17453648,-0.1084872,0.053763464
19,RWrist,438.67822,226.92377,0.93164724,0.029692458,-0.029263461,0.0023346364
19,LHip,488.3547,243.75818,0.8147683,0.15839142,-0.005300563,0.016478127
19,RHip,463.51645,238.1467,0.8009068,0.0777279,-0.026217021,-0.02476561
19,LKnee,470.96793,299.8729,0.6442344,0.1009621,0.15143707,-0.07369855
19,RKnee,478.4194,277.427,0.55085886,0.12984645,0.10420099,-0.15529667
19,LAnkle,446.1297,350.37616,0.8936982,0.04760141,0.25691012,0.07783633
19,RAnkle,500.7738,361.59912,0.8461294,0.1763531,0.28822553,-0.07750308
19,Head,468.4841,92.24841,0.80331945,0.10182076,-0.34401637,-0.049556628
19,Neck,475.93558,142.75166,0.93732065,0.11650464,-0.2356111,-0.02068668
19,Hip,475.93558,232.53523,0.8435088,0.11890619,-0.01594526,-0.0010971208
19,LBigToe,463.51645,367.21057,0.7810196,,,
19,RBigToe,513.19293,372.82205,0.87109274,,,
19,LSmallToe,461.03262,367.21057,0.7127583,,,
19,RSmallToe,503.25763,378.43353,0.7783662,,,
19,LHeel,438.67822,355.98764,0.817737,,,
19,RHeel,498.28998,372.82205,0.7978968,,,
20,Nose,472.66943,121.25482,0.9739393,,,
20,LEye,477.608,109.926056,0.9162637,,,
20,REye,467.7309,115.59044,0.9543274,,,
20,LEar,485.0158,115.59044,0.8930349,,,
20,REar,462.79236,126.919205,0.9341178,,,
20,LShoulder,497.36218,155.24112,0.7784126,0.16921577,-0.2071032,0.016648836
20,RShoulder,452.91525,155.24112,0.7880032,0.062693514,-0.19847874,-0.0277398
20,LElbow,517.1164,172.23427,0.89192075,0.21602505,-0.16901997,0.107730635
20,RElbow,428.2225,189.22742,0.9157299,0.0050317645,-0.11955258,0.05439078
20,LWrist,502.30075,189.22742,0.82815206,0.17864722,-0.1074515,0.05379874
20,RWrist,440.56888,228.8781,0.9318042,0.035236925,-0.024828255,0.002411457
20,LHip,492.42365,245.87125,0.7970748,0.16334093,-0.003487561,0.017598074
20,RHip,467.7309,240.20686,0.77590686,0.08246053,-0.021775587,-0.025888352
20,LKnee,470.20016,302.51508,0.72621924,0.110023096,0.1541795,-0.07102228
20,RKnee,482.54654,279.85754,0.4484384,0.13668376,0.11103056,-0.15452541
20,LAnkle,445.50745,347.83014,0.8146189,0.050981373,0.25747052,0.079260506
20,RAnkle,502.30075,364.8233,0.84908396,0.18009737,0.29480657,-0.06755975
20,Head,467.7309,92.93291,0.8445808,0.102560826,-0.34226254,-0.05003714
20,Neck,477.608,143.91235,0.9266528,0.11898263,-0.23355913,-0.021502612
20,Hip,480.07727,234.54248,0.85602564,0.12387179,-0.012525797,-0.0011623928
20,LBigToe,462.79236,370.48767,0.78247976,,,
20,RBigToe,512.17786,376.15207,0.92265826,,,
20,LSmallToe,460.3231,364.8233,0.71345484,,,
20,RSmallToe,504.77002,381.81644,0.85712576,,,
20,LHeel,440.56888,359.1589,0.8122493,,,
20,RHeel,499.83145,376.15207,0.7919941,,,
21,Nose,472.56445,122.38866,0.9335495,,,
21,LEye,477.46176,111.000244,0.9304337,,,
21,REye,467.66714,116.69445,0.9508911,,,
21,LEar,484.80774,116.69445,0.90212595,,,
21,REar,462.7698,128.08286,0.8900844,,,
21,LShoulder,499.4997,156.5539,0.77097416,0.17189726,-0.20711546,0.015913997
21,RShoulder,455.42383,156.5539,0.762983,0.06558645,-0.19533445,-0.029309617
21,LElbow,519.0889,173.6365,0.8720333,0.21906817,-0.16902666,0.10787078
21,RElbow,430.93726,190.71913,0.955611,0.009195477,-0.11566062,0.05242905
21,LWrist,504.397,190.71913,0.8075843,0.1827651,-0.10695948,0.05381374
21,RWrist,443.18054,230.57857,0.9319378,0.040685542,-0.020434868,0.0022812458
21,LHip,492.15372,247.66118,0.79754806,0.16798277,-0.002374921,0.018900381
21,RHip,470.11578,241.96698,0.7717906,0.08721005,-0.018056763,-0.02706164
21,LKnee,472.56445,310.29745,0.7871832,0.120634735,0.15652804,-0.06872261
21,RKnee,484.80774,293.21484,0.5678069,0.14340618,0.11695281,-0.15377167
21,LAnkle,448.07788,350.1569,0.81416076,0.05519604,0.25738487,0.079880096
21,RAnkle,504.397,361.5453,0.8554612,0.18500456,0.29900056,-0.05878871
21,Head,470.11578,93.917625,0.8554177,0.1033833,-0.3407891,-0.050731577
21,Neck,477.46176,145.16548,0.94854987,0.121273205,-0.23189451,-0.022599842
21,Hip,482.35907,236.27278,0.84788686,0.12868255,-0.009926906,-0.0012070166
21,LBigToe,462.7698,367.2395,0.7351526,,,
21,RBigToe,514.19165,378.62793,0.8954009,,,
21,LSmallToe,460.32117,361.5453,0.7208692,,,
21,RSmallToe,506.84567,384.3221,0.81194353,,,
21,LHeel,438.28323,355.8511,0.7719605,,,
21,RHeel,501.94833,378.62793,0.7568835,,,
22,Nose,473.99332,122.782166,0.9693947,,,
22,LEye,476.45343,111.2771,0.92861503,,,
22,REye,469.07315,117.02963,0.96357244,,,
22,LEar,486.29376,117.02963,0.9054191,,,
22,REar,464.15298,128.5347,0.8805507,,,
22,LShoulder,501.0543,151.54485,0.76278204,0.17442043,-0.20792758,0.014632475
22,RShoulder,456.7727,157.29738,0.7470377,0.06829299,-0.1926964,-0.031090735
22,LElbow,520.735,168.80246,0.8768972,0.2217541,-0.16977602,0.10737234
22,RElbow,432.17184,191.8126,0.92942286,0.013256774,-0.11187297,0.04988242
22,LWrist,505.97446,191.8126,0.81337047,0.18678081,-0.107030734,0.053841516
22,RWrist,444.4723,232.08035,0.9216605,0.045936726,-0.016266279,0.0017758762
22,LHip,496.1341,243.58543,0.76881856,0.17267127,-0.0022142343,0.019961637
22,RHip,471.53323,243.58543,0.7737107,0.09196035,-0.015520995,-0.027980004
22,LKnee,476.45343,306.8633,0.6845269,0.13317697,0.15804197,-0.06671516
22,RKnee,486.29376,295.35825,0.57737744,0.15026557,0.120439485,-0.15362859
22,LAnkle,449.39246,347.13107,0.8171685,0.060390234,0.25623414,0.07976959
22,RAnkle,505.97446,364.38867,0.8443732,0.19014879,0.30189553,-0.05284463
22,Head,469.07315,94.019485,0.84798014,0.10415315,-0.33982188,-0.05175994
22,Neck,478.9135,145.79231,0.9162728,0.123367965,-0.23090197,-0.02412655
22,Hip,483.83368,237.83289,0.8745035,0.13344294,-0.008547181,-0.0012196044
22,LBigToe,464.15298,370.14124,0.78736883,,,
22,RBigToe,515.8148,381.6463,0.8703617,,,
22,LSmallToe,461.6929,364.38867,0.7680416,,,
22,RSmallToe,508.43454,387.39883,0.79149455,,,
22,LHeel,439.55212,358.63614,0.7894751,,,
22,RHeel,503.51437,381.6463,0.7095124,,,
23,Nose,475.0089,122.78836,0.94943833,,,
23,LEye,477.46082,111.238304,0.92877537,,,
23,REye,470.10516,117.013336,0.9645552,,,
23,LEar,484.81644,117.013336,0.8770724,,,
23,REar,465.2014,128.5634,0.87960505,,,
23,LShoulder,501.9796,151.66351,0.7548685,0.17689113,-0.20939188,0.0124001205
23,RShoulder,457.84576,157.43854,0.76204395,0.07096422,-0.19053638,-0.03340853
23,LElbow,519.14276,168.9886,0.885774,0.22433144,-0.17113833,0.10656578
23,RElbow,435.77884,192.08873,0.9306544,0.017270258,-0.10814498,0.046340518
23,LWrist,506.88336,192.08873,0.78685975,0.19082934,-0.10748342,0.053483475
23,RWrist,448.03824,232.51393,0.9646256,0.05101653,-0.012378966,0.0001645782
23,LHip,497.07584,244.064,0.76596266,0.17743474,-0.003390789,0.02083103
23,RHip,472.55704,238.28896,0.7896281,0.09689982,-0.0145759275,-0.028678574
23,LKnee,479.9127,307.58932,0.6733305,0.14820552,0.15848,-0.06605125
23,RKnee,487.2683,290.26422,0.51305073,0.15738034,0.121594205,-0.15367952
23,LAnkle,450.4901,348.01453,0.85260063,0.06724022,0.2535424,0.07810918
23,RAnkle,509.33524,365.33963,0.80223364,0.19372338,0.30408782,-0.049800813
23,Head,470.10516,93.913216,0.84016323,0.10499904,-0.33930635,-0.05328106
23,Neck,479.9127,140.11345,0.9176471,0.12535685,-0.23050924,-0.026475541
23,Hip,487.2683,238.28896,0.86982536,0.13821584,-0.008729273,-0.0012400171
23,LBigToe,465.2014,371.11465,0.8290538,,,
23,RBigToe,516.6909,382.6647,0.7743476,,,
23,LSmallToe,462.7495,365.33963,0.81531185,,,
23,RSmallToe,504.4315,388.43973,0.74985915,,,
23,LHeel,443.13446,353.78955,0.81861925,,,
23,RHeel,509.33524,376.88968,0.52895314,,,
24,Nose,473.8322,123.10014,0.9468574,,,
24,LEye,476.2703,111.56606,0.9401325,,,
24,REye,468.9561,117.33311,0.9456832,,,
24,LEar,486.02252,117.33311,0.914732,,,
24,REar,466.51804,128.86719,0.8678176,,,
24,LShoulder,503.089,151.93535,0.75141513,0.17936909,-0.21107231,0.00960858
24,RShoulder,459.20383,163.46942,0.74470305,0.07366916,-0.18833728,-0.03592974
24,LElbow,520.1554,169.23647,0.89868456,0.22682744,-0.17289017,0.10531782
24,RElbow,434.8232,198.07167,0.9204171,0.021073395,-0.1044348,0.042215534
24,LWrist,507.9651,192.30463,0.725201,0.19500569,-0.108259514,0.0530959
24,RWrist,449.4516,238.44095,0.9639054,0.0558809,-0.008722704,-0.0018766636
24,LHip,500.6509,238.44095,0.7728657,0.182118,-0.0051449034,0.021547444
24,RHip,473.8322,238.44095,0.7683934,0.10155283,-0.014370112,-0.029098792
24,LKnee,490.89865,307.64542,0.5045852,0.16575725,0.15749578,-0.067871295
24,RKnee,493.33673,290.3443,0.649215,0.16416514,0.12154417,-0.15404348
24,LAnkle,454.3277,348.0147,0.8923772,0.0765846,0.2488148,0.074478365
24,RAnkle,510.40317,365.31583,0.771214,0.1945417,0.30555362,-0.04843113
24,Head,471.39417,94.264946,0.8276114,0.105919525,-0.33885396,-0.055067815
24,Neck,481.1464,146.1683,0.9185588,0.12744942,-0.23019482,-0.029503582
24,Hip,488.4606,238.44095,0.8517114,0.14293063,-0.009586163,-0.0012430248
24,LBigToe,464.07996,371.0829,0.8130908,,,
24,RBigToe,517.71735,382.61694,0.7384504,,,
24,LSmallToe,464.07996,365.31583,0.8111452,,,
24,RSmallToe,505.52704,382.61694,0.67512584,,,
24,LHeel,447.01352,348.0147,0.7995759,,,
24,RHeel,512.84125,376.8499,0.5045589,,,
25,Nose,475.1197,122.67928,0.9253255,,,
25,LEye,477.54224,111.14236,0.9421183,,,
25,REye,470.2746,116.91082,0.94656634,,,
25,LEar,487.2324,116.91082,0.89100343,,,
25,REar,465.42953,128.44775,0.8799756,,,
25,LShoulder,504.1902,145.75314,0.731907,0.18179946,-0.21371639,0.0062282253
25,RShoulder,460.58444,163.05853,0.73531765,0.076288775,-0.18728963,-0.038849674
25,LElbow,521.14795,168.827,0.86464596,0.2292702,-0.17540263,0.10347433
25,RElbow,438.78156,197.66933,0.9512093,0.02441016,-0.102080345,0.037632473
25,LWrist,509.03525,191.90086,0.74354523,0.19914588,-0.10976723,0.05258581
25,RWrist,453.3168,238.04857,0.93717647,0.06036768,-0.006489549,-0.004789754
25,LHip,504.1902,238.04857,0.73663294,0.18749635,-0.008652921,0.02195977
25,RHip,477.54224,238.04857,0.76859987,0.10689175,-0.015690532,-0.029303787
25,LKnee,506.61273,301.50168,0.5888362,0.18521717,0.15417044,-0.07254017
25,RKnee,496.92255,289.96475,0.8847646,0.1703771,0.12090929,-0.15366484
25,LAnkle,460.58444,341.88095,0.93090206,0.08873742,0.24194504,0.06873969
25,RAnkle,509.03525,364.9548,0.80356395,0.19349457,0.30638045,-0.047386613
25,Head,470.2746,93.83696,0.84101087,0.10687761,-0.33920166,-0.05741632
25,Neck,479.96478,139.98468,0.910305,0.12940726,-0.23077358,-0.03294789
25,Hip,489.65494,232.2801,0.8212777,0.14808294,-0.012168566,-0.0013303312
25,LBigToe,467.85205,370.72327,0.82089746,,,
25,RBigToe,518.7254,382.2602,0.885646,,,
25,LSmallToe,467.85205,364.9548,0.8309154,,,
25,RSmallToe,511.4578,382.2602,0.6654148,,,
25,LHeel,453.3168,347.6494,0.7938086,,,
25,RHeel,504.1902,382.2602,0.6891182,,,
26,Nose,473.8783,122.38154,0.91570413,,,
26,LEye,478.66656,110.84054,0.92509663,,,
26,REye,471.48413,116.61104,0.9213728,,,
26,LEar,488.2431,116.61104,0.91772294,,,
26,REar,466.69586,128.15204,0.8850378,,,
26,LShoulder,505.0021,145.46353,0.72562164,0.1843637,-0.21554385,0.0032904798
26,RShoulder,461.9076,162.77504,0.7586503,0.0788444,-0.18574123,-0.04131973
26,LElbow,521.76105,162.77504,0.859646,0.23166747,-0.17784357,0.10158531
26,RElbow,440.36032,197.39804,0.9423606,0.027259057,-0.10013026,0.033891447
26,LWrist,512.1845,191.62753,0.63861686,0.20325698,-0.11116648,0.052392453
26,RWrist,454.72516,237.79153,0.9587867,0.06424286,-0.004708862,-0.0064939996
26,LHip,505.0021,237.79153,0.7644456,0.19197902,-0.010525189,0.02250848
26,RHip,478.66656,237.79153,0.76033336,0.11159445,-0.01541678,-0.029398618
26,LKnee,514.5787,295.49655,0.8699182,0.20411924,0.15013593,-0.07814828
26,RKnee,500.2138,289.72604,0.7782793,0.17612852,0.12111971,-0.15311837
26,LAnkle,466.69586,341.66055,0.870368,0.10292023,0.23390667,0.06290767
26,RAnkle,509.79037,370.51306,0.8289175,0.19221897,0.30737582,-0.046052463
26,Head,471.48413,93.52904,0.8268591,0.107928395,-0.3389475,-0.059663124
26,Neck,481.0607,145.46353,0.9332571,0.1315639,-0.23052761,-0.036018077
26,Hip,493.0314,232.02104,0.8290434,0.15277526,-0.013247811,-0.0013128114
26,LBigToe,469.09,370.51306,0.8340815,,,
26,RBigToe,519.36694,382.05405,0.91431886,,,
26,LSmallToe,469.09,364.74255,0.8292856,,,
26,RSmallToe,512.1845,387.82455,0.78072035,,,
26,LHeel,459.51346,341.66055,0.8094437,,,
26,RHeel,505.0021,382.05405,0.8643067,,,
27,Nose,476.73026,122.25288,0.9307758,,,
27,LEye,479.15472,110.70059,0.9316559,,,
27,REye,471.8813,116.47673,0.90990597,,,
27,LEar,488.8526,116.47673,0.9232082,,,
27,REar,467.03235,128.02902,0.86682534,,,
27,LShoulder,508.2484,151.13359,0.7340762,0.18696335,-0.21690607,0.0007172227
27,RShoulder,462.1834,162.68587,0.77245057,0.08135443,-0.18410222,-0.04362873
27,LElbow,525.2197,162.68587,0.8788073,0.23402032,-0.17984398,0.10018451
27,RElbow,440.36313,197.34273,0.9572935,0.029608253,-0.098477066,0.030543474
27,LWrist,513.09735,191.56659,0.6704437,0.20720035,-0.11246981,0.05190578
27,RWrist,454.90997,237.77573,0.9594618,0.06763606,-0.003286818,-0.0072172238
27,LHip,505.82394,231.99959,0.7779545,0.19625258,-0.011903048,0.023068836
27,RHip,479.15472,237.77573,0.7568565,0.11604488,-0.014494889,-0.029408379
27,LKnee,520.3708,295.53714,0.8620074,0.22207078,0.1449811,-0.08456953
27,RKnee,505.82394,295.53714,0.8118623,0.1813097,0.12206565,-0.15238194
27,LAnkle,474.3058,330.194,0.76316965,0.1185316,0.22528288,0.05729303
27,RAnkle,508.2484,370.627,0.85433435,0.19086829,0.3085902,-0.044579484
27,Head,471.8813,93.37216,0.8077385,0.10896369,-0.33848944,-0.061761267
27,Neck,484.00366,145.35745,0.9430093,0.13381647,-0.23006903,-0.038695917
27,Hip,493.70157,231.99959,0.83228105,0.15741959,-0.013794976,-0.0012525956
27,LBigToe,471.8813,364.85086,0.81194305,,,
27,RBigToe,520.3708,387.95544,0.9654845,,,
27,LSmallToe,474.3058,359.0747,0.85507345,,,
27,RSmallToe,513.09735,387.95544,0.82169944,,,
27,LHeel,464.60788,335.97015,0.80951864,,,
27,RHeel,503.39944,382.1793,0.88930196,,,
28,Nose,476.58707,122.513306,0.943431,,,
28,LEye,479.11288,110.95278,0.9107184,,,
28,REye,471.5354,116.73304,0.8776459,,,
28,LEar,489.21625,116.73304,0.8991299,,,
28,REar,469.00955,128.29356,0.8738578,,,
28,LShoulder,509.4229,145.63435,0.7467252,0.18954936,-0.21800919,-0.0018146879
28,RShoulder,463.9579,162.97514,0.77458346,0.0837678,-0.18258567,-0.045990363
28,LElbow,527.10376,168.7554,0.84271425,0.23636973,-0.1815724,0.09893003
28,RElbow,441.22537,197.65672,0.9354208,0.03166548,-0.09721327,0.027248984
28,LWrist,517.0004,186.09619,0.5423263,0.21120329,-0.11374754,0.051243052
28,RWrist,456.38037,238.11856,0.97135687,0.07080655,-0.0022227317,-0.0075851865
28,LHip,506.8971,232.33829,0.72807866,0.2008549,-0.013251618,0.023377798
28,RHip,481.63873,238.11856,0.75732744,0.12045874,-0.013268556,-0.029183948
28,LKnee,527.10376,295.92117,0.88793,0.23839739,0.138489,-0.09166873
28,RKnee,506.8971,290.14093,0.8402256,0.18516782,0.1231115,-0.15216482
28,LAnkle,481.63873,330.60275,0.7438892,0.13564593,0.21673921,0.0520047
28,RAnkle,504.37125,371.0646,0.85317713,0.18948382,0.3095465,-0.043468297
28,Head,471.5354,93.61199,0.822626,0.11006484,-0.3380688,-0.06372521
28,Neck,484.16455,145.63435,0.9446879,0.13619268,-0.22955433,-0.041270416
28,Hip,494.2679,232.33829,0.824415,0.16211481,-0.014137147,-0.0012333135
28,LBigToe,479.11288,359.50406,0.6898086,,,
28,RBigToe,522.0521,388.4054,0.89984673,,,
28,LSmallToe,481.63873,353.72382,0.7348892,,,
28,RSmallToe,517.0004,388.4054,0.7840791,,,
28,LHeel,474.06122,330.60275,0.71007824,,,
28,RHeel,501.84543,382.62512,0.8569012,,,
29,Nose,477.10242,123.08767,0.9720959,,,
29,LEye,479.80145,111.52976,0.9333719,,,
29,REye,471.70435,117.308716,0.920655,,,
29,LEar,490.5976,117.308716,0.87644285,,,
29,REar,466.30627,128.86662,0.9017912,,,
29,LShoulder,509.49084,146.20348,0.78688544,0.1919829,-0.21884826,-0.0038955307
29,RShoulder,463.60724,163.54034,0.7816352,0.085909255,-0.18125102,-0.04809711
29,LElbow,525.68506,157.76138,0.80628604,0.23843655,-0.18346348,0.09768485
29,RElbow,439.31592,198.21405,0.9112834,0.033481855,-0.096182585,0.024441902
29,LWrist,514.8889,192.4351,0.55211604,0.21501336,-0.114899665,0.05125407
29,RWrist,458.20917,238.66673,0.9674912,0.073746204,-0.0013927463,-0.0076063015
29,LHip,509.49084,232.88777,0.7762059,0.20562443,-0.014350869,0.023393594
29,RHip,482.5005,238.66673,0.7740879,0.12484054,-0.011637276,-0.028792063
29,LKnee,531.0831,296.45627,0.8501058,0.25216523,0.13122194,-0.09903994
29,RKnee,506.7918,290.6773,0.9006319,0.1879215,0.124523,-0.1521729
29,LAnkle,490.5976,331.12997,0.59082025,0.15311566,0.20949183,0.04712636
29,RAnkle,504.09277,371.58264,0.87781566,0.1884542,0.31041336,-0.04232962
29,Head,471.70435,94.19291,0.8858989,0.11110742,-0.33767334,-0.06555545
29,Neck,485.19952,146.20348,0.8848067,0.13840425,-0.22907743,-0.043603726
29,Hip,495.99567,232.88777,0.8342566,0.16677001,-0.014096273,-0.0012049256
29,LBigToe,487.89856,354.2458,0.6536887,,,
29,RBigToe,520.287,388.9195,0.88703996,,,
29,LSmallToe,490.5976,348.46683,0.6422851,,,
29,RSmallToe,517.58795,388.9195,0.76979995,,,
29,LHeel,479.80145,325.351,0.528425,,,
29,RHeel,498.6947,383.14053,0.88727736,,,
30,Nose,479.05807,124.28723,0.9742119,,,
30,LEye,481.87766,112.76961,0.9393944,,,
30,REye,473.41898,118.52842,0.9368198,,,
30,LEar,490.3363,118.52842,0.90517014,,,
30,REar,467.77985,130.04604,0.9272975,,,
30,LShoulder,510.0732,147.32246,0.8216542,0.19440289,-0.2193998,-0.0054807244
30,RShoulder,462.14075,164.5989,0.799813,0.08801529,-0.18012543,-0.049888805
30,LElbow,526.9906,164.5989,0.82514954,0.24055289,-0.18455343,0.09720073
30,RElbow,442.40384,199.15176,0.90462846,0.03532315,-0.095344916,0.022050526
30,LWrist,515.71234,193.39296,0.67115957,0.2186386,-0.11574936,0.050732195
30,RWrist,459.32117,239.46344,0.9729667,0.07669631,-0.0007159244,-0.007770803
30,LHip,512.89276,239.46344,0.8163623,0.21071671,-0.014906796,0.023165857
30,RHip,484.6972,239.46344,0.81466496,0.12967888,-0.0094208885,-0.02835145
30,LKnee,535.4492,291.29272,0.88936514,0.26363584,0.12375258,-0.10630514
30,RKnee,507.25366,291.29272,0.9276316,0.19008967,0.12623638,-0.15234904
30,LAnkle,498.79498,320.0868,0.6555269,0.17155242,0.2035868,0.042715345
30,RAnkle,504.4341,371.91608,0.8425231,0.18804495,0.31114718,-0.04106319
30,Head,473.41898,95.49318,0.91538537,0.112126455,-0.33729497,-0.06702913
30,Neck,484.6972,147.32246,0.9202744,0.14057504,-0.22867543,-0.045492075
30,Hip,498.79498,233.70462,0.8653526,0.17162098,-0.013506928,-0.0011752646
30,LBigToe,501.61456,354.63965,0.416276,,,
30,RBigToe,521.35144,389.1925,0.86523056,,,
30,LSmallToe,501.61456,348.88083,0.3245567,,,
30,RSmallToe,515.71234,389.1925,0.8270896,,,
30,LHeel,490.3363,325.84558,0.68836117,,,
30,RHeel,498.79498,383.4337,0.91628176,,,
31,Nose,478.67578,124.33283,0.9739668,,,
31,LEye,481.58838,112.83463,0.94587064,,,
31,REye,472.85062,118.58373,0.93671787,,,
31,LEar,493.23877,118.58373,0.8902437,,,
31,REar,469.93802,130.08192,0.90400267,,,
31,LShoulder,513.6269,147.32922,0.84610003,0.19666305,-0.22062562,-0.0068223374
31,RShoulder,464.11282,164.57652,0.8208548,0.08983052,-0.18008591,-0.051372923
31,LElbow,528.1899,164.57652,0.85969514,0.24251786,-0.18612431,0.09681207
31,RElbow,440.8121,199.07112,0.9300714,0.037231382,-0.094998896,0.020300189
31,LWrist,519.4521,193.32202,0.7144203,0.22196859,-0.11704764,0.050206788
31,RWrist,458.28766,239.31482,0.9643651,0.079762876,-0.00061160326,-0.007604122
31,LHip,516.5395,239.31482,0.789217,0.21590294,-0.016049141,0.022604292
31,RHip,487.41357,239.31482,0.8389494,0.13441938,-0.0077055357,-0.0275852
31,LKnee,539.8402,291.0567,0.9196001,0.27279463,0.116424695,-0.1127919
31,RKnee,507.80173,291.0567,0.84919554,0.19164845,0.12777881,-0.15224485
31,LAnkle,504.88913,314.0531,0.58774364,0.1900107,0.20027217,0.037975125
31,RAnkle,504.88913,371.5441,0.8442916,0.1881358,0.31178272,-0.03986989
31,Head,472.85062,95.58733,0.9280057,0.11288639,-0.33760613,-0.06830292
31,Neck,487.41357,147.32922,0.91126156,0.14254256,-0.22925659,-0.047042247
31,Hip,501.97653,233.56572,0.87615424,0.17651394,-0.01342272,-0.0011021404
31,LBigToe,510.7143,337.0495,0.30564824,,,
31,RBigToe,522.3647,388.7914,0.89695907,,,
31,LSmallToe,510.7143,337.0495,0.21164341,,,
31,RSmallToe,513.6269,388.7914,0.8845283,,,
31,LHeel,496.15134,314.0531,0.6116788,,,
31,RHeel,499.06393,383.0423,0.87677044,,,
32,Nose,480.99658,124.954506,0.9677843,,,
32,LEye,483.94403,113.46269,0.93971866,,,
32,REye,475.10162,119.2086,0.9572426,,,
32,LEar,492.78644,119.2086,0.9069068,,,
32,REar,469.2067,130.70041,0.8933517,,,
32,LShoulder,513.4187,147.93813,0.7591268,0.19880244,-0.22227322,-0.0075894883
32,RShoulder,466.25922,165.17584,0.81503296,0.09128594,-0.18073682,-0.052246403
32,LElbow,531.1035,165.17584,0.7797446,0.24442047,-0.18789062,0.09669489
32,RElbow,442.67947,199.65126,0.9183166,0.03918302,-0.09500599,0.019299578
32,LWrist,519.31366,193.90536,0.36929056,0.22479063,-0.11864667,0.04934763
32,RWrist,460.3643,239.87259,0.9609239,0.08302718,-0.0010877717,-0.0076546986
32,LHip,519.31366,234.1267,0.79185855,0.22115746,-0.017281286,0.021828227
32,RHip,489.839,239.87259,0.8026655,0.13910371,-0.0061601438,-0.026704434
32,LKnee,542.89343,285.83984,0.88372725,0.28007722,0.10966048,-0.11871325
32,RKnee,507.5238,297.33163,0.8371567,0.19293761,0.12948216,-0.15197845
32,LAnkle,516.3662,320.31525,0.7081887,0.20948438,0.1996397,0.03319264
32,RAnkle,504.57632,372.0284,0.8423328,0.18896246,0.31225803,-0.03829286
32,Head,475.10162,96.22498,0.94280857,0.11340554,-0.3382478,-0.069018655
32,Neck,486.8915,147.93813,0.88989925,0.1442388,-0.2304705,-0.047764003
32,Hip,504.57632,234.1267,0.87230694,0.1814648,-0.01333471,-0.0009999352
32,LBigToe,519.31366,343.2989,0.82567334,,,
32,RBigToe,522.2611,389.2661,0.88534033,,,
32,LSmallToe,522.2611,337.55298,0.65036225,,,
32,RSmallToe,516.3662,389.2661,0.86164427,,,
32,LHeel,504.57632,320.31525,0.44285518,,,
32,RHeel,498.6814,383.5202,0.87851226,,,
33,Nose,480.03738,124.03901,0.9611091,,,
33,LEye,483.00693,112.50507,0.9546479,,,
33,REye,474.09827,118.27204,0.944982,,,
33,LEar,491.91556,118.27204,0.94560194,,,
33,REar,471.12872,129.80597,0.8961618,,,
33,LShoulder,512.7024,147.10687,0.6983099,0.20081484,-0.22476994,-0.008372175
33,RShoulder,465.18964,164.40776,0.8439831,0.09242654,-0.18226221,-0.05270226
33,LElbow,527.5501,158.6408,0.6710139,0.24635342,-0.19020046,0.09642453
33,RElbow,444.4028,199.00955,0.91101354,0.04132152,-0.09545411,0.018660331
33,LWrist,533.48926,164.40776,0.32291183,0.22771645,-0.120491326,0.048586093
33,RWrist,462.2201,239.37831,0.96329683,0.08650035,-0.0021982342,-0.007793108
33,LHip,518.6415,233.61136,0.83085567,0.22637452,-0.019251438,0.020934656
33,RHip,491.91556,239.37831,0.8053209,0.14374907,-0.00540046,-0.025611311
33,LKnee,545.36743,285.51404,0.8931997,0.2854442,0.10397871,-0.123356156
33,RKnee,509.73285,297.04797,0.89141303,0.19420536,0.13062532,-0.15158926
33,LAnkle,521.611,320.11584,0.7740762,0.2289389,0.20255128,0.02792286
33,RAnkle,506.7633,372.01852,0.87358695,0.19094174,0.31228268,-0.03645707
33,Head,474.09827,95.20418,0.9095368,0.11357029,-0.33948547,-0.06957296
33,Neck,488.946,147.10687,0.8710886,0.14569326,-0.23260412,-0.04831274
33,Hip,503.79376,233.61136,0.8932363,0.18627036,-0.013944139,-0.0008980809
33,LBigToe,524.58057,348.95065,0.9813673,,,
33,RBigToe,521.611,389.31943,0.94078803,,,
33,LSmallToe,530.51965,343.1837,0.78973305,,,
33,RSmallToe,512.7024,389.31943,0.8749859,,,
33,LHeel,515.67194,320.11584,0.6280462,,,
33,RHeel,500.82422,383.55246,0.90001655,,,
34,Nose,478.0341,122.86444,0.9379594,,,
34,LEye,481.02036,111.28069,0.93960184,,,
34,REye,475.0478,117.07257,0.9476062,,,
34,LEar,492.96545,111.28069,0.93151873,,,
34,REar,472.06152,128.65633,0.8907099,,,
34,LShoulder,513.8694,146.03195,0.6949451,0.20264718,-0.22816652,-0.00889195
34,RShoulder,466.08896,163.40758,0.8389147,0.09341779,-0.18463115,-0.052791864
34,LElbow,528.8008,157.61569,0.76258427,0.24822897,-0.19293307,0.09644732
34,RElbow,445.18503,198.15883,0.90599406,0.043747693,-0.09627749,0.018353967
34,LWrist,534.7734,169.19945,0.4078361,0.23007517,-0.12258999,0.047861326
34,RWrist,463.1027,238.70195,0.93796337,0.09027172,-0.0040107183,-0.007868632
34,LHip,522.82825,232.91008,0.821325,0.2321444,-0.021949714,0.019722762
34,RHip,492.96545,238.70195,0.7961636,0.14880693,-0.0053956993,-0.024352083
34,LKnee,549.7047,285.03696,0.83193195,0.28905496,0.099654004,-0.12657723
34,RKnee,510.88312,290.82883,0.8799625,0.19537693,0.13107708,-0.15091042
34,LAnkle,528.8008,319.7882,0.8537411,0.24793318,0.20912625,0.021857373
34,RAnkle,507.89685,371.9151,0.83522487,0.19397345,0.31185523,-0.03416067
34,Head,475.0478,93.90507,0.883476,0.11343463,-0.34127185,-0.07000039
34,Neck,486.99292,140.24007,0.9101756,0.14681193,-0.2357722,-0.04842006
34,Hip,507.89685,232.91008,0.9003441,0.19138676,-0.015094665,-0.00077664223
34,LBigToe,531.78705,354.53946,0.8886093,,,
34,RBigToe,522.82825,389.2907,0.8641343,,,
34,LSmallToe,537.75964,348.7476,0.82869637,,,
34,RSmallToe,513.8694,389.2907,0.87523764,,,
34,LHeel,519.842,319.7882,0.79399335,,,
34,RHeel,501.9243,383.49884,0.88861436,,,
35,Nose,479.8774,120.608246,0.94286484,,,
35,LEye,482.84787,108.917786,0.94158685,,,
35,REye,473.93652,120.608246,0.91427517,,,
35,LEar,491.75922,108.917786,0.9396623,,,
35,REar,470.96606,126.453476,0.8875554,,,
35,LShoulder,515.5228,138.14394,0.71797925,0.20441332,-0.23188782,-0.009332116
35,RShoulder,467.99564,161.52484,0.85309714,0.09427227,-0.18721655,-0.05242408
35,LElbow,533.3455,161.52484,0.80988055,0.25033513,-0.19589294,0.09646993
35,RElbow,447.20248,202.44144,0.9186192,0.046334967,-0.09719984,0.018873466
35,LWrist,533.3455,167.37007,0.45844197,0.23288824,-0.124553725,0.04780913
35,RWrist,467.99564,237.51282,0.947607,0.09431191,-0.0063256305,-0.0076915165
35,LHip,524.43414,231.66759,0.8541252,0.23777935,-0.02541044,0.01829195
35,RHip,497.7001,243.35805,0.8256694,0.15357669,-0.0061222017,-0.022837574
35,LKnee,548.19775,278.4294,0.8994692,0.29105636,0.09630455,-0.1291482
35,RKnee,512.55237,295.9651,0.9312113,0.19698173,0.13173053,-0.14974096
35,LAnkle,536.3159,325.19125,0.88021815,0.26657563,0.21875282,0.014272531
35,RAnkle,509.5819,366.10785,0.84145266,0.19877979,0.31065044,-0.03073447
35,Head,473.93652,91.3821,0.8286837,0.1129341,-0.34294495,-0.069879524
35,Neck,488.78876,138.14394,0.9453722,0.14793894,-0.23900159,-0.048068263
35,Hip,509.5819,231.66759,0.9075914,0.19623928,-0.017081037,-0.00064902497
35,LBigToe,539.2864,354.4174,0.85355,,,
35,RBigToe,521.4637,383.64352,0.82529426,,,
35,LSmallToe,545.2273,354.4174,0.8993504,,,
35,RSmallToe,512.55237,389.48877,0.8485413,,,
35,LHeel,527.4046,325.19125,0.8639869,,,
35,RHeel,503.64102,383.64352,0.9012519,,,
36,Nose,478.33957,124.435,0.9495615,,,
36,LEye,481.278,112.662315,0.9515615,,,
36,REye,472.46265,118.54865,0.902531,,,
36,LEar,490.0934,106.77598,0.9319298,,,
36,REar,469.52417,130.32133,0.8610199,,,
36,LShoulder,513.60114,136.20767,0.74793714,0.20617361,-0.23580907,-0.009845654
36,RShoulder,466.5857,159.75304,0.8747983,0.094991185,-0.18994747,-0.051549893
36,LElbow,531.2319,153.8667,0.83757746,0.2526872,-0.19914185,0.09570448
36,RElbow,448.95493,200.95743,0.9396369,0.04901851,-0.09836778,0.019967632
36,LWrist,537.1088,165.63937,0.4682337,0.23573823,-0.12653425,0.047532305
36,RWrist,469.52417,236.27547,0.9433672,0.09854437,-0.0089718085,-0.0071082916
36,LHip,525.355,230.38913,0.82594335,0.24320245,-0.029268295,0.016708562
36,RHip,498.90878,242.1618,0.8273635,0.15792711,-0.007332742,-0.02105703
36,LKnee,548.8627,277.47986,0.9122472,0.29179,0.094792366,-0.13029681
36,RKnee,510.66266,295.1389,0.95599097,0.19899905,0.13226555,-0.14813161
36,LAnkle,542.9857,330.4569,0.92069393,0.28444034,0.23047258,0.0055663045
36,RAnkle,510.66266,365.77496,0.89888674,0.20522282,0.30877188,-0.026157781
36,Head,472.46265,95.003296,0.8442284,0.112099536,-0.3444405,-0.06949982
36,Neck,487.15494,136.20767,0.9123013,0.148893,-0.24235721,-0.047613107
36,Hip,510.66266,230.38913,0.9041948,0.20072024,-0.019541401,-0.00052678795
36,LBigToe,545.9242,365.77496,0.8412548,,,
36,RBigToe,519.478,389.3203,0.9065914,,,
36,LSmallToe,551.80115,359.8886,0.888938,,,
36,RSmallToe,510.66266,389.3203,0.81445813,,,
36,LHeel,537.1088,336.34326,0.830215,,,
36,RHeel,504.78574,383.434,0.79945695,,,
37,Nose,479.27863,122.629555,0.9508137,,,
37,LEye,482.258,110.79709,0.9403502,,,
37,REye,473.31982,116.713326,0.9127484,,,
37,LEar,491.1962,104.88085,0.94235045,,,
37,REar,470.34045,128.54579,0.87510157,,,
37,LShoulder,515.0313,140.37827,0.83206993,0.20788163,-0.23969413,-0.010442694
37,RShoulder,467.36105,158.12697,0.8801766,0.09578453,-0.19245361,-0.05036827
37,LElbow,535.8871,158.12697,0.90079457,0.25543797,-0.2023546,0.09464074
37,RElbow,449.48468,199.5406,0.92842263,0.051907003,-0.09946038,0.021689698
37,LWrist,523.9695,187.70813,0.7486991,0.23939244,-0.12834363,0.04700674
37,RWrist,470.34045,235.03801,0.94291276,0.10292354,-0.011625441,-0.0060005346
37,LHip,526.9489,223.20554,0.8102975,0.24834085,-0.033076167,0.014942639
37,RHip,500.13437,240.95424,0.83726084,0.16187853,-0.00889523,-0.019207032
37,LKnee,550.78406,276.45166,0.89716136,0.29131985,0.09524888,-0.13003908
37,RKnee,512.05194,294.20035,0.95252633,0.20177266,0.13287927,-0.14614385
37,LAnkle,550.78406,335.61398,0.9036589,0.3009683,0.24338086,-0.0044319835
37,RAnkle,515.0313,365.19516,0.870225,0.21356566,0.30639654,-0.020667452
37,Head,473.31982,93.048386,0.8703254,0.111021996,-0.3457431,-0.069048055
37,Neck,488.2168,134.46202,0.93043476,0.14972846,-0.24563783,-0.047045678
37,Hip,512.05194,229.12178,0.88911295,0.20474365,-0.022136213,-0.00045098108
37,LBigToe,550.78406,365.19516,0.78093094,,,
37,RBigToe,512.05194,388.8601,0.76895666,,,
37,LSmallToe,556.7428,365.19516,0.91859907,,,
37,RSmallToe,506.09314,388.8601,0.8969592,,,
37,LHeel,541.8458,341.5302,0.8072204,,,
37,RHeel,520.9901,382.94388,0.8424152,,,
38,Nose,478.268,120.86502,0.9490309,,,
38,LEye,481.35687,108.99331,0.966384,,,
38,REye,475.17917,114.92916,0.92771137,,,
38,LEar,490.6234,103.05746,0.932522,,,
38,REar,472.09033,126.80087,0.8504063,,,
38,LShoulder,515.33417,138.67258,0.89103836,0.20967674,-0.24345903,-0.011493275
38,RShoulder,469.00146,156.48013,0.8837546,0.096633464,-0.19447865,-0.0487063
38,LElbow,536.95605,150.54428,0.8860826,0.2584831,-0.20524387,0.09260055
38,RElbow,450.4684,198.03111,0.9278574,0.055068526,-0.10049227,0.02403237
38,LWrist,527.6896,186.1594,0.6690732,0.24224076,-0.12976103,0.04636668
38,RWrist,472.09033,233.64622,0.928796,0.10764268,-0.014449848,-0.003997378
38,LHip,530.7784,221.77452,0.8350316,0.25323534,-0.036296517,0.01290243
38,RHip,499.88992,239.58208,0.8622652,0.16565146,-0.010233242,-0.01722368
38,LKnee,549.31146,281.13306,0.8996911,0.29010123,0.097855866,-0.12825198
38,RKnee,515.33417,293.00476,0.95127445,0.20536849,0.13428132,-0.14375281
38,LAnkle,555.48914,346.42743,0.9310041,0.31626242,0.25721315,-0.01502876
38,RAnkle,518.42303,364.235,0.8779316,0.2248007,0.30390504,-0.014473844
38,Head,472.09033,91.18575,0.9139939,0.1097448,-0.34653732,-0.068256356
38,Neck,490.6234,132.73672,0.912375,0.15059666,-0.24849689,-0.046417635
38,Hip,515.33417,227.71037,0.92029494,0.20852599,-0.024368612,-0.00040685455
38,LBigToe,555.48914,376.1067,0.7984571,,,
38,RBigToe,512.2453,387.9784,0.8886779,,,
38,LSmallToe,561.6669,370.17084,0.8984418,,,
38,RSmallToe,509.15646,387.9784,0.89810973,,,
38,LHeel,552.4003,352.36328,0.77972674,,,
38,RHeel,524.6007,382.04254,0.8534331,,,
39,Nose,479.89825,120.2173,0.9495808,,,
39,LEye,479.89825,108.32699,0.9334313,,,
39,REye,473.43,114.27215,0.9190198,,,
39,LEar,489.60065,108.32699,0.9221874,,,
39,REar,470.19586,126.16246,0.86040187,,,
39,LShoulder,515.4737,132.10762,0.8722708,0.21147461,-0.24670506,-0.0126920305
39,RShoulder,466.96173,155.88826,0.86416674,0.097495645,-0.19570139,-0.046329223
39,LElbow,538.1127,155.88826,0.93043387,0.2618022,-0.20727761,0.090294175
39,RElbow,450.79105,197.50436,0.9186014,0.0584717,-0.10118544,0.027400704
39,LWrist,528.4102,185.61404,0.78661996,0.24501686,-0.13055295,0.045180798
39,RWrist,473.43,227.23015,0.90163183,0.11256191,-0.017058192,-0.0011052601
39,LHip,531.6444,221.28499,0.8587163,0.2575633,-0.038595967,0.010591297
39,RHip,502.53717,239.12047,0.8775195,0.16869225,-0.011080143,-0.015061302
39,LKnee,551.0492,280.73657,0.9051206,0.28868216,0.102175,-0.12520686
39,RKnee,515.4737,298.57205,0.95833933,0.20931719,0.13725372,-0.13988975
39,LAnkle,560.7516,352.07846,0.88995373,0.3307438,0.26877156,-0.024013694
39,RAnkle,525.1761,363.96878,0.8725619,0.23915036,0.30324128,-0.00894888
39,Head,473.43,90.491516,0.9047937,0.10823701,-0.34659678,-0.06712965
39,Neck,489.60065,132.10762,0.95394623,0.15139781,-0.25065407,-0.045410402
39,Hip,515.4737,227.23015,0.945274,0.21180212,-0.025938647,-0.00045997207
39,LBigToe,557.51746,381.80426,0.86394197,,,
39,RBigToe,515.4737,387.74942,0.9051299,,,
39,LSmallToe,567.21985,381.80426,0.8556009,,,
39,RSmallToe,512.23956,387.74942,0.8871596,,,
39,LHeel,563.9857,363.96878,0.70724213,,,
39,RHeel,531.6444,375.8591,0.88642716,,,
40,Nose,478.1233,119.71788,0.95241344,,,
40,LEye,481.48502,107.80325,0.938251,,,
40,REye,474.7616,113.76057,0.89149606,,,
40,LEar,491.57013,107.80325,0.91426855,,,
40,REar,471.3999,125.675186,0.8513767,,,
40,LShoulder,518.4638,131.63249,0.9041509,0.21324477,-0.24910025,-0.013887988
40,RShoulder,468.03818,155.46175,0.88786364,0.09840855,-0.19609484,-0.042981863
40,LElbow,538.63403,149.50443,0.9434081,0.26543558,-0.20889395,0.087062076
40,RElbow,454.59134,197.16292,0.9212122,0.06207885,-0.10160506,0.032095958
40,LWrist,531.91064,179.29099,0.81707895,0.24772906,-0.13059363,0.04434355
40,RWrist,474.7616,232.90678,0.90972316,0.11732906,-0.019147161,0.003329257
40,LHip,531.91064,220.99216,0.8942089,0.2613864,-0.039814495,0.00791283
40,RHip,505.01697,238.86409,0.87159586,0.17138812,-0.011343818,-0.012787817
40,LKnee,548.7192,286.52258,0.92258316,0.28712597,0.108670875,-0.12004296
40,RKnee,518.4638,298.4372,0.9136749,0.21434538,0.1413464,-0.13342798
40,LAnkle,568.8894,358.0103,0.8902761,0.3442332,0.27778354,-0.029168652
40,RAnkle,528.54895,363.96762,0.88274324,0.25524876,0.30588445,-0.0041423505
40,Head,471.3999,89.93132,0.8729379,0.106699914,-0.34584418,-0.06544296
40,Neck,491.57013,131.63249,0.9429139,0.15212709,-0.25199232,-0.043857165
40,Hip,518.4638,226.94946,0.9418727,0.21476424,-0.026633926,-0.0005536326
40,LBigToe,558.8043,387.79684,0.8992983,,,
40,RBigToe,518.4638,387.79684,0.91071975,,,
40,LSmallToe,565.5277,387.79684,0.887725,,,
40,RSmallToe,515.1021,387.79684,0.86532533,,,
40,LHeel,572.25116,375.88223,0.8587289,,,
40,RHeel,535.27234,375.88223,0.86939234,,,
41,Nose,480.12732,119.503044,0.95462674,,,
41,LEye,480.12732,107.53549,0.9337006,,,
41,REye,473.10214,119.503044,0.937618,,,
41,LEar,490.66507,107.53549,0.92322075,,,
41,REar,469.58957,125.48682,0.82854366,,,
41,LShoulder,518.7657,131.4706,0.9028013,0.2150665,-0.25050223,-0.014955929
41,RShoulder,469.58957,155.4057,0.881426,0.09941907,-0.19559248,-0.03900464
41,LElbow,543.35376,149.42192,0.958299,0.2693351,-0.20985287,0.08347799
41,RElbow,455.53925,197.29213,0.9470535,0.06586466,-0.10160047,0.037713204
41,LWrist,532.81604,185.32457,0.8370207,0.2509552,-0.12984382,0.04283554
41,RWrist,480.12732,233.19478,0.9219894,0.12231608,-0.020960327,0.008372046
41,LHip,536.3286,227.21101,0.87478304,0.26449215,-0.03994021,0.0052408027
41,RHip,504.7154,239.17856,0.88391775,0.17373452,-0.010802306,-0.0107719535
41,LKnee,546.86633,293.03253,0.9575425,0.28653055,0.11576623,-0.114352584
41,RKnee,518.7657,305.0001,0.9173888,0.22060764,0.14616604,-0.12509426
41,LAnkle,574.96704,358.85406,0.88281703,0.35625035,0.2834477,-0.03096004
41,RAnkle,536.3286,370.82162,0.93107235,0.26963413,0.3091627,0.0019477282
41,Head,469.58957,95.56794,0.83905476,0.10518083,-0.34431294,-0.063226916
41,Neck,490.66507,131.4706,0.94301105,0.15285093,-0.25239936,-0.042190522
41,Hip,518.7657,227.21101,0.93598,0.21719028,-0.026457328,-0.00079567684
41,LBigToe,560.9167,388.77295,0.9184345,,,
41,RBigToe,522.2783,388.77295,0.90177995,,,
41,LSmallToe,567.94183,388.77295,0.8659488,,,
41,RSmallToe,522.2783,388.77295,0.912724,,,
41,LHeel,581.9922,376.8054,0.8594633,,,
41,RHeel,543.35376,376.8054,0.8853268,,,
42,Nose,479.3775,120.04988,0.9506852,,,
42,LEye,479.3775,114.078964,0.9344165,,,
42,REye,472.0724,120.04988,0.96020067,,,
42,LEar,490.33514,108.10805,0.91664624,,,
42,REar,468.41983,126.0208,0.846745,,,
42,LShoulder,519.55554,131.99171,0.94796425,0.21689992,-0.250845,-0.016891254
42,RShoulder,468.41983,155.87538,0.8818685,0.10039979,-0.19426939,-0.035444487
42,LElbow,541.4709,149.90446,0.9451559,0.2734594,-0.20980547,0.079114564
42,RElbow,457.4622,197.6718,0.9313752,0.06993477,-0.10114525,0.043020647
42,LWrist,530.51324,185.72997,0.83740056,0.25451866,-0.12816776,0.040332586
42,RWrist,479.3775,227.52638,0.9108479,0.12764044,-0.02240792,0.012658211
42,LHip,534.1658,227.52638,0.89060706,0.26696956,-0.03955239,0.0027929258
42,RHip,504.94537,245.43913,0.88850343,0.17561078,-0.009764714,-0.008691434
42,LKnee,548.776,293.20645,0.9389715,0.2872843,0.1210978,-0.11077648
42,RKnee,523.2081,305.1483,0.90234023,0.22642782,0.14899808,-0.11984855
42,LAnkle,577.9964,358.88654,0.90245974,0.3652484,0.28598407,-0.031172121
42,RAnkle,541.4709,370.82837,0.9273806,0.27816302,0.31018594,0.008552098
42,Head,468.41983,96.166214,0.8697527,0.10363278,-0.34235343,-0.061413594
42,Neck,490.33514,131.99171,0.9343813,0.15355366,-0.2519562,-0.04113216
42,Hip,519.55554,227.52638,0.9349838,0.2193924,-0.025728201,-0.00095096347
42,LBigToe,563.3862,388.74112,0.9292397,,,
42,RBigToe,526.86066,388.74112,0.9176778,,,
42,LSmallToe,570.6913,388.74112,0.8422518,,,
42,RSmallToe,523.2081,388.74112,0.8776799,,,
42,LHeel,588.9541,370.82837,0.8276596,,,
42,RHeel,548.776,382.7702,0.8689685,,,
43,Nose,480.71863,126.710785,0.9422698,,,
43,LEye,480.71863,114.79156,0.9655805,,,
43,REye,473.2072,120.75117,0.9684528,,,
43,LEar,491.98578,108.83195,0.91474587,,,
43,REar,469.4515,126.710785,0.8424386,,,
43,LShoulder,522.0315,132.6704,0.9305043,0.21852365,-0.25054836,-0.01908294
43,RShoulder,469.4515,156.50883,0.88951635,0.10139303,-0.19257367,-0.032482293
43,LElbow,544.5658,150.54922,0.9734058,0.2777066,-0.20950225,0.07445999
43,RElbow,458.18436,198.22612,0.9378869,0.074172564,-0.10037562,0.04783885
43,LWrist,533.29865,186.3069,0.8659554,0.25829637,-0.12622687,0.03732615
43,RWrist,480.71863,228.02419,0.90953,0.13280052,-0.02307925,0.01655999
43,LHip,537.0544,228.02419,0.8732184,0.26891106,-0.03890879,0.0006313345
43,RHip,507.00864,245.90302,0.8798905,0.17715268,-0.008676498,-0.006669456
43,LKnee,548.32153,293.57993,0.96275234,0.28857362,0.12492612,-0.109050564
43,RKnee,525.78723,305.49915,0.9115769,0.23077443,0.1504357,-0.1167615
43,LAnkle,582.1229,359.13565,0.9176073,0.37159985,0.28696758,-0.030848669
43,RAnkle,544.5658,371.05487,0.9179472,0.2830872,0.31040338,0.013670777
43,Head,469.4515,96.91272,0.8746389,0.1021631,-0.34028214,-0.06003862
43,Neck,491.98578,132.6704,0.9384683,0.15423378,-0.2510881,-0.040435486
43,Hip,518.2758,228.02419,0.9134082,0.22119427,-0.024850922,-0.0010103518
43,LBigToe,563.34436,382.9741,0.8672122,,,
43,RBigToe,529.54297,388.93372,0.87513614,,,
43,LSmallToe,570.85583,388.93372,0.81676465,,,
43,RSmallToe,525.78723,388.93372,0.8936744,,,
43,LHeel,589.6344,371.05487,0.84148395,,,
43,RHeel,548.32153,382.9741,0.8768635,,,
44,Nose,481.31143,128.10918,0.92601717,,,
44,LEye,481.31143,116.2295,0.9694492,,,
44,REye,473.77225,122.16934,0.96630496,,,
44,LEar,492.6202,110.28966,0.8908615,,,
44,REar,470.00266,128.10918,0.8408265,,,
44,LShoulder,519.0073,134.04901,0.93626183,0.21991366,-0.2500097,-0.021608343
44,RShoulder,470.00266,163.74821,0.89651024,0.10234411,-0.19054319,-0.029889667
44,LElbow,545.3945,151.86855,0.95939463,0.28197396,-0.20925266,0.069524966
44,RElbow,458.6939,199.38725,0.9411777,0.07861328,-0.09940371,0.052119046
44,LWrist,534.0857,187.50758,0.85065466,0.26223892,-0.124278784,0.033898488
44,RWrist,485.08102,229.08646,0.89212126,0.13784803,-0.023065139,0.01987865
44,LHip,534.0857,229.08646,0.87269217,0.27083802,-0.038338423,-0.0014175724
44,RHip,507.69855,240.96614,0.8974677,0.17884201,-0.007872159,-0.0046419464
44,LKnee,549.16406,294.4247,0.9820715,0.2903943,0.12725432,-0.10898065
44,RKnee,526.5465,300.36453,0.921994,0.23314568,0.15093148,-0.11576734
44,LAnkle,583.09033,359.76294,0.9289472,0.37483966,0.2874125,-0.029897025
44,RAnkle,541.6249,371.6426,0.91052073,0.284416,0.30999798,0.017095998
44,Head,470.00266,98.40998,0.88487095,0.10075449,-0.3382711,-0.059110925
44,Neck,492.6202,134.04901,0.9350316,0.15472572,-0.25002125,-0.03997889
44,Hip,519.0073,229.08646,0.93948007,0.22302848,-0.024063112,-0.0009958223
44,LBigToe,564.2424,383.5223,0.85934323,,,
44,RBigToe,526.5465,389.46216,0.90152067,,,
44,LSmallToe,571.78156,389.46216,0.7813228,,,
44,RSmallToe,526.5465,383.5223,0.8828319,,,
44,LHeel,590.6295,371.6426,0.8660436,,,
44,RHeel,549.16406,383.5223,0.8940463,,,
45,Nose,478.13242,128.2868,0.95424753,,,
45,LEye,478.13242,116.420815,0.951015,,,
45,REye,470.64978,122.353806,0.94911706,,,
45,LEar,489.35635,104.554825,0.9038045,,,
45,REar,470.64978,128.2868,0.73555166,,,
45,LShoulder,523.0282,134.2198,0.9454384,0.2210482,-0.24950023,-0.024255866
45,RShoulder,470.64978,157.95177,0.8918637,0.103129,-0.18894447,-0.027746413
45,LElbow,549.2174,152.01878,0.9823928,0.2863152,-0.20949294,0.0641132
45,RElbow,463.16718,199.48273,0.9147348,0.083114624,-0.09862961,0.055761352
45,LWrist,541.73474,187.61674,0.83427685,0.26592463,-0.12265135,0.030424066
45,RWrist,489.35635,235.0807,0.9202914,0.14291425,-0.022938218,0.023745954
45,LHip,537.99347,229.1477,0.9101262,0.27302855,-0.0383078,-0.0030722425
45,RHip,508.06293,246.94669,0.87500817,0.18054812,-0.0072972476,-0.0028992898
45,LKnee,549.2174,294.41064,0.9311525,0.2922745,0.12840028,-0.10934518
45,RKnee,526.76953,306.2766,0.93012655,0.23410305,0.15155783,-0.11514829
45,LAnkle,582.8892,359.67358,0.89858854,0.37585962,0.28775665,-0.028485183
45,RAnkle,541.73474,371.53955,0.9052797,0.28467134,0.3093761,0.01902279
45,Head,466.90848,98.62183,0.9059115,0.099462494,-0.33663085,-0.058511987
45,Neck,493.0977,134.2198,0.93002886,0.15501486,-0.24893552,-0.039699458
45,Hip,523.0282,229.1477,0.91286856,0.22507022,-0.02356461,-0.0010316304
45,LBigToe,564.1827,383.40555,0.84817225,,,
45,RBigToe,526.76953,389.33853,0.89359975,,,
45,LSmallToe,571.6653,389.33853,0.7896076,,,
45,RSmallToe,526.76953,389.33853,0.87666357,,,
45,LHeel,590.3719,371.53955,0.8438271,,,
45,RHeel,549.2174,383.40555,0.9025222,,,
46,Nose,475.94327,128.16219,0.9466065,,,
46,LEye,479.6185,116.27599,0.96086204,,,
46,REye,472.26807,122.219086,0.9579895,,,
46,LEar,490.64413,104.38979,0.9148982,,,
46,REar,468.59286,134.10529,0.6945984,,,
46,LShoulder,523.72107,134.10529,0.9318758,0.22193308,-0.2493668,-0.026824318
46,RShoulder,472.26807,163.82077,0.8882018,0.10367648,-0.18751903,-0.025683472
46,LElbow,549.4475,151.93457,0.97658753,0.2904164,-0.21046706,0.05892095
46,RElbow,464.91763,199.47935,0.92445236,0.08743807,-0.09811421,0.059355512
46,LWrist,542.0971,187.59317,0.8307875,0.269284,-0.12186599,0.02703807
46,RWrist,490.64413,235.13795,0.9440312,0.1472992,-0.022974834,0.026678594
46,LHip,538.4219,229.19485,0.8909475,0.27473462,-0.038521603,-0.0049159946
46,RHip,509.0202,241.08105,0.86910254,0.18211988,-0.0071723927,-0.0010094808
46,LKnee,553.12274,300.51202,0.8949165,0.29375094,0.12852211,-0.110417925
46,RKnee,527.39624,306.45514,0.92319113,0.233252,0.1513144,-0.11549979
46,LAnkle,582.5244,359.943,0.8943983,0.3753294,0.2880417,-0.027374724
46,RAnkle,542.0971,371.8292,0.90050423,0.28357443,0.3082464,0.019673392
46,Head,464.91763,98.44669,0.8892484,0.09831357,-0.33551186,-0.058317065
46,Neck,494.31934,134.10529,0.9317198,0.1551309,-0.24827492,-0.03929057
46,Hip,523.72107,229.19485,0.9228365,0.22665465,-0.02350637,-0.001011156
46,LBigToe,564.1484,383.7154,0.8647324,,,
46,RBigToe,527.39624,389.6585,0.90327424,,,
46,LSmallToe,571.4988,389.6585,0.7850886,,,
46,RSmallToe,523.72107,389.6585,0.8769303,,,
46,LHeel,589.8749,371.8292,0.8452281,,,
46,RHeel,549.4475,383.7154,0.88689137,,,
47,Nose,476.23178,127.49699,0.99286,,,
47,LEye,476.23178,115.57301,0.9714,,,
47,REye,468.92307,127.49699,0.93833256,,,
47,LEar,487.19482,109.61102,0.9008571,,,
47,REar,468.92307,133.45897,0.68990964,,,
47,LShoulder,520.0839,133.45897,0.9131143,0.22253363,-0.24947122,-0.029372612
47,RShoulder,468.92307,163.2689,0.91529614,0.10385249,-0.18651648,-0.024059003
47,LElbow,552.9731,151.34494,0.96595067,0.29434374,-0.21246372,0.05356907
47,RElbow,465.26874,199.04083,0.9499905,0.09130818,-0.09794822,0.06254329
47,LWrist,542.01,193.07884,0.8140017,0.27215666,-0.12219225,0.023736326
47,RWrist,487.19482,228.85075,0.8758958,0.15091081,-0.023429314,0.028556364
47,LHip,538.3557,228.85075,0.89713585,0.27638847,-0.038853306,-0.00672167
47,RHip,509.1209,246.73672,0.86284554,0.18350203,-0.00735189,0.0008954026
47,LKnee,552.9731,294.43262,0.9054388,0.2939896,0.12781839,-0.112670556
47,RKnee,523.7383,306.3566,0.8865282,0.23038799,0.15010236,-0.11733457
47,LAnkle,582.2079,360.01447,0.92281204,0.37354338,0.28800926,-0.026598694
47,RAnkle,542.01,365.97647,0.8784856,0.28114903,0.306748,0.018699124
47,Head,465.26874,97.68705,0.924451,0.09737675,-0.3348445,-0.058833204
47,Neck,490.84915,133.45897,0.9199293,0.15500577,-0.24778454,-0.039168388
47,Hip,523.7383,228.85075,0.90844023,0.22810411,-0.023718413,-0.0009680174
47,LBigToe,563.9361,383.86243,0.86609364,,,
47,RBigToe,527.39264,389.8244,0.89605993,,,
47,LSmallToe,571.2448,389.8244,0.7765326,,,
47,RSmallToe,523.7383,383.86243,0.8905518,,,
47,LHeel,589.51654,371.93845,0.8652087,,,
47,RHeel,549.3187,377.90042,0.8812947,,,
48,Nose,475.04916,126.86162,0.9840475,,,
48,LEye,475.04916,114.91707,0.95512336,,,
48,REye,471.37958,120.88934,0.95540285,,,
48,LEar,489.7275,102.97252,0.8999487,,,
48,REar,467.71,126.86162,0.66372466,,,
48,LShoulder,522.7537,132.8339,0.9524552,0.22284743,-0.24987733,-0.031735793
48,RShoulder,471.37958,162.69527,0.886535,0.103950694,-0.18607275,-0.022567824
48,LElbow,555.77997,150.75072,0.9446633,0.29790854,-0.21520995,0.04842288
48,RElbow,467.71,198.52892,0.9253089,0.09473616,-0.09813902,0.06563
48,LWrist,541.1016,192.55664,0.8322838,0.27441397,-0.12397531,0.020679401
48,RWrist,493.3971,228.39029,0.9122819,0.15388551,-0.02408672,0.030219026
48,LHip,541.1016,228.39029,0.914877,0.27776212,-0.03957299,-0.008629758
48,RHip,511.745,240.33484,0.854939,0.18488677,-0.007974803,0.00283469
48,LKnee,552.1104,294.08533,0.94184846,0.29264662,0.1267628,-0.11507084
48,RKnee,522.7537,306.02988,0.8818534,0.2268965,0.14765818,-0.11957616
48,LAnkle,581.46704,359.78036,0.91819596,0.3704234,0.28761908,-0.025940944
48,RAnkle,541.1016,365.75262,0.9052492,0.27702683,0.3052508,0.016970921
48,Head,464.0404,97.000244,0.8889395,0.09668508,-0.33452705,-0.059671015
48,Neck,493.3971,132.8339,0.92442065,0.15481797,-0.24768165,-0.039047115
48,Hip,522.7537,228.39029,0.91180146,0.22928353,-0.02441134,-0.0009256322
48,LBigToe,563.11914,383.66946,0.89388883,,,
48,RBigToe,526.42334,389.64172,0.87447065,,,
48,LSmallToe,570.4583,389.64172,0.8067083,,,
48,RSmallToe,522.7537,383.66946,0.878078,,,
48,LHeel,588.8062,371.7249,0.8552635,,,
48,RHeel,548.4408,377.69717,0.910112,,,
49,Nose,473.5416,126.74256,0.9877727,,,
49,LEye,477.22064,114.803,0.96241164,,,
49,REye,469.86255,120.77278,0.9581261,,,
49,LEar,488.2578,108.83323,0.91016334,,,
49,REar,466.1835,132.71234,0.616923,,,
49,LShoulder,521.36926,132.71234,0.9422618,0.22309826,-0.25009078,-0.033730257
49,RShoulder,469.86255,162.56122,0.89460474,0.103863396,-0.1855112,-0.020931376
49,LElbow,554.4808,150.62167,0.95885867,0.3011039,-0.21825986,0.04359985
49,RElbow,469.86255,198.37988,0.91176987,0.09746051,-0.09854752,0.06896526
49,LWrist,543.4436,186.44034,0.86476374,0.27624255,-0.12703985,0.017529676
49,RWrist,495.6159,234.19855,0.9294904,0.15602005,-0.02475177,0.032330442
49,LHip,539.7645,228.22878,0.9036271,0.27877167,-0.04017959,-0.010342575
49,RHip,510.33212,240.16833,0.89935046,0.18620503,-0.008316763,0.004652202
49,LKnee,550.8017,293.89633,0.95254123,0.29030067,0.12552409,-0.11794243
49,RKnee,521.36926,299.86612,0.8713714,0.22468711,0.14482711,-0.121908404
49,LAnkle,580.23413,359.56387,0.92324793,0.36613572,0.28702253,-0.02515549
49,RAnkle,536.0855,365.53366,0.9197726,0.27207887,0.30409065,0.01573978
49,Head,466.1835,96.89367,0.8747572,0.0963279,-0.3342105,-0.060553066
49,Neck,491.93686,132.71234,0.92279935,0.15461412,-0.24736126,-0.038790602
49,Hip,525.04834,228.22878,0.9233715,0.23039488,-0.024884373,-0.0008444593
49,LBigToe,561.83887,383.443,0.87702036,,,
49,RBigToe,528.72736,389.41278,0.9047934,,,
49,LSmallToe,569.19696,389.41278,0.7972046,,,
49,RSmallToe,525.04834,383.443,0.89048666,,,
49,LHeel,587.5922,371.50345,0.8584517,,,
49,RHeel,547.1226,377.4732,0.9155201,,,
50,Nose,474.45685,126.74461,0.95913774,,,
50,LEye,474.45685,114.79311,0.97554135,,,
50,REye,467.02612,126.74461,0.94719535,,,
50,LEar,489.31827,108.81737,0.91381603,,,
50,REar,467.02612,132.72037,0.56639344,,,
50,LShoulder,522.7565,132.72037,0.925944,0.2233426,-0.24994989,-0.03504859
50,RShoulder,470.7415,162.5991,0.90643954,0.1037029,-0.18485515,-0.019214738
50,LElbow,556.19464,144.67186,0.98432565,0.3040905,-0.22169185,0.039451715
50,RElbow,470.7415,198.4536,0.92752874,0.09947826,-0.09908511,0.07288628
50,LWrist,541.33325,186.50209,0.86197186,0.27829123,-0.13075866,0.015342982
50,RWrist,493.03363,228.33234,0.9124772,0.15726699,-0.025582632,0.03443344
50,LHip,541.33325,222.35658,0.8904172,0.27928442,-0.04067367,-0.011781447
50,RHip,511.6104,240.28383,0.89513016,0.18706664,-0.008333035,0.006292736
50,LKnee,548.7639,294.06555,0.9538686,0.2867571,0.12398209,-0.12157214
50,RKnee,522.7565,300.04132,0.9298977,0.22372514,0.14329664,-0.12228099
50,LAnkle,578.4868,359.7988,0.92466944,0.36097306,0.28562263,-0.024120508
50,RAnkle,537.61786,365.77454,0.9355475,0.2686987,0.3038931,0.01546324
50,Head,463.3108,96.86587,0.8783532,0.096229725,-0.3337648,-0.0612562
50,Neck,493.03363,132.72037,0.8594425,0.1545926,-0.24674219,-0.03808429
50,Hip,522.7565,228.33234,0.96774113,0.23103864,-0.025116948,-0.0007898535
50,LBigToe,563.62537,383.70178,0.8959244,,,
50,RBigToe,530.1872,389.67752,0.87225926,,,
50,LSmallToe,571.0561,383.70178,0.84344155,,,
50,RSmallToe,522.7565,383.70178,0.8791939,,,
50,LHeel,585.9175,371.7503,0.85724485,,,
50,RHeel,545.0486,377.72604,0.8936738,,,
51,Nose,471.5281,127.07397,0.94409204,,,
51,LEye,475.25964,115.174034,0.9786698,,,
51,REye,467.79657,127.07397,0.94676834,,,
51,LEar,486.45425,109.22407,0.9458131,,,
51,REar,464.06503,127.07397,0.4891686,,,
51,LShoulder,523.76965,133.02394,0.9119524,0.22372654,-0.24905701,-0.035959598
51,RShoulder,467.79657,162.77377,0.9112804,0.10364589,-0.18379937,-0.017606704
51,LElbow,557.35345,144.92387,0.95202994,0.3069359,-0.22411363,0.03600294
51,RElbow,471.5281,198.47357,0.9048107,0.100779004,-0.099474296,0.07679285
51,LWrist,542.4273,186.57364,0.9007786,0.28054363,-0.13454762,0.012442391
51,RWrist,493.91733,228.22342,0.9080682,0.15790503,-0.026228122,0.0362379
51,LHip,542.4273,228.22342,0.9010857,0.27988714,-0.04042371,-0.013236675
51,RHip,512.575,240.12335,0.9076148,0.18794483,-0.008000328,0.007624371
51,LKnee,546.1589,293.67307,0.9386161,0.28204525,0.12214127,-0.1264417
51,RKnee,523.76965,299.62302,0.9543317,0.22321111,0.14278205,-0.12168476
51,LAnkle,576.01117,359.1227,0.90061367,0.3552271,0.28214934,-0.022807324
51,RAnkle,534.96423,365.07266,0.93991923,0.2662418,0.3043078,0.01571016
51,Head,467.79657,97.32413,0.88264215,0.096560426,-0.3329459,-0.0619748
51,Neck,490.1858,138.9739,0.8873377,0.15476114,-0.24544576,-0.03727568
51,Hip,527.50116,228.22342,0.971943,0.23164225,-0.024904631,-0.0007866523
51,LBigToe,561.085,388.87253,0.9236958,,,
51,RBigToe,531.2327,388.87253,0.84635633,,,
51,LSmallToe,572.2796,388.87253,0.8722254,,,
51,RSmallToe,523.76965,382.92258,0.8389834,,,
51,LHeel,587.20575,371.02264,0.83206713,,,
51,RHeel,542.4273,371.02264,0.8092601,,,
52,Nose,474.3577,127.62549,0.930624,,,
52,LEye,474.3577,115.80948,0.9676084,,,
52,REye,467.01086,127.62549,0.9526762,,,
52,LEar,485.37793,109.901474,0.92986786,,,
52,REar,467.01086,133.5335,0.43833098,,,
52,LShoulder,522.112,133.5335,0.9548064,0.22424883,-0.24767709,-0.036687296
52,RShoulder,470.68427,163.07352,0.8874048,0.10383823,-0.18274894,-0.016269442
52,LElbow,558.8461,145.3495,0.9230747,0.30959404,-0.22541448,0.032613937
52,RElbow,470.68427,198.52153,0.92980444,0.10137986,-0.09994589,0.08054022
52,LWrist,544.15247,180.79753,0.8585031,0.28258574,-0.13832696,0.008821769
52,RWrist,492.72473,228.06155,0.9178638,0.15781043,-0.026727127,0.038251173
52,LHip,540.47906,228.06155,0.899987,0.27983165,-0.03986026,-0.014633039
52,RHip,511.0918,239.87756,0.92591757,0.18819118,-0.0072547346,0.009045286
52,LKnee,544.15247,293.0496,0.94054836,0.27610123,0.119646385,-0.13257933
52,RKnee,522.112,298.9576,0.966012,0.22274141,0.14295928,-0.12044651
52,LAnkle,573.53973,358.03766,0.9081,0.34910792,0.27586338,-0.021374946
52,RAnkle,536.80566,363.94565,0.96536446,0.26535988,0.30511177,0.016269218
52,Head,467.01086,98.085464,0.8868691,0.09716334,-0.33201465,-0.06268332
52,Neck,492.72473,139.4415,0.9431621,0.15519896,-0.2442877,-0.036518715
52,Hip,525.7854,228.06155,0.97240007,0.23180151,-0.024354463,-0.00073952647
52,LBigToe,562.51953,387.57767,0.9768633,,,
52,RBigToe,529.45886,387.57767,0.83009845,,,
52,LSmallToe,569.86633,387.57767,0.9123152,,,
52,RSmallToe,525.7854,381.66968,0.8435267,,,
52,LHeel,580.8866,369.85367,0.8363864,,,
52,RHeel,544.15247,369.85367,0.79348326,,,
53,Nose,472.17554,129.02985,0.9720674,,,
53,LEye,475.77975,117.30056,0.9597161,,,
53,REye,468.5713,129.02985,0.9551533,,,
53,LEar,486.5924,111.43591,0.9408357,,,
53,REar,490.19662,111.43591,0.47249827,,,
53,LShoulder,522.63464,134.8945,0.944252,0.22487211,-0.24570127,-0.037158392
53,RShoulder,468.5713,164.21773,0.88569903,0.10408704,-0.18151261,-0.015185816
53,LElbow,558.6769,146.62378,0.9096023,0.31202775,-0.22548006,0.029417897
53,RElbow,468.5713,199.4056,0.89134574,0.10142162,-0.1003253,0.08372595
53,LWrist,547.8642,175.947,0.88777643,0.2846651,-0.14073372,0.005696092
53,RWrist,490.19662,228.72882,0.86441356,0.15720904,-0.02700409,0.039891932
53,LHip,540.65576,228.72882,0.9026311,0.2794897,-0.03893207,-0.015993036
53,RHip,511.82196,240.45811,0.89599574,0.1881176,-0.0061725173,0.0104058655
53,LKnee,540.65576,293.23993,0.9209382,0.26919252,0.11661123,-0.1394157
53,RKnee,522.63464,299.10458,0.9401491,0.22275883,0.14378054,-0.118880644
53,LAnkle,569.48956,357.75104,0.88042307,0.34278736,0.26729426,-0.020257728
53,RAnkle,537.0515,363.61566,0.92983115,0.26501232,0.30599794,0.01740564
53,Head,464.96707,99.70662,0.83384544,0.097964495,-0.33091924,-0.0634365
53,Neck,490.19662,134.8945,0.93794817,0.15586044,-0.24289618,-0.03611356
53,Hip,526.2389,228.72882,0.96470463,0.2317608,-0.023488887,-0.0006877945
53,LBigToe,558.6769,387.07425,0.95510215,,,
53,RBigToe,529.8431,387.07425,0.8425407,,,
53,LSmallToe,569.48956,387.07425,0.8873131,,,
53,RSmallToe,526.2389,387.07425,0.8791659,,,
53,LHeel,576.698,369.48032,0.80038804,,,
53,RHeel,544.26,375.34497,0.82327545,,,
54,Nose,472.02316,130.38925,0.9665079,,,
54,LEye,475.51605,118.75932,0.9632088,,,
54,REye,468.53027,130.38925,0.96291614,,,
54,LEar,489.4876,112.94436,0.9378558,,,
54,REar,489.4876,112.94436,0.5162817,,,
54,LShoulder,524.4165,136.20422,0.94236875,0.22552636,-0.24306428,-0.037143923
54,RShoulder,468.53027,165.27905,0.8631616,0.104507916,-0.18005438,-0.014048876
54,LElbow,559.34534,142.0192,0.9031475,0.3139599,-0.2247098,0.026915325
54,RElbow,472.02316,200.16885,0.9011231,0.10110916,-0.100651965,0.08687251
54,LWrist,548.8667,176.90898,0.91742826,0.28679913,-0.1411049,0.0035782992
54,RWrist,492.9805,229.24368,0.8566131,0.15633348,-0.02725816,0.04135392
54,LHip,541.8809,223.42871,0.85948753,0.27871868,-0.03794481,-0.017111532
54,RHip,510.44495,240.87361,0.9107632,0.18761551,-0.0048127975,0.011722091
54,LKnee,538.388,287.39334,0.9265785,0.2617948,0.11284451,-0.14635971
54,RKnee,520.9236,299.02325,0.9318499,0.2229203,0.14489332,-0.116995946
54,LAnkle,569.82404,351.35797,0.9297205,0.33638167,0.25675043,-0.019433169
54,RAnkle,538.388,368.80286,0.9459774,0.26521736,0.3068117,0.018954761
54,Head,468.53027,101.31443,0.8164092,0.098951876,-0.32953516,-0.063857734
54,Neck,492.9805,136.20422,0.932797,0.1565744,-0.24097352,-0.03527398
54,Hip,524.4165,229.24368,0.958962,0.23135513,-0.022401161,-0.00064543705
54,LBigToe,559.34534,380.4328,0.9572918,,,
54,RBigToe,531.4023,386.24774,0.86301714,,,
54,LSmallToe,566.3311,380.4328,0.8811598,,,
54,RSmallToe,524.4165,386.24774,0.9022291,,,
54,LHeel,576.8098,362.98788,0.78691,,,
54,RHeel,545.3738,374.61783,0.83781326,,,
55,Nose,471.92892,131.68925,0.96155566,,,
55,LEye,475.3322,120.126595,0.9704912,,,
55,REye,468.52563,131.68925,0.9533771,,,
55,LEar,488.94534,114.34526,0.94729614,,,
55,REar,488.94534,114.34526,0.5087501,,,
55,LShoulder,522.9782,137.4706,0.94545305,0.22629368,-0.2397324,-0.03679216
55,RShoulder,471.92892,166.37724,0.86004066,0.10507815,-0.17841731,-0.013255829
55,LElbow,563.81757,143.25192,0.94071245,0.31604737,-0.22134733,0.025330013
55,RElbow,471.92892,201.06523,0.8966794,0.10042728,-0.1008832,0.08939131
55,LWrist,550.20447,177.93991,0.95082515,0.2885757,-0.13926679,0.00070054433
55,RWrist,492.34863,229.9719,0.89049566,0.1551594,-0.027332297,0.042426337
55,LHip,539.9946,224.19057,0.8722102,0.27779835,-0.03648966,-0.018193828
55,RHip,509.36505,241.53456,0.9210132,0.18688315,-0.003325086,0.012846053
55,LKnee,536.5913,287.78522,0.9486594,0.2541334,0.10888818,-0.15292639
55,RKnee,522.9782,299.34787,0.9146894,0.2239236,0.14646979,-0.11528009
55,LAnkle,563.81757,345.5985,0.89840466,0.3297987,0.2456138,-0.01947462
55,RAnkle,536.5913,368.72385,0.88422805,0.26597467,0.30712602,0.020457737
55,Head,468.52563,102.7826,0.8199428,0.10011263,-0.32805353,-0.0638561
55,Neck,492.34863,137.4706,0.9356302,0.1574123,-0.23848434,-0.0343613
55,Hip,522.9782,229.9719,0.934002,0.23070703,-0.021116018,-0.00062421174
55,LBigToe,557.01105,380.28653,0.89624846,,,
55,RBigToe,529.7847,386.06784,0.88306993,,,
55,LSmallToe,567.2209,374.5052,0.88642174,,,
55,RSmallToe,526.3815,386.06784,0.9223023,,,
55,LHeel,570.62415,345.5985,0.77749145,,,
55,RHeel,543.3979,374.5052,0.84201205,,,
56,Nose,472.84283,132.50658,0.96507233,,,
56,LEye,476.16367,120.958244,0.97181815,,,
56,REye,469.522,132.50658,0.9449075,,,
56,LEar,489.447,115.18408,0.95539117,,,
56,REar,489.447,115.18408,0.53806025,,,
56,LShoulder,522.6553,138.28075,0.9347237,0.22699927,-0.2360708,-0.036012553
56,RShoulder,469.522,167.15157,0.85728496,0.105455786,-0.17688406,-0.012062535
56,LElbow,562.5052,149.82907,0.9581957,0.31797352,-0.21574922,0.024682296
56,RElbow,469.522,201.79655,0.8676229,0.09950069,-0.101076245,0.09165936
56,LWrist,552.5427,178.69989,0.9077594,0.29001135,-0.135522,-0.0023691657
56,RWrist,489.447,230.66739,0.8773503,0.15371707,-0.027373003,0.043139398
56,LHip,539.2594,230.66739,0.87852836,0.27699864,-0.034983832,-0.018995624
56,RHip,509.37195,242.21571,0.88832074,0.18615781,-0.0020717606,0.013771012
56,LKnee,532.61774,288.40903,0.96704334,0.24610636,0.10428338,-0.15881228
56,RKnee,522.6553,305.73154,0.9057994,0.2251736,0.14827223,-0.11322742
56,LAnkle,562.5052,340.37653,0.95358986,0.32292086,0.23494975,-0.020014236
56,RAnkle,539.2594,369.24734,0.9111312,0.26734865,0.30724537,0.02202342
56,Head,469.522,103.63575,0.81166923,0.10143836,-0.32689705,-0.063161336
56,Neck,492.76782,144.0549,0.93795717,0.15821126,-0.23573679,-0.03321445
56,Hip,522.6553,230.66739,0.92629975,0.22984938,-0.019924872,-0.0006400093
56,LBigToe,555.8635,369.24734,0.8584553,,,
56,RBigToe,529.29694,386.56985,0.9038104,,,
56,LSmallToe,565.82605,369.24734,0.8576271,,,
56,RSmallToe,525.9761,386.56985,0.92693025,,,
56,LHeel,569.14685,340.37653,0.78546476,,,
56,RHeel,545.90106,375.0215,0.9214287,,,
57,Nose,475.06625,132.70506,0.9340098,,,
57,LEye,475.06625,121.16346,0.95563614,,,
57,REye,468.66962,126.934265,0.94616735,,,
57,LEar,491.05783,115.392654,0.9318806,,,
57,REar,491.05783,115.392654,0.55416346,,,
57,LShoulder,523.041,144.24667,0.9378922,0.22738686,-0.23344934,-0.035126634
57,RShoulder,471.86792,167.32991,0.8854982,0.105616495,-0.17646249,-0.011329497
57,LElbow,564.6191,150.01749,0.89736575,0.31867647,-0.21150947,0.024360254
57,RElbow,468.66962,196.18393,0.9118656,0.09848723,-0.10212168,0.09330147
57,LWrist,551.82587,184.64232,0.9148433,0.2910085,-0.13102768,-0.0040394645
57,RWrist,491.05783,230.80876,0.9003617,0.15209603,-0.0277817,0.043590784
57,LHip,539.0326,230.80876,0.9151356,0.27595827,-0.034792766,-0.019625159
57,RHip,510.24774,248.12119,0.8927108,0.18536536,-0.0013234541,0.014584418
57,LKnee,529.4376,282.746,0.9296003,0.23802026,0.098269194,-0.16369294
57,RKnee,526.2393,311.60004,0.71812654,0.22654921,0.14955448,-0.11095093
57,LAnkle,558.2225,334.68326,0.9452079,0.3152901,0.22577362,-0.021421064
57,RAnkle,539.0326,369.3081,0.8988521,0.2687485,0.30710575,0.023956155
57,Head,468.66962,103.85104,0.7970528,0.10265228,-0.32718068,-0.06276268
57,Neck,494.25613,144.24667,0.92951554,0.15850918,-0.23455139,-0.032651864
57,Hip,523.041,230.80876,0.9073788,0.22900346,-0.019546626,-0.00063144206
57,LBigToe,555.0242,363.5373,0.90097046,,,
57,RBigToe,529.4376,386.6205,0.895932,,,
57,LSmallToe,564.6191,363.5373,0.86013746,,,
57,RSmallToe,526.2393,380.8497,0.9248475,,,
57,LHeel,564.6191,340.45407,0.7366465,,,
57,RHeel,545.4292,375.07892,0.90768856,,,
58,Nose,472.04892,132.40012,0.96029985,,,
58,LEye,475.07977,120.83417,0.9618062,,,
58,REye,469.01807,126.61714,0.9513347,,,
58,LEar,490.23395,115.051186,0.9285222,,,
58,REar,493.2648,115.051186,0.5739614,,,
58,LShoulder,523.5732,143.96606,0.9265486,0.22719589,-0.23316765,-0.034383442
58,RShoulder,472.04892,167.09798,0.865103,0.10533582,-0.17746235,-0.010829864
58,LElbow,562.9741,149.74905,0.8971293,0.31866145,-0.20881103,0.02436346
58,RElbow,469.01807,196.01286,0.86722755,0.09750149,-0.1034506,0.0942003
58,LWrist,550.85077,184.4469,0.8746892,0.29055208,-0.12863812,-0.0053095594
58,RWrist,490.23395,224.92775,0.87696356,0.15035382,-0.028553404,0.043719824
58,LHip,538.7274,230.71072,0.8933315,0.2746147,-0.03596205,-0.02030698
58,RHip,508.419,248.05965,0.8455618,0.18442601,-0.001274759,0.015167356
58,LKnee,523.5732,282.7575,0.9054415,0.23012194,0.09140879,-0.16728827
58,RKnee,526.60406,311.6724,0.68432486,0.22743906,0.14982814,-0.1090224
58,LAnkle,556.9125,334.8043,0.89068806,0.30694762,0.21910323,-0.023839215
58,RAnkle,538.7274,369.50217,0.9068595,0.27024662,0.30661497,0.025820991
58,Head,469.01807,97.702255,0.81542534,0.103707716,-0.32923034,-0.062622674
58,Neck,493.2648,143.96606,0.95522153,0.15837325,-0.23516896,-0.032275878
58,Hip,523.5732,230.71072,0.89837694,0.22794414,-0.020209635,-0.0005584522
58,LBigToe,550.85077,357.93622,0.8165448,,,
58,RBigToe,526.60406,386.85107,0.8742857,,,
58,LSmallToe,556.9125,357.93622,0.7369176,,,
58,RSmallToe,526.60406,381.0681,0.93685883,,,
58,LHeel,566.00494,346.37024,0.7376125,,,
58,RHeel,544.78906,375.28513,0.8286394,,,
59,Nose,471.9156,131.29865,0.94838846,,,
59,LEye,474.908,119.67501,0.952959,,,
59,REye,468.92322,125.486824,0.9456752,,,
59,LEar,489.8699,113.86319,0.91745573,,,
59,REar,492.86227,113.86319,0.588533,,,
59,LShoulder,522.7861,142.92229,0.9282176,0.22658168,-0.23478065,-0.033757493
59,RShoulder,471.9156,166.16956,0.8378339,0.10464026,-0.17991571,-0.010584042
59,LElbow,564.67944,148.7341,0.8692021,0.31823355,-0.20795137,0.02460048
59,RElbow,468.92322,195.22865,0.85847706,0.09644918,-0.10522242,0.0943756
59,LWrist,552.7099,183.60501,0.85065794,0.28884798,-0.1282674,-0.006241327
59,RWrist,489.8699,230.09956,0.8460578,0.14827761,-0.029321548,0.043698017
59,LHip,537.748,224.28773,0.8710826,0.27287963,-0.038785294,-0.02107359
59,RHip,510.81656,247.53502,0.7785559,0.183148,-0.0021161847,0.015674092
59,LKnee,519.7937,276.59412,0.8960951,0.22279015,0.08387609,-0.16991162
59,RKnee,525.77844,317.27682,0.53331536,0.22785905,0.14946853,-0.10691688
59,LAnkle,552.7099,328.90048,0.8917796,0.2975158,0.21518107,-0.02730489
59,RAnkle,537.748,369.5832,0.8526616,0.27199036,0.30552444,0.027776124
59,Head,468.92322,102.239555,0.79042524,0.104491055,-0.33252975,-0.0628786
59,Neck,492.86227,142.92229,0.9479775,0.15780032,-0.23743387,-0.032101665
59,Hip,522.7861,230.09956,0.9018587,0.22662972,-0.022107305,-0.00048711686
59,LBigToe,546.72516,357.95956,0.8735041,,,
59,RBigToe,528.7709,387.01865,0.9073355,,,
59,LSmallToe,555.7023,357.95956,0.84607965,,,
59,RSmallToe,525.77844,381.20685,0.9410086,,,
59,LHeel,561.687,334.71228,0.75198823,,,
59,RHeel,546.72516,375.39502,0.8223473,,,
60,Nose,474.1213,129.9197,0.95948744,,,
60,LEye,477.1334,118.23958,0.9569756,,,
60,REye,471.10922,124.079636,0.94158065,,,
60,LEar,492.19382,112.39952,0.9200672,,,
60,REar,492.19382,118.23958,0.5516229,,,
60,LShoulder,522.31464,141.59981,0.9044876,0.2256576,-0.23769039,-0.033376984
60,RShoulder,471.10922,164.96004,0.8141649,0.103527784,-0.18332444,-0.010735828
60,LElbow,561.4717,153.27992,0.8727586,0.31747407,-0.20813513,0.02504957
60,RElbow,471.10922,200.00038,0.8539836,0.09543007,-0.107120186,0.093764625
60,LWrist,549.42334,182.48021,0.7980281,0.28645957,-0.12966424,-0.0073061762
60,RWrist,489.18173,229.20067,0.8347807,0.14625995,-0.030445296,0.043043938
60,LHip,537.37506,223.36061,0.8180387,0.2710834,-0.042000115,-0.021537526
60,RHip,507.2542,240.8808,0.759521,0.18157972,-0.0037299655,0.015735183
60,LKnee,519.30255,275.92114,0.9381079,0.21659754,0.07728836,-0.17134786
60,RKnee,525.3267,316.80154,0.47393152,0.22828214,0.14866146,-0.10487469
60,LAnkle,549.42334,328.48166,0.8500873,0.287152,0.215441,-0.031703874
60,RAnkle,540.3871,369.36206,0.829688,0.2740789,0.30433977,0.029606171
60,Head,471.10922,100.719406,0.7651796,0.105274156,-0.33727863,-0.063302696
60,Neck,492.19382,141.59981,0.94253224,0.15684408,-0.24086891,-0.03221401
60,Hip,522.31464,229.20067,0.8838778,0.22488253,-0.024558417,-0.0004248044
60,LBigToe,540.3871,363.522,0.8217577,,,
60,RBigToe,528.3388,386.88223,0.93352485,,,
60,LSmallToe,549.42334,357.68195,0.76076037,,,
60,RSmallToe,525.3267,381.04218,0.93551314,,,
60,LHeel,555.4475,334.32172,0.8434109,,,
60,RHeel,546.41125,375.20212,0.82038176,,,
61,Nose,472.82895,127.92345,0.94731385,,,
61,LEye,475.883,116.14576,0.96103424,,,
61,REye,469.7749,122.03461,0.9714275,,,
61,LEar,491.15323,110.25692,0.93757874,,,
61,REar,491.15323,116.14576,0.5164042,,,
61,LShoulder,521.69366,139.70114,0.91457015,0.22443223,-0.24167071,-0.033144005
61,RShoulder,469.7749,163.2565,0.8369396,0.10199091,-0.18739845,-0.010769777
61,LElbow,561.3963,151.47882,0.88002527,0.3167674,-0.21121655,0.025492301
61,RElbow,469.7749,192.70073,0.8536659,0.09410322,-0.10976702,0.09299151
61,LWrist,546.12604,180.92303,0.8336878,0.28357655,-0.13269629,-0.007135397
61,RWrist,485.04514,222.14494,0.8632445,0.14425069,-0.031905673,0.0425694
61,LHip,536.9639,222.14494,0.82604176,0.26916772,-0.045771256,-0.02195081
61,RHip,506.42346,239.81146,0.78325516,0.17994392,-0.0060910154,0.015842654
61,LKnee,515.5856,269.25568,0.98640066,0.21145254,0.07189101,-0.1716617
61,RKnee,524.74774,316.36642,0.5395247,0.22846566,0.1473238,-0.10282431
61,LAnkle,546.12604,334.03296,0.79237586,0.2755638,0.21996777,-0.03720955
61,RAnkle,536.9639,369.36603,0.7390022,0.2763918,0.3023585,0.0300727
61,Head,469.7749,98.47923,0.7728071,0.10600397,-0.34305623,-0.06372253
61,Neck,491.15323,139.70114,0.94584584,0.15550077,-0.24508826,-0.032246366
61,Hip,521.69366,228.03378,0.86600995,0.22293472,-0.027622113,-0.0003903592
61,LBigToe,530.85583,363.47717,0.68895626,,,
61,RBigToe,527.80176,387.03256,0.8621488,,,
61,LSmallToe,540.01794,363.47717,0.68361366,,,
61,RSmallToe,524.74774,387.03256,0.80534935,,,
61,LHeel,552.23413,334.03296,0.7612305,,,
61,RHeel,543.072,375.25485,0.7092581,,,
62,Nose,474.35092,125.98568,0.932212,,,
62,LEye,477.46313,114.110214,0.9561145,,,
62,REye,468.12646,120.04795,0.95824516,,,
62,LEar,489.91205,108.172485,0.9413203,,,
62,REar,489.91205,114.110214,0.4994883,,,
62,LShoulder,521.0343,137.86115,0.937555,0.22315776,-0.2460196,-0.032811232
62,RShoulder,468.12646,161.61208,0.8643774,0.10017565,-0.19169627,-0.010634544
62,LElbow,561.4932,149.7366,0.9117714,0.31616288,-0.21573213,0.02613486
62,RElbow,468.12646,191.30074,0.8680025,0.09266077,-0.11204405,0.0918365
62,LWrist,545.93207,179.42528,0.89727414,0.28078413,-0.13654587,-0.0065043047
62,RWrist,483.6876,226.92712,0.8666136,0.14198151,-0.033215728,0.04227221
62,LHip,536.5954,220.9894,0.8493664,0.2673517,-0.049803443,-0.02258922
62,RHip,505.47318,238.8026,0.8346161,0.17829171,-0.008943785,0.015912792
62,LKnee,514.8098,268.49124,0.9043714,0.20723829,0.0685446,-0.17098951
62,RKnee,517.92206,304.11765,0.4563113,0.22886157,0.14641689,-0.09920723
62,LAnkle,536.5954,333.8063,0.87586457,0.26286578,0.22760566,-0.04359621
62,RAnkle,533.4832,327.8686,0.706836,0.27922094,0.30067283,0.0317248
62,Head,471.23868,90.35928,0.7741704,0.10685777,-0.34943426,-0.06374256
62,Neck,493.02426,137.86115,0.9578435,0.15397269,-0.2496117,-0.031957056
62,Hip,521.0343,226.92712,0.8546979,0.22089745,-0.030892732,-0.00039375527
62,LBigToe,524.1465,369.4327,0.84057754,,,
62,RBigToe,527.2587,363.49496,0.5891987,,,
62,LSmallToe,530.371,369.4327,0.847063,,,
62,RSmallToe,524.1465,357.55725,0.60640013,,,
62,LHeel,545.93207,339.74405,0.8060142,,,
62,RHeel,545.93207,333.8063,0.57645905,,,
63,Nose,473.38388,124.07368,0.94814664,,,
63,LEye,476.52203,112.12184,0.97022486,,,
63,REye,470.24573,118.09776,0.9473844,,,
63,LEar,489.0746,106.14593,0.94437766,,,
63,REar,492.21274,112.12184,0.6019108,,,
63,LShoulder,520.45605,136.02551,0.9408421,0.22188641,-0.24978885,-0.033315428
63,RShoulder,467.10757,159.92918,0.88498026,0.09826931,-0.19566295,-0.010686691
63,LElbow,561.25195,147.97734,0.90206563,0.31545743,-0.2209577,0.026091449
63,RElbow,467.10757,195.78468,0.89330906,0.09096034,-0.113794535,0.09084925
63,LWrist,545.5612,177.85693,0.93382716,0.27856284,-0.14058335,-0.0054877317
63,RWrist,485.93646,225.66426,0.9183989,0.13980763,-0.0347661,0.041943192
63,LHip,536.1468,219.68834,0.8860973,0.26537746,-0.053050995,-0.023620503
63,RHip,504.76532,237.61609,0.8675814,0.17652006,-0.011568029,0.016181633
63,LKnee,514.17975,267.49567,0.9167065,0.20383129,0.06809443,-0.16944143
63,RKnee,523.5942,303.35117,0.43232757,0.22933602,0.14564086,-0.095442526
63,LAnkle,533.00867,339.2067,0.98533386,0.24929559,0.2381201,-0.05080375
63,RAnkle,542.4231,363.11035,0.62428343,0.28120375,0.30001017,0.033790976
63,Head,470.24573,88.21818,0.7833445,0.107912466,-0.35529327,-0.06426332
63,Neck,492.21274,136.02551,0.9517247,0.15236081,-0.25362873,-0.03256473
63,Hip,520.45605,225.66426,0.86724293,0.21877499,-0.03372444,-0.00045874878
63,LBigToe,514.17975,369.08627,0.93826616,,,
63,RBigToe,523.5942,387.014,0.6970092,,,
63,LSmallToe,523.5942,369.08627,0.7867981,,,
63,RSmallToe,526.73236,387.014,0.65722466,,,
63,LHeel,539.2849,345.1826,0.8035252,,,
63,RHeel,548.69934,369.08627,0.80029905,,,
64,Nose,472.43442,122.08804,0.9620224,,,
64,LEye,475.60736,110.04763,0.9791092,,,
64,REye,469.26147,116.06783,0.972955,,,
64,LEar,491.47202,104.02742,0.92125756,,,
64,REar,491.47202,110.04763,0.61074144,,,
64,LShoulder,520.02844,134.12845,0.92528504,0.22058406,-0.25293294,-0.033952564
64,RShoulder,466.08856,158.20927,0.87938917,0.096131854,-0.19910613,-0.010325182
64,LElbow,561.27655,140.14865,0.9038767,0.3146083,-0.22695671,0.025713446
64,RElbow,466.08856,194.3305,0.92325914,0.08879738,-0.115602896,0.09057421
64,LWrist,545.41187,176.2699,0.938567,0.27661103,-0.14445463,-0.00408395
64,RWrist,485.12616,224.43153,0.9028147,0.13755956,-0.036309816,0.042676326
64,LHip,535.89307,218.41133,0.8713614,0.2629599,-0.05488201,-0.024607113
64,RHip,504.16376,242.49216,0.872114,0.17445275,-0.013423381,0.016518692
64,LKnee,510.5096,266.57297,0.9358592,0.20105696,0.06990114,-0.16746864
64,RKnee,526.37427,302.6942,0.37278068,0.23001777,0.14569782,-0.09121217
64,LAnkle,526.37427,344.83566,0.8760841,0.23490512,0.25019374,-0.058018725
64,RAnkle,545.41187,362.89627,0.85442305,0.2833096,0.29988113,0.036572814
64,Head,469.26147,85.966805,0.79553026,0.10905923,-0.36071813,-0.06437399
64,Neck,491.47202,134.12845,0.9437553,0.15061066,-0.2569441,-0.03298592
64,Hip,516.85547,224.43153,0.8983177,0.21641795,-0.035457466,-0.0006249517
64,LBigToe,504.16376,374.93668,0.8877726,,,
64,RBigToe,526.37427,386.97708,0.7130182,,,
64,LSmallToe,510.5096,374.93668,0.81546634,,,
64,RSmallToe,526.37427,386.97708,0.80012536,,,
64,LHeel,532.72015,356.87607,0.6421645,,,
64,RHeel,551.75775,374.93668,0.8356197,,,
65,Nose,472.17673,119.8992,0.9646008,,,
65,LEye,475.34558,107.73426,0.97589844,,,
65,REye,469.00787,113.816734,0.9667025,,,
65,LEar,491.18976,107.73426,0.9332392,,,
65,REar,491.18976,107.73426,0.63338226,,,
65,LShoulder,519.70935,132.06415,0.9218656,0.21938305,-0.25503993,-0.03419539
65,RShoulder,465.83905,156.39403,0.869737,0.09395312,-0.20180683,-0.00949521
65,LElbow,560.90424,144.22908,0.8965456,0.31374705,-0.23036365,0.026248751
65,RElbow,465.83905,192.88884,0.9256464,0.08635738,-0.11696398,0.09064223
65,LWrist,545.06006,174.64143,0.93554455,0.27492625,-0.14726964,-0.002682559
65,RWrist,484.85208,223.3012,0.91456205,0.1352823,-0.037557874,0.04349759
65,LHip,532.3847,217.21872,0.89233345,0.26022875,-0.055204738,-0.025535077
65,RHip,503.8651,241.54861,0.89210963,0.17242634,-0.014247837,0.016776854
65,LKnee,510.20282,271.96097,0.95440227,0.19899717,0.07403423,-0.16504864
65,RKnee,522.8782,290.20837,0.41248363,0.23086,0.1463605,-0.08707142
65,LAnkle,519.70935,351.03308,0.80119616,0.22033763,0.26256546,-0.063974716
65,RAnkle,545.06006,363.198,0.84045684,0.28520325,0.2995833,0.038644087
65,Head,472.17673,83.40438,0.81109434,0.11038901,-0.3653328,-0.06386835
65,Neck,491.18976,132.06415,0.9375437,0.14887501,-0.2593853,-0.032950353
65,Hip,516.54047,223.3012,0.9099701,0.21396062,-0.03602561,-0.00083092833
65,LBigToe,497.52744,375.36295,0.90116364,,,
65,RBigToe,529.2158,387.5279,0.78110737,,,
65,LSmallToe,503.8651,381.44543,0.7898997,,,
65,RSmallToe,529.2158,387.5279,0.81479174,,,
65,LHeel,526.047,357.11554,0.81126255,,,
65,RHeel,554.5666,375.36295,0.8484703,,,
66,Nose,471.96976,118.737976,0.94629693,,,
66,LEye,475.13208,106.46611,0.93590534,,,
66,REye,468.8074,112.60204,0.95396596,,,
66,LEar,490.94382,106.46611,0.94943166,,,
66,REar,490.94382,106.46611,0.58625185,,,
66,LShoulder,519.4049,131.00984,0.9398433,0.21822202,-0.25615793,-0.03457992
66,RShoulder,462.48273,155.55357,0.87800497,0.091612875,-0.20370196,-0.008342094
66,LElbow,560.5154,143.28171,0.8959573,0.3125964,-0.23365118,0.026591996
66,RElbow,465.64508,192.36916,0.9353049,0.08354375,-0.11785644,0.09150887
66,LWrist,544.7036,173.96136,0.9319537,0.27340922,-0.14916754,-0.0011290831
66,RWrist,484.6191,223.04883,0.87329096,0.13291222,-0.03849311,0.044679217
66,LHip,532.05426,223.04883,0.873267,0.25702113,-0.053562924,-0.02659407
66,RHip,500.43085,241.45662,0.8849954,0.1701635,-0.013853548,0.017195866
66,LKnee,509.91788,272.1363,0.96547824,0.19727635,0.079967976,-0.16251813
66,RKnee,522.56726,290.54407,0.53480345,0.23153804,0.14766346,-0.08362012
66,LAnkle,513.0802,358.03934,0.9028103,0.20585212,0.2744976,-0.06845821
66,RAnkle,547.86597,364.17526,0.8805885,0.28686368,0.29943404,0.040585194
66,Head,471.96976,81.92238,0.8464249,0.111799225,-0.36904123,-0.06321206
66,Neck,490.94382,131.00984,0.93164504,0.14705247,-0.26089564,-0.032878675
66,Hip,516.24255,223.04883,0.9042157,0.21121714,-0.035067268,-0.0010374626
66,LBigToe,487.78146,382.58307,0.8503813,,,
66,RBigToe,528.8919,388.719,0.81630766,,,
66,LSmallToe,494.10614,388.719,0.8069807,,,
66,RSmallToe,532.05426,382.58307,0.8119409,,,
66,LHeel,519.4049,364.17526,0.92810607,,,
66,RHeel,557.353,376.44714,0.8708144,,,
67,Nose,472.19473,118.33355,0.96177757,,,
67,LEye,475.33624,105.91193,0.9625411,,,
67,REye,469.05322,112.122734,0.972907,,,
67,LEar,491.04376,105.91193,0.95160055,,,
67,REar,491.04376,105.91193,0.6350859,,,
67,LShoulder,519.3173,130.75517,0.94908816,0.21690024,-0.2563311,-0.03498569
67,RShoulder,462.7702,155.5984,0.84170306,0.08916342,-0.20486717,-0.0067979973
67,LElbow,560.1569,136.96597,0.8823222,0.31080508,-0.23646758,0.026533639
67,RElbow,462.7702,192.86328,0.914407,0.08027898,-0.11835419,0.093000166
67,LWrist,544.44934,174.23085,0.9604259,0.27184293,-0.1498915,0.0004289921
67,RWrist,481.61926,223.91733,0.86461014,0.13035892,-0.039185334,0.04667832
67,LHip,528.7418,223.91733,0.8349848,0.25319907,-0.05083339,-0.027463589
67,RHip,500.4683,242.54976,0.9057463,0.1675097,-0.012499057,0.01778473
67,LKnee,506.75128,279.81464,0.9137325,0.19543874,0.08753818,-0.1593787
67,RKnee,522.4588,292.23624,0.64418334,0.2318514,0.1492454,-0.08070079
67,LAnkle,506.75128,360.55518,0.86082256,0.19184369,0.28543293,-0.070718884
67,RAnkle,547.5909,366.766,0.8348339,0.28802788,0.29951188,0.04259722
67,Head,472.19473,81.06868,0.8645827,0.11322381,-0.37187105,-0.062404945
67,Neck,491.04376,130.75517,0.922627,0.1450284,-0.26149935,-0.03248723
67,Hip,513.0343,223.91733,0.85566515,0.20813079,-0.033019446,-0.0011623176
67,LBigToe,478.47775,385.3984,0.8817686,,,
67,RBigToe,531.88336,385.3984,0.88022214,,,
67,LSmallToe,484.76074,391.60922,0.87276685,,,
67,RSmallToe,531.88336,379.1876,0.8770059,,,
67,LHeel,509.8928,372.97678,0.808012,,,
67,RHeel,557.0154,372.97678,0.8620697,,,
68,Nose,472.77106,118.62964,0.96732956,,,
68,LEye,475.87393,106.06072,0.9549674,,,
68,REye,469.66818,112.345184,0.96447253,,,
68,LEar,491.38828,106.06072,0.9492882,,,
68,REar,491.38828,106.06072,0.5627864,,,
68,LShoulder,519.3141,131.19856,0.93060935,0.21551457,-0.25545678,-0.03511507
68,RShoulder,460.3596,156.3364,0.78090966,0.0867261,-0.20520014,-0.0049116276
68,LElbow,559.65137,137.48302,0.8865353,0.30911016,-0.23645593,0.027287323
68,RElbow,460.3596,194.04314,0.87527347,0.07680741,-0.11830746,0.0948862
68,LWrist,544.137,175.18976,0.9708441,0.27022746,-0.14924175,0.0016234992
68,RWrist,482.07965,225.46542,0.89449507,0.12780546,-0.03963677,0.048381526
68,LHip,528.6227,225.46542,0.8260774,0.24934146,-0.047154374,-0.028321715
68,RHip,497.594,244.3188,0.8543176,0.16486882,-0.010195017,0.018622307
68,LKnee,510.00546,275.7411,0.8708127,0.19306727,0.09470753,-0.15627444
68,RKnee,522.41693,294.59448,0.6258813,0.23186912,0.15101989,-0.078474216
68,LAnkle,500.69687,363.7235,0.9218064,0.17908397,0.29479158,-0.07150726
68,RAnkle,550.3428,363.7235,0.7977667,0.28890458,0.299702,0.044450976
68,Head,472.77106,80.92289,0.8625547,0.114638515,-0.37364522,-0.061326407
68,Neck,488.2854,131.19856,0.9325928,0.14301753,-0.26114252,-0.03140067
68,Hip,513.10834,225.46542,0.84499925,0.20494369,-0.030014638,-0.00118468
68,LBigToe,472.77106,388.86136,0.8549058,,,
68,RBigToe,531.7255,388.86136,0.8864647,,,
68,LSmallToe,478.9768,395.1458,0.7807816,,,
68,RSmallToe,531.7255,382.5769,0.91897285,,,
68,LHeel,503.79974,382.5769,0.77517164,,,
68,RHeel,556.54846,376.29242,0.8617696,,,
69,Nose,473.27527,119.418045,0.96523994,,,
69,LEye,476.34637,106.71552,0.9488368,,,
69,REye,470.20416,113.06678,0.94676644,,,
69,LEar,491.7019,106.71552,0.9591895,,,
69,REar,464.06192,113.06678,0.62981945,,,
69,LShoulder,519.34186,132.12056,0.9216038,0.21376783,-0.25367606,-0.034947045
69,RShoulder,460.9908,151.17433,0.72909725,0.08415464,-0.20485717,-0.0027093675
69,LElbow,556.1952,138.47182,0.9182074,0.3070379,-0.23468272,0.028399313
69,RElbow,457.9197,189.28189,0.84005374,0.07299069,-0.117965445,0.09704926
69,LWrist,543.91077,176.57938,0.96312946,0.2682753,-0.14737266,0.0027084756
69,RWrist,479.41748,221.0382,0.8561325,0.12500219,-0.03997439,0.05029363
69,LHip,528.55524,227.38945,0.80045545,0.24524367,-0.042526044,-0.028996604
69,RHip,497.84412,240.09198,0.8117261,0.16184327,-0.0067920126,0.019787269
69,LKnee,507.05743,278.19952,0.79208016,0.18967725,0.10228711,-0.15315458
69,RKnee,522.41296,297.2533,0.61124647,0.23150593,0.15295838,-0.07658198
69,LAnkle,494.773,367.11716,0.86864007,0.16756965,0.3033091,-0.07034992
69,RAnkle,550.053,367.11716,0.8251652,0.2893812,0.3000968,0.046477184
69,Head,473.27527,81.310486,0.8334556,0.1159339,-0.37450656,-0.060134634
69,Neck,488.6308,132.12056,0.9489644,0.14079073,-0.25981653,-0.029804738
69,Hip,510.12857,227.38945,0.8138005,0.20142296,-0.026010482,-0.0010812399
69,LBigToe,470.20416,392.5222,0.82736415,,,
69,RBigToe,531.62634,386.17093,0.8565699,,,
69,LSmallToe,476.34637,405.22473,0.75094634,,,
69,RSmallToe,531.62634,386.17093,0.8982826,,,
69,LHeel,494.773,379.81967,0.7514506,,,
69,RHeel,556.1952,379.81967,0.8350498,,,
70,Nose,473.21857,120.20645,0.96437454,,,
70,LEye,479.33612,107.48423,0.9572852,,,
70,REye,470.1598,113.845345,0.92153597,,,
70,LEar,491.57126,107.48423,0.95057774,,,
70,REar,464.0422,113.845345,0.67328703,,,
70,LShoulder,516.0415,132.92868,0.9067797,0.21184188,-0.2509116,-0.034931276
70,RShoulder,460.98343,152.01201,0.7159617,0.081598505,-0.20344085,-0.0006258155
70,LElbow,555.8057,139.2898,0.9218751,0.30488402,-0.23091461,0.029383577
70,RElbow,457.92465,190.17868,0.8260127,0.06913559,-0.11708224,0.09877052
70,LWrist,543.57056,177.45645,0.9418219,0.26604724,-0.14421296,0.003208589
70,RWrist,479.33612,221.98424,0.8274981,0.122331634,-0.039927185,0.051747337
70,LHip,528.2767,228.34535,0.7744847,0.24181041,-0.03708194,-0.029605677
70,RHip,497.6888,247.42868,0.7856607,0.1595009,-0.0028301403,0.02135493
70,LKnee,506.86517,279.23422,0.7676391,0.18505467,0.10984102,-0.15025294
70,RKnee,522.15906,298.31757,0.63665354,0.23115806,0.15507407,-0.07581293
70,LAnkle,491.57126,368.2898,0.8532535,0.15792227,0.31081843,-0.06752899
70,RAnkle,549.6881,368.2898,0.8508363,0.2897001,0.30065256,0.04788035
70,Head,476.27734,75.67867,0.88169533,0.11712667,-0.3742368,-0.059180923
70,Neck,488.51248,132.92868,0.9374477,0.13847962,-0.25738797,-0.028259816
70,Hip,509.92395,228.34535,0.81097436,0.19860567,-0.02125036,-0.000989917
70,LBigToe,467.10098,400.09537,0.7869287,,,
70,RBigToe,531.33545,387.37314,0.8584631,,,
70,LSmallToe,473.21857,406.45645,0.78569806,,,
70,RSmallToe,531.33545,387.37314,0.89888763,,,
70,LHeel,494.63004,381.01202,0.739603,,,
70,RHeel,558.8645,381.01202,0.8272215,,,
71,Nose,475.8574,121.016785,0.944795,,,
71,LEye,478.93637,108.32959,0.9726847,,,
71,REye,469.69943,108.32959,0.9263536,,,
71,LEar,491.25232,108.32959,0.9398085,,,
71,REar,463.54147,114.67319,0.7585671,,,
71,LShoulder,515.88416,133.70398,0.87838954,0.20958045,-0.24685507,-0.034911864
71,RShoulder,460.46246,152.73479,0.6906639,0.07895494,-0.2009706,0.0016958709
71,LElbow,555.91095,146.39117,0.91309226,0.30241233,-0.22502197,0.030587483
71,RElbow,454.3045,190.79637,0.85718614,0.06507579,-0.11559048,0.10053887
71,LWrist,540.51605,178.10918,0.8913832,0.26353246,-0.13977107,0.0038048574
71,RWrist,475.8574,222.51436,0.86881727,0.119595274,-0.039612498,0.053108905
71,LHip,525.1211,235.20157,0.74903023,0.23859376,-0.030277792,-0.030359572
71,RHip,497.41028,247.88876,0.77281505,0.15768409,0.0021612588,0.023470528
71,LKnee,503.56824,285.95035,0.81478214,0.1791146,0.1182569,-0.14743401
71,RKnee,522.0421,298.63754,0.6506042,0.23049122,0.15766712,-0.075347565
71,LAnkle,488.1733,374.76074,0.8909301,0.14996114,0.318287,-0.062354364
71,RAnkle,549.753,368.41714,0.85374445,0.2901421,0.3013393,0.0490525
71,Head,475.8574,76.611595,0.9226331,0.11813986,-0.37265965,-0.05812566
71,Neck,488.1733,133.70398,0.93954855,0.13590258,-0.2539234,-0.02648886
71,Hip,509.7262,235.20157,0.80199486,0.19629064,-0.015190613,-0.00058945944
71,LBigToe,466.62045,400.13513,0.8030877,,,
71,RBigToe,531.27905,387.44794,0.8560285,,,
71,LSmallToe,472.7784,406.47873,0.8046325,,,
71,RSmallToe,531.27905,387.44794,0.8789608,,,
71,LHeel,491.25232,387.44794,0.755085,,,
71,RHeel,558.9899,381.10434,0.8441006,,,
72,Nose,474.69925,115.208725,0.94962287,,,
72,LEye,480.9049,108.87926,0.9510422,,,
72,REye,471.59644,108.87926,0.95011425,,,
72,LEar,490.21338,108.87926,0.93561625,,,
72,REar,465.39078,115.208725,0.8517013,,,
72,LShoulder,515.036,134.19713,0.83696115,0.20709614,-0.24328889,-0.035267614
72,RShoulder,459.18512,153.18553,0.72728777,0.07635176,-0.19907184,0.0039554974
72,LElbow,555.37274,146.85606,0.91479963,0.29982597,-0.21991073,0.031058418
72,RElbow,452.97946,191.16232,0.8714186,0.061107468,-0.11435723,0.10206246
72,LWrist,539.85864,178.50339,0.8875178,0.2609334,-0.13514441,0.0044701467
72,RWrist,477.8021,222.80966,0.87008494,0.11684574,-0.03954462,0.05433814
72,LHip,524.3445,235.4686,0.7577963,0.23491766,-0.025578134,-0.031457737
72,RHip,496.41904,248.12752,0.76248705,0.15561953,0.0053155497,0.025783936
72,LKnee,499.52188,292.43378,0.860633,0.17313208,0.12565738,-0.14449269
72,RKnee,521.24164,298.76324,0.6483142,0.22929737,0.1594413,-0.07433622
72,LAnkle,487.11057,374.71686,0.8724123,0.14371502,0.32410344,-0.055472784
72,RAnkle,549.1671,368.3874,0.8442976,0.29031762,0.3019513,0.050277457
72,Head,474.69925,77.231926,0.93721986,0.11899139,-0.37108728,-0.057456844
72,Neck,484.00775,134.19713,0.9000993,0.13317269,-0.25116354,-0.025038872
72,Hip,508.83035,235.4686,0.7963356,0.19350685,-0.010996146,-0.00052067195
72,LBigToe,465.39078,393.70526,0.81529665,,,
72,RBigToe,530.5501,387.3758,0.85899276,,,
72,LSmallToe,471.59644,400.03473,0.804272,,,
72,RSmallToe,530.5501,387.3758,0.8724656,,,
72,LHeel,487.11057,393.70526,0.81763124,,,
72,RHeel,558.4756,381.04633,0.84423673,,,
73,Nose,476.82126,116.8132,0.96020216,,,
73,LEye,479.95987,110.5098,0.9604112,,,
73,REye,470.544,110.5098,0.9532505,,,
73,LEar,492.51437,110.5098,0.9275696,,,
73,REar,467.4054,110.5098,0.8429361,,,
73,LShoulder,514.48474,135.72339,0.85396355,0.20437533,-0.2397869,-0.03605205
73,RShoulder,457.9895,154.63358,0.75266534,0.07368467,-0.1973,0.0058600875
73,LElbow,552.14825,148.33018,0.9556605,0.29701042,-0.21476178,0.03114481
73,RElbow,451.71225,192.45396,0.8923001,0.057183865,-0.11322808,0.10322231
73,LWrist,539.59375,186.15057,0.90927154,0.2581214,-0.13001423,0.0051843645
73,RWrist,476.82126,223.97095,0.8594598,0.11393869,-0.039464332,0.055225484
73,LHip,523.90063,236.57774,0.76304746,0.23081452,-0.02193571,-0.032431632
73,RHip,495.653,249.18454,0.7826862,0.15286608,0.007784065,0.02770771
73,LKnee,495.653,293.30832,0.9118705,0.16682428,0.13077693,-0.14249207
73,RKnee,520.762,299.61172,0.5896791,0.2274203,0.1610567,-0.07367956
73,LAnkle,483.0985,381.55588,0.8932322,0.13896918,0.32788217,-0.04876
73,RAnkle,549.00964,368.9491,0.84340924,0.29001674,0.302439,0.051272143
73,Head,476.82126,78.99281,0.9034258,0.11968066,-0.36939535,-0.05713365
73,Neck,483.0985,135.72339,0.8981142,0.13039182,-0.24856381,-0.024086168
73,Hip,508.2075,236.57774,0.8166897,0.19006559,-0.0077629145,-0.0005157746
73,LBigToe,464.26675,394.1627,0.8097519,,,
73,RBigToe,530.17786,387.85928,0.84748167,,,
73,LSmallToe,470.544,400.46606,0.8299349,,,
73,RSmallToe,533.3165,387.85928,0.86191565,,,
73,LHeel,486.23712,394.1627,0.8451932,,,
73,RHeel,558.4255,381.55588,0.8360779,,,
74,Nose,474.87015,117.840965,0.9450072,,,
74,LEye,481.18936,105.26837,0.9727392,,,
74,REye,471.71054,111.554665,0.93177336,,,
74,LEar,490.66815,111.554665,0.93612057,,,
74,REar,465.39136,111.554665,0.9060172,,,
74,LShoulder,512.78534,136.69986,0.8431044,0.20144391,-0.23712032,-0.03741149
74,RShoulder,455.91254,155.55875,0.7421952,0.07088,-0.19633959,0.0073843347
74,LElbow,550.70056,149.27246,0.95274687,0.2943563,-0.21094224,0.03027091
74,RElbow,449.59332,193.27654,0.9128013,0.053233173,-0.1126212,0.104041584
74,LWrist,538.0622,186.99025,0.8939184,0.25500876,-0.12631756,0.0052846326
74,RWrist,474.87015,224.70804,0.8799025,0.11061172,-0.039729245,0.055530854
74,LHip,522.26416,237.28062,0.7643417,0.22647107,-0.019778678,-0.033258617
74,RHip,493.82776,249.85323,0.80563927,0.149326,0.009434678,0.029034397
74,LKnee,493.82776,293.8573,0.91179776,0.16028264,0.13295208,-0.14222845
74,RKnee,522.26416,306.4299,0.60052264,0.22440076,0.16233677,-0.07372406
74,LAnkle,481.18936,381.86548,0.9046252,0.13606712,0.32836297,-0.043701693
74,RAnkle,547.541,369.29288,0.8598642,0.289231,0.30264437,0.051609416
74,Head,478.02975,80.12318,0.9141655,0.12008439,-0.3681475,-0.057255093
74,Neck,481.18936,136.69986,0.9132505,0.12755674,-0.24677758,-0.02359557
74,Hip,506.46616,237.28062,0.83901066,0.18610397,-0.005837515,-0.00051503815
74,LBigToe,462.23175,394.43808,0.84169084,,,
74,RBigToe,531.743,388.15176,0.8579407,,,
74,LSmallToe,468.55093,400.72437,0.8409258,,,
74,RSmallToe,531.743,388.15176,0.87849647,,,
74,LHeel,484.34897,394.43808,0.8546095,,,
74,RHeel,557.0198,375.5792,0.846112,,,
75,Nose,476.84424,118.34873,0.9621045,,,
75,LEye,480.014,105.78311,0.97190505,,,
75,REye,470.50467,105.78311,0.92850035,,,
75,LEar,489.52338,112.06592,0.9357162,,,
75,REar,464.1651,112.06592,0.90412295,,,
75,LShoulder,511.71188,137.19716,0.8334217,0.19829378,-0.23573409,-0.039228696
75,RShoulder,454.65573,156.04558,0.77734977,0.0679512,-0.1966125,0.008623011
75,LElbow,549.7493,149.76277,0.93087375,0.2917763,-0.20872454,0.028756266
75,RElbow,448.31616,193.74243,0.89846385,0.04925955,-0.11289121,0.10470725
75,LWrist,537.0702,187.45963,0.9425716,0.2516076,-0.12415275,0.0048986087
75,RWrist,470.50467,218.87366,0.8700469,0.10691656,-0.040551,0.05597366
75,LHip,518.05145,237.72209,0.75300485,0.22182174,-0.019495275,-0.033863947
75,RHip,492.69318,250.2877,0.8186891,0.14499137,0.010011431,0.029892059
75,LKnee,489.52338,294.26736,0.92301446,0.15383777,0.13237147,-0.14355403
75,RKnee,521.22125,306.83298,0.6930995,0.21973813,0.16328277,-0.07409609
75,LAnkle,480.014,375.94388,0.9130241,0.13495398,0.3262901,-0.04098108
75,RAnkle,546.5795,369.66107,0.84403723,0.28772184,0.30207953,0.051521707
75,Head,476.84424,80.65188,0.91183174,0.12018838,-0.36777905,-0.057995185
75,Neck,480.014,137.19716,0.913781,0.12466942,-0.2462091,-0.023574715
75,Hip,505.3723,237.72209,0.8325764,0.18167114,-0.0055279545,-0.00047261035
75,LBigToe,460.9953,394.7923,0.8612932,,,
75,RBigToe,530.7306,388.5095,0.8851423,,,
75,LSmallToe,467.33487,401.0751,0.8555332,,,
75,RSmallToe,530.7306,388.5095,0.87521666,,,
75,LHeel,483.1838,394.7923,0.83692336,,,
75,RHeel,556.0889,375.94388,0.8733447,,,
76,Nose,475.27765,112.24639,0.958515,,,
76,LEye,481.65536,105.9763,0.95216435,,,
76,REye,472.0888,105.9763,0.9358862,,,
76,LEar,491.22192,112.24639,0.91211665,,,
76,REar,465.7111,112.24639,0.9198988,,,
76,LShoulder,507.16617,137.32674,0.86139196,0.19497344,-0.23571016,-0.04157437
76,RShoulder,452.9557,156.13701,0.7911135,0.06489287,-0.19834174,0.009443136
76,LElbow,548.6212,149.86693,0.93679744,0.28934044,-0.20812872,0.026751434
76,RElbow,446.578,193.75754,0.8883975,0.045256265,-0.11397979,0.10498686
76,LWrist,532.677,187.48746,0.9539351,0.24790338,-0.12357314,0.004214082
76,RWrist,468.89996,218.83789,0.85612804,0.10274699,-0.04144283,0.056368902
76,LHip,516.7327,231.37807,0.8116557,0.21696675,-0.020901155,-0.034408387
76,RHip,491.22192,250.18834,0.81056446,0.13987055,0.009197459,0.030481424
76,LKnee,488.03305,294.07895,0.9150296,0.14782216,0.12999155,-0.14571548
76,RKnee,519.9216,306.61914,0.7914386,0.21228877,0.16380104,-0.074848376
76,LAnkle,481.65536,375.59012,0.9092924,0.13486506,0.32340357,-0.040174145
76,RAnkle,548.6212,369.32,0.8366748,0.28516668,0.30051115,0.051092
76,Head,475.27765,80.89595,0.90896493,0.1201199,-0.36853,-0.059247866
76,Neck,478.46652,137.32674,0.90409493,0.121807545,-0.24706136,-0.024183711
76,Hip,503.97733,237.64816,0.8338897,0.17669441,-0.0067936815,-0.00047636172
76,LBigToe,462.52225,394.40036,0.8908921,,,
76,RBigToe,529.4881,388.13028,0.88768613,,,
76,LSmallToe,468.89996,400.67047,0.79566395,,,
76,RSmallToe,529.4881,388.13028,0.8852241,,,
76,LHeel,484.8442,394.40036,0.830722,,,
76,RHeel,554.99896,375.59012,0.87992,,,
77,Nose,476.9374,111.95185,0.94446766,,,
77,LEye,480.1465,105.71199,0.9517137,,,
77,REye,470.5192,105.71199,0.9468778,,,
77,LEar,489.77383,111.95185,0.92277575,,,
77,REar,464.10098,111.95185,0.93168116,,,
77,LShoulder,505.81934,136.9113,0.8620629,0.19162665,-0.23693426,-0.04443475
77,RShoulder,451.26456,155.6309,0.81052464,0.061729,-0.20158659,0.009769089
77,LElbow,547.5377,149.39104,0.9437848,0.2870472,-0.20896195,0.024390748
77,RElbow,444.84634,193.07008,0.9023517,0.041169323,-0.11596216,0.1047451
77,LWrist,531.4922,186.83022,0.9713965,0.24406245,-0.12447342,0.0028930458
77,RWrist,467.3101,218.02954,0.85894537,0.09803644,-0.042508613,0.056684095
77,LHip,515.44666,230.50928,0.83537054,0.21195242,-0.023461025,-0.03477399
77,RHip,486.56473,249.22887,0.80307573,0.13385776,0.0066260025,0.03101649
77,LKnee,486.56473,292.9079,0.9046563,0.14213134,0.12646723,-0.14807577
77,RKnee,515.44666,311.6275,0.8548698,0.20119739,0.16372795,-0.075389005
77,LAnkle,480.1465,374.02615,0.89970094,0.13543749,0.3201594,-0.040456492
77,RAnkle,544.3286,367.7863,0.8407369,0.28089735,0.29763094,0.050214317
77,Head,476.9374,80.75253,0.9156758,0.119878754,-0.3704141,-0.061091453
77,Neck,476.9374,136.9113,0.9029577,0.11897971,-0.2493044,-0.025504379
77,Hip,499.40112,230.50928,0.85830843,0.17089307,-0.0095722955,-0.0006100908
77,LBigToe,464.10098,392.74573,0.88659716,,,
77,RBigToe,528.2831,392.74573,0.8985118,,,
77,LSmallToe,470.5192,398.9856,0.7972264,,,
77,RSmallToe,528.2831,386.50586,0.89511317,,,
77,LHeel,483.35562,386.50586,0.8079532,,,
77,RHeel,553.95593,374.02615,0.87442297,,,
78,Nose,475.65173,111.278015,0.97384924,,,
78,LEye,478.8729,105.07926,0.9392057,,,
78,REye,469.2094,105.07926,0.9210521,,,
78,LEar,488.53635,111.278015,0.92691183,,,
78,REar,462.7671,111.278015,0.91683584,,,
78,LShoulder,504.64212,136.07303,0.8504164,0.18826178,-0.2379315,-0.047554
78,RShoulder,449.88248,154.6693,0.80646205,0.05856006,-0.20483233,0.009773623
78,LElbow,546.51715,148.47055,0.95382863,0.2848519,-0.209833,0.022084452
78,RElbow,443.44016,191.86183,0.9221233,0.03693589,-0.11812219,0.10446269
78,LWrist,530.4114,185.66307,0.9756354,0.24016333,-0.1257242,0.0013149284
78,RWrist,469.2094,222.8556,0.92922646,0.0929098,-0.04320732,0.057359256
78,LHip,511.08444,229.05435,0.79186505,0.20658892,-0.02474058,-0.034879304
78,RHip,485.3152,247.65062,0.85326946,0.1276243,0.0051782858,0.03172167
78,LKnee,485.3152,291.0419,0.92861897,0.13666491,0.12357862,-0.15039703
78,RKnee,511.08444,309.63815,0.839605,0.18617854,0.16417745,-0.07684574
78,LAnkle,482.09402,371.6257,0.92406017,0.13694406,0.3178794,-0.041175336
78,RAnkle,543.296,365.42694,0.8836996,0.27529478,0.29378554,0.048406955
78,Head,475.65173,80.28424,0.91534287,0.11949727,-0.372118,-0.06299205
78,Neck,475.65173,136.07303,0.89053696,0.116275005,-0.25136378,-0.027327603
78,Hip,498.19983,235.25311,0.8733595,0.1650787,-0.011120898,-0.00042017992
78,LBigToe,462.7671,390.222,0.89354223,,,
78,RBigToe,527.1902,390.222,0.922473,,,
78,LSmallToe,472.43057,396.42072,0.7928881,,,
78,RSmallToe,527.1902,384.02322,0.92230237,,,
78,LHeel,485.3152,384.02322,0.8091219,,,
78,RHeel,552.9595,371.6257,0.8573351,,,
79,Nose,473.68442,110.66259,0.96446896,,,
79,LEye,480.10632,104.48194,0.9515556,,,
79,REye,470.47348,104.48194,0.94258964,,,
79,LEar,486.52823,110.66259,0.9130968,,,
79,REar,460.8406,104.48194,0.8882092,,,
79,LShoulder,502.583,135.38518,0.8348981,0.18483411,-0.23951158,-0.05091408
79,RShoulder,447.9968,153.92712,0.78207725,0.055399127,-0.2090726,0.009165518
79,LElbow,544.32544,147.74648,0.94989645,0.28253755,-0.21089362,0.019594574
79,RElbow,441.5749,191.011,0.9088321,0.03255165,-0.12107465,0.10378503
79,LWrist,528.2706,184.83035,0.9874406,0.23601148,-0.1273295,-0.00055112643
79,RWrist,464.05157,221.91425,0.9216598,0.08763671,-0.04426749,0.058473554
79,LHip,509.0049,228.09488,0.7795123,0.2008696,-0.027111208,-0.035414595
79,RHip,480.10632,246.63683,0.8589662,0.12126316,0.0017670989,0.03280804
79,LKnee,480.10632,289.90137,0.909295,0.13224533,0.122218445,-0.15109524
79,RKnee,502.583,308.4433,0.88497823,0.16660994,0.16377501,-0.07746557
79,LAnkle,483.3173,370.24976,0.9074443,0.13892093,0.3166207,-0.041504793
79,RAnkle,541.11444,364.06912,0.86486584,0.2669293,0.28841165,0.045080066
79,Head,476.8954,79.75935,0.8993596,0.11896226,-0.37448242,-0.06521306
79,Neck,473.68442,135.38518,0.89623874,0.113540396,-0.25442994,-0.02968811
79,Hip,492.95013,234.27553,0.89276856,0.15887782,-0.01409127,-0.00047386833
79,LBigToe,464.05157,388.79172,0.8638495,,,
79,RBigToe,528.2706,388.79172,0.8747764,,,
79,LSmallToe,470.47348,394.97235,0.801272,,,
79,RSmallToe,525.0597,388.79172,0.9035803,,,
79,LHeel,489.7392,382.61105,0.8305379,,,
79,RHeel,550.7473,370.24976,0.83768225,,,
80,Nose,473.93222,109.73356,0.9357169,,,
80,LEye,480.2491,103.53137,0.9528895,,,
80,REye,470.77377,103.53137,0.9332536,,,
80,LEar,486.56604,109.73356,0.8931406,,,
80,REar,461.2984,103.53137,0.93014055,,,
80,LShoulder,502.3583,134.54231,0.8201512,0.18152517,-0.24074432,-0.054331057
80,RShoulder,445.50613,153.14888,0.745286,0.052414373,-0.21337779,0.00792679
80,LElbow,543.4182,146.94669,0.9125651,0.28013775,-0.21120866,0.01695086
80,RElbow,439.18924,190.36201,0.90303177,0.028071068,-0.12425378,0.1025585
80,LWrist,527.6259,184.15982,0.9665121,0.23177153,-0.12843925,-0.0025680412
80,RWrist,464.45685,221.37296,0.9185831,0.08224051,-0.0451693,0.05933272
80,LHip,505.51675,227.57513,0.78805965,0.19505581,-0.029718325,-0.0363859
80,RHip,477.09067,239.97952,0.841246,0.11519313,-0.002364032,0.03414484
80,LKnee,480.2491,289.59702,0.92717034,0.1293641,0.122736916,-0.15082595
80,RKnee,496.04138,308.20358,0.80417055,0.14319125,0.16219182,-0.07800367
80,LAnkle,483.40756,370.2255,0.8823936,0.14107397,0.31650153,-0.04154507
80,RAnkle,537.10126,357.8211,0.8487763,0.2554239,0.28128085,0.039459676
80,Head,477.09067,78.72262,0.8495143,0.11833123,-0.37680826,-0.067586385
80,Neck,473.93222,128.34012,0.9248961,0.1109778,-0.25745744,-0.032465205
80,Hip,489.7245,233.77733,0.8691634,0.15277158,-0.017495023,-0.000594449
80,LBigToe,464.45685,388.83203,0.8291146,,,
80,RBigToe,527.6259,388.83203,0.8437869,,,
80,LSmallToe,470.77377,395.03424,0.85648865,,,
80,RSmallToe,524.46747,388.83203,0.85719156,,,
80,LHeel,489.7245,382.62985,0.8105399,,,
80,RHeel,546.57666,364.0233,0.8356607,,,
81,Nose,471.37775,109.92495,0.93285227,,,
81,LEye,477.6343,103.7042,0.970894,,,
81,REye,468.24945,103.7042,0.94259083,,,
81,LEar,487.01917,109.92495,0.8821895,,,
81,REar,461.9929,103.7042,0.88441944,,,
81,LShoulder,499.53232,134.80795,0.8382135,0.17835364,-0.24111994,-0.05791329
81,RShoulder,446.35144,147.24945,0.7238715,0.0495077,-0.21726768,0.0061775604
81,LElbow,543.3283,147.24945,0.8737233,0.27763706,-0.21015011,0.013928925
81,RElbow,436.96658,184.57396,0.87756336,0.02325196,-0.12746754,0.10099439
81,LWrist,524.5586,184.57396,0.93859327,0.22737674,-0.12863258,-0.0044010784
81,RWrist,458.8646,221.89847,0.88521767,0.076752156,-0.045709312,0.060089216
81,LHip,502.6606,228.11922,0.82013744,0.18952158,-0.032215927,-0.037734713
81,RHip,474.50604,240.56073,0.9109035,0.11005226,-0.007126106,0.035637632
81,LKnee,477.6343,290.32672,0.92545015,0.12738173,0.12461491,-0.1499472
81,RKnee,477.6343,308.98898,0.5532874,0.11651304,0.1587778,-0.078484245
81,LAnkle,483.8909,371.1965,0.9002017,0.14296219,0.3170366,-0.041404482
81,RAnkle,527.6869,358.755,0.77062845,0.24088497,0.2719365,0.032568816
81,Head,474.50604,78.8212,0.8605258,0.11761122,-0.3787302,-0.07025811
81,Neck,471.37775,128.5872,0.9392757,0.10845634,-0.25990066,-0.035671152
81,Hip,487.01917,228.11922,0.90383244,0.14719461,-0.02126609,-0.00081865815
81,LBigToe,461.9929,389.85873,0.798679,,,
81,RBigToe,524.5586,389.85873,0.84602326,,,
81,LSmallToe,468.24945,396.0795,0.86188465,,,
81,RSmallToe,521.4303,389.85873,0.79000443,,,
81,LHeel,490.14746,383.638,0.84432226,,,
81,RHeel,540.2001,358.755,0.8303872,,,
82,Nose,472.86224,110.39883,0.96787614,,,
82,LEye,476.01248,104.18972,0.95030326,,,
82,REye,466.56183,104.18972,0.9321316,,,
82,LEar,485.46313,110.39883,0.91372055,,,
82,REar,460.26138,104.18972,0.89736897,,,
82,LShoulder,501.2142,135.23528,0.8364317,0.17522286,-0.23948234,-0.06132576
82,RShoulder,447.66052,147.65349,0.75462085,0.04651899,-0.21933384,0.0046147835
82,LElbow,542.16705,147.65349,0.8863411,0.27486104,-0.20702519,0.011274492
82,RElbow,435.05966,184.90814,0.8929905,0.018537346,-0.12957373,0.099763446
82,LWrist,523.26575,184.90814,0.95274365,0.22282189,-0.12748846,-0.0058593247
82,RWrist,457.11118,222.16281,0.92077804,0.0710178,-0.04561793,0.060472544
82,LHip,501.2142,228.37192,0.8541093,0.18409082,-0.031468958,-0.03907052
82,RHip,472.86224,240.79013,0.8980885,0.10549193,-0.009147121,0.037155703
82,LKnee,479.1627,290.463,0.904597,0.125886,0.12757282,-0.15018125
82,RKnee,463.41162,309.09033,0.7645365,0.08910927,0.153749,-0.08035656
82,LAnkle,485.46313,371.18143,0.900494,0.14411831,0.31819865,-0.040964834
82,RAnkle,523.26575,352.5541,0.806078,0.22533959,0.26052973,0.0261497
82,Head,476.01248,79.35328,0.9107898,0.11673533,-0.37916517,-0.07234646
82,Neck,472.86224,129.02615,0.9460198,0.10598535,-0.26044837,-0.038575806
82,Hip,485.46313,228.37192,0.92504966,0.14203101,-0.022116248,-0.0009320914
82,LBigToe,463.41162,396.01788,0.7654151,,,
82,RBigToe,523.26575,383.59967,0.86269987,,,
82,LSmallToe,466.56183,396.01788,0.79168606,,,
82,RSmallToe,520.1155,383.59967,0.9167426,,,
82,LHeel,488.61334,383.59967,0.83505964,,,
82,RHeel,532.7164,346.345,0.78229034,,,
83,Nose,470.53616,110.40136,0.9355277,,,
83,LEye,476.87076,104.206055,0.9523587,,,
83,REye,467.36884,104.206055,0.9616015,,,
83,LEar,483.20538,110.40136,0.9017302,,,
83,REar,461.03424,104.206055,0.9119954,,,
83,LShoulder,499.04193,141.37788,0.8765079,0.17220782,-0.23641254,-0.064266436
83,RShoulder,445.1977,147.57318,0.75797695,0.043677524,-0.22018392,0.0034779666
83,LElbow,540.2169,153.7685,0.90320504,0.2719013,-0.20211455,0.009311758
83,RElbow,432.52844,184.74501,0.90712726,0.013988079,-0.13085067,0.09894234
83,LWrist,521.2131,184.74501,0.93784934,0.21820216,-0.12515968,-0.006913184
83,RWrist,454.69962,221.91682,0.9362059,0.06528706,-0.045049444,0.060642496
83,LHip,499.04193,234.30743,0.90047234,0.17880185,-0.0290321,-0.040313005
83,RHip,470.53616,240.50275,0.92184436,0.101451285,-0.00973936,0.038621977
83,LKnee,480.0381,296.26047,0.85831285,0.12464336,0.13136326,-0.15078473
83,RKnee,457.8669,302.45578,0.80582017,0.062807456,0.1467556,-0.08276942
83,LAnkle,486.37268,376.79944,0.9044748,0.14422819,0.3198031,-0.040029936
83,RAnkle,514.8785,339.6276,0.7634442,0.2096622,0.24690817,0.021746667
83,Head,473.70346,79.42484,0.93374926,0.11584656,-0.37864047,-0.073855825
83,Neck,470.53616,128.98727,0.9619418,0.10361807,-0.25980562,-0.041057568
83,Hip,483.20538,228.11214,0.9049799,0.1371747,-0.021270012,-0.0010012642
83,LBigToe,464.20154,395.38535,0.7743582,,,
83,RBigToe,521.2131,382.99472,0.79063106,,,
83,LSmallToe,470.53616,395.38535,0.8063169,,,
83,RSmallToe,518.0458,376.79944,0.914768,,,
83,LHeel,489.54,389.19003,0.8486922,,,
83,RHeel,521.2131,333.4323,0.73163897,,,
84,Nose,472.20706,116.9559,0.9324006,,,
84,LEye,475.38034,104.56958,0.9190532,,,
84,REye,465.8605,104.56958,0.9371187,,,
84,LEar,484.90015,110.76274,0.90427613,,,
84,REar,459.51398,104.56958,0.91587603,,,
84,LShoulder,497.59323,141.72855,0.8736974,0.16903101,-0.2326821,-0.06705567
84,RShoulder,443.6476,147.9217,0.73440176,0.04074233,-0.2200035,0.002495532
84,LElbow,538.84576,154.11487,0.9138032,0.26877505,-0.19699317,0.0069964277
84,RElbow,430.9545,185.08067,0.925414,0.009538524,-0.13147244,0.09823202
84,LWrist,519.80615,185.08067,0.93316597,0.2136444,-0.12209186,-0.00731034
84,RWrist,453.16742,222.23964,0.9401964,0.059485316,-0.044154707,0.0610603
84,LHip,497.59323,234.62596,0.92251444,0.17332791,-0.025822425,-0.041389003
84,RHip,469.03378,240.81912,0.91136235,0.09750916,-0.0088872295,0.03993097
84,LKnee,478.5536,296.5576,0.8778635,0.12231975,0.13444725,-0.15224476
84,RKnee,446.82086,296.5576,0.87186754,0.03940475,0.13884853,-0.084049635
84,LAnkle,484.90015,377.06866,0.87367404,0.1431095,0.32099935,-0.03899712
84,RAnkle,510.28632,333.71655,0.82671636,0.19442053,0.23222868,0.019588308
84,Head,472.20706,79.796936,0.9193441,0.11490102,-0.37729773,-0.07514941
84,Neck,469.03378,129.34222,0.9374359,0.10116845,-0.25816303,-0.04331359
84,Hip,484.90015,228.4328,0.9071194,0.13238156,-0.019208815,-0.0009747229
84,LBigToe,462.68723,389.455,0.7865682,,,
84,RBigToe,516.6329,370.87552,0.9080951,,,
84,LSmallToe,469.03378,395.64816,0.8134224,,,
84,RSmallToe,513.4596,364.68234,0.9088607,,,
84,LHeel,491.2467,389.455,0.8833867,,,
84,RHeel,516.6329,327.52338,0.7151722,,,
85,Nose,470.69864,111.31151,0.9452229,,,
85,LEye,473.86407,105.12942,0.9007823,,,
85,REye,464.3678,105.12942,0.9259151,,,
85,LEar,483.36035,111.31151,0.91631025,,,
85,REar,458.03693,105.12942,0.91764313,,,
85,LShoulder,496.0221,142.22195,0.8845898,0.16576949,-0.22749226,-0.069476455
85,RShoulder,442.20978,148.40404,0.6750754,0.037651043,-0.21804054,0.0019300792
85,LElbow,537.17267,154.58614,0.91101146,0.26551023,-0.19107275,0.005227837
85,RElbow,429.54807,185.49658,0.9409591,0.0051193833,-0.13123389,0.09834724
85,LWrist,518.1801,185.49658,0.90956986,0.20916066,-0.118159324,-0.007374758
85,RWrist,448.54065,222.58911,0.9292197,0.05366648,-0.042956516,0.062031038
85,LHip,496.0221,234.9533,0.900767,0.16762608,-0.02027388,-0.042039923
85,RHip,467.53323,241.13538,0.9118691,0.093721494,-0.0039127357,0.040981304
85,LKnee,477.0295,296.77417,0.85572374,0.11904683,0.13740857,-0.15544787
85,RKnee,439.04437,296.77417,0.9055916,0.01874933,0.13139726,-0.08484293
85,LAnkle,483.36035,377.14133,0.8838637,0.14105533,0.32222542,-0.03817697
85,RAnkle,505.51837,327.68463,0.814083,0.18033642,0.21709986,0.018894473
85,Head,473.86407,80.40106,0.88827014,0.11383022,-0.3744137,-0.075543694
85,Neck,467.53323,136.03987,0.93435025,0.09866658,-0.25434545,-0.04484848
85,Hip,483.36035,234.9533,0.8922651,0.12797295,-0.013662115,-0.0006410836
85,LBigToe,461.20236,395.68762,0.8134208,,,
85,RBigToe,515.01465,358.59506,0.8265387,,,
85,LSmallToe,467.53323,395.68762,0.83348835,,,
85,RSmallToe,508.6838,358.59506,0.8709969,,,
85,LHeel,489.69122,389.50552,0.90037435,,,
85,RHeel,515.01465,321.50253,0.81362,,,
86,Nose,468.87192,111.84087,0.9429259,,,
86,LEye,475.2372,105.64646,0.9170044,,,
86,REye,465.68927,105.64646,0.9428445,,,
86,LEar,481.6025,118.035286,0.9293597,,,
86,REar,459.32397,105.64646,0.89024496,,,
86,LShoulder,494.3331,142.81294,0.87099355,0.16233054,-0.22380824,-0.071535304
86,RShoulder,443.4107,149.00735,0.6249929,0.034343768,-0.21741006,0.0013864506
86,LElbow,535.7075,161.39618,0.9019896,0.26208425,-0.18589595,0.0035674886
86,RElbow,427.49747,186.17383,0.93696666,0.00081778714,-0.13158241,0.09814756
86,LWrist,516.61163,192.36824,0.9281319,0.20419878,-0.114528686,-0.007879459
86,RWrist,446.59335,223.34032,0.9422202,0.04790704,-0.042555686,0.06282513
86,LHip,494.3331,235.72914,0.8619246,0.16151512,-0.01698118,-0.042457514
86,RHip,465.68927,241.92355,0.8991072,0.089222014,-0.0016275067,0.041973732
86,LKnee,475.2372,297.67328,0.90145475,0.11468941,0.13963974,-0.15735497
86,RKnee,430.6801,291.47885,0.8911529,0.0013574564,0.12326431,-0.08402472
86,LAnkle,481.6025,378.20065,0.84310013,0.13842706,0.3229373,-0.037230175
86,RAnkle,503.88104,322.45093,0.7321,0.16718668,0.20185752,0.019303476
86,Head,472.05457,80.868805,0.8671024,0.11275014,-0.37263232,-0.07645082
86,Neck,468.87192,136.61853,0.9120384,0.09587873,-0.252209,-0.046459414
86,Hip,481.6025,235.72914,0.88197875,0.122709796,-0.010645796,-0.00052219094
86,LBigToe,459.32397,396.78387,0.76174355,,,
86,RBigToe,510.24634,353.423,0.7899254,,,
86,LSmallToe,465.68927,396.78387,0.7725943,,,
86,RSmallToe,507.0637,347.22858,0.8239435,,,
86,LHeel,487.9678,390.58948,0.85107666,,,
86,RHeel,510.24634,316.2565,0.7247319,,,
87,Nose,469.4512,112.06529,0.9610874,,,
87,LEye,472.70557,105.886086,0.9414311,,,
87,REye,466.19684,105.886086,0.9182252,,,
87,LEar,479.21432,118.2445,0.9230158,,,
87,REar,456.43372,105.886086,0.92252415,,,
87,LShoulder,492.2318,142.96133,0.8794486,0.15874511,-0.22170056,-0.07296934
87,RShoulder,436.9075,149.14053,0.65626174,0.030745016,-0.21806669,0.00090863137
87,LElbow,534.53864,161.49895,0.93346554,0.2585716,-0.18307745,0.0019571593
87,RElbow,423.89,186.21577,0.93283004,-0.0034408343,-0.13283092,0.09817525
87,LWrist,511.75806,192.39499,0.9462215,0.19923794,-0.112477645,-0.0080357455
87,RWrist,443.41623,223.29102,0.9374375,0.042219535,-0.043317422,0.06358011
87,LHip,492.2318,235.64943,0.82420874,0.15497606,-0.014738466,-0.042759903
87,RHip,462.94247,241.82864,0.8873622,0.08380462,-0.0008582976,0.04280275
87,LKnee,472.70557,297.4415,0.9199679,0.109458596,0.14116767,-0.15845844
87,RKnee,423.89,291.2623,0.87381047,-0.012539415,0.11611618,-0.082396664
87,LAnkle,482.4687,377.77118,0.8471451,0.13554108,0.32317048,-0.03624865
87,RAnkle,498.74054,315.97913,0.72835636,0.15601614,0.18725006,0.021550274
87,Head,472.70557,81.16926,0.9045428,0.11163346,-0.371818,-0.07751742
87,Neck,466.19684,136.78212,0.9290737,0.09279679,-0.25141978,-0.047755897
87,Hip,475.95996,235.64943,0.8823129,0.11666228,-0.008914407,-0.0005092956
87,LBigToe,459.6881,396.3088,0.86406696,,,
87,RBigToe,501.99493,346.87515,0.86906374,,,
87,LSmallToe,466.19684,396.3088,0.84039503,,,
87,RSmallToe,501.99493,340.69595,0.85022765,,,
87,LHeel,488.97745,390.1296,0.874454,,,
87,RHeel,508.50366,309.7999,0.72925043,,,
88,Nose,466.50778,112.16578,0.94763726,,,
88,LEye,473.17554,105.99944,0.90984267,,,
88,REye,466.50778,105.99944,0.9046896,,,
88,LEar,479.8433,118.33212,0.8692247,,,
88,REar,456.50616,105.99944,0.92187715,,,
88,LShoulder,489.8449,142.99748,0.86874825,0.15491942,-0.22111641,-0.07400324
88,RShoulder,433.16907,149.16383,0.6937761,0.026785288,-0.22020993,0.0001628173
88,LElbow,533.18524,161.4965,0.9313958,0.25485858,-0.18205081,0.00040459423
88,RElbow,423.16742,186.16187,0.9297965,-0.007802587,-0.13518503,0.09805288
88,LWrist,509.84814,192.32822,0.9409838,0.19406945,-0.11187829,-0.008532127
88,RWrist,443.1707,223.15991,0.9461798,0.036452625,-0.04549051,0.063981034
88,LHip,486.51105,241.65894,0.8489685,0.14804497,-0.013299953,-0.04294847
88,RHip,459.84006,241.65894,0.9169307,0.07742049,-0.0020418651,0.043407995
88,LKnee,469.84167,297.156,0.88873684,0.10321926,0.14198847,-0.15863296
88,RKnee,419.83356,290.98965,0.85366833,-0.023263993,0.11076158,-0.080610916
88,LAnkle,483.17715,377.31845,0.939402,0.13171631,0.32291675,-0.034719996
88,RAnkle,486.51105,303.32236,0.61672795,0.14680243,0.1731481,0.02646832
88,Head,476.5094,81.334076,0.86882675,0.11027145,-0.37209666,-0.07881049
88,Neck,463.17392,136.83115,0.951222,0.08937719,-0.25209656,-0.04906498
88,Hip,473.17554,235.4926,0.9065531,0.109879956,-0.008799899,-0.0005042872
88,LBigToe,459.84006,395.81747,0.82618093,,,
88,RBigToe,503.18042,334.15405,0.65771157,,,
88,LSmallToe,466.50778,395.81747,0.85330355,,,
88,RSmallToe,499.84653,334.15405,0.7108795,,,
88,LHeel,489.8449,389.65112,0.87923557,,,
88,RHeel,493.17877,297.156,0.73879343,,,
89,Nose,467.16815,111.70207,0.96900976,,,
89,LEye,473.93277,105.5289,0.91807204,,,
89,REye,463.78586,105.5289,0.93558896,,,
89,LEar,477.31506,117.87525,0.8503047,,,
89,REar,453.63895,105.5289,0.8774531,,,
89,LShoulder,490.8443,142.56796,0.850787,0.15091413,-0.22237872,-0.07475319
89,RShoulder,433.34512,142.56796,0.6849203,0.022541083,-0.22419801,-0.0010346759
89,LElbow,531.43195,161.08748,0.9369855,0.25098273,-0.18260142,-0.0011077423
89,RElbow,423.1982,185.7802,0.92008674,-0.012358573,-0.13885532,0.09761868
89,LWrist,507.7558,191.95337,0.9434386,0.18878347,-0.112623096,-0.009265168
89,RWrist,440.10974,222.81924,0.9302026,0.030715292,-0.04905198,0.06403946
89,LHip,484.07968,241.33878,0.8834791,0.1407964,-0.013749907,-0.04306807
89,RHip,457.02124,241.33878,0.92958826,0.07005862,-0.005743958,0.043739446
89,LKnee,467.16815,296.89737,0.90747964,0.09640741,0.14181207,-0.15761982
89,RKnee,416.4336,284.55103,0.88911307,-0.031029603,0.107188374,-0.07947168
89,LAnkle,480.6974,377.14865,0.89294124,0.12687913,0.32217968,-0.03258145
89,RAnkle,490.8443,303.07056,0.5944257,0.13986804,0.16026506,0.033548858
89,Head,473.93277,80.83619,0.8905807,0.10833201,-0.37392196,-0.08069298
89,Neck,460.40356,136.39478,0.926443,0.08573595,-0.25473908,-0.05064361
89,Hip,470.55048,235.1656,0.9170811,0.10250226,-0.011154516,-0.0005721126
89,LBigToe,460.40356,395.66818,0.7994681,,,
89,RBigToe,497.6089,327.76324,0.75444895,,,
89,LSmallToe,463.78586,395.66818,0.8047177,,,
89,RSmallToe,497.6089,327.76324,0.77002114,,,
89,LHeel,487.46198,389.49503,0.84644383,,,
89,RHeel,494.2266,290.72418,0.7675193,,,
90,Nose,465.45486,110.60259,0.97332054,,,
90,LEye,472.2315,104.39903,0.9425705,,,
90,REye,462.06656,104.39903,0.9126694,,,
90,LEar,479.00812,116.80615,0.84240204,,,
90,REar,455.28992,98.19547,0.86345524,,,
90,LShoulder,489.17307,141.62038,0.85252327,0.14674187,-0.22501005,-0.075487114
90,RShoulder,431.57175,141.62038,0.70799655,0.018296469,-0.22952305,-0.0026248747
90,LElbow,529.8328,160.23105,0.94159824,0.24689643,-0.18414657,-0.0028316958
90,RElbow,421.4068,185.04529,0.92773354,-0.017174697,-0.14354524,0.09653087
90,LWrist,506.11462,191.24884,0.95645535,0.18334422,-0.11416668,-0.010456116
90,RWrist,438.34836,216.06308,0.9052895,0.024893891,-0.05366414,0.063547514
90,LHip,479.00812,240.8773,0.8806352,0.13318911,-0.015872037,-0.043162115
90,RHip,451.9016,240.8773,0.9071715,0.06184388,-0.011936868,0.043854307
90,LKnee,465.45486,296.70932,0.93615246,0.088884935,0.14088576,-0.15566188
90,RKnee,414.6302,284.30222,0.88750964,-0.035744593,0.10616155,-0.078479744
90,LAnkle,479.00812,377.35556,0.8747925,0.12107003,0.3208598,-0.030005792
90,RAnkle,489.17307,296.70932,0.61212885,0.13542785,0.14922352,0.042568035
90,Head,472.2315,79.5848,0.91410285,0.1060605,-0.3768581,-0.08329397
90,Neck,462.06656,129.21326,0.90777004,0.08206324,-0.25892782,-0.05281161
90,Hip,465.45486,234.67375,0.9145483,0.09459005,-0.015677897,-0.0006998989
90,LBigToe,458.67825,395.96625,0.8388372,,,
90,RBigToe,499.33798,321.52356,0.7743015,,,
90,LSmallToe,465.45486,395.96625,0.7965789,,,
90,RSmallToe,495.94968,321.52356,0.78186834,,,
90,LHeel,489.17307,383.55914,0.82737464,,,
90,RHeel,495.94968,284.30222,0.83410805,,,
91,Nose,463.60132,109.67191,0.95956415,,,
91,LEye,470.3227,103.456856,0.9567244,,,
91,REye,460.2406,97.2418,0.8936527,,,
91,LEar,477.0441,109.67191,0.8457143,,,
91,REar,453.51923,97.2418,0.87559783,,,
91,LShoulder,487.1262,140.7472,0.8519097,0.14272629,-0.22759576,-0.07653598
91,RShoulder,429.99432,140.7472,0.7232408,0.014211267,-0.23472936,-0.0045857523
91,LElbow,527.4546,159.39236,0.939003,0.24283987,-0.18546467,-0.004378234
91,RElbow,419.91223,178.03752,0.9086418,-0.022302186,-0.14842069,0.09491854
91,LWrist,503.9297,190.46764,0.9550136,0.17797838,-0.115476355,-0.01137008
91,RWrist,433.355,215.32787,0.9187161,0.01915139,-0.05800144,0.06303213
91,LHip,477.0441,240.18808,0.86523014,0.1255936,-0.018964725,-0.04311863
91,RHip,450.1585,233.97304,0.8778197,0.053470016,-0.018594736,0.043893766
91,LKnee,460.2406,296.1236,0.92521775,0.080942675,0.13972051,-0.1535558
91,RKnee,413.19083,283.69348,0.8851911,-0.038233295,0.10727033,-0.077803895
91,LAnkle,477.0441,370.70425,0.9134032,0.11408587,0.31909952,-0.027143097
91,RAnkle,487.1262,289.90854,0.59988785,0.13259363,0.14063504,0.051739205
91,Head,470.3227,78.596634,0.9231677,0.10358245,-0.3797004,-0.08609693
91,Neck,460.2406,128.31708,0.91858023,0.07859872,-0.262848,-0.05566722
91,Hip,463.60132,233.97304,0.8657003,0.0865404,-0.021108903,-0.00076055597
91,LBigToe,456.8799,395.56448,0.9053962,,,
91,RBigToe,500.569,314.76877,0.76820904,,,
91,LSmallToe,466.962,395.56448,0.8036884,,,
91,RSmallToe,497.2083,314.76877,0.73311216,,,
91,LHeel,483.7655,383.13437,0.846794,,,
91,RHeel,493.8476,277.47842,0.7558719,,,
92,Nose,462.6814,108.71686,0.974656,,,
92,LEye,469.33588,102.47154,0.9212108,,,
92,REye,459.35416,102.47154,0.9271698,,,
92,LEar,472.66315,114.96217,0.82753175,,,
92,REar,452.69968,96.22622,0.8610597,,,
92,LShoulder,482.64487,139.94345,0.86353076,0.1385816,-0.22948025,-0.07777321
92,RShoulder,429.40894,139.94345,0.73374313,0.010192543,-0.23933314,-0.00677941
92,LElbow,525.89905,158.67941,0.9386061,0.2386015,-0.1862084,-0.005666556
92,RElbow,416.09998,177.41536,0.94934803,-0.027522946,-0.15284072,0.092815
92,LWrist,502.60834,189.906,0.940724,0.17256324,-0.116320446,-0.012028849
92,RWrist,432.7362,214.88727,0.93352705,0.013359023,-0.06201345,0.06205537
92,LHip,472.66315,233.62323,0.81670946,0.11823181,-0.021527959,-0.042796418
92,RHip,446.04517,233.62323,0.9200037,0.045577724,-0.023797967,0.04377635
92,LKnee,456.02692,296.07642,0.94486284,0.073133565,0.1386009,-0.15181018
92,RKnee,412.77274,283.5858,0.8697497,-0.03900741,0.11023165,-0.07719299
92,LAnkle,472.66315,371.02023,0.961894,0.104764104,0.31744012,-0.024391472
92,RAnkle,485.9721,289.8311,0.45120198,0.1305377,0.13411637,0.059844337
92,Head,469.33588,77.490265,0.8912464,0.10083381,-0.38205352,-0.08877679
92,Neck,456.02692,127.45281,0.9335774,0.075102285,-0.26591104,-0.058565516
92,Hip,459.35416,227.37791,0.8612466,0.078839764,-0.026698856,-0.00077934074
92,LBigToe,456.02692,396.0015,0.9090881,,,
92,RBigToe,502.60834,314.81238,0.7042583,,,
92,LSmallToe,462.6814,396.0015,0.8642361,,,
92,RSmallToe,495.95386,314.81238,0.7008478,,,
92,LHeel,479.31763,383.51086,0.82267463,,,
92,RHeel,489.29938,277.34045,0.6564149,,,
93,Nose,461.71634,108.11096,0.9610636,,,
93,LEye,468.26147,108.11096,0.9315872,,,
93,REye,458.44376,101.863045,0.92518216,,,
93,LEar,474.80664,114.35889,0.8451012,,,
93,REar,451.89862,95.61512,0.85521007,,,
93,LShoulder,481.35178,139.35057,0.8854178,0.13442498,-0.22951023,-0.07845741
93,RShoulder,428.9906,139.35057,0.72440565,0.0061201584,-0.242079,-0.008373112
93,LElbow,523.8952,158.09433,0.9342423,0.2341324,-0.18551607,-0.006467823
93,RElbow,415.90033,176.83809,0.9442182,-0.03302925,-0.15610035,0.091330886
93,LWrist,500.9872,189.33394,0.9377879,0.16709875,-0.11599101,-0.012217598
93,RWrist,432.26318,214.32562,0.9243663,0.007451066,-0.064934716,0.061709505
93,LHip,471.53406,233.06938,0.8287063,0.1113897,-0.02198844,-0.04238613
93,RHip,442.0809,233.06938,0.89377505,0.037743025,-0.025823986,0.04337106
93,LKnee,455.1712,295.54858,0.9488272,0.06601676,0.13828824,-0.15112832
93,RKnee,412.62775,289.30066,0.8582573,-0.03905097,0.115196824,-0.07616574
93,LAnkle,464.98892,370.52365,0.93296206,0.09264316,0.3165826,-0.022111565
93,RAnkle,487.89694,289.30066,0.4873603,0.12860212,0.12921445,0.066554956
93,Head,468.26147,76.87136,0.88876754,0.09771575,-0.38293496,-0.09034941
93,Neck,458.44376,126.85473,0.9229795,0.07159517,-0.26709375,-0.06040352
93,Hip,455.1712,226.82146,0.86268395,0.071766295,-0.028735021,-0.0007742704
93,LBigToe,451.89862,395.51532,0.8879577,,,
93,RBigToe,500.9872,308.04443,0.6662273,,,
93,LSmallToe,458.44376,395.51532,0.8717687,,,
93,RSmallToe,497.71466,308.04443,0.66803813,,,
93,LHeel,471.53406,383.01947,0.864808,,,
93,RHeel,491.1695,276.80484,0.6681111,,,
94,Nose,460.27924,113.363045,0.95252615,,,
94,LEye,466.7608,107.09791,0.9582059,,,
94,REye,457.03842,100.83277,0.930557,,,
94,LEar,473.2424,113.363045,0.8584605,,,
94,REar,450.55682,100.83277,0.828493,,,
94,LShoulder,479.724,138.42358,0.8520698,0.13023129,-0.22830734,-0.07870405
94,RShoulder,427.87125,138.42358,0.685741,0.0020828964,-0.243592,-0.009541759
94,LElbow,521.8544,157.219,0.90869176,0.2294563,-0.18337788,-0.0068398733
94,RElbow,411.66724,176.0144,0.9219856,-0.03876427,-0.15848441,0.09009265
94,LWrist,499.1688,188.54468,0.9220516,0.16152677,-0.11461568,-0.012093255
94,RWrist,427.87125,207.34009,0.9342262,0.0015145072,-0.066955015,0.061861835
94,LHip,470.00162,232.40063,0.8071154,0.10504252,-0.021565842,-0.041688204
94,RHip,440.83444,232.40063,0.8732485,0.029977346,-0.026526239,0.042725485
94,LKnee,450.55682,295.05197,0.95746756,0.059263784,0.13866062,-0.15034981
94,RKnee,411.66724,288.78687,0.89641356,-0.038914923,0.120732844,-0.07508656
94,LAnkle,457.03842,370.2336,0.9062436,0.0783228,0.31682056,-0.020147031
94,RAnkle,482.9648,288.78687,0.41310292,0.12655748,0.12589999,0.07173448
94,Head,466.7608,75.77223,0.8827349,0.094328046,-0.38289505,-0.091383584
94,Neck,457.03842,125.89332,0.9350886,0.06803075,-0.26713562,-0.061789326
94,Hip,453.79764,226.1355,0.89153165,0.06495119,-0.029331893,-0.000896052
94,LBigToe,440.83444,395.29416,0.88490754,,,
94,RBigToe,502.4096,307.58224,0.20331934,,,
94,LSmallToe,447.31604,395.29416,0.8317594,,,
94,RSmallToe,495.928,307.58224,0.2623472,,,
94,LHeel,463.52002,382.7639,0.8494507,,,
94,RHeel,486.2056,276.2566,0.5768556,,,
95,Nose,458.64,114.04835,0.95356613,,,
95,LEye,465.04413,107.7885,0.9636322,,,
95,REye,455.43793,101.52864,0.9279052,,,
95,LEar,471.44827,114.04835,0.87927824,,,
95,REar,449.03378,95.26878,0.8353052,,,
95,LShoulder,477.85242,145.34763,0.8497693,0.12610047,-0.22552086,-0.078391515
95,RShoulder,426.6193,139.08777,0.6948439,-0.001859504,-0.24355252,-0.010111958
95,LElbow,519.4794,164.12718,0.87411696,0.2246322,-0.17923917,-0.0065366495
95,RElbow,407.40686,170.38704,0.9099346,-0.044684254,-0.15980844,0.0894564
95,LWrist,497.06485,189.16661,0.91601694,0.15593596,-0.11177611,-0.011869382
95,RWrist,426.6193,214.20602,0.8986504,-0.004427771,-0.06739272,0.063080356
95,LHip,465.04413,239.24544,0.81119037,0.099033415,-0.019927964,-0.040759705
95,RHip,436.2255,232.98558,0.8508228,0.022274313,-0.025387391,0.04194971
95,LKnee,449.03378,295.58414,0.9204597,0.05355216,0.13998441,-0.1498874
95,RKnee,413.811,289.32428,0.87742114,-0.038617134,0.12717183,-0.07406579
95,LAnkle,449.03378,370.7024,0.8573727,0.06405443,0.31886026,-0.018758332
95,RAnkle,484.25656,289.32428,0.47750968,0.124122664,0.12421943,0.075392716
95,Head,465.04413,76.48922,0.8964711,0.090838835,-0.3816517,-0.091532856
95,Neck,455.43793,126.56806,0.9205431,0.06449724,-0.26579794,-0.062474146
95,Hip,452.23587,226.72574,0.8675877,0.058426265,-0.027718715,-0.0009843905
95,LBigToe,433.02344,395.7418,0.8602029,,,
95,RBigToe,503.469,308.10385,0.32582688,,,
95,LSmallToe,439.42758,402.00165,0.8151438,,,
95,RSmallToe,500.26694,308.10385,0.38205832,,,
95,LHeel,455.43793,383.2221,0.79852986,,,
95,RHeel,484.25656,276.80457,0.5764954,,,
96,Nose,456.6185,115.815605,0.9482582,,,
96,LEye,463.0035,109.54805,0.9734582,,,
96,REye,453.426,103.28049,0.9150839,,,
96,LEar,469.38852,115.815605,0.8595383,,,
96,REar,447.04102,97.01293,0.87521774,,,
96,LShoulder,475.7735,147.1534,0.85411143,0.12167801,-0.22185962,-0.07781331
96,RShoulder,424.6935,140.88583,0.69857234,-0.005996368,-0.24223475,-0.010701351
96,LElbow,517.276,165.95605,0.8894914,0.21953228,-0.17469393,-0.0059969723
96,RElbow,405.5385,172.22362,0.93709636,-0.05036623,-0.15959413,0.088737406
96,LWrist,491.73602,191.02629,0.9092237,0.15038578,-0.10790591,-0.011379827
96,RWrist,421.501,209.82896,0.9247269,-0.010497998,-0.066826716,0.063831665
96,LHip,463.0035,234.89919,0.83433026,0.093136564,-0.017813805,-0.03960522
96,RHip,434.271,234.89919,0.86261666,0.014758941,-0.022499707,0.04114779
96,LKnee,447.04102,297.57477,0.9225817,0.048706472,0.14177172,-0.14959851
96,RKnee,411.9235,297.57477,0.9011592,-0.038773034,0.13430108,-0.07275749
96,LAnkle,443.8485,379.053,0.91602576,0.05437942,0.32116273,-0.017943075
96,RAnkle,463.0035,285.03964,0.5346587,0.12139625,0.12411876,0.07764775
96,Head,463.0035,78.210266,0.90858984,0.087140314,-0.37943935,-0.091194496
96,Neck,453.426,128.35072,0.9346715,0.060762167,-0.26331857,-0.06274728
96,Hip,447.04102,228.63164,0.88816214,0.052059885,-0.024390984,-0.0010672582
96,LBigToe,431.0785,397.85568,0.91899556,,,
96,RBigToe,469.38852,297.57477,0.2921479,,,
96,LSmallToe,437.4635,397.85568,0.8970702,,,
96,RSmallToe,469.38852,297.57477,0.43179148,,,
96,LHeel,447.04102,391.58813,0.8450363,,,
96,RHeel,472.58102,285.03964,0.52128035,,,
97,Nose,454.5174,110.94589,0.93111557,,,
97,LEye,460.9418,110.94589,0.9691826,,,
97,REye,454.5174,104.71532,0.9098276,,,
97,LEar,467.3662,117.176476,0.871884,,,
97,REar,444.88083,98.48473,0.88053954,,,
97,LShoulder,473.7906,148.32938,0.86773366,0.11722833,-0.21745813,-0.07728103
97,RShoulder,419.18326,142.09879,0.7251057,-0.010333973,-0.23972853,-0.011231812
97,LElbow,515.54913,167.0211,0.8913898,0.21438318,-0.16964494,-0.005085798
97,RElbow,403.12225,173.2517,0.9319356,-0.055793963,-0.15819098,0.08826394
97,LWrist,489.85156,198.17401,0.9091413,0.14495593,-0.10318634,-0.010596431
97,RWrist,419.18326,210.63516,0.92722595,-0.01642557,-0.06477238,0.06433416
97,LHip,460.9418,235.55748,0.83344775,0.087661654,-0.014784353,-0.038713165
97,RHip,432.03204,235.55748,0.8557752,0.008279288,-0.018773869,0.040582255
97,LKnee,444.88083,297.86328,0.9213824,0.04450467,0.1438051,-0.15073141
97,RKnee,412.75885,297.86328,0.9386636,-0.04101343,0.13947298,-0.07324966
97,LAnkle,441.66864,378.8608,0.8990696,0.048353538,0.32268658,-0.017649334
97,RAnkle,460.9418,291.6327,0.5579866,0.1176276,0.12585808,0.078267254
97,Head,460.9418,79.79299,0.9172033,0.08328974,-0.3764707,-0.09052744
97,Neck,451.3052,129.63763,0.9309638,0.056886904,-0.25988483,-0.0628093
97,Hip,444.88083,229.3269,0.86946714,0.04627453,-0.019950392,-0.0011131631
97,LBigToe,428.81982,397.55255,0.89909726,,,
97,RBigToe,502.70035,310.32443,0.5154357,,,
97,LSmallToe,438.45642,397.55255,0.91283536,,,
97,RSmallToe,499.48816,310.32443,0.52148384,,,
97,LHeel,448.09302,391.322,0.8312354,,,
97,RHeel,483.4272,279.17154,0.5681508,,,
98,Nose,455.2325,118.08296,0.95605934,,,
98,LEye,461.60916,111.87833,0.98167706,,,
98,REye,452.04416,105.67369,0.9550516,,,
98,LEar,467.98584,118.08296,0.8570407,,,
98,REar,442.4792,99.469055,0.86250436,,,
98,LShoulder,471.17416,149.10614,0.87591004,0.112638995,-0.2118937,-0.07650966
98,RShoulder,420.16083,142.9015,0.69234085,-0.015057525,-0.23547788,-0.011291619
98,LElbow,512.6225,167.72005,0.885934,0.20917684,-0.16435774,-0.0033635695
98,RElbow,401.03085,173.92468,0.94197726,-0.061108947,-0.15569578,0.088574655
98,LWrist,487.11584,198.74324,0.9164705,0.13962129,-0.09861487,-0.009463036
98,RWrist,416.9725,211.15251,0.94126713,-0.022333743,-0.06135891,0.06472622
98,LHip,458.42084,242.17569,0.8376888,0.08235953,-0.009494564,-0.03795405
98,RHip,429.72583,235.97105,0.81740624,0.002920727,-0.012562055,0.040283304
98,LKnee,442.4792,298.01743,0.9072142,0.040965505,0.14636622,-0.15346378
98,RKnee,410.59583,298.01743,0.9452906,-0.044999845,0.14377251,-0.074494444
98,LAnkle,442.4792,378.6777,0.87897056,0.0453246,0.32395586,-0.017637234
98,RAnkle,458.42084,291.81277,0.58314854,0.11329599,0.12893872,0.078086026
98,Head,458.42084,80.85514,0.9006854,0.07922382,-0.37219158,-0.0887441
98,Neck,448.85583,130.49223,0.9147422,0.052639812,-0.25472942,-0.061562784
98,Hip,445.6675,235.97105,0.8719759,0.040955067,-0.0130101135,-0.000912301
98,LBigToe,429.72583,397.2916,0.9124162,,,
98,RBigToe,499.86917,316.63132,0.36150905,,,
98,LSmallToe,439.29083,397.2916,0.9028095,,,
98,RSmallToe,467.98584,304.22205,0.39894044,,,
98,LHeel,448.85583,391.08698,0.8622281,,,
98,RHeel,467.98584,285.60815,0.6033112,,,
99,Nose,452.75146,113.128365,0.95849824,,,
99,LEye,459.1374,113.128365,0.9577544,,,
99,REye,449.55853,106.941315,0.9334108,,,
99,LEar,465.5233,119.315414,0.86033577,,,
99,REar,439.97964,100.754265,0.8611237,,,
99,LShoulder,468.71625,150.25066,0.87257445,0.10805778,-0.20762749,-0.0761195
99,RShoulder,417.62897,144.06361,0.6726641,-0.019824622,-0.23197354,-0.011639602
99,LElbow,510.22467,168.81181,0.8789971,0.20403403,-0.16041507,-0.0015831825
99,RElbow,398.47125,174.99886,0.94700044,-0.06617202,-0.15319283,0.088235825
99,LWrist,484.68103,199.74706,0.9210003,0.13436213,-0.095303476,-0.0084626
99,RWrist,414.436,212.12115,0.9250221,-0.027912023,-0.057454057,0.06454984
99,LHip,455.94443,243.0564,0.8266994,0.07738198,-0.005585974,-0.03729169
99,RHip,427.20782,236.86935,0.82075673,-0.001411706,-0.007761862,0.040152237
99,LKnee,439.97964,298.73984,0.8828764,0.038035233,0.14860208,-0.15578756
99,RKnee,408.0501,298.73984,0.93952185,-0.049876355,0.14590491,-0.07614162
99,LAnkle,443.1726,379.17148,0.85882556,0.043198965,0.32461226,-0.017490199
99,RAnkle,459.1374,292.5528,0.5349254,0.10817232,0.13336286,0.07745906
99,Head,455.94443,82.19312,0.91048527,0.075236365,-0.36859187,-0.087706394
99,Neck,446.36557,131.68951,0.9127104,0.048207995,-0.2504673,-0.060927518
99,Hip,443.1726,236.86935,0.8676091,0.03622749,-0.007551102,-0.00078694895
99,LBigToe,430.4008,391.54556,0.8840761,,,
99,RBigToe,497.45285,317.301,0.5228223,,,
99,LSmallToe,436.78668,397.73264,0.8877857,,,
99,RSmallToe,497.45285,311.11392,0.44632947,,,
99,LHeel,446.36557,391.54556,0.87087893,,,
99,RHeel,465.5233,286.36575,0.616067,,,
100,Nose,451.12625,114.22787,0.97226447,,,
100,LEye,457.54102,108.05659,0.9549528,,,
100,REye,447.91885,101.885315,0.9273188,,,
100,LEar,463.9558,120.39914,0.87586695,,,
100,REar,438.29666,101.885315,0.86622965,,,
100,LShoulder,467.1632,151.25552,0.8818856,0.10346238,-0.20493644,-0.07605245
100,RShoulder,412.63748,145.08424,0.68421257,-0.024735736,-0.22964692,-0.012190528
100,LElbow,508.85938,169.76935,0.9055358,0.19887668,-0.15810806,-0.00017624744
100,RElbow,396.6005,175.94063,0.9458749,-0.071175694,-0.15125878,0.08741107
100,LWrist,483.2002,200.62573,0.9131061,0.12908469,-0.0935636,-0.0079907235
100,RWrist,412.63748,219.13956,0.96346295,-0.033322178,-0.053881392,0.064201996
100,LHip,454.33362,243.82466,0.8629532,0.072226174,-0.0032962747,-0.03718443
100,RHip,425.46707,243.82466,0.825572,-0.00571974,-0.004963763,0.040258095
100,LKnee,441.50406,299.36615,0.8830468,0.03538328,0.15039928,-0.15733485
100,RKnee,406.2227,299.36615,0.9412236,-0.05546624,0.145661,-0.078066945
100,LAnkle,441.50406,379.59274,0.88668,0.041423954,0.32477212,-0.017442891
100,RAnkle,473.578,305.5374,0.6156009,0.101984695,0.13992375,0.07684978
100,Head,457.54102,83.37148,0.9032486,0.07134965,-0.36610988,-0.0876545
100,Neck,444.71146,132.7417,0.9161313,0.04360243,-0.24766241,-0.060986884
100,Hip,438.29666,237.65338,0.8806382,0.031390674,-0.0041268375,-0.00079976
100,LBigToe,428.67447,398.10657,0.9344939,,,
100,RBigToe,492.8224,324.05127,0.76973385,,,
100,LSmallToe,438.29666,398.10657,0.88622135,,,
100,RSmallToe,489.615,324.05127,0.6378877,,,
100,LHeel,447.91885,391.9353,0.8702128,,,
100,RHeel,476.7854,287.0236,0.7572399,,,
101,Nose,451.8072,114.71143,0.9425331,,,
101,LEye,455.02573,108.548874,0.9343802,,,
101,REye,448.58868,108.548874,0.91848683,,,
101,LEar,461.46274,120.87399,0.883848,,,
101,REar,438.93314,108.548874,0.90522313,,,
101,LShoulder,467.89978,151.6868,0.90288293,0.098841995,-0.2040773,-0.0763224
101,RShoulder,409.96652,145.52425,0.67134714,-0.029806377,-0.22921742,-0.0131307375
101,LElbow,506.52194,170.17448,0.9169164,0.19357783,-0.15756182,0.0005346376
101,RElbow,393.87396,176.33705,0.9123645,-0.07628516,-0.15060806,0.08587705
101,LWrist,480.77383,200.9873,0.91047925,0.12371637,-0.09361625,-0.008287217
101,RWrist,409.96652,219.47498,0.96378523,-0.038813025,-0.052222155,0.06305243
101,LHip,451.8072,244.12523,0.8664539,0.066664234,-0.0022406299,-0.037436586
101,RHip,422.84058,244.12523,0.83591,-0.010537415,-0.0045514926,0.0403109
101,LKnee,442.15167,305.75085,0.90102196,0.03221296,0.15153112,-0.15764439
101,RKnee,403.52948,299.5883,0.92554015,-0.061384745,0.14268537,-0.08028678
101,LAnkle,442.15167,379.7016,0.8980518,0.040002953,0.32445198,-0.01730145
101,RAnkle,467.89978,305.75085,0.7093733,0.09397434,0.14824769,0.0764495
101,Head,455.02573,83.89863,0.8935394,0.06736384,-0.36513522,-0.088571034
101,Neck,442.15167,133.19913,0.9143158,0.038864776,-0.24689926,-0.061704822
101,Hip,438.93314,237.96266,0.8842569,0.026109627,-0.0031305812,-0.0007660694
101,LBigToe,429.27762,398.18927,0.9421178,,,
101,RBigToe,487.21088,330.4011,0.8419205,,,
101,LSmallToe,438.93314,398.18927,0.9314485,,,
101,RSmallToe,483.99234,330.4011,0.807017,,,
101,LHeel,445.37018,392.0267,0.9105233,,,
101,RHeel,474.3368,293.42572,0.73948693,,,
102,Nose,450.19382,114.69755,0.97467875,,,
102,LEye,453.39233,108.53413,0.9025815,,,
102,REye,446.9953,102.370705,0.92735636,,,
102,LEar,459.78937,120.86097,0.854813,,,
102,REar,437.39975,102.370705,0.89271134,,,
102,LShoulder,466.1864,151.67809,0.8872155,0.0941091,-0.20487164,-0.07664999
102,RShoulder,411.81158,139.35124,0.6074076,-0.035027746,-0.23042448,-0.01439018
102,LElbow,504.56863,170.16835,0.8961733,0.18808874,-0.15857737,0.0008828852
102,RElbow,392.62048,176.33177,0.94177693,-0.08164878,-0.15128073,0.08391415
102,LWrist,478.98047,200.98546,0.9133883,0.11831668,-0.09515013,-0.009185575
102,RWrist,408.61307,219.47574,0.96397644,-0.04446124,-0.05250359,0.061059255
102,LHip,450.19382,244.12943,0.8489002,0.06082892,-0.002080625,-0.037706457
102,RHip,421.40717,237.966,0.84540355,-0.015787376,-0.0060576815,0.040226463
102,LKnee,440.59827,299.60022,0.89517826,0.028208124,0.1515285,-0.15737793
102,RKnee,399.01752,293.4368,0.90245324,-0.06743759,0.13769375,-0.08213001
102,LAnkle,440.59827,379.72473,0.8926609,0.039021835,0.32351187,-0.017425498
102,RAnkle,462.98788,305.76364,0.72316176,0.08391787,0.15842117,0.07647853
102,Head,453.39233,83.88043,0.90708923,0.06329334,-0.365489,-0.09014339
102,Neck,440.59827,133.18782,0.90887713,0.033998735,-0.24780239,-0.06277137
102,Hip,434.20123,237.966,0.87670004,0.020541849,-0.0040128827,-0.00075578433
102,LBigToe,431.00272,398.215,0.9010533,,,
102,RBigToe,482.17902,336.58078,0.9049189,,,
102,LSmallToe,437.39975,398.215,0.95796037,,,
102,RSmallToe,478.98047,336.58078,0.92380774,,,
102,LHeel,446.9953,392.05157,0.92121935,,,
102,RHeel,466.1864,299.60022,0.7372875,,,
103,Nose,448.03784,114.286026,0.9853365,,,
103,LEye,454.38626,108.12619,0.9049772,,,
103,REye,444.86365,101.96636,0.9414606,,,
103,LEar,457.5605,120.445854,0.8293916,,,
103,REar,435.34103,101.96636,0.9017746,,,
103,LShoulder,463.9089,151.24501,0.8442943,0.08951083,-0.20678286,-0.07718439
103,RShoulder,406.77316,138.92534,0.6696412,-0.040204573,-0.23258764,-0.015921524
103,LElbow,501.9994,169.7245,0.88414633,0.18263578,-0.1608323,0.0010471267
103,RElbow,390.90213,175.88432,0.9260686,-0.08724971,-0.1532041,0.08165849
103,LWrist,476.6057,194.36382,0.92396,0.11298335,-0.097801164,-0.009746814
103,RWrist,406.77316,219.00314,0.94043833,-0.05022621,-0.05450414,0.05859374
103,LHip,448.03784,243.64246,0.82748574,0.0550875,-0.0028078817,-0.038169906
103,RHip,419.47,237.48264,0.84103185,-0.021370342,-0.008515945,0.040062968
103,LKnee,438.51523,299.08093,0.8763946,0.023666965,0.15102443,-0.15677834
103,RKnee,397.25055,292.9211,0.9143156,-0.072419256,0.13287653,-0.083738536
103,LAnkle,441.68945,379.15872,0.8893368,0.03871903,0.32216606,-0.01755957
103,RAnkle,457.5605,311.4006,0.81181157,0.071959786,0.17056173,0.0764389
103,Head,451.21207,83.48687,0.9009435,0.059223358,-0.36670628,-0.09214052
103,Neck,438.51523,132.76552,0.92188346,0.029187772,-0.24975751,-0.06415446
103,Hip,432.1668,237.48264,0.8699677,0.014955714,-0.006176384,-0.0007871953
103,LBigToe,428.9926,397.6382,0.93886006,,,
103,RBigToe,473.43152,342.19974,0.878177,,,
103,LSmallToe,435.34103,397.6382,0.9449,,,
103,RSmallToe,467.0831,342.19974,0.81416374,,,
103,LHeel,448.03784,391.4784,0.89904475,,,
103,RHeel,463.9089,305.24075,0.7415123,,,
104,Nose,446.17813,112.42947,0.9582232,,,
104,LEye,449.34106,112.42947,0.91125214,,,
104,REye,443.0152,106.234886,0.92455673,,,
104,LEar,455.66696,118.62404,0.8365008,,,
104,REar,433.52634,100.040306,0.88555413,,,
104,LShoulder,458.82993,149.59692,0.8434239,0.08488479,-0.20939718,-0.07799005
104,RShoulder,408.22278,137.20778,0.62539333,-0.0454326,-0.23543912,-0.017823791
104,LElbow,499.9482,168.18066,0.8848663,0.17711034,-0.16359217,0.000922377
104,RElbow,389.24512,174.37523,0.93826634,-0.09318341,-0.15589698,0.079108156
104,LWrist,474.64465,192.95897,0.92267764,0.10756987,-0.10035117,-0.010591615
104,RWrist,405.05984,217.73727,0.94272894,-0.056207992,-0.05772168,0.055699773
104,LHip,443.0152,242.5156,0.8402333,0.04925914,-0.004298499,-0.038535245
104,RHip,414.54868,236.32101,0.8464087,-0.02731332,-0.011958601,0.039770365
104,LKnee,433.52634,298.26678,0.81588954,0.018640643,0.15012705,-0.15614325
104,RKnee,395.571,292.0722,0.9001968,-0.076796666,0.12804963,-0.08491837
104,LAnkle,439.85223,378.7963,0.8313801,0.038380556,0.32041425,-0.017636085
104,RAnkle,449.34106,310.65594,0.7758205,0.057738464,0.18452111,0.07528591
104,Head,449.34106,81.45657,0.89829403,0.05503466,-0.36851883,-0.09465063
104,Neck,436.6893,131.0132,0.9200417,0.02433002,-0.2524204,-0.06602473
104,Hip,430.3634,236.32101,0.88204527,0.00928383,-0.009341681,-0.00084412773
104,LBigToe,424.0375,397.38,0.90345186,,,
104,RBigToe,455.66696,354.01797,0.7732673,,,
104,LSmallToe,433.52634,397.38,0.8576833,,,
104,RSmallToe,455.66696,347.8234,0.82324535,,,
104,LHeel,446.17813,391.18546,0.87835944,,,
104,RHeel,455.66696,304.46136,0.6473678,,,
105,Nose,443.1953,111.024445,0.94674236,,,
105,LEye,449.54733,111.024445,0.9378685,,,
105,REye,440.01932,104.84586,0.9493202,,,
105,LEar,452.72333,117.20303,0.8575319,,,
105,REar,430.49127,98.667274,0.86112636,,,
105,LShoulder,459.07535,148.09596,0.86711353,0.0803331,-0.21211593,-0.07899157
105,RShoulder,405.08322,135.73878,0.6484169,-0.05071526,-0.23827814,-0.019795762
105,LElbow,497.18744,166.63171,0.88608843,0.17155439,-0.16631584,0.0008607281
105,RElbow,386.0272,172.8103,0.93921834,-0.09937106,-0.15879504,0.07666156
105,LWrist,471.7794,191.34607,0.9152328,0.10230687,-0.102541044,-0.011672927
105,RWrist,401.90723,216.06041,0.94548905,-0.06229332,-0.0615214,0.052881483
105,LHip,443.1953,240.77475,0.8433158,0.043737046,-0.006203221,-0.038851477
105,RHip,414.61124,240.77475,0.8275826,-0.03312967,-0.015564627,0.03948699
105,LKnee,433.6673,302.5606,0.8770795,0.013871631,0.14930387,-0.15538894
105,RKnee,395.5552,290.20343,0.8630023,-0.08102444,0.12370516,-0.08548737
105,LAnkle,440.01932,370.52505,0.8364148,0.038596027,0.31856576,-0.017582688
105,RAnkle,443.1953,314.9178,0.72196174,0.041790947,0.20025237,0.07258494
105,Head,449.54733,80.131516,0.871611,0.05075219,-0.37041584,-0.09720001
105,Neck,436.8433,129.56021,0.87244403,0.01943901,-0.25513807,-0.06809475
105,Hip,427.31528,234.59616,0.91180074,0.0038309998,-0.012687422,-0.0009717799
105,LBigToe,417.78726,389.06082,0.8499188,,,
105,RBigToe,449.54733,351.9893,0.55046344,,,
105,LSmallToe,424.13928,395.2394,0.8168264,,,
105,RSmallToe,446.3713,345.81073,0.5005694,,,
105,LHeel,446.3713,382.88223,0.8593552,,,
105,RHeel,449.54733,314.9178,0.68753535,,,
106,Nose,440.748,115.27304,0.9692493,,,
106,LEye,447.16122,109.09423,0.95243037,,,
106,REye,437.54135,102.91542,0.9727895,,,
106,LEar,450.36783,115.27304,0.86917776,,,
106,REar,431.1281,102.91542,0.8640979,,,
106,LShoulder,456.7811,146.1671,0.88038313,0.07559202,-0.21447225,-0.07985752
106,RShoulder,402.2685,139.9883,0.66567236,-0.056143045,-0.24076389,-0.02181696
106,LElbow,495.26056,164.70354,0.8832033,0.16590922,-0.16859789,0.00093407906
106,RElbow,383.02875,170.88235,0.9452332,-0.105822004,-0.16154082,0.07425711
106,LWrist,469.60757,195.59761,0.9302358,0.097057305,-0.10405357,-0.012965584
106,RWrist,399.06186,214.13403,0.9179998,-0.068569325,-0.06538325,0.05001039
106,LHip,440.748,238.84929,0.83675003,0.038099147,-0.0077745114,-0.039019383
106,RHip,411.88837,238.84929,0.8383962,-0.038785715,-0.01866312,0.039183736
106,LKnee,431.1281,300.63742,0.93213195,0.008998264,0.14859541,-0.15487781
106,RKnee,392.64862,288.2798,0.8758954,-0.08545069,0.120185494,-0.085193016
106,LAnkle,440.748,374.78317,0.88742167,0.03915235,0.31700918,-0.017570646
106,RAnkle,437.54135,319.17386,0.77059495,0.02371203,0.21738844,0.06836207
106,Head,447.16122,84.37898,0.841476,0.04623156,-0.3719221,-0.099396996
106,Neck,434.33472,127.63067,0.89304745,0.014317102,-0.2574802,-0.06994917
106,Hip,424.71484,232.67047,0.91913074,-0.001608208,-0.015372446,-0.0010011608
106,LBigToe,415.09497,387.14078,0.75659466,,,
106,RBigToe,431.1281,350.0679,0.51611984,,,
106,LSmallToe,421.50824,393.31958,0.7687651,,,
106,RSmallToe,431.1281,350.0679,0.50087106,,,
106,LHeel,447.16122,387.14078,0.8761986,,,
106,RHeel,447.16122,325.35266,0.6765962,,,
107,Nose,438.60925,114.688095,0.97447,,,
107,LEye,445.05563,108.517006,0.9586753,,,
107,REye,435.38608,102.34592,0.96881896,,,
107,LEar,451.502,114.688095,0.8486141,,,
107,REar,428.9397,102.34592,0.888616,,,
107,LShoulder,454.7252,145.54355,0.87921625,0.07084532,-0.21582405,-0.08044967
107,RShoulder,406.3774,133.20137,0.62430966,-0.061823323,-0.24222322,-0.023757787
107,LElbow,493.40344,164.05681,0.88926,0.16024941,-0.1696907,0.0013858776
107,RElbow,380.59192,170.2279,0.9344012,-0.112185076,-0.1634425,0.07202711
107,LWrist,467.61795,194.91226,0.9255154,0.091768235,-0.104917645,-0.013763642
107,RWrist,396.70786,213.42552,0.92619115,-0.07498117,-0.0685986,0.04734084
107,LHip,438.60925,238.1099,0.8625658,0.03265927,-0.008508019,-0.039190188
107,RHip,409.6006,231.9388,0.8502111,-0.044314742,-0.020532425,0.03897045
107,LKnee,428.9397,299.82077,0.9562326,0.004323274,0.14827086,-0.15481976
107,RKnee,390.26147,287.4786,0.90069556,-0.09032804,0.11800057,-0.08439644
107,LAnkle,445.05563,373.87384,0.9096523,0.03973384,0.31579885,-0.017693015
107,RAnkle,425.71652,336.84732,0.85931534,0.0039071366,0.23482929,0.06307778
107,Head,445.05563,83.83265,0.8374334,0.041478865,-0.37270936,-0.10102352
107,Neck,432.1629,127.03027,0.9007151,0.00915524,-0.25880912,-0.07143007
107,Hip,422.49335,231.9388,0.91299,-0.006889471,-0.016877608,-0.0009891565
107,LBigToe,419.27014,386.21603,0.6839756,,,
107,RBigToe,419.27014,367.70276,0.98599774,,,
107,LSmallToe,425.71652,392.38712,0.6761211,,,
107,RSmallToe,416.04697,361.53168,0.94500566,,,
107,LHeel,451.502,386.21603,0.824532,,,
107,RHeel,428.9397,343.0184,0.6998421,,,
108,Nose,435.70642,114.879295,0.974836,,,
108,LEye,442.2388,108.71656,0.95964384,,,
108,REye,432.44025,102.553825,0.95349115,,,
108,LEar,448.77115,114.879295,0.85818964,,,
108,REar,425.9079,102.553825,0.90728384,,,
108,LShoulder,452.03732,145.69298,0.885999,0.06605474,-0.21640809,-0.080708936
108,RShoulder,403.04465,133.36751,0.6195196,-0.06732135,-0.2428713,-0.02506652
108,LElbow,487.9653,164.18118,0.88279384,0.15456977,-0.16967104,0.0018066138
108,RElbow,376.9152,170.34392,0.9294744,-0.11844301,-0.16464473,0.07044461
108,LWrist,465.10205,194.99487,0.9399871,0.08646988,-0.105005786,-0.014534833
108,RWrist,393.2461,207.32034,0.93879676,-0.08125031,-0.071158044,0.045055844
108,LHip,435.70642,238.13403,0.8664194,0.027261315,-0.008607887,-0.039259575
108,RHip,406.31082,231.97128,0.86679196,-0.049670927,-0.021448297,0.038893837
108,LKnee,425.9079,299.76138,0.964582,-5.8189267e-05,0.148387,-0.1547595
108,RKnee,389.97992,287.4359,0.8901472,-0.09529209,0.117139235,-0.08291428
108,LAnkle,442.2388,373.71423,0.90547055,0.038970683,0.3149306,-0.01753886
108,RAnkle,419.37555,342.90054,0.91653943,-0.016710527,0.2511935,0.056381665
108,Head,442.2388,84.06561,0.86584103,0.036614947,-0.37289473,-0.102036014
108,Neck,429.17407,127.20477,0.89888036,0.003960098,-0.2594296,-0.072226085
108,Hip,422.64172,231.97128,0.91611725,-0.012091367,-0.017512659,-0.0009265158
108,LBigToe,412.84317,392.20242,0.6944788,,,
108,RBigToe,406.31082,373.71423,0.9380421,,,
108,LSmallToe,419.37555,392.20242,0.6912851,,,
108,RSmallToe,403.04465,367.55148,0.99723357,,,
108,LHeel,448.77115,386.0397,0.85947746,,,
108,RHeel,425.9079,349.0633,0.76245886,,,
109,Nose,433.18372,114.75111,0.98086447,,,
109,LEye,439.7628,108.57992,0.9541076,,,
109,REye,429.8942,102.40873,0.94497585,,,
109,LEar,446.34183,114.75111,0.8510914,,,
109,REar,423.31516,102.40873,0.92145383,,,
109,LShoulder,449.63135,145.60704,0.87667495,0.06120036,-0.21621293,-0.08077692
109,RShoulder,396.999,139.43585,0.66336757,-0.07283062,-0.24266239,-0.026078308
109,LElbow,485.81607,164.1206,0.88077635,0.14908071,-0.16892092,0.0019615812
109,RElbow,373.97235,170.2918,0.9529273,-0.12447071,-0.16502212,0.069347605
109,LWrist,462.78943,194.97653,0.9407232,0.08123552,-0.10441689,-0.015223768
109,RWrist,390.41995,207.31891,0.9401456,-0.08746773,-0.07245491,0.04340403
109,LHip,433.18372,238.17485,0.8792214,0.021901952,-0.008005643,-0.039168812
109,RHip,403.57803,238.17485,0.870471,-0.055010002,-0.02139281,0.038900714
109,LKnee,423.31516,299.88672,0.92965776,-0.003562541,0.14902884,-0.15470757
109,RKnee,387.13043,287.54434,0.91432273,-0.10139671,0.11762442,-0.08061097
109,LAnkle,439.7628,373.94098,0.8785,0.03838151,0.31431893,-0.017045118
109,RAnkle,410.15707,349.25623,0.85119385,-0.038423955,0.26637852,0.0488863
109,Head,439.7628,83.895164,0.8664685,0.031574015,-0.37251416,-0.10260298
109,Neck,426.60468,127.093475,0.88947374,-0.0013088349,-0.259252,-0.07256336
109,Hip,420.02563,232.00366,0.942534,-0.017279176,-0.017214574,-0.00094875623
109,LBigToe,413.4466,386.28333,0.67470264,,,
109,RBigToe,390.41995,380.11215,0.85062796,,,
109,LSmallToe,420.02563,392.45453,0.6099126,,,
109,RSmallToe,390.41995,373.94098,0.8061421,,,
109,LHeel,446.34183,386.28333,0.86780035,,,
109,RHeel,416.7361,355.4274,0.77891237,,,
110,Nose,433.2868,115.789734,0.95281774,,,
110,LEye,436.5535,109.64682,0.9469559,,,
110,REye,430.02008,103.50391,0.97072834,,,
110,LEar,443.08688,115.789734,0.86959785,,,
110,REar,420.22,103.50391,0.9235951,,,
110,LShoulder,449.6203,146.5043,0.88659924,0.056347836,-0.2153699,-0.08075117
110,RShoulder,394.0864,140.36139,0.67913425,-0.0785279,-0.24179767,-0.027113466
110,LElbow,485.554,164.93303,0.9004958,0.14373088,-0.16743048,0.0021113295
110,RElbow,371.21948,171.07594,0.9343784,-0.13019642,-0.16477539,0.06858524
110,LWrist,462.6871,195.6476,0.9259435,0.07609948,-0.1033296,-0.015823923
110,RWrist,387.553,207.93343,0.92619634,-0.09360254,-0.07288101,0.041910645
110,LHip,430.02008,238.64798,0.86064434,0.016490942,-0.006875122,-0.03907446
110,RHip,403.8865,238.64798,0.8582256,-0.060406208,-0.02066788,0.03890724
110,LKnee,423.4867,300.07712,0.92130226,-0.006235893,0.15017352,-0.15463728
110,RKnee,384.2863,287.7913,0.9191817,-0.10872301,0.11921136,-0.077550046
110,LAnkle,439.8202,367.64914,0.88586074,0.03793385,0.3139993,-0.016270915
110,RAnkle,397.3531,355.3633,0.89528286,-0.060953684,0.28000852,0.04196381
110,Head,436.5535,78.93226,0.8565865,0.026296979,-0.37159473,-0.10305268
110,Neck,426.7534,128.07556,0.9009266,-0.006626297,-0.2583614,-0.0727823
110,Hip,416.9533,232.50507,0.9621526,-0.02254564,-0.016217692,-0.0009974726
110,LBigToe,413.68658,386.07788,0.48419157,,,
110,RBigToe,377.7529,379.93497,0.8077661,,,
110,LSmallToe,426.7534,386.07788,0.51184237,,,
110,RSmallToe,377.7529,373.79205,0.84147704,,,
110,LHeel,446.3536,379.93497,0.905477,,,
110,RHeel,403.8865,361.50623,0.8800252,,,
111,Nose,431.70096,117.150375,0.9593125,,,
111,LEye,438.52975,111.032814,0.96958125,,,
111,REye,428.28656,104.91525,0.97358096,,,
111,LEar,441.94415,117.150375,0.87385416,,,
111,REar,418.04333,104.91525,0.9178765,,,
111,LShoulder,445.35858,147.7382,0.89266014,0.051365808,-0.21382873,-0.08042128
111,RShoulder,390.72812,141.62064,0.79272205,-0.084404774,-0.24025859,-0.02773971
111,LElbow,482.917,166.0909,0.88427126,0.13852678,-0.16504835,0.0025615196
111,RElbow,370.2417,172.20847,0.94089335,-0.13572702,-0.16398996,0.06858926
111,LWrist,459.01617,196.67871,0.9388119,0.071068384,-0.10176866,-0.016213914
111,RWrist,383.8993,208.91385,0.9574348,-0.099669814,-0.07260093,0.04096451
111,LHip,428.28656,239.50166,0.8496278,0.011079216,-0.0051663034,-0.03895637
111,RHip,400.9713,239.50166,0.9154144,-0.06600754,-0.01907663,0.038934406
111,LKnee,424.87213,300.6773,0.9227312,-0.008759694,0.15182902,-0.15435448
111,RKnee,380.4849,288.44217,0.9417488,-0.117289774,0.1219625,-0.07371803
111,LAnkle,441.94415,374.08807,0.84578353,0.03721053,0.3142858,-0.015130071
111,RAnkle,390.72812,361.85297,0.8843472,-0.08382628,0.29173076,0.036301874
111,Head,438.52975,80.44499,0.89994144,0.020787625,-0.37003344,-0.102811106
111,Neck,421.45773,135.50307,0.9058464,-0.01208415,-0.2566629,-0.07281001
111,Hip,414.62894,233.38411,0.91816646,-0.028003817,-0.014435072,-0.0010142608
111,LBigToe,418.04333,386.3232,0.64592564,,,
111,RBigToe,366.8273,386.3232,0.8073615,,,
111,LSmallToe,424.87213,386.3232,0.59433156,,,
111,RSmallToe,366.8273,380.20566,0.7797309,,,
111,LHeel,448.77298,380.20566,0.8592808,,,
111,RHeel,394.14252,367.97052,0.8999711,,,
112,Nose,428.8642,117.74211,0.973237,,,
112,LEye,436.12006,111.625305,0.9564536,,,
112,REye,425.23624,105.5085,0.9952985,,,
112,LEar,439.74802,117.74211,0.88081104,,,
112,REar,414.35242,105.5085,0.9096878,,,
112,LShoulder,443.37598,148.32614,0.92430174,0.046332978,-0.2123463,-0.079807006
112,RShoulder,385.32886,136.09253,0.8530607,-0.09051782,-0.23878025,-0.027779138
112,LElbow,479.6554,172.79337,0.94253147,0.13367976,-0.1629178,0.0028854383
112,RElbow,367.18912,172.79337,0.9697552,-0.14095926,-0.16301781,0.06918188
112,LWrist,454.2598,197.26057,0.95596135,0.06605586,-0.100320995,-0.016529692
112,RWrist,381.7009,209.49419,0.9566672,-0.10551885,-0.07211925,0.040155947
112,LHip,428.8642,246.19502,0.86549836,0.005652885,-0.003128318,-0.038744442
112,RHip,396.21268,240.07822,0.92080593,-0.0716691,-0.017223008,0.03891044
112,LKnee,421.60828,301.24628,0.92321295,-0.011959793,0.15357883,-0.15443642
112,RKnee,378.07294,289.01266,0.9237351,-0.1267753,0.12539257,-0.06933763
112,LAnkle,439.74802,374.64792,0.88228816,0.035393406,0.31453198,-0.013498677
112,RAnkle,381.7009,368.53113,0.8903309,-0.10637913,0.30100164,0.032977317
112,Head,432.49213,81.04128,0.9241857,0.015168343,-0.3684301,-0.10239559
112,Neck,417.98035,136.09253,0.9017419,-0.017829446,-0.25515693,-0.07199206
112,Hip,414.35242,240.07822,0.9345161,-0.033594124,-0.012445108,-0.00095565314
112,LBigToe,410.72446,386.88153,0.7316609,,,
112,RBigToe,356.3053,386.88153,0.87377155,,,
112,LSmallToe,417.98035,392.99835,0.6558319,,,
112,RSmallToe,356.3053,380.76474,0.8476336,,,
112,LHeel,447.0039,386.88153,0.8835308,,,
112,RHeel,385.32886,374.64792,0.8967724,,,
113,Nose,427.39673,118.97779,0.9382617,,,
113,LEye,431.17325,112.881195,0.9162036,,,
113,REye,423.62018,106.78461,0.9568094,,,
113,LEar,438.72632,118.97779,0.8925849,,,
113,REar,412.2906,106.78461,0.9213927,,,
113,LShoulder,442.50284,149.46075,0.93628293,0.04121512,-0.21182777,-0.07896956
113,RShoulder,385.8549,137.26758,0.815162,-0.096538454,-0.23803626,-0.027807267
113,LElbow,480.26813,173.84714,0.9163583,0.12884942,-0.16274074,0.0036453537
113,RElbow,363.1957,173.84714,0.96718276,-0.14574991,-0.16239145,0.06991668
113,LWrist,453.83243,198.2335,0.95847034,0.061299287,-0.09984012,-0.016142877
113,RWrist,378.30185,210.4267,0.932553,-0.1110294,-0.07186529,0.039693866
113,LHip,427.39673,247.00626,0.88093233,-7.968536e-05,-0.0020627733,-0.038495563
113,RHip,393.40796,240.90967,0.9044396,-0.07765809,-0.016303375,0.038664043
113,LKnee,423.62018,301.8756,0.9286077,-0.015072057,0.15524255,-0.15391926
113,RKnee,370.74878,295.77902,0.9117793,-0.13733229,0.12886126,-0.06525278
113,LAnkle,438.72632,368.93814,0.8932885,0.033209953,0.31454673,-0.011251688
113,RAnkle,370.74878,368.93814,0.8999814,-0.12763107,0.30705613,0.031272512
113,Head,431.17325,82.398224,0.87130725,0.009431091,-0.36747962,-0.10236774
113,Neck,419.84366,131.17097,0.91746265,-0.023749204,-0.25465143,-0.07101112
113,Hip,412.2906,234.81308,0.9342317,-0.03926983,-0.011400651,-0.0010222045
113,LBigToe,412.2906,387.2279,0.7984438,,,
113,RBigToe,344.31308,387.2279,0.8570878,,,
113,LSmallToe,416.06714,393.32452,0.7540629,,,
113,RSmallToe,348.0896,381.13132,0.84729916,,,
113,LHeel,446.27936,381.13132,0.864849,,,
113,RHeel,378.30185,381.13132,0.8819508,,,
114,Nose,422.90878,119.79816,0.9566323,,,
114,LEye,430.8369,113.731155,0.9404555,,,
114,REye,418.9447,107.664154,0.9651524,,,
114,LEar,434.80096,119.79816,0.9192033,,,
114,REar,411.01657,107.664154,0.9192004,,,
114,LShoulder,438.76505,150.13315,0.9145052,0.035931207,-0.21150613,-0.07793028
114,RShoulder,379.30408,137.99915,0.8581939,-0.10272403,-0.23733103,-0.027454726
114,LElbow,478.40567,168.33415,0.91088957,0.12410227,-0.16373585,0.00482837
114,RElbow,363.4478,174.40114,0.9885746,-0.15032545,-0.16183116,0.07124364
114,LWrist,450.65723,198.66914,0.96599007,0.056841224,-0.09999192,-0.014827736
114,RWrist,375.34,210.80315,0.91928715,-0.11626059,-0.07173597,0.039791904
114,LHip,422.90878,247.20514,0.90621424,-0.00606524,-0.00084878504,-0.038324635
114,RHip,391.19626,241.13814,0.91843057,-0.08386166,-0.015149596,0.038567927
114,LKnee,422.90878,301.80814,0.92965484,-0.018920118,0.15708108,-0.15315454
114,RKnee,367.41187,295.74112,0.92780286,-0.14789623,0.13187565,-0.06088409
114,LAnkle,438.76505,374.61212,0.8929773,0.03049446,0.31486344,-0.008840791
114,RAnkle,363.4478,368.5451,0.8904051,-0.14791696,0.31115192,0.03156096
114,Head,426.87283,83.39616,0.8727465,0.0032885585,-0.36643243,-0.10198253
114,Neck,414.98065,131.93216,0.94693553,-0.029859921,-0.25393903,-0.07004588
114,Hip,407.05252,235.07114,0.9356994,-0.045268808,-0.010150891,-0.0010615953
114,LBigToe,411.01657,386.74612,0.78827083,,,
114,RBigToe,335.69937,386.74612,0.8804379,,,
114,LSmallToe,414.98065,392.8131,0.78121954,,,
114,RSmallToe,335.69937,380.6791,0.8536726,,,
114,LHeel,446.69318,380.6791,0.8809417,,,
114,RHeel,367.41187,380.6791,0.88542163,,,
115,Nose,421.61533,119.863594,0.95824534,,,
115,LEye,425.73834,113.78993,0.95302683,,,
115,REye,417.4923,107.71628,0.9732389,,,
115,LEar,433.98434,119.863594,0.91338176,,,
115,REar,409.2463,107.71628,0.9261525,,,
115,LShoulder,438.10736,150.23189,0.90636045,0.03058431,-0.21162017,-0.077133335
115,RShoulder,380.38525,138.08458,0.85401666,-0.10900291,-0.23682179,-0.027009286
115,LElbow,475.21445,168.45288,0.94223523,0.11920101,-0.16508408,0.0059346296
115,RElbow,359.7702,174.52654,0.95561486,-0.1547956,-0.16128395,0.07275986
115,LWrist,450.47638,198.82117,0.94933826,0.052225478,-0.10051203,-0.013994066
115,RWrist,376.26224,210.96849,0.9220777,-0.12128432,-0.07187277,0.03985748
115,LHip,421.61533,247.41045,0.91186655,-0.012105875,0.00015443936,-0.038129903
115,RHip,388.63126,241.33679,0.89452416,-0.09026272,-0.014334224,0.03847506
115,LKnee,417.4923,308.14706,0.9169443,-0.024186138,0.15897138,-0.1526429
115,RKnee,359.7702,295.99973,0.92577785,-0.15871143,0.13411702,-0.056713343
115,LAnkle,438.10736,374.9573,0.90699726,0.026752654,0.31494102,-0.0063334173
115,RAnkle,355.64722,368.88364,0.8869731,-0.1669128,0.3137898,0.033143822
115,Head,425.73834,89.49529,0.89109445,-0.00311163,-0.3654232,-0.10181601
115,Neck,413.36932,132.01091,0.9577089,-0.03613218,-0.25349954,-0.0691936
115,Hip,405.1233,235.26314,0.9218112,-0.051419493,-0.009258819,-0.001053999
115,LBigToe,409.2463,393.17828,0.7588622,,,
115,RBigToe,326.78613,387.1046,0.89141786,,,
115,LSmallToe,417.4923,393.17828,0.7016827,,,
115,RSmallToe,330.90915,381.03098,0.8655739,,,
115,LHeel,446.35336,387.1046,0.8318842,,,
115,RHeel,359.7702,381.03098,0.8840417,,,
116,Nose,416.63956,119.42041,0.9566082,,,
116,LEye,425.36343,113.33373,0.941907,,,
116,REye,412.27762,107.24705,0.9575147,,,
116,LEar,429.72537,119.42041,0.9091522,,,
116,REar,403.55377,107.24705,0.95568895,,,
116,LShoulder,438.44922,149.8538,0.894925,0.025100885,-0.2120019,-0.07634819
116,RShoulder,373.02023,137.68044,0.8707011,-0.115243435,-0.23653153,-0.02640467
116,LElbow,473.3447,168.11383,0.95384896,0.114194766,-0.16662689,0.006912456
116,RElbow,359.93442,174.20052,0.9804525,-0.15909189,-0.16080177,0.07420393
116,LWrist,447.1731,198.54723,0.95317626,0.04756286,-0.10116185,-0.013300663
116,RWrist,373.02023,210.72058,0.9521521,-0.12604451,-0.07203451,0.039898027
116,LHip,416.63956,247.24065,0.9083096,-0.01836496,0.0009595342,-0.038125817
116,RHip,386.10602,241.15398,0.8667527,-0.096539974,-0.013729261,0.038432963
116,LKnee,416.63956,308.10742,0.94589055,-0.029218579,0.16059636,-0.15241551
116,RKnee,355.57248,295.93408,0.9407959,-0.16794178,0.13580228,-0.05313848
116,LAnkle,438.44922,375.06088,0.91007,0.021754352,0.31485078,-0.0037704885
116,RAnkle,351.21057,368.9742,0.8802463,-0.18421867,0.3155677,0.03587646
116,Head,425.36343,88.987015,0.8565399,-0.009751012,-0.36498645,-0.101746224
116,Neck,407.9157,131.59377,0.9388891,-0.04248574,-0.2533038,-0.06833533
116,Hip,403.55377,235.06729,0.93322384,-0.057665564,-0.00862408,-0.0010563086
116,LBigToe,407.9157,387.23425,0.7761921,,,
116,RBigToe,320.67703,387.23425,0.8873405,,,
116,LSmallToe,416.63956,393.32092,0.76325715,,,
116,RSmallToe,320.67703,381.14758,0.87987626,,,
116,LHeel,442.81116,381.14758,0.810025,,,
116,RHeel,351.21057,387.23425,0.88590086,,,
117,Nose,415.76263,118.46585,0.94969,,,
117,LEye,420.29208,112.37058,0.9595629,,,
117,REye,411.23315,106.275314,0.9628982,,,
117,LEar,424.82156,118.46585,0.8772294,,,
117,REar,402.17422,106.275314,0.9331124,,,
117,LShoulder,433.8805,148.9422,0.90504086,0.019394048,-0.21249549,-0.0754394
117,RShoulder,374.99738,136.75166,0.8947454,-0.12143864,-0.2361163,-0.02579432
117,LElbow,470.11627,167.22801,0.95327276,0.10884243,-0.16800854,0.008152958
117,RElbow,356.87952,173.32329,0.9652539,-0.16337334,-0.16012426,0.0758461
117,LWrist,447.4689,197.70438,0.90230775,0.042623527,-0.10179408,-0.012539493
117,RWrist,370.46793,209.89491,0.9722616,-0.13070714,-0.07218361,0.039820604
117,LHip,415.76263,246.46654,0.9228881,-0.024625449,0.0017358623,-0.03814078
117,RHip,384.05634,240.37126,0.8948256,-0.10281579,-0.013092775,0.038340397
117,LKnee,411.23315,307.41925,0.9378395,-0.034858823,0.16201814,-0.15263683
117,RKnee,352.35004,295.2287,0.92198217,-0.17603855,0.13734843,-0.05010946
117,LAnkle,433.8805,374.46722,0.91822547,0.014649802,0.31452018,-0.0010637252
117,RAnkle,343.2911,374.46722,0.8860085,-0.20045066,0.31697127,0.03962766
117,Head,420.29208,87.9895,0.8619039,-0.016701998,-0.36468014,-0.101671815
117,Neck,406.70367,130.6564,0.9263291,-0.048948124,-0.25313,-0.06740103
117,Hip,397.64474,234.27599,0.9913338,-0.06392391,-0.007953391,-0.0010982186
117,LBigToe,406.70367,392.75302,0.84193397,,,
117,RBigToe,311.5848,380.56247,0.88135517,,,
117,LSmallToe,415.76263,392.75302,0.8169916,,,
117,RSmallToe,316.1143,380.56247,0.8701296,,,
117,LHeel,442.93945,380.56247,0.8711119,,,
117,RHeel,347.82056,386.65775,0.860032,,,
118,Nose,412.1461,117.630394,0.960799,,,
118,LEye,416.80493,111.52525,0.95903236,,,
118,REye,407.48724,105.42011,0.95094657,,,
118,LEar,421.4638,117.630394,0.8809301,,,
118,REar,398.1695,105.42011,0.9487577,,,
118,LShoulder,430.78152,148.15611,0.9059349,0.013580352,-0.212721,-0.07444733
118,RShoulder,370.21637,135.94582,0.91581255,-0.12765336,-0.2353389,-0.025055911
118,LElbow,468.0524,166.47153,0.9598659,0.103297815,-0.16873929,0.009374698
118,RElbow,356.23978,172.57668,0.97264194,-0.16765395,-0.15917204,0.07767216
118,LWrist,444.75812,196.99724,0.9125869,0.037424672,-0.10189389,-0.011927565
118,RWrist,365.5575,209.20752,0.9327519,-0.13532153,-0.07208878,0.039577313
118,LHip,412.1461,245.83838,0.93194145,-0.030942855,0.0027355384,-0.038153496
118,RHip,379.53406,239.73323,0.9194604,-0.109066516,-0.012336909,0.038235553
118,LKnee,407.48724,306.8898,0.9419014,-0.040242486,0.16346318,-0.15312853
118,RKnee,351.58093,294.6795,0.9500163,-0.18267265,0.13907538,-0.047563914
118,LAnkle,430.78152,374.04636,0.909644,0.0052378047,0.3139808,0.0018715325
118,RAnkle,337.60434,374.04636,0.8907404,-0.2151927,0.31757763,0.044318847
118,Head,416.80493,87.10469,0.88853866,-0.02381617,-0.36423036,-0.101438485
118,Neck,402.82837,129.84068,0.92069936,-0.055381935,-0.25266945,-0.06627155
118,Hip,393.51065,233.6281,0.9754938,-0.070218,-0.0070728343,-0.0010690622
118,LBigToe,407.48724,392.3618,0.90566725,,,
118,RBigToe,304.9923,380.1515,0.88768095,,,
118,LSmallToe,416.80493,392.3618,0.83236945,,,
118,RSmallToe,304.9923,374.04636,0.8623366,,,
118,LHeel,435.44037,380.1515,0.916681,,,
118,RHeel,337.60434,386.25665,0.9045615,,,
119,Nose,408.80695,116.61616,0.9842368,,,
119,LEye,413.51862,110.48618,0.9462574,,,
119,REye,404.09528,104.35621,0.9336472,,,
119,LEar,422.94196,116.61616,0.9028905,,,
119,REar,394.67194,104.35621,0.9451126,,,
119,LShoulder,427.65363,147.26604,0.9145203,0.0076487726,-0.21206523,-0.07338073
119,RShoulder,366.40192,141.13606,0.9259453,-0.1338971,-0.2334443,-0.02435819
119,LElbow,465.34702,165.65596,0.95353615,0.097602434,-0.16818257,0.01073658
119,RElbow,352.2669,171.78593,0.9552914,-0.1718593,-0.15742809,0.07961077
119,LWrist,441.78867,196.30583,0.9210923,0.03197272,-0.101131275,-0.011518246
119,RWrist,366.40192,208.56578,0.9255463,-0.13998336,-0.07147031,0.038887076
119,LHip,408.80695,245.34564,0.93186074,-0.03654542,0.004814282,-0.038065992
119,RHip,375.82526,239.21567,0.93324566,-0.11478566,-0.0105422195,0.038147304
119,LKnee,408.80695,306.6454,0.9398144,-0.0446364,0.16523533,-0.15385477
119,RKnee,352.2669,294.38544,0.9213023,-0.18864834,0.1414899,-0.04543818
119,LAnkle,422.94196,367.94513,0.94568884,-0.008081501,0.3130366,0.004941021
119,RAnkle,328.70853,374.07513,0.89891654,-0.22877222,0.31786782,0.04994844
119,Head,413.51862,85.966286,0.90277386,-0.030990096,-0.36298934,-0.100659706
119,Neck,399.3836,135.00609,0.92356414,-0.061739452,-0.25108778,-0.064896055
119,Hip,394.67194,239.21567,0.9801427,-0.07586235,-0.0049197413,-0.0010273797
119,LBigToe,408.80695,392.46506,0.91427296,,,
119,RBigToe,295.72684,380.2051,0.8758589,,,
119,LSmallToe,413.51862,392.46506,0.89298016,,,
119,RSmallToe,300.4385,374.07513,0.8655056,,,
119,LHeel,432.36533,380.2051,0.9150651,,,
119,RHeel,333.42023,386.33508,0.9205076,,,
120,Nose,405.3585,116.60575,0.97188526,,,
120,LEye,410.11978,110.46611,0.94041896,,,
120,REye,400.59723,110.46611,0.94545674,,,
120,LEar,419.64233,116.60575,0.90641975,,,
120,REar,391.07465,110.46611,0.92922103,,,
120,LShoulder,424.40363,147.30394,0.9236466,0.00173012,-0.21134959,-0.07170529
120,RShoulder,367.26825,141.1643,0.93362623,-0.1401589,-0.23149529,-0.023157526
120,LElbow,462.49387,165.72285,0.92049676,0.09164238,-0.16671865,0.012521574
120,RElbow,352.9844,178.00214,0.94343245,-0.17590912,-0.15519284,0.08161428
120,LWrist,438.68747,196.42105,0.91274655,0.026055023,-0.099922374,-0.011174778
120,RWrist,362.507,208.70033,0.94396836,-0.14482805,-0.07048848,0.037834812
120,LHip,405.3585,245.53816,0.9228155,-0.04197005,0.006662417,-0.0377767
120,RHip,372.02954,239.39853,0.9337632,-0.12058684,-0.008941527,0.03785777
120,LKnee,405.3585,306.93454,0.9805676,-0.048844814,0.16686855,-0.1538497
120,RKnee,348.22314,300.79492,0.94019884,-0.19466859,0.14418267,-0.044262856
120,LAnkle,414.88104,368.33093,0.91679466,-0.025219744,0.31262526,0.0074432027
120,RAnkle,324.41675,368.33093,0.90827495,-0.24080925,0.31764165,0.05662017
120,Head,410.11978,85.90756,0.9328243,-0.03830795,-0.3618668,-0.09959969
120,Neck,395.83594,135.02467,0.93230283,-0.068122536,-0.24964485,-0.062974
120,Hip,391.07465,239.39853,0.9914886,-0.081524,-0.003031008,-0.0010074836
120,LBigToe,405.3585,392.8895,0.92658913,,,
120,RBigToe,291.08777,380.61023,0.91761315,,,
120,LSmallToe,414.88104,392.8895,0.95841575,,,
120,RSmallToe,295.84906,374.47058,0.8935116,,,
120,LHeel,419.64233,380.61023,0.88337845,,,
120,RHeel,324.41675,386.74985,0.9269614,,,
121,Nose,401.677,117.29479,0.98035496,,,
121,LEye,406.50208,111.16363,0.93395036,,,
121,REye,396.8519,111.16363,0.9422213,,,
121,LEar,416.15228,117.29479,0.92235047,,,
121,REar,387.20172,111.16363,0.93500334,,,
121,LShoulder,425.80246,147.9506,0.9427606,-0.0043757064,-0.21022284,-0.070051685
121,RShoulder,363.07623,141.81944,0.9635579,-0.1465408,-0.22925566,-0.02164028
121,LElbow,459.57812,172.47527,0.93548524,0.085290775,-0.16415942,0.014441192
121,RElbow,348.60095,178.60643,0.9897964,-0.18047096,-0.15290417,0.083963834
121,LWrist,440.27774,196.99992,0.90174323,0.019609855,-0.09812629,-0.01116528
121,RWrist,363.07623,209.26225,0.9540592,-0.15014985,-0.06938742,0.037541233
121,LHip,406.50208,246.04922,0.92109907,-0.0474009,0.00854237,-0.037605308
121,RHip,372.72644,239.91808,0.9508508,-0.1263903,-0.0072344597,0.03768005
121,LKnee,406.50208,307.36087,0.97923136,-0.052581575,0.16885968,-0.1530909
121,RKnee,343.77585,301.2297,0.9192256,-0.20106691,0.14649719,-0.042363264
121,LAnkle,406.50208,368.67252,0.9334108,-0.041132994,0.31335095,0.008818002
121,RAnkle,319.6504,368.67252,0.9196017,-0.25136438,0.31778064,0.0643587
121,Head,406.50208,86.63897,0.92229116,-0.045860566,-0.36059824,-0.09843051
121,Neck,396.8519,135.68828,0.9425097,-0.07461344,-0.24800746,-0.060926482
121,Hip,387.20172,239.91808,0.959934,-0.087187245,-0.0010523349,-0.0010088105
121,LBigToe,406.50208,393.19717,0.92478204,,,
121,RBigToe,290.69983,380.93484,0.93689865,,,
121,LSmallToe,416.15228,393.19717,0.9350883,,,
121,RSmallToe,290.69983,374.80368,0.9467403,,,
121,LHeel,406.50208,380.93484,0.8337256,,,
121,RHeel,324.4755,387.066,0.9385495,,,
122,Nose,398.67014,118.132484,0.98041075,,,
122,LEye,403.53128,112.03088,0.94128263,,,
122,REye,393.80896,112.03088,0.94715536,,,
122,LEar,413.25357,118.132484,0.9345001,,,
122,REar,384.08667,112.03088,0.9330305,,,
122,LShoulder,422.97586,148.64047,0.92539054,-0.010673236,-0.20863827,-0.068521194
122,RShoulder,359.78094,142.53888,0.9561105,-0.15296696,-0.22679387,-0.020217685
122,LElbow,457.0039,173.04688,0.9567054,0.07884059,-0.16151635,0.016018013
122,RElbow,350.05865,179.14847,0.9967679,-0.18523306,-0.15053813,0.08621546
122,LWrist,432.69815,197.45326,0.88223743,0.012989381,-0.09571606,-0.010888695
122,RWrist,359.78094,209.65646,0.96236175,-0.15582278,-0.067918986,0.037347794
122,LHip,403.53128,246.26605,0.9145026,-0.052951306,0.010556884,-0.037424136
122,RHip,369.50323,240.16446,0.9438153,-0.13208243,-0.0052944496,0.03766777
122,LKnee,403.53128,313.38364,0.94601625,-0.056309357,0.17111017,-0.15227081
122,RKnee,340.33633,301.18045,0.89801264,-0.20690875,0.14875783,-0.040511515
122,LAnkle,398.67014,368.29803,0.9238874,-0.053298563,0.3139426,0.010090537
122,RAnkle,316.0306,374.39963,0.90710735,-0.26007408,0.31858945,0.07240317
122,Head,403.53128,87.6245,0.93321425,-0.05340185,-0.35908702,-0.097187854
122,Neck,393.80896,136.43729,0.94588155,-0.08122747,-0.24602896,-0.059001468
122,Hip,388.9478,240.16446,0.968065,-0.09283316,0.0010900442,-0.00097064534
122,LBigToe,408.39243,392.7044,0.9336161,,,
122,RBigToe,282.00256,380.50122,0.9355616,,,
122,LSmallToe,413.25357,392.7044,0.9503391,,,
122,RSmallToe,286.8637,374.39963,0.9181588,,,
122,LHeel,393.80896,380.50122,0.8270495,,,
122,RHeel,316.0306,386.6028,0.92269933,,,
123,Nose,396.66516,119.16081,0.98068416,,,
123,LEye,401.51404,113.07628,0.95751005,,,
123,REye,391.81625,113.07628,0.9463665,,,
123,LEar,411.21182,119.16081,0.9210581,,,
123,REar,382.1185,113.07628,0.92997295,,,
123,LShoulder,420.9096,149.58345,0.9183165,-0.017181274,-0.20666786,-0.06729408
123,RShoulder,357.87405,143.49892,0.9402789,-0.15952359,-0.22418407,-0.018906016
123,LElbow,454.8518,173.92155,0.94805837,0.07213394,-0.15858026,0.017399885
123,RElbow,343.3274,180.00609,0.98233026,-0.19035664,-0.14820017,0.08848894
123,LWrist,430.60736,198.25967,0.8749578,0.0060961694,-0.09285869,-0.010739638
123,RWrist,357.87405,216.51326,0.9391831,-0.16202742,-0.06628882,0.03721965
123,LHip,401.51404,246.9359,0.9076725,-0.058770597,0.012655128,-0.037269764
123,RHip,367.57184,240.85136,0.9446348,-0.13792087,-0.0031068716,0.03783301
123,LKnee,401.51404,313.8657,0.9379618,-0.059667364,0.1730877,-0.15162781
123,RKnee,338.4785,301.69666,0.9151447,-0.21233353,0.15119843,-0.03851395
123,LAnkle,396.66516,368.62643,0.90251714,-0.061945602,0.31423756,0.010921842
123,RAnkle,314.23404,374.71097,0.9127384,-0.26748493,0.3195509,0.08023242
123,Head,401.51404,88.73817,0.9374352,-0.060966976,-0.35740083,-0.09600048
123,Neck,391.81625,137.4144,0.9422665,-0.08791426,-0.24377109,-0.057350878
123,Hip,386.96738,240.85136,0.96515894,-0.09876549,0.0034386069,-0.00096304715
123,LBigToe,406.3629,392.96457,0.89221555,,,
123,RBigToe,280.29184,380.7955,0.9573384,,,
123,LSmallToe,411.21182,386.88004,0.9042308,,,
123,RSmallToe,280.29184,374.71097,0.89000946,,,
123,LHeel,386.96738,380.7955,0.843862,,,
123,RHeel,314.23404,386.88004,0.9338602,,,
124,Nose,390.41498,120.34532,0.96398026,,,
124,LEye,400.0972,114.30131,0.9688836,,,
124,REye,385.57388,108.257286,0.91333526,,,
124,LEar,404.9383,120.34532,0.9296421,,,
124,REar,375.89166,114.30131,0.88775826,,,
124,LShoulder,414.6205,150.56541,0.9029383,-0.024024487,-0.20424774,-0.06598307
124,RShoulder,351.68616,144.5214,0.9106857,-0.16631748,-0.2214598,-0.017434211
124,LElbow,453.34933,174.74149,0.9546611,0.065209724,-0.1555105,0.018982135
124,RElbow,342.00394,180.78549,0.9944749,-0.19582202,-0.14602758,0.09072737
124,LWrist,429.14383,204.96156,0.8826078,-0.0010079036,-0.089600965,-0.010256449
124,RWrist,351.68616,211.00558,0.95166445,-0.16873536,-0.06481035,0.038318705
124,LHip,400.0972,253.3137,0.9107869,-0.06515698,0.014773827,-0.037150357
124,RHip,366.20947,247.26968,0.94317436,-0.14420825,-0.0006374158,0.0381547
124,LKnee,400.0972,313.75388,0.95901287,-0.06283283,0.1747532,-0.15105137
124,RKnee,337.16284,301.66586,0.9204133,-0.21762413,0.15389477,-0.0362091
124,LAnkle,395.25607,374.19406,0.9074565,-0.067476526,0.31454512,0.011148822
124,RAnkle,312.9573,374.19406,0.913796,-0.2732113,0.32081714,0.08789172
124,Head,400.0972,90.12524,0.927759,-0.068629846,-0.3554773,-0.09441724
124,Neck,385.57388,138.47737,0.9463041,-0.09479638,-0.24119653,-0.055568367
124,Hip,380.73276,241.22568,0.94396496,-0.10514163,0.0060015973,-0.0009877356
124,LBigToe,409.7794,392.3261,0.89510596,,,
124,RBigToe,279.06958,380.23807,0.9244471,,,
124,LSmallToe,414.6205,392.3261,0.9262368,,,
124,RSmallToe,279.06958,380.23807,0.9197838,,,
124,LHeel,390.41498,380.23807,0.87927395,,,
124,RHeel,312.9573,392.3261,0.92978066,,,
125,Nose,388.36038,121.42946,0.9588506,,,
125,LEye,397.88763,115.416504,0.94767606,,,
125,REye,383.59674,109.40354,0.95566374,,,
125,LEar,402.65125,121.42946,0.939354,,,
125,REar,374.0695,109.40354,0.9159398,,,
125,LShoulder,412.17853,151.49425,0.90944856,-0.030723995,-0.20228396,-0.06468782
125,RShoulder,350.25134,145.4813,0.9374058,-0.17289615,-0.21946408,-0.016205689
125,LElbow,450.28757,175.54607,0.9730236,0.058295354,-0.15280369,0.020435004
125,RElbow,340.72406,181.55902,0.9904885,-0.2014331,-0.14447658,0.09253426
125,LWrist,426.46942,205.61086,0.8808851,-0.008133526,-0.08713581,-0.009590942
125,RWrist,350.25134,211.62381,0.96300846,-0.17555685,-0.0636065,0.038886227
125,LHip,397.88763,253.71451,0.91682863,-0.07173377,0.016340252,-0.03690525
125,RHip,364.54224,247.70155,0.9470098,-0.15082467,0.0013413318,0.038333844
125,LKnee,397.88763,313.8441,0.95555305,-0.06620071,0.17571433,-0.150867
125,RKnee,335.96045,301.81818,0.9113669,-0.22282158,0.15638454,-0.034399517
125,LAnkle,397.88763,373.97366,0.9135261,-0.06989644,0.3141344,0.01161363
125,RAnkle,307.37866,373.97366,0.9080815,-0.27722543,0.32225236,0.09396356
125,Head,393.124,91.36467,0.9234548,-0.07601485,-0.35397497,-0.09305496
125,Neck,383.59674,139.46832,0.95436776,-0.10141027,-0.23922506,-0.054081485
125,Hip,378.8331,241.6886,0.9390264,-0.11170217,0.008048341,-0.0009441695
125,LBigToe,412.17853,392.0125,0.93455535,,,
125,RBigToe,278.79688,385.99957,0.9009124,,,
125,LSmallToe,416.94214,385.99957,0.917203,,,
125,RSmallToe,278.79688,379.9866,0.9134222,,,
125,LHeel,393.124,379.9866,0.8986171,,,
125,RHeel,312.1423,392.0125,0.9241835,,,
126,Nose,387.70987,122.07401,0.9581653,,,
126,LEye,392.3694,116.05004,0.96849674,,,
126,REye,383.05035,110.02607,0.955092,,,
126,LEar,401.6884,122.07401,0.9425291,,,
126,REar,373.73135,116.05004,0.92162865,,,
126,LShoulder,411.00742,152.19386,0.9066034,-0.03762292,-0.20070271,-0.06355081
126,RShoulder,350.4338,146.16989,0.93060523,-0.17962863,-0.21809138,-0.015138201
126,LElbow,448.28348,176.28975,0.946699,0.05118961,-0.15056941,0.021624658
126,RElbow,341.11478,182.31372,0.98973775,-0.20747544,-0.14345223,0.09405472
126,LWrist,420.32645,206.4096,0.89279705,-0.015473947,-0.08536734,-0.008851462
126,RWrist,345.7743,212.43358,0.9523487,-0.18273607,-0.06262642,0.039508816
126,LHip,392.3694,254.60138,0.91741294,-0.07884529,0.017493632,-0.03669984
126,RHip,359.7528,248.57741,0.90689063,-0.15799713,0.0030358378,0.03846413
126,LKnee,397.0289,314.8411,0.9613883,-0.06973015,0.17600755,-0.1510006
126,RKnee,331.79575,302.79315,0.91949075,-0.22827537,0.15869851,-0.033541325
126,LAnkle,397.0289,369.05682,0.9209916,-0.070456564,0.3131266,0.011709225
126,RAnkle,308.4982,375.08078,0.93860286,-0.27918863,0.32411978,0.09835
126,Head,392.3694,91.95416,0.93482816,-0.0832596,-0.35293016,-0.091812514
126,Neck,383.05035,140.14592,0.94797134,-0.10815185,-0.23774801,-0.052787863
126,Hip,378.39084,242.55344,0.9310062,-0.118737064,0.009671275,-0.0008603607
126,LBigToe,411.00742,393.1527,0.9741414,,,
126,RBigToe,280.54117,393.1527,0.90938455,,,
126,LSmallToe,415.66693,387.12872,0.945776,,,
126,RSmallToe,280.54117,387.12872,0.93916434,,,
126,LHeel,392.3694,381.10477,0.89343,,,
126,RHeel,313.1577,387.12872,0.9262765,,,
127,Nose,385.03192,122.54365,0.9414188,,,
127,LEye,389.51437,116.47932,0.9607518,,,
127,REye,380.54947,110.414986,0.9570052,,,
127,LEar,398.4793,122.54365,0.9384198,,,
127,REar,371.58453,110.414986,0.9085462,,,
127,LShoulder,407.44424,152.8653,0.90891534,-0.044624556,-0.19978754,-0.062401854
127,RShoulder,344.68973,146.80096,0.9355308,-0.18629196,-0.21761735,-0.013894478
127,LElbow,443.30396,177.12262,0.96373767,0.043987334,-0.14905427,0.022905942
127,RElbow,335.72482,183.18695,0.99320185,-0.21383621,-0.1432111,0.09565472
127,LWrist,416.40918,207.44427,0.89904374,-0.022719854,-0.08464268,-0.008121499
127,RWrist,344.68973,213.5086,0.9557494,-0.18993661,-0.062220708,0.040653624
127,LHip,389.51437,249.89459,0.9103679,-0.086307555,0.018090151,-0.036709487
127,RHip,353.65466,243.83026,0.92685485,-0.16535339,0.004133545,0.038593937
127,LKnee,398.4793,310.5379,0.9642161,-0.07382875,0.17559521,-0.1512824
127,RKnee,331.24234,304.47357,0.94172794,-0.23329115,0.16037594,-0.033958785
127,LAnkle,398.4793,371.1812,0.96306074,-0.06833498,0.31211022,0.011493517
127,RAnkle,308.83002,377.24554,0.92948705,-0.28127515,0.32496408,0.1008878
127,Head,389.51437,92.22199,0.92939144,-0.090337336,-0.35261658,-0.09043939
127,Neck,376.067,140.73663,0.9419272,-0.114852384,-0.23705028,-0.05147142
127,Hip,371.58453,243.83026,0.95724237,-0.12611273,0.010833945,-0.0007938773
127,LBigToe,411.9267,395.43854,0.9676825,,,
127,RBigToe,281.93524,395.43854,0.93300825,,,
127,LSmallToe,416.40918,389.3742,0.9346464,,,
127,RSmallToe,281.93524,389.3742,0.89080286,,,
127,LHeel,393.99686,383.30988,0.9055287,,,
127,RHeel,313.3125,389.3742,0.9415049,,,
128,Nose,382.34985,116.25624,0.9375286,,,
128,LEye,386.77292,116.25624,0.9427348,,,
128,REye,377.9268,110.16894,0.95910007,,,
128,LEar,395.61905,122.34354,0.9307729,,,
128,REar,369.08066,110.16894,0.89392006,,,
128,LShoulder,404.46518,152.78003,0.9142796,-0.05169433,-0.19934286,-0.061688207
128,RShoulder,342.5423,146.69273,0.9309756,-0.1929284,-0.21783294,-0.012969904
128,LElbow,439.8497,177.12923,0.9752083,0.03686626,-0.14820911,0.023694208
128,RElbow,333.69617,177.12923,0.98645556,-0.22067931,-0.14392544,0.09701684
128,LWrist,413.3113,201.47842,0.9132342,-0.029875046,-0.08474447,-0.007557201
128,RWrist,338.11923,207.56573,0.9212685,-0.19726002,-0.062248107,0.04247581
128,LHip,386.77292,250.17683,0.92281795,-0.09399061,0.018235851,-0.03681755
128,RHip,351.38843,244.08952,0.9421855,-0.17269541,0.0046293177,0.038803723
128,LKnee,395.61905,311.04984,0.9187047,-0.07979125,0.1747836,-0.15209709
128,RKnee,329.2731,304.96252,0.9569681,-0.23912174,0.16101405,-0.034721494
128,LAnkle,400.0421,371.92282,0.956083,-0.06385511,0.3104293,0.0113319
128,RAnkle,307.15778,378.0101,0.9239523,-0.28416944,0.32443908,0.1016502
128,Head,386.77292,91.90704,0.91981775,-0.097306386,-0.35288253,-0.08923509
128,Neck,373.50372,140.60544,0.92823386,-0.12144447,-0.23692137,-0.05053156
128,Hip,369.08066,244.08952,0.9548126,-0.13356021,0.011321608,-0.00074232905
128,LBigToe,408.88824,396.272,0.9378586,,,
128,RBigToe,280.6194,396.272,0.9260285,,,
128,LSmallToe,417.73438,390.18472,0.91332567,,,
128,RSmallToe,280.6194,390.18472,0.8712735,,,
128,LHeel,395.61905,384.0974,0.85660887,,,
128,RHeel,311.58084,390.18472,0.93317384,,,
129,Nose,379.951,115.67063,0.9585612,,,
129,LEye,384.2668,109.56741,0.9340873,,,
129,REye,375.63516,109.56741,0.9710515,,,
129,LEar,392.89847,121.77384,0.94188607,,,
129,REar,367.0035,109.56741,0.91261756,,,
129,LShoulder,401.53012,152.28992,0.9235824,-0.05865459,-0.19950828,-0.061084546
129,RShoulder,341.10855,146.1867,0.9181622,-0.19937289,-0.2186939,-0.012155889
129,LElbow,436.05673,176.70277,0.9372635,0.029856084,-0.14784658,0.024286324
129,RElbow,332.4769,176.70277,0.9888262,-0.2276189,-0.14462009,0.09761814
129,LWrist,410.16177,201.11563,0.88986987,-0.03683696,-0.08515334,-0.007119855
129,RWrist,336.79272,213.32205,0.9562811,-0.20433012,-0.06200789,0.043476235
129,LHip,384.2668,249.94135,0.92061925,-0.101740785,0.017781112,-0.036966
129,RHip,349.7402,243.83813,0.9205289,-0.17993835,0.004407555,0.03903102
129,LKnee,392.89847,310.97348,0.9409643,-0.087314904,0.17356673,-0.15309766
129,RKnee,328.16107,304.87027,0.946041,-0.24561656,0.16060804,-0.03557565
129,LAnkle,401.53012,372.00565,0.9293898,-0.057389908,0.30777428,0.010994947
129,RAnkle,306.58194,372.00565,0.92591906,-0.28749308,0.32289657,0.101231284
129,Head,384.2668,91.257774,0.9191891,-0.10404357,-0.35386327,-0.088078946
129,Neck,375.63516,140.08348,0.92768013,-0.1277977,-0.23751985,-0.049708672
129,Hip,367.0035,243.83813,0.9392375,-0.14101478,0.011022121,-0.00072631356
129,LBigToe,410.16177,390.31528,0.9114572,,,
129,RBigToe,280.68698,396.4185,0.9287831,,,
129,LSmallToe,418.79343,390.31528,0.89433694,,,
129,RSmallToe,280.68698,390.31528,0.88579184,,,
129,LHeel,397.2143,384.21207,0.8414804,,,
129,RHeel,310.89777,384.21207,0.88692033,,,
130,Nose,374.5787,115.010994,0.92711765,,,
130,LEye,383.10797,108.89309,0.9295838,,,
130,REye,370.31406,108.89309,0.9520655,,,
130,LEar,391.63724,121.1289,0.9214215,,,
130,REar,361.7848,108.89309,0.911923,,,
130,LShoulder,400.1665,151.71843,0.8996741,-0.06564143,-0.20012046,-0.060164794
130,RShoulder,336.197,145.60052,0.88432354,-0.2058452,-0.22007613,-0.01124747
130,LElbow,434.2836,176.19005,0.9530375,0.023002403,-0.14787637,0.02493148
130,RElbow,327.6677,176.19005,0.9584494,-0.23468101,-0.14549442,0.097811714
130,LWrist,408.69577,200.66167,0.911973,-0.04349834,-0.08584397,-0.0067170616
130,RWrist,336.197,212.89748,0.9151568,-0.211456,-0.06189542,0.04441812
130,LHip,378.84332,249.6049,0.93109,-0.10969733,0.016785227,-0.037039787
130,RHip,344.72626,243.487,0.91846275,-0.18743834,0.0037511252,0.039234746
130,LKnee,387.37262,310.78397,0.9497858,-0.096382305,0.17227872,-0.15404537
130,RKnee,323.40308,304.66605,0.94267535,-0.2529478,0.15958893,-0.03648457
130,LAnkle,404.43115,365.8451,0.9384929,-0.04933963,0.3043468,0.010012999
130,RAnkle,306.34454,371.963,0.948465,-0.29066682,0.32143945,0.09989207
130,Head,378.84332,90.539375,0.9158496,-0.11072261,-0.3553733,-0.086774684
130,Neck,370.31406,139.48262,0.9549689,-0.13417059,-0.2386324,-0.048798304
130,Hip,361.7848,243.487,0.92607117,-0.14871043,0.010096844,-0.00071722595
130,LBigToe,408.69577,390.3167,0.88255996,,,
130,RBigToe,280.7567,396.43463,0.9375532,,,
130,LSmallToe,417.22507,384.19882,0.9083481,,,
130,RSmallToe,280.7567,390.3167,0.88019645,,,
130,LHeel,400.1665,378.0809,0.819492,,,
130,RHeel,310.60916,384.19882,0.9193976,,,
131,Nose,373.41727,114.25718,0.94663036,,,
131,LEye,381.85153,114.25718,0.9219059,,,
131,REye,369.2001,108.12221,0.9624576,,,
131,LEar,386.06866,120.39215,0.92678064,,,
131,REar,360.76584,108.12221,0.9347313,,,
131,LShoulder,394.50296,151.06702,0.9147797,-0.072508626,-0.20110361,-0.059479263
131,RShoulder,335.46298,144.93204,0.91969985,-0.21209511,-0.22187147,-0.010487126
131,LElbow,432.4572,181.74188,0.95536965,0.01615844,-0.14803046,0.025397578
131,RElbow,322.81155,181.74188,0.9314892,-0.24165407,-0.14653032,0.097548045
131,LWrist,407.1544,206.28177,0.91063076,-0.05002656,-0.08667451,-0.0064530727
131,RWrist,331.24585,218.55171,0.915325,-0.21848015,-0.061887756,0.045324344
131,LHip,377.6344,249.22658,0.9059419,-0.11737041,0.015102062,-0.037202068
131,RHip,343.89728,243.09161,0.92494553,-0.19471654,0.002484642,0.03938552
131,LKnee,381.85153,310.57632,0.9532261,-0.1058324,0.17118831,-0.15472716
131,RKnee,318.59442,304.44135,0.9420302,-0.25979406,0.15834092,-0.0374081
131,LAnkle,407.1544,365.79108,0.92178094,-0.0419743,0.30128983,0.0074390005
131,RAnkle,305.943,371.92606,0.9496555,-0.29354995,0.31995285,0.098506145
131,Head,377.6344,83.58231,0.91064745,-0.11703995,-0.35736436,-0.08572875
131,Neck,369.2001,138.79707,0.96676505,-0.14029886,-0.24020213,-0.04806809
131,Hip,360.76584,243.09161,0.9358356,-0.15616363,0.008415524,-0.0007253648
131,LBigToe,407.1544,390.33096,0.88959473,,,
131,RBigToe,280.64017,396.46594,0.94228494,,,
131,LSmallToe,415.58865,390.33096,0.9247381,,,
131,RSmallToe,280.64017,390.33096,0.86137486,,,
131,LHeel,407.1544,371.92606,0.8865977,,,
131,RHeel,310.16013,384.19598,0.93605494,,,
132,Nose,372.46365,114.19429,0.95482683,,,
132,LEye,376.62064,108.058105,0.941846,,,
132,REye,368.30667,108.058105,0.95818657,,,
132,LEar,384.9346,120.330475,0.91890466,,,
132,REar,355.83575,108.058105,0.9050136,,,
132,LShoulder,393.24854,151.0114,0.91053396,-0.078994095,-0.20226897,-0.058687367
132,RShoulder,330.89386,144.87521,0.8982715,-0.21798697,-0.22396986,-0.009544777
132,LElbow,430.66135,175.55612,0.92269963,0.009778585,-0.14888664,0.025633518
132,RElbow,322.5799,181.6923,0.95006037,-0.24851337,-0.14828572,0.097497985
132,LWrist,405.71948,200.10086,0.9249982,-0.0560858,-0.088017404,-0.0052422974
132,RWrist,330.89386,212.37323,0.93842334,-0.22516662,-0.062578686,0.04735065
132,LHip,372.46365,249.19034,0.92683274,-0.12508634,0.013274707,-0.037323065
132,RHip,339.20782,243.05415,0.9395451,-0.20180184,0.0010153204,0.039586104
132,LKnee,376.62064,310.5522,0.9520626,-0.11436805,0.17033234,-0.15491161
132,RKnee,318.42294,304.416,0.9208877,-0.26571357,0.15719633,-0.03840985
132,LAnkle,405.71948,365.77783,0.9170269,-0.034977634,0.29813018,0.004200766
132,RAnkle,301.795,371.91403,0.9431656,-0.2959994,0.31848666,0.097582914
132,Head,372.46365,83.51337,0.8924831,-0.12279382,-0.35912558,-0.084336996
132,Neck,364.1497,138.73903,0.9707872,-0.14613548,-0.24187599,-0.04728901
132,Hip,355.83575,243.05415,0.93188703,-0.16351646,0.006598726,-0.0007431579
132,LBigToe,405.71948,390.32257,0.91159046,,,
132,RBigToe,281.01013,396.45877,0.93965024,,,
132,LSmallToe,414.03345,390.32257,0.9198241,,,
132,RSmallToe,281.01013,390.32257,0.8723244,,,
132,LHeel,414.03345,371.91403,0.85671633,,,
132,RHeel,310.10898,384.1864,0.9699774,,,
133,Nose,370.56644,113.92748,0.94762856,,,
133,LEye,374.67142,107.78722,0.94929665,,,
133,REye,366.4615,107.78722,0.95001817,,,
133,LEar,382.88135,120.06775,0.9047952,,,
133,REar,354.14658,107.78722,0.9172815,,,
133,LShoulder,391.09128,150.76906,0.9120432,-0.08543216,-0.20370649,-0.058158502
133,RShoulder,329.51678,144.6288,0.89291275,-0.22375464,-0.22642653,-0.008802221
133,LElbow,428.03598,175.33011,0.9230033,0.0033002838,-0.14974184,0.026162228
133,RElbow,317.20187,175.33011,0.9562848,-0.25536692,-0.15042405,0.09746184
133,LWrist,403.4062,199.89116,0.91834015,-0.062053785,-0.08899246,-0.004345297
133,RWrist,325.4118,212.17169,0.94795173,-0.23185104,-0.0633098,0.049407102
133,LHip,370.56644,249.01326,0.93225515,-0.13261369,0.010776766,-0.03741527
133,RHip,337.7267,242.873,0.9188948,-0.20860656,-0.0010023788,0.039771825
133,LKnee,374.67142,310.4159,0.9709647,-0.12173404,0.16929059,-0.1545065
133,RKnee,313.09692,304.27563,0.93744624,-0.27138785,0.15570402,-0.039319467
133,LAnkle,411.61612,365.67825,0.94059545,-0.028047392,0.2945687,0.0003443358
133,RAnkle,300.782,371.8185,0.9555829,-0.29768428,0.31718653,0.09686351
133,Head,370.56644,83.226166,0.9106931,-0.12825407,-0.36109614,-0.08318742
133,Neck,362.3565,138.48854,0.9770936,-0.15186524,-0.24390922,-0.046836905
133,Hip,354.14658,236.73274,0.9369031,-0.17065775,0.004076183,-0.00077878824
133,LBigToe,403.4062,390.23932,0.9488565,,,
133,RBigToe,280.25717,396.37958,0.94510365,,,
133,LSmallToe,411.61612,390.23932,0.9040338,,,
133,RSmallToe,280.25717,390.23932,0.8933438,,,
133,LHeel,419.82605,371.8185,0.88119054,,,
133,RHeel,308.99194,384.09906,0.95486665,,,
134,Nose,365.14572,113.80258,0.96668196,,,
134,LEye,373.24164,107.66457,0.9630505,,,
134,REye,361.09775,107.66457,0.9612207,,,
134,LEar,377.2896,119.94058,0.885867,,,
134,REar,353.00183,107.66457,0.92513305,,,
134,LShoulder,385.38553,150.63062,0.93019676,-0.09165776,-0.20441021,-0.05750577
134,RShoulder,328.71405,138.35461,0.8915814,-0.22914723,-0.22814722,-0.007815585
134,LElbow,421.8172,175.18265,0.928894,-0.0029988487,-0.15021415,0.027142083
134,RElbow,316.57016,175.18265,0.9805046,-0.26169753,-0.15217696,0.09784005
134,LWrist,397.52942,199.73468,0.9107333,-0.0677886,-0.08960171,-0.0033924582
134,RWrist,324.66608,212.0107,0.9131223,-0.23820846,-0.06380479,0.051291887
134,LHip,365.14572,248.83873,0.9053722,-0.13971145,0.009908255,-0.037476853
134,RHip,332.76202,242.70073,0.9318186,-0.2148359,-0.0015061349,0.040090315
134,LKnee,373.24164,310.2188,0.9497978,-0.12841815,0.16850159,-0.15488254
134,RKnee,312.52222,297.94278,0.9510621,-0.27575296,0.15508561,-0.039899923
134,LAnkle,413.72128,365.46088,0.9084226,-0.0226643,0.2911153,-0.0038320974
134,RAnkle,300.37833,371.59888,0.94714975,-0.29862216,0.31617656,0.097374514
134,Head,369.1937,83.11254,0.92737585,-0.13326976,-0.36230224,-0.08153684
134,Neck,361.09775,138.35461,0.9479782,-0.15731505,-0.2449613,-0.045888066
134,Hip,348.95386,242.70073,0.92071396,-0.17722344,0.0035751872,-0.000717113
134,LBigToe,401.5774,390.0129,0.9375272,,,
134,RBigToe,280.1385,396.1509,0.93990034,,,
134,LSmallToe,409.6733,390.0129,0.904413,,,
134,RSmallToe,280.1385,390.0129,0.8827134,,,
134,LHeel,421.8172,371.59888,0.9099937,,,
134,RHeel,304.42627,383.8749,0.9397014,,,
135,Nose,364.86465,114.022964,0.94592327,,,
135,LEye,368.88065,107.909805,0.9652497,,,
135,REye,360.8487,107.909805,0.9614056,,,
135,LEar,376.91257,120.13612,0.8791977,,,
135,REar,348.80078,107.909805,0.92074513,,,
135,LShoulder,384.94452,150.70193,0.92666775,-0.09760241,-0.205384,-0.057020918
135,RShoulder,324.70496,138.4756,0.8970204,-0.23451565,-0.23012125,-0.0074607832
135,LElbow,421.08826,175.15457,0.92959046,-0.009002122,-0.1510204,0.027883558
135,RElbow,312.65704,175.15457,0.99422896,-0.26776326,-0.15406913,0.097699724
135,LWrist,396.99243,199.60722,0.92316407,-0.07329425,-0.090286195,-0.0027227115
135,RWrist,320.689,211.83354,0.9073164,-0.24432895,-0.06409931,0.05312199
135,LHip,364.86465,248.5125,0.9093235,-0.14621761,0.00845791,-0.037450187
135,RHip,332.7369,242.39934,0.93442404,-0.22066067,-0.002255099,0.04018482
135,LKnee,368.88065,309.6441,0.96129465,-0.13494706,0.16731717,-0.1554302
135,RKnee,312.65704,303.53094,0.927315,-0.27875334,0.15474029,-0.040576827
135,LAnkle,417.0723,358.5494,0.8885206,-0.019214565,0.28766796,-0.008740291
135,RAnkle,296.59317,370.77573,0.95892614,-0.29930148,0.31538174,0.09779595
135,Head,368.88065,83.45716,0.9100215,-0.13800532,-0.36359677,-0.08043409
135,Neck,356.83273,138.4756,0.9436945,-0.16265458,-0.24631235,-0.04536857
135,Hip,348.80078,242.39934,0.95587534,-0.1832923,0.002582619,-0.0006931962
135,LBigToe,405.02438,389.1152,0.93844515,,,
135,RBigToe,280.5293,395.22836,0.93952376,,,
135,LSmallToe,409.04034,389.1152,0.92568505,,,
135,RSmallToe,280.5293,389.1152,0.8418897,,,
135,LHeel,425.10422,364.66257,0.871383,,,
135,RHeel,304.62512,383.00204,0.9534048,,,
136,Nose,361.27786,113.8701,0.95579654,,,
136,LEye,369.28592,107.75599,0.93981653,,,
136,REye,357.27383,107.75599,0.96075594,,,
136,LEar,373.28995,119.984215,0.88963526,,,
136,REar,345.26178,107.75599,0.9086092,,,
136,LShoulder,381.298,150.55476,0.92693084,-0.103201985,-0.20666732,-0.056673042
136,RShoulder,321.2376,144.44066,0.89476943,-0.23949355,-0.232354,-0.0072072493
136,LElbow,417.33426,175.01122,0.90762216,-0.014642248,-0.1520678,0.028281158
136,RElbow,309.22552,175.01122,1.0077276,-0.27316493,-0.15603589,0.09741544
136,LWrist,393.3101,199.46765,0.91897726,-0.07844181,-0.09096199,-0.0023244952
136,RWrist,317.23358,211.69588,0.9197293,-0.24984711,-0.064356096,0.054826237
136,LHip,361.27786,248.38054,0.9083548,-0.1521784,0.0066015944,-0.0374607
136,RHip,329.24567,242.26643,0.9322293,-0.22594273,-0.003301166,0.040204402
136,LKnee,369.28592,309.52164,0.95526695,-0.14065799,0.16570096,-0.15579405
136,RKnee,309.22552,303.40753,0.9454506,-0.2807436,0.15408546,-0.041217554
136,LAnkle,417.33426,358.43454,0.8954823,-0.018131305,0.28524116,-0.012967894
136,RAnkle,297.21344,370.66275,0.9699156,-0.29893512,0.31467643,0.09828147
136,Head,365.2819,83.299545,0.884424,-0.14247319,-0.3650997,-0.079711996
136,Neck,353.26984,138.32654,0.9165364,-0.16760807,-0.24804536,-0.044951625
136,Hip,345.26178,242.26643,0.9755179,-0.18885915,0.0011911485,-0.00072143483
136,LBigToe,405.32217,389.0051,0.9446312,,,
136,RBigToe,281.19733,395.1192,0.92581946,,,
136,LSmallToe,409.3262,389.0051,0.9241962,,,
136,RSmallToe,277.1933,395.1192,0.8335116,,,
136,LHeel,425.34232,364.54865,0.8845981,,,
136,RHeel,305.2215,382.891,0.954787,,,
137,Nose,357.54065,113.55672,0.94499075,,,
137,LEye,365.5456,107.44266,0.9452688,,,
137,REye,357.54065,107.44266,0.9343313,,,
137,LEar,369.54807,119.670784,0.9029063,,,
137,REar,345.53323,107.44266,0.9406907,,,
137,LShoulder,377.553,150.24109,0.90334356,-0.108619586,-0.20841299,-0.05650552
137,RShoulder,321.5184,138.01297,0.8983537,-0.24415512,-0.23504141,-0.0072202915
137,LElbow,417.57776,174.69734,0.93245417,-0.020051178,-0.15354867,0.028223706
137,RElbow,309.51096,174.69734,1.0052388,-0.2781076,-0.15803152,0.09672763
137,LWrist,393.56293,199.1536,0.8962022,-0.08336486,-0.091792,-0.0023025267
137,RWrist,317.51593,211.38173,0.9348055,-0.25476968,-0.06461775,0.05629907
137,LHip,357.54065,248.0661,0.9061244,-0.1574927,0.004000485,-0.037460294
137,RHip,325.52087,241.95204,0.8782205,-0.23081939,-0.004870156,0.040065512
137,LKnee,365.5456,309.20673,0.97930664,-0.14629632,0.16320895,-0.15654488
137,RKnee,309.51096,303.09265,0.95101637,-0.2817537,0.15315048,-0.04158897
137,LAnkle,417.57776,358.11923,0.8978061,-0.019254306,0.28353357,-0.017201798
137,RAnkle,301.506,370.34735,0.93403137,-0.29784012,0.3140347,0.098734975
137,Head,365.5456,82.986404,0.88247156,-0.14688829,-0.36699894,-0.079658546
137,Neck,353.53818,131.89891,0.9198261,-0.17247115,-0.25037506,-0.044879936
137,Hip,341.53076,241.95204,0.9285429,-0.19389234,-0.0010371245,-0.0007519254
137,LBigToe,401.56787,388.68954,0.924123,,,
137,RBigToe,281.49365,394.80362,0.9262124,,,
137,LSmallToe,409.5728,388.68954,0.9336832,,,
137,RSmallToe,277.49118,388.68954,0.8496087,,,
137,LHeel,425.5827,364.2333,0.8785881,,,
137,RHeel,305.50848,382.57547,0.9737184,,,
138,Nose,357.7751,112.55212,0.9824749,,,
138,LEye,361.75757,106.41722,0.9357563,,,
138,REye,353.7926,106.41722,0.9852659,,,
138,LEar,369.72256,112.55212,0.934173,,,
138,REar,345.8276,106.41722,0.9415368,,,
138,LShoulder,377.68756,149.36151,0.90222514,-0.11355263,-0.21036963,-0.056612298
138,RShoulder,317.95013,137.09172,0.9123621,-0.24860722,-0.23771398,-0.0074386233
138,LElbow,413.53,173.90111,0.91752994,-0.025037682,-0.15525351,0.027780605
138,RElbow,306.00266,173.90111,0.9784067,-0.28254303,-0.15984978,0.09587218
138,LWrist,389.63504,204.5756,0.9032822,-0.088180214,-0.09241709,-0.0023699657
138,RWrist,313.96765,210.71051,0.9290715,-0.25909808,-0.064578995,0.05755651
138,LHip,357.7751,247.51991,0.90794325,-0.161664,0.0010370277,-0.03753349
138,RHip,325.91513,241.38501,0.88658416,-0.23474187,-0.0068000946,0.039863613
138,LKnee,361.75757,308.8689,0.93547887,-0.15152512,0.16015866,-0.15752882
138,RKnee,309.98514,302.734,0.95766014,-0.28219798,0.15189214,-0.04193692
138,LAnkle,413.53,357.9481,0.92867863,-0.022598013,0.2827579,-0.02123102
138,RAnkle,302.02017,370.2179,0.9324519,-0.29669258,0.31325513,0.09895193
138,Head,361.75757,81.877625,0.91077995,-0.15137753,-0.36904466,-0.08013488
138,Neck,349.8101,130.95682,0.93178076,-0.17706166,-0.25278634,-0.04519765
138,Hip,341.8451,241.38501,0.93602324,-0.19789293,-0.0037113093,-0.0007875941
138,LBigToe,401.58252,388.6226,0.9295299,,,
138,RBigToe,282.1077,394.7575,0.9175158,,,
138,LSmallToe,409.54752,388.6226,0.9433819,,,
138,RSmallToe,278.12518,388.6226,0.8495803,,,
138,LHeel,425.47748,357.9481,0.8748097,,,
138,RHeel,306.00266,382.4877,0.95860267,,,
139,Nose,353.51758,111.851036,0.95133626,,,
139,LEye,361.41708,111.851036,0.93400997,,,
139,REye,349.5678,105.70302,0.95543337,,,
139,LEar,369.31662,117.99906,0.91462165,,,
139,REar,341.66827,105.70302,0.9468306,,,
139,LShoulder,377.21613,148.73917,0.8823209,-0.11823499,-0.21248832,-0.05705814
139,RShoulder,317.9697,136.44312,0.9185937,-0.25280836,-0.24032016,-0.0078074383
139,LElbow,412.764,173.33125,0.92404157,-0.029587412,-0.15734856,0.026696742
139,RElbow,306.12042,173.33125,0.9962522,-0.2864528,-0.16151862,0.0947717
139,LWrist,385.11566,204.07135,0.8918041,-0.09240344,-0.09369013,-0.0030040082
139,RWrist,314.01993,216.3674,0.924294,-0.2628119,-0.06462604,0.058331884
139,LHip,357.46732,247.1075,0.88296497,-0.16512132,-0.0021181107,-0.037753064
139,RHip,325.86923,240.95949,0.8856097,-0.23804277,-0.0089718625,0.039568085
139,LKnee,361.41708,308.5877,0.9253466,-0.15640691,0.15655468,-0.158701
139,RKnee,310.07016,302.4397,0.95064306,-0.2828595,0.1501425,-0.042291954
139,LAnkle,412.764,357.77188,0.92955214,-0.027584951,0.2828405,-0.025540795
139,RAnkle,302.17065,370.06793,0.92746264,-0.2952625,0.31227577,0.09849429
139,Head,361.41708,81.11093,0.9203202,-0.15593249,-0.37120393,-0.081075154
139,Neck,349.5678,130.2951,0.9446764,-0.18147424,-0.25531298,-0.045873657
139,Hip,341.66827,240.95949,0.92574334,-0.20123284,-0.006732434,-0.00082304305
139,LBigToe,396.96497,388.512,0.90144247,,,
139,RBigToe,282.42184,394.66,0.9071013,,,
139,LSmallToe,404.86447,388.512,0.88440484,,,
139,RSmallToe,282.42184,388.512,0.8501316,,,
139,LHeel,424.61328,357.77188,0.8951329,,,
139,RHeel,306.12042,382.36395,0.9632384,,,
140,Nose,352.4086,110.98159,0.9595215,,,
140,LEye,360.17825,110.98159,0.9354215,,,
140,REye,348.52377,104.82045,0.9651453,,,
140,LEar,367.9479,117.14273,0.90774095,,,
140,REar,340.75412,104.82045,0.93908286,,,
140,LShoulder,371.83273,147.94844,0.88751656,-0.12263818,-0.21476915,-0.0577462
140,RShoulder,313.56033,135.62616,0.91387206,-0.2567132,-0.24284278,-0.008329968
140,LElbow,410.681,172.593,0.9228699,-0.033676714,-0.15986896,0.025174307
140,RElbow,301.90585,172.593,0.9478147,-0.2898563,-0.16310497,0.09350024
140,LWrist,387.37204,197.23758,0.8900735,-0.095907696,-0.095749006,-0.0040815137
140,RWrist,313.56033,215.72101,0.9327894,-0.26576874,-0.065094486,0.05860249
140,LHip,356.29343,246.52672,0.86690307,-0.16805647,-0.0054808836,-0.03800275
140,RHip,325.2148,240.36557,0.88320667,-0.2409473,-0.011322226,0.039073445
140,LKnee,360.17825,301.977,0.90674764,-0.16071025,0.15240684,-0.15981257
140,RKnee,309.6755,301.977,0.9552264,-0.28398558,0.1479451,-0.04270242
140,LAnkle,410.681,357.42728,0.92057884,-0.034292933,0.2839794,-0.02977637
140,RAnkle,301.90585,369.74954,0.9280062,-0.2934058,0.31116822,0.09772418
140,Head,360.17825,80.17588,0.8996224,-0.16051596,-0.37346658,-0.0824262
140,Neck,348.52377,129.46501,0.94593793,-0.1855731,-0.25795573,-0.04682344
140,Hip,336.8693,234.20442,0.91004395,-0.20414686,-0.009977593,-0.0008574822
140,LBigToe,395.1417,388.23297,0.87589043,,,
140,RBigToe,282.48172,394.3941,0.904767,,,
140,LSmallToe,399.02652,388.23297,0.8308423,,,
140,RSmallToe,282.48172,388.23297,0.8579849,,,
140,LHeel,422.33548,357.42728,0.87252975,,,
140,RHeel,305.79068,382.07184,0.95433027,,,
141,Nose,351.00082,110.424,0.9587966,,,
141,LEye,358.62973,110.424,0.9372152,,,
141,REye,347.18637,104.25674,0.9726134,,,
141,LEar,362.44418,116.59127,0.8987739,,,
141,REar,339.55746,104.25674,0.93575317,,,
141,LShoulder,370.07306,147.4276,0.8851548,-0.1268672,-0.21653798,-0.05891864
141,RShoulder,312.85632,135.09306,0.9248896,-0.26054743,-0.24447073,-0.009004169
141,LElbow,408.21756,172.09666,0.89755833,-0.037296996,-0.16238442,0.023286633
141,RElbow,301.413,172.09666,0.9608403,-0.29294288,-0.16415378,0.09234085
141,LWrist,385.33087,196.76573,0.9078058,-0.099171154,-0.09754707,-0.005139623
141,RWrist,312.85632,215.26753,0.9435555,-0.2681859,-0.06563096,0.05841227
141,LHip,354.81528,239.9366,0.883711,-0.16995509,-0.0077926386,-0.03817973
141,RHip,324.29968,239.9366,0.8905169,-0.24307024,-0.012832684,0.038702205
141,LKnee,358.62973,301.60925,0.92731994,-0.16474281,0.14865954,-0.16153073
141,RKnee,309.0419,301.60925,0.9261738,-0.28625602,0.14575954,-0.043185998
141,LAnkle,408.21756,357.11465,0.8966863,-0.042780355,0.28638113,-0.034420498
141,RAnkle,305.22745,369.4492,0.9198189,-0.29121834,0.31021035,0.09637672
141,Head,354.81528,79.58767,0.88722056,-0.16538335,-0.37504348,-0.083921574
141,Neck,347.18637,128.9258,0.9408204,-0.18979025,-0.25979635,-0.0480077
141,Hip,339.55746,233.76933,0.91381603,-0.20605206,-0.01200995,-0.0008556533
141,LBigToe,389.14532,387.951,0.86130416,,,
141,RBigToe,282.34076,394.11826,0.90446454,,,
141,LSmallToe,396.7742,387.951,0.79260916,,,
141,RSmallToe,282.34076,387.951,0.8943175,,,
141,LHeel,415.84644,363.28192,0.86197853,,,
141,RHeel,309.0419,381.78372,0.96005875,,,
142,Nose,348.75565,116.0059,0.9527371,,,
142,LEye,356.15854,109.83837,0.9600855,,,
142,REye,345.0542,103.67085,0.9819064,,,
142,LEar,363.5614,116.0059,0.91401863,,,
142,REar,337.6513,103.67085,0.93054616,,,
142,LShoulder,370.9643,146.84352,0.88917065,-0.1309016,-0.21776605,-0.06044077
142,RShoulder,311.7412,134.50847,0.9220867,-0.2643139,-0.24515569,-0.009853757
142,LElbow,407.97873,171.51361,0.8988462,-0.04048582,-0.1649295,0.020973615
142,RElbow,304.33835,171.51361,0.94609517,-0.29574716,-0.16466455,0.091457404
142,LWrist,385.77008,196.18372,0.9049003,-0.101931654,-0.09932195,-0.0062124785
142,RWrist,311.7412,214.68628,0.94781774,-0.27007282,-0.066192955,0.05779164
142,LHip,352.4571,239.35638,0.86138,-0.17160842,-0.009146484,-0.038419075
142,RHip,322.84555,239.35638,0.89369005,-0.24486627,-0.013691842,0.038434803
142,LKnee,356.15854,301.03162,0.95483035,-0.16825235,0.14530946,-0.16324821
142,RKnee,308.0398,294.8641,0.90713084,-0.28968343,0.1434965,-0.043196082
142,LAnkle,404.27728,362.70688,0.8657479,-0.05326174,0.29048008,-0.039358612
142,RAnkle,304.33835,368.8744,0.9142113,-0.28887135,0.30911195,0.09448043
142,Head,356.15854,85.168274,0.8601154,-0.17037024,-0.37587819,-0.0855139
142,Neck,345.0542,128.34094,0.93514174,-0.19401121,-0.26081747,-0.04953763
142,Hip,337.6513,233.18886,0.91475654,-0.20783289,-0.013175275,-0.0009087145
142,LBigToe,382.06863,387.37695,0.88598293,,,
142,RBigToe,285.83115,393.5445,0.90377146,,,
142,LSmallToe,389.4715,387.37695,0.80862015,,,
142,RSmallToe,282.1297,387.37695,0.8899204,,,
142,LHeel,411.68015,362.70688,0.83325195,,,
142,RHeel,311.7412,381.20944,0.87350136,,,
143,Nose,347.42374,110.11275,0.9514087,,,
143,LEye,354.64514,110.11275,0.9221436,,,
143,REye,343.81305,103.94894,0.974053,,,
143,LEar,358.25583,116.27656,0.8709018,,,
143,REar,332.98096,103.94894,0.8990672,,,
143,LShoulder,369.0879,147.0956,0.8726289,-0.13500546,-0.21832554,-0.062182568
143,RShoulder,311.31677,134.76797,0.90708566,-0.26812917,-0.24491905,-0.010958416
143,LElbow,405.19485,165.58702,0.8636429,-0.043441843,-0.16727258,0.018269943
143,RElbow,300.4847,171.75082,0.94115967,-0.29846412,-0.1645132,0.09062392
143,LWrist,383.5307,196.40605,0.90469456,-0.10437152,-0.10077573,-0.0073313033
143,RWrist,311.31677,214.89748,0.9469079,-0.27165812,-0.06661786,0.05664165
143,LHip,354.64514,239.55272,0.8418177,-0.1729689,-0.009723943,-0.038587496
143,RHip,322.14886,239.55272,0.88792616,-0.2463939,-0.013744226,0.038196564
143,LKnee,354.64514,301.1908,0.9461176,-0.17143923,0.1426483,-0.16472389
143,RKnee,304.0954,295.02698,0.9547499,-0.29427716,0.14151523,-0.043127753
143,LAnkle,397.97345,362.8289,0.9049761,-0.06572728,0.29545024,-0.04471031
143,RAnkle,304.0954,368.99268,0.8743351,-0.28629318,0.30825812,0.09239974
143,Head,351.03442,79.29371,0.88863397,-0.17565277,-0.37634683,-0.08750587
143,Neck,343.81305,128.60417,0.90224826,-0.19834088,-0.26102164,-0.051239148
143,Hip,336.59164,233.3889,0.91157776,-0.20939048,-0.0135064935,-0.00096749165
143,LBigToe,379.91998,387.4841,0.88988817,,,
143,RBigToe,282.4312,393.64792,0.8778539,,,
143,LSmallToe,383.5307,387.4841,0.80635124,,,
143,RSmallToe,282.4312,387.4841,0.88044137,,,
143,LHeel,408.80554,368.99268,0.86200917,,,
143,RHeel,311.31677,381.3203,0.8632399,,,
144,Nose,342.32623,115.89496,0.93960315,,,
144,LEye,349.4342,109.71085,0.9593855,,,
144,REye,342.32623,103.52674,0.9509412,,,
144,LEar,356.5422,115.89496,0.8745914,,,
144,REar,331.66425,103.52674,0.91534126,,,
144,LShoulder,367.2042,146.81549,0.87012476,-0.13896899,-0.21817005,-0.06386839
144,RShoulder,310.34027,134.44728,0.8866465,-0.27185023,-0.2435401,-0.011965198
144,LElbow,402.74417,165.36781,0.86199725,-0.046033695,-0.16886522,0.01586001
144,RElbow,299.67825,171.55191,0.9470719,-0.30100232,-0.16370304,0.09021827
144,LWrist,381.42017,196.28835,0.90544856,-0.10647482,-0.10182953,-0.00827308
144,RWrist,310.34027,214.84067,0.93641907,-0.2728711,-0.06694564,0.055473678
144,LHip,352.98822,239.57709,0.86668986,-0.17432006,-0.009520307,-0.038710147
144,RHip,321.00226,239.57709,0.8686386,-0.2477788,-0.013102935,0.03806998
144,LKnee,352.98822,301.41815,0.9428567,-0.17423744,0.14087303,-0.16577175
144,RKnee,299.67825,295.23404,0.96555525,-0.29955313,0.13999382,-0.04297416
144,LAnkle,392.08218,363.25922,0.8900554,-0.079247095,0.30144766,-0.050596707
144,RAnkle,306.78625,369.44333,0.8933948,-0.28345805,0.3076931,0.09038577
144,Head,349.4342,78.79031,0.8824598,-0.18102813,-0.3758292,-0.08925033
144,Neck,342.32623,128.26317,0.9099815,-0.2026872,-0.2603018,-0.05287657
144,Hip,335.21823,233.39299,0.8842616,-0.21095553,-0.013011901,-0.0010225868
144,LBigToe,374.3122,387.99567,0.8904891,,,
144,RBigToe,281.9083,394.17975,0.8692389,,,
144,LSmallToe,377.86618,394.17975,0.8358789,,,
144,RSmallToe,281.9083,387.99567,0.85534924,,,
144,LHeel,402.74417,369.44333,0.86902386,,,
144,RHeel,313.89426,375.62744,0.8917047,,,
145,Nose,341.6295,116.58144,0.9710027,,,
145,LEye,348.64847,110.38538,0.9793073,,,
145,REye,338.12003,104.18933,0.9837822,,,
145,LEar,355.66742,116.58144,0.8753753,,,
145,REar,331.10104,104.18933,0.889527,,,
145,LShoulder,366.19586,147.56172,0.8620401,-0.14293432,-0.21723233,-0.065352984
145,RShoulder,306.53467,135.1696,0.8654829,-0.2755038,-0.2409711,-0.012731363
145,LElbow,404.80017,166.14989,0.87992024,-0.048354186,-0.16971663,0.013423025
145,RElbow,299.51572,172.34593,0.9569126,-0.30336872,-0.16207887,0.09009676
145,LWrist,380.2338,197.13016,0.92009646,-0.108301714,-0.10239516,-0.008993553
145,RWrist,310.04416,215.71832,0.9228381,-0.27376658,-0.06701851,0.054386415
145,LHip,352.15793,234.30649,0.8743149,-0.17575818,-0.008577111,-0.038881145
145,RHip,320.5726,240.50255,0.86110777,-0.24891824,-0.011906056,0.038104557
145,LKnee,352.15793,296.26703,0.94087964,-0.17691055,0.13986821,-0.16630562
145,RKnee,299.51572,296.26703,0.93983203,-0.30520505,0.13922335,-0.04293541
145,LAnkle,387.25275,370.6197,0.8844776,-0.09433828,0.30896685,-0.057246376
145,RAnkle,310.04416,364.42365,0.9309178,-0.28059018,0.30731633,0.08888576
145,Head,348.64847,79.40511,0.8936752,-0.18652134,-0.37428504,-0.09074276
145,Neck,338.12003,128.97356,0.92489934,-0.2071509,-0.2586545,-0.05430386
145,Hip,338.12003,234.30649,0.89187133,-0.21239299,-0.011862084,-0.0009804124
145,LBigToe,366.19586,395.40393,0.8790246,,,
145,RBigToe,281.9683,395.40393,0.80825305,,,
145,LSmallToe,373.21484,395.40393,0.8045016,,,
145,RSmallToe,281.9683,389.20786,0.77929384,,,
145,LHeel,397.7812,376.81577,0.8411006,,,
145,RHeel,317.0631,376.81577,0.90230864,,,
146,Nose,337.3923,117.21785,0.971452,,,
146,LEye,344.46054,110.999954,0.9751152,,,
146,REye,333.8582,104.78206,0.924096,,,
146,LEar,351.52878,117.21785,0.8644111,,,
146,REar,326.78995,104.78206,0.9064681,,,
146,LShoulder,362.13113,148.30734,0.8723126,-0.1469129,-0.21545549,-0.06654032
146,RShoulder,305.58527,135.87154,0.8604669,-0.27909237,-0.2372482,-0.013399867
146,LElbow,404.54053,166.96103,0.8720639,-0.050644472,-0.1697481,0.0113221295
146,RElbow,298.51703,173.17892,0.9598,-0.30563176,-0.15974689,0.09061791
146,LWrist,379.8017,198.05052,0.9198717,-0.1099544,-0.102365926,-0.009334173
146,RWrist,309.1194,210.48631,0.9093471,-0.27457643,-0.06674431,0.053555243
146,LHip,351.52878,235.3579,0.8720071,-0.1773999,-0.006896857,-0.039088372
146,RHip,319.7217,235.3579,0.8537756,-0.25003874,-0.010119484,0.03836704
146,LKnee,347.99466,297.53687,0.9301674,-0.18000256,0.14072676,-0.16671053
146,RKnee,294.9829,297.53687,0.9512934,-0.31096235,0.13933751,-0.04258263
146,LAnkle,379.8017,372.15164,0.8935071,-0.10683718,0.31538704,-0.062696986
146,RAnkle,312.65347,365.93375,0.88400394,-0.27808756,0.3072923,0.08680241
146,Head,344.46054,79.91047,0.8988786,-0.1920436,-0.3716501,-0.09163376
146,Neck,337.3923,129.65364,0.96358174,-0.21166332,-0.25610724,-0.055327453
146,Hip,337.3923,235.3579,0.8793903,-0.2140279,-0.009967615,-0.0009351084
146,LBigToe,362.13113,397.02322,0.8426789,,,
146,RBigToe,284.38055,390.80533,0.7669791,,,
146,LSmallToe,369.19937,397.02322,0.8035132,,,
146,RSmallToe,284.38055,384.58743,0.7823457,,,
146,LHeel,390.40405,384.58743,0.87105817,,,
146,RHeel,319.7217,378.36954,0.90329474,,,
147,Nose,336.02075,118.23298,0.9874165,,,
147,LEye,343.11246,112.02151,0.9665473,,,
147,REye,332.4749,112.02151,0.9406816,,,
147,LEar,350.20416,118.23298,0.8883518,,,
147,REar,325.3832,105.81003,0.90517825,,,
147,LShoulder,360.8417,149.29036,0.8766483,-0.15080407,-0.21266049,-0.067531094
147,RShoulder,304.10812,143.07889,0.8299463,-0.28258312,-0.23224092,-0.01395859
147,LElbow,403.3919,167.92479,0.8610257,-0.052941516,-0.1688188,0.009390908
147,RElbow,297.01642,174.13628,0.93888307,-0.30762196,-0.15644278,0.09151865
147,LWrist,382.1168,192.7707,0.9159525,-0.111602455,-0.101629555,-0.008993442
147,RWrist,311.1998,211.40514,0.9031332,-0.27540413,-0.065897614,0.052790448
147,LHip,350.20416,236.25104,0.85349417,-0.17940578,-0.0045346525,-0.03917163
147,RHip,318.2915,236.25104,0.8449924,-0.25125796,-0.00801856,0.038765673
147,LKnee,346.6583,298.3658,0.91545206,-0.18362328,0.14321783,-0.16671753
147,RKnee,293.47055,292.15433,0.92430216,-0.31532234,0.14046462,-0.042099446
147,LAnkle,378.57095,372.90353,0.88014627,-0.11528887,0.32007036,-0.06524324
147,RAnkle,311.1998,366.69205,0.85559213,-0.2761919,0.30781054,0.08480541
147,Head,343.11246,87.1756,0.8898501,-0.19762188,-0.3676723,-0.092076965
147,Neck,336.02075,130.65593,0.9331159,-0.21604285,-0.25244185,-0.05603728
147,Hip,336.02075,236.25104,0.893784,-0.21588463,-0.007679673,-0.00088906684
147,LBigToe,357.29587,397.74945,0.86471593,,,
147,RBigToe,282.833,391.53796,0.72993314,,,
147,LSmallToe,364.38754,397.74945,0.8240773,,,
147,RSmallToe,286.37888,385.32648,0.75116473,,,
147,LHeel,385.66266,385.32648,0.8784732,,,
147,RHeel,318.2915,379.11502,0.93564194,,,
148,Nose,334.86298,118.899086,0.9661919,,,
148,LEye,341.89423,112.71794,0.9343339,,,
148,REye,331.34735,112.71794,0.9597708,,,
148,LEar,348.92545,118.899086,0.8909242,,,
148,REar,320.80048,106.5368,0.8740841,,,
148,LShoulder,359.47232,149.80482,0.8681349,-0.15453103,-0.209076,-0.06803902
148,RShoulder,303.22238,143.62367,0.8288906,-0.28589296,-0.22666252,-0.014097074
148,LElbow,401.65976,168.34827,0.876272,-0.05526846,-0.16714405,0.008105338
148,RElbow,296.19113,180.71056,0.9552976,-0.30929354,-0.15241666,0.092605524
148,LWrist,380.56604,193.07285,0.9417914,-0.11315139,-0.09977105,-0.008501494
148,RWrist,310.25363,211.61629,0.90873635,-0.27632347,-0.064287975,0.052433945
148,LHip,348.92545,242.52202,0.86420316,-0.18169752,-0.0018748734,-0.039057046
148,RHip,320.80048,242.52202,0.87861305,-0.25263315,-0.005837379,0.039231163
148,LKnee,348.92545,304.3335,0.9186029,-0.18764448,0.14739305,-0.16618039
148,RKnee,292.6755,298.15234,0.95033264,-0.31782013,0.14302802,-0.04188917
148,LAnkle,373.5348,378.50726,0.8726965,-0.119669504,0.3226084,-0.06383998
148,RAnkle,310.25363,372.3261,0.8747898,-0.27475426,0.30868468,0.08313334
148,Head,341.89423,87.993355,0.8909252,-0.20294386,-0.36308932,-0.09212424
148,Neck,331.34735,137.44254,0.9087543,-0.2201069,-0.24804823,-0.056306317
148,Hip,334.86298,236.34088,0.9220389,-0.21792561,-0.0052157156,-0.00091095385
148,LBigToe,359.47232,397.0507,0.88361263,,,
148,RBigToe,282.12866,390.86954,0.7289674,,,
148,LSmallToe,366.50357,397.0507,0.8316392,,,
148,RSmallToe,285.6443,384.6884,0.72283685,,,
148,LHeel,384.08167,384.6884,0.8781994,,,
148,RHeel,317.28485,384.6884,0.90752274,,,
149,Nose,334.31168,127.02483,0.93817395,,,
149,LEye,337.79944,114.75628,0.9189054,,,
149,REye,330.8239,114.75628,0.9336104,,,
149,LEar,348.2627,120.89056,0.8832504,,,
149,REar,320.36063,114.75628,0.8946758,,,
149,LShoulder,358.72598,151.56195,0.8771134,-0.15815006,-0.20584422,-0.06803748
149,RShoulder,299.43405,145.42767,0.83184934,-0.28900152,-0.22190094,-0.013601968
149,LElbow,400.5791,169.96478,0.87862873,-0.05783475,-0.16535158,0.007546434
149,RElbow,295.9463,182.23334,0.9763215,-0.31084013,-0.14892146,0.09387729
149,LWrist,379.65256,200.63617,0.92821175,-0.11493095,-0.09708409,-0.008258495
149,RWrist,306.40958,212.90472,0.8963736,-0.27740258,-0.06271078,0.0525762
149,LHip,348.2627,243.57611,0.86929107,-0.18404339,0.00043159723,-0.038844533
149,RHip,320.36063,243.57611,0.904419,-0.25407857,-0.0038702656,0.039626077
149,LKnee,344.77493,304.91888,0.94538635,-0.19181636,0.15082619,-0.16621831
149,RKnee,295.9463,298.7846,0.9589899,-0.31967133,0.14501788,-0.042147484
149,LAnkle,376.1648,378.5302,0.8876003,-0.120697886,0.3225827,-0.06058695
149,RAnkle,313.3851,372.39594,0.86110914,-0.2737904,0.3092055,0.08242518
149,Head,337.79944,90.21917,0.8379216,-0.20803057,-0.35907602,-0.091766275
149,Neck,330.8239,139.2934,0.92617714,-0.22386841,-0.24439691,-0.056025207
149,Hip,334.31168,237.44183,0.92947495,-0.22001922,-0.00287609,-0.0008569702
149,LBigToe,358.72598,396.93304,0.9145501,,,
149,RBigToe,281.99527,390.79877,0.69251126,,,
149,LSmallToe,365.7015,396.93304,0.84150285,,,
149,RSmallToe,285.48303,384.6645,0.7116848,,,
149,LHeel,383.14032,384.6645,0.86502737,,,
149,RHeel,316.87286,384.6645,0.84652406,,,
150,Nose,330.53174,128.60725,0.95524764,,,
150,LEye,337.4167,116.45027,0.94745755,,,
150,REye,327.08926,116.45027,0.9593314,,,
150,LEar,344.30167,122.528755,0.88299966,,,
150,REar,320.2043,116.45027,0.89139074,,,
150,LShoulder,358.07156,152.9212,0.8863589,-0.161562,-0.20328002,-0.06783297
150,RShoulder,299.54947,146.84271,0.8068173,-0.29176778,-0.21826465,-0.01277858
150,LElbow,399.3813,171.15668,0.8860748,-0.06040831,-0.16385129,0.007437883
150,RElbow,292.6645,183.31366,0.8927688,-0.31221083,-0.14621612,0.09532161
150,LWrist,375.28394,201.54913,0.9388258,-0.11703911,-0.09480254,-0.0077611776
150,RWrist,306.43442,213.7061,0.9202638,-0.27862102,-0.06151576,0.05295036
150,LHip,347.74414,244.09856,0.8474051,-0.18641844,0.0026219152,-0.038563047
150,RHip,316.76184,244.09856,0.86820114,-0.25566596,-0.0019459799,0.03999
150,LKnee,340.8592,304.88345,0.9053912,-0.19531408,0.15386285,-0.16643445
150,RKnee,292.6645,298.80496,0.96135837,-0.32159057,0.14664198,-0.042627756
150,LAnkle,375.28394,371.74686,0.87921673,-0.12139542,0.3219883,-0.05756817
150,RAnkle,309.8769,371.74686,0.8417921,-0.27348024,0.30943465,0.081938125
150,Head,333.9742,92.13631,0.87324744,-0.21254292,-0.3561189,-0.0910844
150,Neck,330.53174,140.76422,0.9249423,-0.2273012,-0.24159043,-0.055431902
150,Hip,333.9742,238.02007,0.91521823,-0.22220726,-0.0004243292,-0.0007014291
150,LBigToe,358.07156,396.0608,0.8692434,,,
150,RBigToe,282.33707,389.9823,0.7326016,,,
150,LSmallToe,364.9565,396.0608,0.7824944,,,
150,RSmallToe,285.77954,383.9038,0.72879213,,,
150,LHeel,382.16888,383.9038,0.8412231,,,
150,RHeel,320.2043,383.9038,0.83149946,,,
151,Nose,329.9676,129.29326,0.93799424,,,
151,LEye,336.75504,117.18996,0.9459496,,,
151,REye,326.57388,117.18996,0.95397985,,,
151,LEar,343.54245,123.24161,0.8852867,,,
151,REar,316.39273,117.18996,0.8970992,,,
151,LShoulder,357.1173,153.49985,0.8882405,-0.16492,-0.20213892,-0.06763223
151,RShoulder,299.42413,147.4482,0.7929013,-0.29436916,-0.21640198,-0.011917392
151,LElbow,397.84192,171.65479,0.8869919,-0.063019834,-0.16316114,0.007296323
151,RElbow,292.63672,183.75809,0.9164635,-0.31349266,-0.14469977,0.09661188
151,LWrist,377.4796,201.91304,0.9256396,-0.11923148,-0.093406096,-0.0076234583
151,RWrist,306.21158,214.01633,0.9098396,-0.27997696,-0.061058115,0.053853735
151,LHip,346.9362,244.27457,0.84399205,-0.18901825,0.0037279446,-0.03844745
151,RHip,316.39273,244.27457,0.88341075,-0.25752717,-0.0008764267,0.040347174
151,LKnee,343.54245,310.8427,0.8823406,-0.19841114,0.15614216,-0.16603084
151,RKnee,292.63672,304.79105,0.9570406,-0.32257718,0.14766248,-0.043185227
151,LAnkle,374.0859,377.41083,0.85552144,-0.12225419,0.32131705,-0.05466961
151,RAnkle,312.99902,371.3592,0.85870427,-0.2731642,0.3095552,0.08213309
151,Head,333.3613,92.98337,0.90464026,-0.21659687,-0.35512128,-0.090541
151,Neck,326.57388,141.39655,0.93179834,-0.23056896,-0.2404002,-0.05492679
151,Hip,329.9676,244.27457,0.9103461,-0.22461519,0.0009961836,-0.00049203145
151,LBigToe,360.51105,395.56577,0.84461766,,,
151,RBigToe,282.45557,389.51413,0.648288,,,
151,LSmallToe,367.29846,395.56577,0.7459597,,,
151,RSmallToe,285.84927,383.4625,0.689501,,,
151,LHeel,384.26706,383.4625,0.8763127,,,
151,RHeel,319.78644,383.4625,0.8193496,,,
152,Nose,329.47357,123.7294,0.94189054,,,
152,LEye,332.83548,117.6762,0.9407381,,,
152,REye,326.1117,111.623,0.9097851,,,
152,LEar,339.55927,123.7294,0.8977308,,,
152,REar,316.026,117.6762,0.90242475,,,
152,LShoulder,353.00684,153.99539,0.8639661,-0.16797122,-0.20351285,-0.067537315
152,RShoulder,295.85468,147.9422,0.7791926,-0.29663455,-0.2174599,-0.0113933915
152,LElbow,396.71143,172.155,0.8820994,-0.06556393,-0.16385353,0.006721353
152,RElbow,292.49277,184.2614,0.9174437,-0.31471613,-0.14504704,0.097406395
152,LWrist,373.1782,202.42099,0.90803355,-0.121643506,-0.09308137,-0.008274642
152,RWrist,305.94034,214.52739,0.90734,-0.2813645,-0.061593715,0.054213673
152,LHip,342.92114,244.7934,0.8118519,-0.19149452,0.0021185111,-0.038549345
152,RHip,316.026,244.7934,0.8941001,-0.2596054,-0.0022368822,0.040429696
152,LKnee,342.92114,305.32538,0.88570803,-0.20226482,0.15449375,-0.16593519
152,RKnee,292.49277,299.2722,0.9676217,-0.32271415,0.14652355,-0.044088695
152,LAnkle,373.1782,371.91058,0.87050587,-0.12324637,0.31883946,-0.053857185
152,RAnkle,312.66412,371.91058,0.85595536,-0.27332723,0.30914918,0.08212863
152,Head,332.83548,93.46341,0.9137953,-0.22011998,-0.35695413,-0.090693556
152,Neck,326.1117,135.8358,0.91299826,-0.2333612,-0.24209839,-0.054726794
152,Hip,329.47357,238.74019,0.9079026,-0.22689135,-0.00045352802,-0.0005849961
152,LBigToe,359.73062,396.12338,0.86113447,,,
152,RBigToe,282.4071,390.07016,0.6113841,,,
152,LSmallToe,366.4544,396.12338,0.7564176,,,
152,RSmallToe,285.76898,384.01697,0.6696197,,,
152,LHeel,383.26385,384.01697,0.8720866,,,
152,RHeel,319.3879,384.01697,0.8084201,,,
153,Nose,325.71927,124.16045,0.9439013,,,
153,LEye,332.396,118.11303,0.9511912,,,
153,REye,322.38092,112.065605,0.92481834,,,
153,LEar,339.07272,118.11303,0.9152236,,,
153,REar,315.7042,112.065605,0.90466636,,,
153,LShoulder,352.42618,154.3976,0.85828495,-0.1707227,-0.2058079,-0.0675816
153,RShoulder,295.67404,148.35016,0.7931735,-0.29877564,-0.21964,-0.011019879
153,LElbow,395.82486,166.49245,0.8811086,-0.067944385,-0.16534595,0.005693841
153,RElbow,292.33566,184.63472,0.91783744,-0.31609088,-0.1463913,0.09809235
153,LWrist,372.45633,202.77701,0.9064148,-0.12394951,-0.09362775,-0.009268316
153,RWrist,305.68912,214.87186,0.9288021,-0.28296,-0.06274962,0.055099092
153,LHip,345.74945,245.109,0.81808513,-0.19388853,-0.00038922206,-0.038782932
153,RHip,315.7042,245.109,0.8897273,-0.261769,-0.004297262,0.040464193
153,LKnee,339.07272,305.58328,0.90850556,-0.20697528,0.15195134,-0.16570054
153,RKnee,292.33566,299.53583,0.96732223,-0.32216218,0.14481719,-0.045153648
153,LAnkle,372.45633,372.10495,0.89432144,-0.12401153,0.31541312,-0.0530222
153,RAnkle,312.36584,372.10495,0.8549905,-0.27361587,0.308594,0.082495786
153,Head,332.396,87.87589,0.88467956,-0.22330745,-0.35992014,-0.091117434
153,Neck,325.71927,136.25531,0.93293875,-0.23591553,-0.24478844,-0.05488024
153,Hip,329.05765,239.06157,0.90829945,-0.22914442,-0.002801478,-0.0006106002
153,LBigToe,359.10287,396.29468,0.8989054,,,
153,RBigToe,285.65897,390.24725,0.53722054,,,
153,LSmallToe,365.7796,396.29468,0.7967732,,,
153,RSmallToe,288.9973,384.19983,0.66411746,,,
153,LHeel,382.4714,384.19983,0.8538183,,,
153,RHeel,322.38092,384.19983,0.79450995,,,
154,Nose,325.81332,120.7627,0.9485285,,,
154,LEye,332.4062,114.66238,0.9507716,,,
154,REye,322.5169,114.66238,0.9297123,,,
154,LEar,338.99905,120.7627,0.91727483,,,
154,REar,315.924,114.66238,0.9002471,,,
154,LShoulder,352.18478,151.2643,0.86186564,-0.17313626,-0.20942815,-0.067964
154,RShoulder,296.14545,145.16399,0.80545706,-0.30064088,-0.22341992,-0.0109829
154,LElbow,395.0384,169.56526,0.88033974,-0.07010437,-0.1672665,0.004618068
154,RElbow,292.849,181.76591,0.9297337,-0.3176572,-0.14903472,0.098284125
154,LWrist,371.96338,200.06686,0.9100646,-0.12617457,-0.09497064,-0.010821868
154,RWrist,306.03473,212.26752,0.9155356,-0.28485778,-0.0647079,0.056074075
154,LHip,342.29547,242.76912,0.80916077,-0.19628893,-0.0048477575,-0.039223284
154,RHip,312.6276,242.76912,0.8809149,-0.26400536,-0.008237829,0.040358793
154,LKnee,338.99905,303.7723,0.91888636,-0.21278144,0.14742498,-0.16554408
154,RKnee,292.849,297.672,0.9413347,-0.320658,0.14198661,-0.0466466
154,LAnkle,371.96338,370.87585,0.8843141,-0.12516366,0.31009728,-0.052319042
154,RAnkle,312.6276,370.87585,0.86209106,-0.2740422,0.30774948,0.082679406
154,Head,329.10974,90.26109,0.8652761,-0.22613421,-0.3639081,-0.09202427
154,Neck,325.81332,132.96335,0.90628725,-0.23813564,-0.24900833,-0.055759914
154,Hip,329.10974,236.6688,0.89766854,-0.23136786,-0.0072377566,-0.0007391756
154,LBigToe,358.77765,395.27713,0.9016488,,,
154,RBigToe,282.95972,389.17682,0.5684647,,,
154,LSmallToe,365.3705,395.27713,0.8052198,,,
154,RSmallToe,289.55255,383.0765,0.6482258,,,
154,LHeel,381.85266,383.0765,0.85123813,,,
154,RHeel,322.5169,383.0765,0.8098072,,,
155,Nose,325.61465,119.85841,0.9683693,,,
155,LEye,332.1491,113.747604,0.9510816,,,
155,REye,322.34744,113.747604,0.9238661,,,
155,LEar,338.68353,119.85841,0.9035114,,,
155,REar,312.54578,107.6368,0.8941991,,,
155,LShoulder,351.75244,150.41243,0.8494616,-0.17542061,-0.21345168,-0.068742074
155,RShoulder,296.2097,144.30164,0.7797742,-0.3025419,-0.22772507,-0.011516179
155,LElbow,394.2263,168.74484,0.8795331,-0.072172195,-0.16965054,0.003095011
155,RElbow,292.94247,180.96646,0.88919324,-0.31951392,-0.15227503,0.09776636
155,LWrist,371.35574,199.29887,0.90879416,-0.12821218,-0.096702084,-0.012559948
155,RWrist,302.7441,211.52048,0.90475565,-0.2870686,-0.06696467,0.056847923
155,LHip,341.95078,235.9637,0.83874273,-0.19854121,-0.010547075,-0.039645508
155,RHip,312.54578,235.9637,0.8662556,-0.26621503,-0.013043838,0.040144812
155,LKnee,335.41632,303.18256,0.8818262,-0.22016102,0.14142296,-0.16604322
155,RKnee,292.94247,297.07175,0.93886214,-0.3185772,0.13886252,-0.048307195
155,LAnkle,371.35574,370.4014,0.8944724,-0.12689266,0.30237207,-0.051099926
155,RAnkle,312.54578,370.4014,0.8664917,-0.2747139,0.30676863,0.08265971
155,Head,328.8819,83.19358,0.8861069,-0.22876978,-0.3684857,-0.09339329
155,Neck,322.34744,132.08002,0.92065704,-0.24018535,-0.25366247,-0.05728946
155,Hip,325.61465,235.9637,0.86598027,-0.23370793,-0.012613101,-0.0007924165
155,LBigToe,358.28687,394.84464,0.8992408,,,
155,RBigToe,283.1408,388.73383,0.60069907,,,
155,LSmallToe,364.82132,394.84464,0.82752895,,,
155,RSmallToe,289.67523,382.62302,0.6528031,,,
155,LHeel,381.1574,376.5122,0.8538149,,,
155,RHeel,322.34744,382.62302,0.85217553,,,
156,Nose,326.1028,118.77512,0.9776223,,,
156,LEye,332.52594,112.66139,0.9283189,,,
156,REye,322.89127,106.54767,0.9084789,,,
156,LEar,338.9491,112.66139,0.8894393,,,
156,REar,313.25656,106.54767,0.8658411,,,
156,LShoulder,348.58377,149.34375,0.8173749,-0.1775643,-0.21748278,-0.07003244
156,RShoulder,293.98718,143.23003,0.7475926,-0.30446926,-0.23206456,-0.012555753
156,LElbow,393.54565,167.68494,0.8723011,-0.07399917,-0.17220774,0.0015169741
156,RElbow,293.98718,186.02612,0.8339189,-0.32179344,-0.15572514,0.09636155
156,LWrist,371.06473,198.25357,0.90718836,-0.12990001,-0.09852567,-0.014201682
156,RWrist,306.83344,210.48102,0.8738799,-0.28972703,-0.069414586,0.057289228
156,LHip,342.16064,234.93593,0.8434875,-0.20072696,-0.017523635,-0.03975196
156,RHip,313.25656,234.93593,0.8478722,-0.2684384,-0.018782888,0.039768998
156,LKnee,332.52594,296.07318,0.8920828,-0.22906713,0.13471429,-0.16687077
156,RKnee,293.98718,296.07318,0.9347655,-0.31610727,0.13585572,-0.050284162
156,LAnkle,371.06473,363.3242,0.8769226,-0.12888716,0.2919405,-0.04836863
156,RAnkle,313.25656,369.43793,0.87579966,-0.27566892,0.30573094,0.08267633
156,Head,326.1028,82.092766,0.8728372,-0.2311157,-0.37284878,-0.09497725
156,Neck,322.89127,131.00258,0.9267375,-0.24215327,-0.25823003,-0.05946316
156,Hip,326.1028,228.8222,0.89204425,-0.23634411,-0.019899042,-0.0006140806
156,LBigToe,358.21848,393.89282,0.87483364,,,
156,RBigToe,284.3525,387.77908,0.5438425,,,
156,LSmallToe,361.43002,393.89282,0.8185055,,,
156,RSmallToe,290.77563,381.66537,0.6369525,,,
156,LHeel,380.6994,375.55164,0.84516543,,,
156,RHeel,322.89127,381.66537,0.8452412,,,
157,Nose,324.0345,117.56677,0.947978,,,
157,LEye,330.3261,111.47097,0.95092297,,,
157,REye,320.88867,105.37517,0.954482,,,
157,LEar,336.6177,111.47097,0.8754981,,,
157,REar,311.45126,105.37517,0.88277775,,,
157,LShoulder,349.20093,148.04578,0.84744006,-0.17926793,-0.22050326,-0.07097353
157,RShoulder,292.57645,141.94998,0.6985664,-0.3061118,-0.23538187,-0.013241373
157,LElbow,393.24222,166.33318,0.846799,-0.07545936,-0.17441405,0.00022958731
157,RElbow,289.43063,178.52478,0.8855347,-0.32425904,-0.15861773,0.09574704
157,LWrist,371.22156,196.81218,0.89759237,-0.1311475,-0.1001005,-0.01578867
157,RWrist,302.01385,209.00378,0.9241301,-0.29293454,-0.0714217,0.058643922
157,LHip,339.76352,233.387,0.86186093,-0.20276195,-0.02187539,-0.039886974
157,RHip,311.45126,233.387,0.8484985,-0.27062333,-0.022406794,0.03953445
157,LKnee,327.1803,294.345,0.92116445,-0.23928195,0.12851995,-0.16876757
157,RKnee,295.72223,294.345,0.9627123,-0.31380787,0.13341816,-0.051663272
157,LAnkle,368.07578,361.3988,0.8805439,-0.1313225,0.27953544,-0.044321034
157,RAnkle,311.45126,367.4946,0.8808005,-0.27694595,0.30470672,0.083485015
157,Head,327.1803,80.99197,0.8936848,-0.2329445,-0.3762469,-0.09553412
157,Neck,324.0345,129.75838,0.9305348,-0.24369352,-0.2613861,-0.060685202
157,Hip,327.1803,227.29118,0.914494,-0.23899631,-0.025162287,-0.0003156364
157,LBigToe,352.34674,385.782,0.85783684,,,
157,RBigToe,286.28482,391.8778,0.7148038,,,
157,LSmallToe,358.63837,385.782,0.8710135,,,
157,RSmallToe,286.28482,385.782,0.69263357,,,
157,LHeel,377.51318,367.4946,0.84270567,,,
157,RHeel,317.7429,373.5904,0.8693302,,,
158,Nose,325.11093,116.06246,0.9669858,,,
158,LEye,331.29437,109.982315,0.9600703,,,
158,REye,322.0192,103.90216,0.9470383,,,
158,LEar,337.4778,109.982315,0.8715465,,,
158,REar,309.65228,103.90216,0.9192256,,,
158,LShoulder,349.84473,146.46321,0.8695175,-0.18068632,-0.22283743,-0.07172296
158,RShoulder,294.19366,140.38306,0.69095874,-0.30747142,-0.23800407,-0.013814649
158,LElbow,393.12888,164.70366,0.7909855,-0.076673105,-0.17625095,-0.0009633349
158,RElbow,288.01022,176.86397,0.90060467,-0.3268979,-0.16149893,0.09534592
158,LWrist,371.48682,195.10442,0.91165316,-0.13198897,-0.10131416,-0.017269026
158,RWrist,300.37714,207.26471,0.88922846,-0.29641518,-0.0731969,0.06023911
158,LHip,340.56955,231.58531,0.86645854,-0.2045776,-0.025116334,-0.040093325
158,RHip,309.65228,231.58531,0.8663332,-0.27261347,-0.025227685,0.039445136
158,LKnee,322.0192,292.3868,0.91304696,-0.25021598,0.12312718,-0.17065251
158,RKnee,297.2854,292.3868,0.93876123,-0.31207943,0.13142869,-0.05221942
158,LAnkle,368.39508,353.18832,0.8805343,-0.13398656,0.2654204,-0.038680535
158,RAnkle,309.65228,365.3486,0.8940912,-0.27834287,0.30375794,0.084684364
158,Head,328.20264,79.581566,0.8778429,-0.23438175,-0.37903333,-0.09571168
158,Neck,322.0192,128.22276,0.9056619,-0.24493182,-0.26373255,-0.06153164
158,Hip,325.11093,225.50516,0.91222394,-0.24119726,-0.028899018,-0.00020154263
158,LBigToe,356.02817,377.5089,0.844014,,,
158,RBigToe,288.01022,389.66922,0.8990016,,,
158,LSmallToe,359.1199,377.5089,0.8740133,,,
158,RSmallToe,288.01022,383.58905,0.847916,,,
158,LHeel,377.67026,359.26846,0.8035909,,,
158,RHeel,315.83575,377.5089,0.8921263,,,
159,Nose,325.38937,116.140434,0.95991546,,,
159,LEye,331.53467,110.0818,0.93738467,,,
159,REye,319.24408,104.02316,0.9466609,,,
159,LEar,337.67996,110.0818,0.8585846,,,
159,REar,310.02612,104.02316,0.92024386,,,
159,LShoulder,346.8979,146.43361,0.85537213,-0.18187165,-0.22413288,-0.07208624
159,RShoulder,291.59027,140.37497,0.7054771,-0.30871016,-0.23947418,-0.014123337
159,LElbow,392.98758,164.60951,0.7843641,-0.07763286,-0.17755444,-0.0017147611
159,RElbow,288.5176,170.66815,0.9267323,-0.32977593,-0.16401985,0.09551025
159,LWrist,371.47906,194.9027,0.90299034,-0.13246743,-0.10191654,-0.018749896
159,RWrist,297.73557,207.01996,0.88562447,-0.30034307,-0.0742186,0.06270487
159,LHip,337.67996,231.2545,0.82512057,-0.20632325,-0.026812825,-0.04037536
159,RHip,310.02612,231.2545,0.8514894,-0.27432626,-0.027035518,0.039511293
159,LKnee,316.17142,291.84085,0.89229226,-0.26108223,0.11909656,-0.17227077
159,RKnee,297.73557,291.84085,0.9596524,-0.31106412,0.13004461,-0.052862056
159,LAnkle,368.4064,346.36856,0.85551035,-0.1373933,0.25044224,-0.03161355
159,RAnkle,303.88086,364.54446,0.88090414,-0.27967915,0.30301765,0.08620266
159,Head,325.38937,79.78863,0.85579944,-0.23546119,-0.38069707,-0.0952982
159,Neck,322.3167,128.2577,0.91277534,-0.24600437,-0.26490638,-0.061910175
159,Hip,322.3167,225.19586,0.91023374,-0.24287201,-0.030246068,-0.00031878264
159,LBigToe,353.04318,376.66174,0.85169846,,,
159,RBigToe,291.59027,388.77902,0.920376,,,
159,LSmallToe,359.18848,376.66174,0.84373295,,,
159,RSmallToe,288.5176,382.72037,0.8703157,,,
159,LHeel,377.62433,352.42722,0.83035684,,,
159,RHeel,313.0988,376.66174,0.8802845,,,
160,Nose,324.71436,116.34636,0.9413385,,,
160,LEye,330.86972,104.27055,0.95144784,,,
160,REye,321.63666,104.27055,0.93204796,,,
160,LEar,337.0251,110.30846,0.8727173,,,
160,REar,309.32593,110.30846,0.90769315,,,
160,LShoulder,349.33585,146.53586,0.8669162,-0.182785,-0.22437246,-0.07202392
160,RShoulder,293.9375,140.49796,0.70087504,-0.30979222,-0.23969078,-0.014091859
160,LElbow,392.42343,164.64957,0.8115571,-0.07831727,-0.17842214,-0.0017556816
160,RElbow,287.78214,176.72537,0.9032968,-0.3326647,-0.16551708,0.09638216
160,LWrist,370.87964,194.83907,0.912349,-0.1326568,-0.10198347,-0.02041272
160,RWrist,297.0152,212.95277,0.8616749,-0.30457246,-0.07477437,0.06472094
160,LHip,337.0251,231.06648,0.82184404,-0.20789988,-0.0269433,-0.040768713
160,RHip,309.32593,231.06648,0.8646004,-0.27571994,-0.027708463,0.039775655
160,LKnee,312.40363,291.4455,0.88874435,-0.27106225,0.11623976,-0.1741004
160,RKnee,297.0152,291.4455,0.91767937,-0.31082913,0.12923487,-0.05346862
160,LAnkle,364.72427,339.7487,0.83740693,-0.14149173,0.23512627,-0.023712935
160,RAnkle,306.24823,363.9003,0.8401504,-0.28002125,0.30256405,0.08785107
160,Head,324.71436,80.11895,0.8505576,-0.23623186,-0.3813673,-0.09427789
160,Neck,321.63666,134.46007,0.90810996,-0.24695921,-0.26481935,-0.061875544
160,Hip,321.63666,225.02858,0.90511966,-0.24409829,-0.029535875,-0.000553482
160,LBigToe,355.4912,369.9382,0.89585495,,,
160,RBigToe,290.8598,388.0519,0.90468764,,,
160,LSmallToe,358.5689,363.9003,0.7988651,,,
160,RSmallToe,290.8598,382.014,0.8728638,,,
160,LHeel,373.95734,345.7866,0.80331403,,,
160,RHeel,312.40363,375.9761,0.88761634,,,
161,Nose,324.10773,110.15638,0.922206,,,
161,LEye,330.27786,104.13515,0.9512832,,,
161,REye,321.02264,104.13515,0.94015926,,,
161,LEar,336.448,110.15638,0.88110125,,,
161,REar,308.68237,110.15638,0.9072388,,,
161,LShoulder,348.78824,146.28381,0.85494804,-0.1832565,-0.22346199,-0.07115362
161,RShoulder,293.25705,146.28381,0.7054669,-0.3104052,-0.23867752,-0.012942846
161,LElbow,391.9792,164.34752,0.85402924,-0.078654096,-0.17884977,-0.0015123494
161,RElbow,287.0869,176.39,0.8729792,-0.33551446,-0.16670066,0.09831525
161,LWrist,370.38373,194.45372,0.8980079,-0.13256499,-0.101556495,-0.022704042
161,RWrist,296.34213,212.51743,0.88765764,-0.3093814,-0.07487008,0.06668048
161,LHip,336.448,236.60239,0.8317062,-0.2094224,-0.023687646,-0.041115254
161,RHip,308.68237,230.58115,0.8575009,-0.27712905,-0.02553422,0.04031534
161,LKnee,305.59732,290.79352,0.7956743,-0.27953115,0.11398752,-0.17800035
161,RKnee,296.34213,290.79352,0.81861854,-0.31114352,0.12920767,-0.053529374
161,LAnkle,361.1285,332.9422,0.8362896,-0.14558798,0.22000244,-0.016312683
161,RAnkle,308.68237,369.0696,0.86116874,-0.27999014,0.30244622,0.09022542
161,Head,327.19278,80.05019,0.84976745,-0.23644805,-0.38112995,-0.092088886
161,Neck,321.02264,134.24133,0.9172041,-0.24736947,-0.26339164,-0.060262844
161,Hip,321.02264,230.58115,0.89484096,-0.24503767,-0.025489468,-0.0008335591
161,LBigToe,354.95837,363.04837,0.922844,,,
161,RBigToe,290.172,387.13333,0.8700829,,,
161,LSmallToe,361.1285,363.04837,0.76533204,,,
161,RSmallToe,290.172,381.1121,0.8940704,,,
161,LHeel,373.46878,338.96344,0.807504,,,
161,RHeel,314.8525,375.09085,0.8746333,,,
162,Nose,326.0851,109.926735,0.97254306,,,
162,LEye,329.17996,103.915245,0.905843,,,
162,REye,319.8954,103.915245,0.9337255,,,
162,LEar,335.3697,109.926735,0.88069296,,,
162,REar,307.51596,109.926735,0.90470356,,,
162,LShoulder,347.7491,145.99567,0.8763245,-0.18374778,-0.22330602,-0.07049485
162,RShoulder,292.0417,139.98418,0.7581417,-0.31107754,-0.23831517,-0.012046925
162,LElbow,391.07712,164.03014,0.8701863,-0.0788375,-0.17971055,-0.0013726328
162,RElbow,282.7571,170.04163,0.91739416,-0.3384832,-0.16814506,0.09919503
162,LWrist,369.41312,200.09906,0.8855304,-0.13249987,-0.101162255,-0.026091047
162,RWrist,295.13654,212.12204,0.88054395,-0.31481534,-0.07497905,0.06769693
162,LHip,335.3697,236.168,0.8527543,-0.21066658,-0.021962415,-0.041227087
162,RHip,307.51596,236.168,0.84465826,-0.27835464,-0.024083931,0.04055418
162,LKnee,304.4211,290.2714,0.81334215,-0.28611708,0.111374885,-0.18142408
162,RKnee,298.23138,296.2829,0.81364626,-0.31156063,0.12915082,-0.052812405
162,LAnkle,357.0337,326.34033,0.7950555,-0.14921236,0.20626651,-0.009763316
162,RAnkle,307.51596,368.42075,0.83757204,-0.27997893,0.30197585,0.0923822
162,Head,326.0851,79.86929,0.85513175,-0.23654352,-0.38152823,-0.09032691
162,Neck,319.8954,133.97269,0.928413,-0.24802837,-0.2626855,-0.05905325
162,Hip,319.8954,230.15651,0.9313549,-0.2462832,-0.023875931,-0.00077055
162,LBigToe,357.0337,356.39777,0.84423035,,,
162,RBigToe,292.0417,386.45523,0.84806645,,,
162,LSmallToe,366.31827,350.3863,0.7861738,,,
162,RSmallToe,292.0417,380.44373,0.87818515,,,
162,LHeel,369.41312,326.34033,0.7520927,,,
162,RHeel,316.80054,374.43225,0.86153966,,,
163,Nose,325.58142,109.102745,0.96245664,,,
163,LEye,331.78894,103.08176,0.90557116,,,
163,REye,322.47766,103.08176,0.90833247,,,
163,LEar,334.8927,109.102745,0.86455053,,,
163,REar,310.0626,109.102745,0.89549756,,,
163,LShoulder,347.30774,145.22868,0.86923337,-0.18419106,-0.22391467,-0.07004029
163,RShoulder,291.44,145.22868,0.7864465,-0.31167662,-0.238658,-0.011217036
163,LElbow,390.76044,163.29164,0.85365087,-0.07890877,-0.18094614,-0.00156436
163,RElbow,282.12872,169.31264,0.93820506,-0.34113193,-0.16953631,0.09927978
163,LWrist,369.0341,199.41757,0.94105625,-0.13258296,-0.10110572,-0.030063597
163,RWrist,291.44,205.43857,0.88826835,-0.32044896,-0.075158626,0.06621633
163,LHip,334.8927,235.54352,0.85662633,-0.21182065,-0.021530611,-0.041385688
163,RHip,306.95883,235.54352,0.8567787,-0.27925918,-0.023680128,0.040743235
163,LKnee,303.85507,289.73242,0.78241146,-0.29088032,0.1083927,-0.18431745
163,RKnee,297.64755,295.7534,0.83126354,-0.31251925,0.12861729,-0.05216834
163,LAnkle,356.61905,319.83734,0.86043775,-0.15228742,0.19565313,-0.004834951
163,RAnkle,306.95883,368.00525,0.8635752,-0.27974147,0.30123678,0.09425091
163,Head,325.58142,78.9978,0.8297546,-0.23652738,-0.38264444,-0.08886867
163,Neck,319.37387,133.1867,0.93252593,-0.24862468,-0.26288444,-0.058176704
163,Hip,322.47766,229.52252,0.9049249,-0.24733186,-0.023344044,-0.00070451363
163,LBigToe,356.61905,355.9633,0.8878375,,,
163,RBigToe,291.44,386.06824,0.8544146,,,
163,LSmallToe,362.82657,349.9423,0.83225286,,,
163,RSmallToe,291.44,386.06824,0.90773064,,,
163,LHeel,362.82657,313.81638,0.74231714,,,
163,RHeel,316.2701,374.02625,0.88135326,,,
164,Nose,328.48706,109.00219,0.9441245,,,
164,LEye,331.61166,102.99104,0.9138399,,,
164,REye,322.23788,102.99104,0.91709006,,,
164,LEar,337.86084,109.00219,0.8767028,,,
164,REar,309.73953,109.00219,0.9006291,,,
164,LShoulder,347.23462,145.06906,0.8671339,-0.1845186,-0.22538093,-0.06954069
164,RShoulder,294.11658,139.0579,0.8034453,-0.3120722,-0.23985164,-0.0104063535
164,LElbow,390.97888,163.1025,0.8488082,-0.07886988,-0.18252617,-0.0017307438
164,RElbow,281.6182,169.11363,0.9508736,-0.34332368,-0.17057373,0.09900738
164,LWrist,369.10675,199.16936,0.93535805,-0.13287042,-0.101419404,-0.035073318
164,RWrist,287.86737,205.1805,0.90594673,-0.3264202,-0.07504292,0.063991204
164,LHip,334.73624,235.23622,0.82923734,-0.21284595,-0.022323826,-0.0414628
164,RHip,306.61493,235.23622,0.83679104,-0.28014183,-0.024234602,0.04084268
164,LKnee,303.49033,289.33652,0.76395553,-0.29381424,0.10489975,-0.18655312
164,RKnee,297.24115,289.33652,0.8131361,-0.31375054,0.12755562,-0.051282678
164,LAnkle,356.6084,319.39224,0.8477834,-0.15519655,0.1892071,-0.0018295974
164,RAnkle,309.73953,367.4814,0.8735464,-0.2790722,0.30017403,0.09597478
164,Head,325.3625,78.946465,0.8029457,-0.2363972,-0.38465965,-0.08771447
164,Neck,319.11328,133.04677,0.9232335,-0.24917528,-0.26412064,-0.05742935
164,Hip,322.23788,229.22508,0.9187307,-0.24837261,-0.02384673,-0.0006509044
164,LBigToe,353.4838,349.44797,0.8663884,,,
164,RBigToe,294.11658,385.51483,0.8576468,,,
164,LSmallToe,362.85757,343.43683,0.9118885,,,
164,RSmallToe,290.99197,385.51483,0.9027316,,,
164,LHeel,365.98215,313.3811,0.75701296,,,
164,RHeel,315.9887,373.49255,0.8713916,,,
165,Nose,327.77728,107.82813,0.9484782,,,
165,LEye,330.94104,101.800156,0.92148674,,,
165,REye,321.4497,101.800156,0.91753423,,,
165,LEar,337.26862,107.82813,0.87638915,,,
165,REar,308.79462,101.800156,0.90787995,,,
165,LShoulder,346.75992,143.99596,0.8659536,-0.18466571,-0.22794656,-0.06901946
165,RShoulder,289.81195,137.96799,0.8384409,-0.3123181,-0.24217649,-0.009650811
165,LElbow,387.88904,162.07988,0.84934354,-0.07876672,-0.18452497,-0.0020850517
165,RElbow,280.32062,168.10785,0.95769274,-0.34494936,-0.17133062,0.09799187
165,LWrist,368.90637,198.2477,0.9219393,-0.13333225,-0.102282286,-0.040922068
165,RWrist,286.6482,210.30365,0.9266825,-0.33268303,-0.07483183,0.060753316
165,LHip,337.26862,228.38756,0.81158817,-0.21385226,-0.024528207,-0.041566595
165,RHip,308.79462,234.41553,0.8103302,-0.28109708,-0.025947526,0.04087227
165,LKnee,302.46707,282.6393,0.7723008,-0.29537788,0.100500405,-0.18831545
165,RKnee,296.1395,288.66727,0.80935264,-0.3150645,0.12624058,-0.049897984
165,LAnkle,356.25125,318.80713,0.9035605,-0.15810966,0.18651196,-0.00097106793
165,RAnkle,308.79462,367.0309,0.87561184,-0.2783308,0.29863086,0.09757953
165,Head,324.6135,71.6603,0.8204397,-0.23617846,-0.38787606,-0.0871507
165,Neck,318.28595,131.94002,0.9215488,-0.24948108,-0.26670998,-0.05687435
165,Hip,321.4497,228.38756,0.9031417,-0.2494328,-0.02567165,-0.00064728153
165,LBigToe,353.0875,348.947,0.84036666,,,
165,RBigToe,292.97574,385.1148,0.8739956,,,
165,LSmallToe,359.41504,342.919,0.8601076,,,
165,RSmallToe,292.97574,379.08685,0.86981076,,,
165,LHeel,365.74258,318.80713,0.80028373,,,
165,RHeel,315.12216,373.05887,0.8690107,,,
166,Nose,327.69162,105.659836,0.9541829,,,
166,LEye,334.0511,99.587524,0.92426753,,,
166,REye,324.5119,99.587524,0.8989145,,,
166,LEar,337.23083,105.659836,0.8601575,,,
166,REar,308.61322,99.587524,0.90772873,,,
166,LShoulder,346.77002,142.0937,0.8605923,-0.18464273,-0.23103799,-0.06834076
166,RShoulder,292.71457,136.0214,0.82750356,-0.31239015,-0.24512418,-0.008817885
166,LElbow,391.2863,160.31064,0.8458894,-0.07840919,-0.18680412,-0.002055715
166,RElbow,279.99564,172.45526,0.91378784,-0.34607932,-0.1720543,0.09687587
166,LWrist,369.02814,196.7445,0.9117568,-0.1338097,-0.103627026,-0.046835206
166,RWrist,283.17535,208.88913,0.9433212,-0.3390851,-0.07496309,0.056143187
166,LHip,334.0511,233.17838,0.800462,-0.21488592,-0.027268495,-0.04173497
166,RHip,308.61322,233.17838,0.8130667,-0.28217643,-0.0285309,0.04079335
166,LKnee,302.25375,281.75687,0.772685,-0.2955767,0.09746207,-0.18909472
166,RKnee,295.8943,287.8292,0.81827587,-0.31572533,0.12515093,-0.048860975
166,LAnkle,356.3092,318.19073,0.8992165,-0.16096544,0.18822101,-0.001674792
166,RAnkle,308.61322,360.69693,0.8599959,-0.27700508,0.29694235,0.09945906
166,Head,324.5119,69.22597,0.7868889,-0.2357097,-0.39162043,-0.08642411
166,Neck,318.15244,129.94908,0.93918675,-0.24966264,-0.2700154,-0.056255475
166,Hip,321.33215,227.10606,0.91762024,-0.25046718,-0.028388584,-0.0006767411
166,LBigToe,349.94974,348.5523,0.82951266,,,
166,RBigToe,292.71457,384.98618,0.88242745,,,
166,LSmallToe,356.3092,348.5523,0.8494049,,,
166,RSmallToe,292.71457,378.91385,0.8716164,,,
166,LHeel,365.84842,318.19073,0.8309023,,,
166,RHeel,314.9727,372.84155,0.82543176,,,
167,Nose,327.275,103.83505,0.9375221,,,
167,LEye,333.69928,97.72343,0.94996744,,,
167,REye,324.06287,97.72343,0.9298601,,,
167,LEar,336.9114,103.83505,0.8499212,,,
167,REar,311.21432,97.72343,0.8822741,,,
167,LShoulder,346.54782,140.50482,0.86393,-0.18445012,-0.23469378,-0.0675174
167,RShoulder,291.94153,134.39319,0.8477226,-0.31242758,-0.24866843,-0.007943971
167,LElbow,388.30557,158.8397,0.84305316,-0.07802223,-0.18904164,-0.0015555497
167,RElbow,279.09296,171.06296,0.9233079,-0.34697807,-0.17284496,0.095572315
167,LWrist,365.82062,195.50948,0.9332199,-0.13411063,-0.1053907,-0.05296739
167,RWrist,279.09296,213.84436,0.9152827,-0.3458882,-0.075697064,0.051085986
167,LHip,333.69928,232.17924,0.83307135,-0.21595514,-0.030981565,-0.04190319
167,RHip,308.0022,226.06763,0.82595664,-0.2834534,-0.03172526,0.040612698
167,LKnee,301.5779,281.07227,0.7715294,-0.2944457,0.09520875,-0.1889886
167,RKnee,295.15366,287.1839,0.8664088,-0.31578714,0.12424891,-0.048168644
167,LAnkle,352.97208,317.74203,0.88630867,-0.16401243,0.19392435,-0.0038430833
167,RAnkle,311.21432,360.52344,0.8938243,-0.2750291,0.29518905,0.10102793
167,Head,327.275,73.27691,0.8339541,-0.23503521,-0.39577544,-0.08574156
167,Neck,320.85074,128.28157,0.943741,-0.24969536,-0.2740706,-0.055584714
167,Hip,320.85074,226.06763,0.9203686,-0.25156936,-0.031853788,-0.0006852562
167,LBigToe,343.3357,354.4118,0.8925778,,,
167,RBigToe,291.94153,384.96997,0.89374566,,,
167,LSmallToe,352.97208,348.3002,0.91021264,,,
167,RSmallToe,291.94153,378.85834,0.88438964,,,
167,LHeel,362.6085,317.74203,0.8054981,,,
167,RHeel,317.6386,372.7467,0.8185391,,,
168,Nose,329.61523,103.075966,0.9559038,,,
168,LEye,332.88916,96.947174,0.9614705,,,
168,REye,323.06738,90.818375,0.92136556,,,
168,LEar,336.1631,103.075966,0.7943131,,,
168,REar,309.97168,96.947174,0.8929939,,,
168,LShoulder,349.25882,139.84874,0.87943435,-0.18410346,-0.23836446,-0.06638824
168,RShoulder,290.32812,133.71994,0.86564404,-0.31234556,-0.2522941,-0.0069348672
168,LElbow,391.81985,158.23512,0.87784827,-0.07753833,-0.1909079,-0.0008680343
168,RElbow,280.50635,170.49272,0.9611975,-0.34773555,-0.17347908,0.09414257
168,LWrist,368.90237,195.0079,0.9168094,-0.13406669,-0.10729194,-0.05989854
168,RWrist,277.23242,213.39429,0.9452195,-0.3527013,-0.076740324,0.046201617
168,LHip,332.88916,231.78069,0.85167164,-0.21707606,-0.034927506,-0.04194702
168,RHip,306.69775,225.65189,0.835198,-0.28497374,-0.0349185,0.040336452
168,LKnee,303.42383,280.81104,0.7924729,-0.29223907,0.09446162,-0.18789177
168,RKnee,293.60205,286.93985,0.87336063,-0.31515095,0.12394862,-0.047797926
168,LAnkle,352.53275,323.71262,0.8593591,-0.16735893,0.20346338,-0.007340666
168,RAnkle,309.97168,360.48538,0.8758715,-0.27280986,0.2936584,0.10233007
168,Head,326.3413,72.431984,0.82632196,-0.23433565,-0.39986926,-0.085043296
168,Neck,319.79346,127.59115,0.95002633,-0.24957901,-0.2781392,-0.05460508
168,Hip,319.79346,225.65189,0.9098908,-0.25274104,-0.035328038,-0.00066142646
168,LBigToe,342.71097,354.3566,0.91856205,,,
168,RBigToe,293.60205,385.00058,0.8678836,,,
168,LSmallToe,352.53275,354.3566,0.892437,,,
168,RSmallToe,290.32812,385.00058,0.83092755,,,
168,LHeel,362.35452,323.71262,0.8415298,,,
168,RHeel,319.79346,372.74298,0.83986473,,,
169,Nose,328.92603,101.83914,0.92413896,,,
169,LEye,335.54083,95.68843,0.9579869,,,
169,REye,325.61862,89.53773,0.94275445,,,
169,LEar,338.84824,101.83914,0.731221,,,
169,REar,312.38898,95.68843,0.9184414,,,
169,LShoulder,348.77048,138.74338,0.89837205,-0.18369418,-0.24249348,-0.06494129
169,RShoulder,292.54453,132.59267,0.9017727,-0.31217295,-0.2563945,-0.00592026
169,LElbow,391.76678,157.1955,0.8824136,-0.07730593,-0.19206102,0.00017443066
169,RElbow,279.31488,169.4969,0.9617543,-0.3485486,-0.17415045,0.09225341
169,LWrist,368.61493,194.09973,0.9001288,-0.13387716,-0.10926917,-0.067732446
169,RWrist,276.00748,212.55185,0.9510311,-0.35979784,-0.07831064,0.041334517
169,LHip,332.23343,224.85326,0.86859447,-0.2181138,-0.04009713,-0.04184293
169,RHip,305.77417,224.85326,0.861192,-0.2865454,-0.03900858,0.03983693
169,LKnee,305.77417,280.20963,0.81273186,-0.2889973,0.094708174,-0.18522514
169,RKnee,295.85193,292.51102,0.93103987,-0.31372708,0.12399723,-0.04701136
169,LAnkle,352.07788,329.41525,0.8786675,-0.1714404,0.21583702,-0.011804629
169,RAnkle,312.38898,360.1688,0.8898402,-0.27028465,0.292137,0.1030404
169,Head,328.92603,64.934906,0.8692061,-0.23377839,-0.40445873,-0.084454454
169,Neck,319.00378,120.29126,0.94985336,-0.24937826,-0.2826854,-0.05334367
169,Hip,319.00378,218.70256,0.9067379,-0.25389537,-0.039780475,-0.0006111164
169,LBigToe,342.15564,360.1688,0.926254,,,
169,RBigToe,292.54453,384.7716,0.85997105,,,
169,LSmallToe,348.77048,360.1688,0.8661706,,,
169,RSmallToe,292.54453,384.7716,0.82750547,,,
169,LHeel,362.0001,329.41525,0.86940026,,,
169,RHeel,319.00378,372.4702,0.84388936,,,
170,Nose,330.42703,99.724686,0.95032704,,,
170,LEye,333.82135,93.53136,0.97456235,,,
170,REye,327.03268,93.53136,0.9182426,,,
170,LEar,337.2157,99.724686,0.6781994,,,
170,REar,310.061,93.53136,0.9018378,,,
170,LShoulder,347.3987,136.88464,0.9277115,-0.18309009,-0.24447294,-0.062661014
170,RShoulder,293.0893,130.69131,0.8772522,-0.31184143,-0.2584555,-0.004074051
170,LElbow,391.52512,161.65794,0.893566,-0.07702159,-0.19171454,0.0015089468
170,RElbow,279.51196,167.85127,0.93437546,-0.3495533,-0.1740721,0.09186624
170,LWrist,367.76474,192.62457,0.9816806,-0.13303766,-0.11070396,-0.07603931
170,RWrist,272.72327,205.01123,0.94440985,-0.367234,-0.079804786,0.03714314
170,LHip,330.42703,229.78455,0.87687844,-0.21942225,-0.04108622,-0.04179484
170,RHip,303.2723,223.59122,0.8846443,-0.28832456,-0.039717734,0.039561022
170,LKnee,303.2723,279.33115,0.87025994,-0.28477302,0.0974385,-0.18317774
170,RKnee,296.48364,291.7178,0.86038333,-0.3121595,0.12505238,-0.0468303
170,LAnkle,350.79306,335.07108,0.91032743,-0.1761575,0.23018162,-0.016766425
170,RAnkle,313.45532,359.8444,0.93982697,-0.26729017,0.29138872,0.10483762
170,Head,327.03268,62.564724,0.86817664,-0.2327941,-0.40677986,-0.08251525
170,Neck,320.24402,118.304665,0.92095125,-0.24892381,-0.28485894,-0.050825074
170,Hip,316.84967,223.59122,0.92072505,-0.25513756,-0.040635727,-0.0005628804
170,LBigToe,340.61005,366.03772,0.86520416,,,
170,RBigToe,293.0893,384.6177,0.84059566,,,
170,LSmallToe,347.3987,366.03772,0.8935028,,,
170,RSmallToe,293.0893,378.42438,0.8276844,,,
170,LHeel,357.58173,335.07108,0.8954769,,,
170,RHeel,323.63834,372.23105,0.87258965,,,
171,Nose,331.48697,98.34864,0.9897088,,,
171,LEye,335.00323,92.14242,0.9647868,,,
171,REye,327.9707,92.14242,0.9105659,,,
171,LEar,338.5195,98.34864,0.725806,,,
171,REar,310.38934,92.14242,0.91043144,,,
171,LShoulder,349.06833,135.58601,0.9122856,-0.18240961,-0.24592756,-0.06061414
171,RShoulder,292.80798,129.37979,0.90388495,-0.31150177,-0.2600522,-0.0024818296
171,LElbow,391.26358,160.41093,0.9158224,-0.07694666,-0.19061697,0.002477293
171,RElbow,278.7429,166.61716,0.91230583,-0.35093665,-0.17393114,0.091035776
171,LWrist,366.6497,191.44206,0.9381677,-0.13180408,-0.11200136,-0.085639246
171,RWrist,268.19406,203.85452,0.9642466,-0.3753109,-0.081826694,0.033995885
171,LHip,331.48697,222.4732,0.88854015,-0.22055522,-0.04207374,-0.04160077
171,RHip,303.35678,222.4732,0.8962828,-0.28999335,-0.040554263,0.03921462
171,LKnee,306.87308,284.5355,0.85240906,-0.2795778,0.10166079,-0.17983904
171,RKnee,296.32425,290.74173,0.91326106,-0.31031543,0.12637436,-0.046097636
171,LAnkle,349.06833,340.39154,0.89700496,-0.18156219,0.2460206,-0.021384304
171,RAnkle,317.42188,359.01022,0.8893301,-0.26394168,0.29089734,0.106898755
171,Head,327.9707,61.11127,0.86650574,-0.23161288,-0.40860105,-0.08085811
171,Neck,320.93814,116.96733,0.9199025,-0.24841386,-0.2865588,-0.048727706
171,Hip,317.42188,222.4732,0.926157,-0.2562387,-0.04154326,-0.0005317407
171,LBigToe,335.00323,371.4227,0.8912486,,,
171,RBigToe,289.29172,383.83514,0.7019748,,,
171,LSmallToe,345.55206,371.4227,0.8512912,,,
171,RSmallToe,292.80798,377.6289,0.7798408,,,
171,LHeel,356.10086,346.59778,0.864091,,,
171,RHeel,324.45444,371.4227,0.82824755,,,
172,Nose,333.31976,97.282776,0.95376194,,,
172,LEye,336.90253,91.06265,0.91801435,,,
172,REye,326.15424,91.06265,0.96084523,,,
172,LEar,340.48526,97.282776,0.8220472,,,
172,REar,311.8232,91.06265,0.9293003,,,
172,LShoulder,351.23352,134.60347,0.8684303,-0.18164915,-0.24576597,-0.058461353
172,RShoulder,293.90942,128.38336,0.91579586,-0.3111282,-0.26025206,-0.0008584915
172,LElbow,390.64386,159.48395,0.8807481,-0.077078305,-0.18814127,0.0030838477
172,RElbow,275.99567,171.92418,0.93480945,-0.35272986,-0.1733083,0.09079991
172,LWrist,369.1473,196.80464,0.92204446,-0.12993662,-0.11286369,-0.096108615
172,RWrist,265.24738,203.02477,0.96502405,-0.38380796,-0.083902635,0.032262247
172,LHip,333.31976,227.90523,0.8500568,-0.22177005,-0.04073413,-0.041349456
172,RHip,304.6577,227.90523,0.87789214,-0.29169065,-0.03990838,0.038981155
172,LKnee,311.8232,283.8863,0.9268906,-0.27397037,0.10790701,-0.17601456
172,RKnee,297.4922,290.1064,0.9040586,-0.30737314,0.12882467,-0.04495798
172,LAnkle,347.6508,346.08746,0.90121686,-0.18797526,0.2633737,-0.025449593
172,RAnkle,318.98874,364.7478,0.84567606,-0.26049793,0.29119998,0.11029243
172,Head,329.737,66.18219,0.9171214,-0.23013908,-0.40889293,-0.078822635
172,Neck,322.57147,122.16324,0.94158894,-0.24785718,-0.28665283,-0.046543844
172,Hip,315.40598,221.68512,0.90764624,-0.25744718,-0.040406153,-0.0005273486
172,LBigToe,333.31976,377.18805,0.92968035,,,
172,RBigToe,290.3267,383.40817,0.68653995,,,
172,LSmallToe,340.48526,377.18805,0.8508936,,,
172,RSmallToe,293.90942,377.18805,0.7327102,,,
172,LHeel,354.81628,358.52768,0.8937192,,,
172,RHeel,326.15424,370.96793,0.809823,,,
173,Nose,330.9457,97.69715,0.96454823,,,
173,LEye,334.65616,91.35364,0.9440601,,,
173,REye,327.2353,91.35364,0.98319227,,,
173,LEar,342.07703,97.69715,0.816614,,,
173,REar,312.39352,97.69715,0.912911,,,
173,LShoulder,349.4979,135.75824,0.9099395,-0.18052743,-0.24417865,-0.05580598
173,RShoulder,293.84134,129.41472,0.9263704,-0.310521,-0.25925857,0.0011759985
173,LElbow,390.31268,161.1323,0.9001095,-0.077705726,-0.18375617,0.003066342
173,RElbow,275.28915,167.4758,0.92682433,-0.3549335,-0.1724119,0.09075426
173,LWrist,368.05008,192.84985,0.9158689,-0.12832528,-0.1130735,-0.10824754
173,RWrist,260.44742,205.53688,0.96082383,-0.3927704,-0.08624728,0.031675298
173,LHip,330.9457,224.56743,0.876921,-0.22272366,-0.0376154,-0.040999494
173,RHip,301.2622,230.91095,0.90420383,-0.2933442,-0.037511885,0.038771257
173,LKnee,308.6831,288.00256,0.92663234,-0.26770943,0.11542092,-0.17177615
173,RKnee,301.2622,294.3461,0.9275875,-0.30371422,0.13225943,-0.043550696
173,LAnkle,342.07703,357.78122,0.9639181,-0.19495861,0.28148514,-0.028868241
173,RAnkle,319.8144,364.12473,0.92250586,-0.25766683,0.2918799,0.11367794
173,Head,327.2353,65.979576,0.9167815,-0.22853185,-0.4080269,-0.076098114
173,Neck,319.8144,123.071205,0.95728445,-0.2469947,-0.2853157,-0.043814804
173,Hip,316.10397,224.56743,0.90352696,-0.2583471,-0.037576914,-0.00053561083
173,LBigToe,327.2353,383.15527,0.9236088,,,
173,RBigToe,290.13092,383.15527,0.6964466,,,
173,LSmallToe,334.65616,383.15527,0.8772722,,,
173,RSmallToe,290.13092,376.81177,0.7314703,,,
173,LHeel,353.20834,364.12473,0.8905723,,,
173,RHeel,323.52484,376.81177,0.84724927,,,
174,Nose,331.85468,99.308914,0.9506408,,,
174,LEye,335.68896,92.88709,0.95483947,,,
174,REye,328.02036,92.88709,0.98276114,,,
174,LEar,339.5233,99.308914,0.70003676,,,
174,REar,312.68317,92.88709,0.93426776,,,
174,LShoulder,351.02618,137.83986,0.912209,-0.17929779,-0.24166471,-0.053198177
174,RShoulder,293.51166,131.41803,0.9211279,-0.3098415,-0.2575913,0.0030084855
174,LElbow,389.3692,163.52715,0.91361004,-0.07910665,-0.17767362,0.002181216
174,RElbow,274.34015,169.94897,0.9575977,-0.35739967,-0.1713392,0.09082493
174,LWrist,370.1977,195.63626,0.9610268,-0.12718928,-0.11285196,-0.12069559
174,RWrist,259.00293,202.05809,0.95697933,-0.40172473,-0.08862515,0.030979306
174,LHip,328.02036,227.74539,0.8939691,-0.22346604,-0.03352061,-0.040642157
174,RHip,301.18027,227.74539,0.8904418,-0.2947229,-0.034461223,0.038597055
174,LKnee,312.68317,291.96362,0.95759124,-0.26181838,0.12385769,-0.16765863
174,RKnee,301.18027,298.38544,0.9737934,-0.30125755,0.1356449,-0.0413606
174,LAnkle,339.5233,362.60367,0.92314273,-0.19998774,0.2965285,-0.029345674
174,RAnkle,316.51746,362.60367,0.8863916,-0.25600624,0.2925233,0.11685961
174,Head,328.02036,67.1998,0.8887434,-0.22674754,-0.40653083,-0.07329414
174,Neck,320.35178,118.57439,0.9662566,-0.24609634,-0.2832641,-0.041282717
174,Hip,316.51746,227.74539,0.87355745,-0.25914404,-0.034041923,-0.0004943444
174,LBigToe,320.35178,394.7128,0.9335962,,,
174,RBigToe,289.67734,381.86914,0.65149677,,,
174,LSmallToe,328.02036,394.7128,0.85463434,,,
174,RSmallToe,293.51166,381.86914,0.7017138,,,
174,LHeel,347.19186,375.44733,0.94662523,,,
174,RHeel,324.18607,375.44733,0.7599059,,,
175,Nose,333.2327,99.95882,0.945518,,,
175,LEye,337.16904,93.518745,0.9582766,,,
175,REye,329.29633,93.518745,0.95357573,,,
175,LEar,341.1054,99.95882,0.67304426,,,
175,REar,313.5509,93.518745,0.92988545,,,
175,LShoulder,348.97812,138.59923,0.90336293,-0.17800891,-0.23792814,-0.051038854
175,RShoulder,293.8691,132.15916,0.9134577,-0.30910867,-0.2549123,0.0041225674
175,LElbow,388.34167,164.3595,0.8984937,-0.08133188,-0.16961591,-0.0005869712
175,RElbow,274.18732,170.79958,0.9100284,-0.36030886,-0.17013223,0.09041937
175,LWrist,372.59625,190.11978,0.8999079,-0.12701264,-0.11217286,-0.13402005
175,RWrist,254.50554,202.99991,0.94180644,-0.41108125,-0.091027334,0.030655345
175,LHip,329.29633,228.7602,0.90480334,-0.22397996,-0.02863941,-0.04025981
175,RHip,301.74182,235.20026,0.87962866,-0.29548895,-0.030222937,0.03852236
175,LKnee,317.48724,293.1609,0.9476624,-0.25625408,0.13252656,-0.16401944
175,RKnee,301.74182,299.60095,0.9566342,-0.3000592,0.13881792,-0.040601954
175,LAnkle,337.16904,370.4417,0.89084613,-0.20181483,0.30712482,-0.02581265
175,RAnkle,321.4236,364.00165,0.9054424,-0.25460672,0.29307583,0.12084686
175,Head,329.29633,67.75847,0.899882,-0.22480737,-0.40416968,-0.07083586
175,Neck,321.4236,119.27902,0.92722744,-0.2450876,-0.28014868,-0.03933853
175,Hip,313.5509,228.7602,0.9298839,-0.25968534,-0.029536638,-0.0003920903
175,LBigToe,317.48724,389.7619,0.8934121,,,
175,RBigToe,289.93277,383.32184,0.61870146,,,
175,LSmallToe,325.36,396.20197,0.8168841,,,
175,RSmallToe,293.8691,376.88177,0.6879219,,,
175,LHeel,345.04175,383.32184,0.8732336,,,
175,RHeel,325.36,376.88177,0.7436868,,,
176,Nose,334.4854,102.19043,0.9755068,,,
176,LEye,338.51923,95.7946,0.95786494,,,
176,REye,330.45163,95.7946,0.92971665,,,
176,LEar,342.55304,102.19043,0.741348,,,
176,REar,314.3164,95.7946,0.94278294,,,
176,LShoulder,350.62064,140.5654,0.93995136,-0.17673934,-0.23365173,-0.049598265
176,RShoulder,294.1474,134.16957,0.9449288,-0.30851597,-0.2520069,0.004091277
176,LElbow,386.92487,172.54453,0.9303869,-0.08469568,-0.15963091,-0.004844906
176,RElbow,269.94458,166.1487,0.91714805,-0.3637144,-0.16916038,0.08877869
176,LWrist,370.78964,191.73201,0.9321963,-0.12793827,-0.11125481,-0.14646424
176,RWrist,249.77556,198.12784,0.94043964,-0.42055047,-0.09325005,0.029356556
176,LHip,330.45163,236.5028,0.92985,-0.22360519,-0.023635762,-0.039502542
176,RHip,302.215,236.5028,0.8760377,-0.29562852,-0.026465278,0.038218156
176,LKnee,318.35022,300.4611,0.93235105,-0.2519287,0.13966598,-0.16188835
176,RKnee,302.215,300.4611,0.9786139,-0.30089638,0.14125519,-0.04121758
176,LAnkle,342.55304,370.8152,0.8821149,-0.19943984,0.31024167,-0.018475818
176,RAnkle,318.35022,364.41934,0.9434559,-0.25473204,0.29352888,0.12335941
176,Head,330.45163,70.211296,0.88012576,-0.22280607,-0.40152755,-0.0691761
176,Neck,322.384,121.377914,0.937107,-0.24409865,-0.27678335,-0.03847765
176,Hip,314.3164,230.10698,0.9244699,-0.25957826,-0.025026828,-0.00029139523
176,LBigToe,322.384,390.00266,0.88734055,,,
176,RBigToe,290.1136,383.60684,0.7908018,,,
176,LSmallToe,326.41782,396.3985,0.8302016,,,
176,RSmallToe,294.1474,377.211,0.80606395,,,
176,LHeel,350.62064,383.60684,0.87906045,,,
176,RHeel,322.384,377.211,0.84915364,,,
177,Nose,335.59238,101.65427,0.975551,,,
177,LEye,339.7258,95.26121,0.9411937,,,
177,REye,331.45895,95.26121,0.9327631,,,
177,LEar,343.8592,101.65427,0.7690992,,,
177,REar,314.9253,95.26121,0.9389124,,,
177,LShoulder,352.12604,140.0126,0.91385835,-0.17536688,-0.23009768,-0.048971444
177,RShoulder,294.25824,133.61954,0.94616985,-0.30796474,-0.25027886,0.002712717
177,LElbow,385.19333,178.37094,0.9234429,-0.08957045,-0.14910598,-0.011540502
177,RElbow,269.45776,171.97787,0.9325598,-0.36712265,-0.16872425,0.08557897
177,LWrist,368.65967,191.15704,0.91429883,-0.13094935,-0.110812396,-0.15702796
177,RWrist,244.65729,197.5501,0.9243976,-0.4296638,-0.09559749,0.027394945
177,LHip,331.45895,235.90843,0.9112451,-0.2225019,-0.02074574,-0.038451813
177,RHip,302.52505,235.90843,0.89803815,-0.29555836,-0.024544453,0.037634186
177,LKnee,319.05872,299.839,0.9498912,-0.24892318,0.14271107,-0.1610884
177,RKnee,302.52505,299.839,0.9488492,-0.30364737,0.14233623,-0.042080536
177,LAnkle,339.7258,370.1626,0.9160933,-0.1974105,0.30937532,-0.012480776
177,RAnkle,319.05872,363.76956,0.89126354,-0.25553367,0.29314655,0.12426926
177,Head,335.59238,69.68899,0.8998369,-0.22079132,-0.39981428,-0.0687467
177,Neck,323.19214,120.833435,0.95626783,-0.24296758,-0.274565,-0.038834237
177,Hip,314.9253,229.51538,0.9079762,-0.2590587,-0.02254754,-0.00028726063
177,LBigToe,319.05872,389.34177,0.90723366,,,
177,RBigToe,290.12482,382.94873,0.7666592,,,
177,LSmallToe,327.32556,395.73483,0.8463393,,,
177,RSmallToe,290.12482,376.55566,0.732816,,,
177,LHeel,347.9926,382.94873,0.87149006,,,
177,RHeel,323.19214,376.55566,0.8514896,,,
178,Nose,337.08517,100.94295,0.9463751,,,
178,LEye,341.28836,94.53174,0.93731093,,,
178,REye,332.88196,94.53174,0.9337295,,,
178,LEar,345.49158,100.94295,0.7516944,,,
178,REar,316.06915,94.53174,0.9365615,,,
178,LShoulder,353.89798,145.82143,0.91891384,-0.17400485,-0.22664483,-0.04917959
178,RShoulder,290.8499,132.99901,0.910021,-0.30760485,-0.24892248,0.0003702992
178,LElbow,383.3204,177.87749,0.90239704,-0.09577256,-0.13849787,-0.021468852
178,RElbow,269.83392,171.46628,0.9408128,-0.37077913,-0.1690267,0.081063405
178,LWrist,370.7108,197.11111,0.90554416,-0.13603368,-0.11102787,-0.16705143
178,RWrist,244.6147,197.11111,0.9161156,-0.4383226,-0.097901836,0.024547948
178,LHip,332.88196,235.57838,0.9072932,-0.22091024,-0.01876203,-0.03733723
178,RHip,299.25635,235.57838,0.92008674,-0.2951341,-0.023196481,0.037072875
178,LKnee,320.27234,299.69052,0.9336636,-0.24645668,0.14395875,-0.16091055
178,RKnee,299.25635,299.69052,0.9623977,-0.3082652,0.142397,-0.043860704
178,LAnkle,341.28836,370.21384,0.9155163,-0.19578683,0.30843237,-0.008548452
178,RAnkle,320.27234,363.8026,0.89922965,-0.25739884,0.29233536,0.124087684
178,Head,332.88196,68.88689,0.8855199,-0.21890144,-0.3982421,-0.0692369
178,Neck,324.47556,126.58779,0.91679597,-0.24165964,-0.27266222,-0.040151417
178,Hip,316.06915,235.57838,0.954517,-0.25809264,-0.020945914,-0.00024121697
178,LBigToe,324.47556,389.44748,0.8787759,,,
178,RBigToe,290.8499,383.03625,0.7291144,,,
178,LSmallToe,332.88196,389.44748,0.7616987,,,
178,RSmallToe,295.05313,376.62506,0.73621637,,,
178,LHeel,349.69476,383.03625,0.89443475,,,
178,RHeel,324.47556,376.62506,0.88141906,,,
179,Nose,336.39188,99.5888,0.9689168,,,
179,LEye,340.69238,99.5888,0.93703586,,,
179,REye,332.09137,93.17106,0.965973,,,
179,LEar,344.99292,99.5888,0.77159405,,,
179,REar,314.88928,93.17106,0.94077855,,,
179,LShoulder,353.59396,144.51297,0.95173603,-0.17275944,-0.22467445,-0.04957529
179,RShoulder,293.3867,131.67749,0.9411799,-0.30717236,-0.24874221,-0.0020622679
179,LElbow,379.39706,183.0194,0.9109127,-0.10322264,-0.12869914,-0.03216766
179,RElbow,267.58356,170.18391,0.94420916,-0.37418693,-0.17037976,0.07621383
179,LWrist,366.4955,195.85487,0.8961533,-0.14325793,-0.11288999,-0.17495176
179,RWrist,241.78046,195.85487,0.949841,-0.446125,-0.1002329,0.022190401
179,LHip,332.09137,240.77904,0.92116696,-0.2192142,-0.018428382,-0.03634484
179,RHip,301.98773,240.77904,0.9236471,-0.29480052,-0.023356877,0.036356624
179,LKnee,323.49033,298.53867,0.91872567,-0.24416724,0.14363937,-0.16047807
179,RKnee,297.6872,298.53867,0.9271773,-0.31409764,0.14094102,-0.044874027
179,LAnkle,340.69238,369.1338,0.9056236,-0.19560884,0.30776563,-0.006501714
179,RAnkle,319.1898,362.71606,0.87494457,-0.26099002,0.29060426,0.12251055
179,Head,336.39188,67.50011,0.89792037,-0.21700004,-0.3978646,-0.06995595
179,Neck,323.49033,125.25975,0.9409668,-0.2403259,-0.27209988,-0.04146758
179,Hip,314.88928,234.3613,0.9690955,-0.257163,-0.021200713,-0.00036384794
179,LBigToe,323.49033,394.80475,0.91211456,,,
179,RBigToe,289.08618,388.387,0.8542326,,,
179,LSmallToe,332.09137,394.80475,0.7912656,,,
179,RSmallToe,289.08618,381.96927,0.81718063,,,
179,LHeel,349.29343,381.96927,0.88896143,,,
179,RHeel,323.49033,375.55154,0.9051461,,,
180,Nose,336.07373,98.599815,0.94184834,,,
180,LEye,340.33295,98.599815,0.9409,,,
180,REye,331.8145,92.14991,0.9835213,,,
180,LEar,344.59216,105.04972,0.72153974,,,
180,REar,319.03683,92.14991,0.9482599,,,
180,LShoulder,353.11063,143.74915,0.9336995,-0.17144474,-0.2242464,-0.050071664
180,RShoulder,293.4815,130.84933,0.93065286,-0.30658627,-0.2501907,-0.0042904606
180,LElbow,378.66595,188.89848,0.8826667,-0.11185445,-0.12077722,-0.044302102
180,RElbow,263.66696,169.54877,0.92134106,-0.3773062,-0.1728981,0.07122318
180,LWrist,361.62906,188.89848,0.9150374,-0.15253049,-0.11620882,-0.18174568
180,RWrist,238.11163,195.34839,0.92441857,-0.45301127,-0.10268475,0.020279106
180,LHip,331.8145,234.04782,0.89974153,-0.21749802,-0.020201745,-0.035635613
180,RHip,301.99997,234.04782,0.9257552,-0.29462564,-0.026157254,0.035429
180,LKnee,323.29608,298.54688,0.93604285,-0.2420156,0.14235471,-0.15916103
180,RKnee,293.4815,298.54688,0.9244936,-0.32089257,0.13796847,-0.044910274
180,LAnkle,344.59216,369.49582,0.8891441,-0.19623667,0.30732536,-0.005182959
180,RAnkle,314.77762,363.04593,0.8378721,-0.26641768,0.2878593,0.11946573
180,Head,336.07373,66.35029,0.89104474,-0.21503471,-0.39857933,-0.07095519
180,Neck,323.29608,124.39944,0.9799363,-0.23872244,-0.27317572,-0.04290761
180,Hip,319.03683,227.59792,0.9100455,-0.256157,-0.024007527,-0.00059581385
180,LBigToe,319.03683,395.29544,0.92569596,,,
180,RBigToe,289.2223,382.39563,0.838049,,,
180,LSmallToe,327.5553,395.29544,0.86427796,,,
180,RSmallToe,293.4815,375.94574,0.7779196,,,
180,LHeel,348.8514,382.39563,0.8980458,,,
180,RHeel,323.29608,375.94574,0.87037957,,,
181,Nose,340.68945,99.26479,0.9244286,,,
181,LEye,344.86053,99.26479,0.92876947,,,
181,REye,332.34732,92.83683,0.98682344,,,
181,LEar,344.86053,99.26479,0.73074645,,,
181,REar,319.8341,92.83683,0.92648965,,,
181,LShoulder,353.2027,144.26051,0.8951684,-0.17010799,-0.22338235,-0.05067182
181,RShoulder,294.80765,131.40459,0.9103226,-0.30595875,-0.25081348,-0.0063814223
181,LElbow,374.05804,189.25623,0.89456356,-0.12097727,-0.114479676,-0.057612073
181,RElbow,265.61014,163.54439,0.9044993,-0.3801937,-0.17561497,0.066781454
181,LWrist,353.2027,189.25623,0.9233523,-0.16344164,-0.120424196,-0.18845141
181,RWrist,232.24155,195.68419,0.90079945,-0.4594216,-0.10517524,0.019109508
181,LHip,336.5184,234.25195,0.8569365,-0.21572521,-0.020531775,-0.03483747
181,RHip,303.1498,234.25195,0.9186337,-0.29435325,-0.02705213,0.034640558
181,LKnee,324.00516,298.53156,0.9069305,-0.23965079,0.14157164,-0.15883863
181,RKnee,290.6366,292.10358,0.92235994,-0.32733792,0.13525902,-0.04469207
181,LAnkle,344.86053,369.2391,0.8724481,-0.19801575,0.30718395,-0.0041688858
181,RAnkle,311.49194,362.81116,0.821712,-0.27318943,0.2854083,0.11709853
181,Head,336.5184,67.12499,0.9079186,-0.21308427,-0.39848408,-0.07168443
181,Neck,324.00516,124.97663,0.9577804,-0.23706056,-0.2732989,-0.04411168
181,Hip,319.8341,227.82399,0.94509083,-0.2552432,-0.024767976,-0.0006302532
181,LBigToe,324.00516,388.52298,0.8830265,,,
181,RBigToe,290.6366,382.09503,0.8746389,,,
181,LSmallToe,328.17624,394.95096,0.8106765,,,
181,RSmallToe,290.6366,382.09503,0.83452576,,,
181,LHeel,349.03162,382.09503,0.8956084,,,
181,RHeel,319.8341,369.2391,0.7842114,,,
182,Nose,341.22775,100.28466,0.93067926,,,
182,LEye,341.22775,93.84723,0.9358797,,,
182,REye,332.88834,93.84723,0.951466,,,
182,LEar,345.39746,100.28466,0.6679118,,,
182,REar,320.3792,93.84723,0.918747,,,
182,LShoulder,353.7369,145.34665,0.90419513,-0.16859435,-0.22272356,-0.0510768
182,RShoulder,291.19122,132.47179,0.8925784,-0.30512726,-0.25127706,-0.008080613
182,LElbow,366.24603,190.40863,0.90700704,-0.13010183,-0.11016695,-0.07075994
182,RElbow,262.00327,164.65892,0.9507536,-0.38241863,-0.17839794,0.06323072
182,LWrist,353.7369,190.40863,0.8999378,-0.17572837,-0.12571022,-0.19422856
182,RWrist,228.64558,196.84605,0.9267351,-0.46480742,-0.10830076,0.018560734
182,LHip,332.88834,235.47061,0.8937906,-0.21419895,-0.020441307,-0.034029264
182,RHip,303.70038,229.03319,0.9160094,-0.29431814,-0.02738847,0.033684917
182,LKnee,324.54892,299.84488,0.8913963,-0.23685336,0.14089097,-0.1587264
182,RKnee,287.0215,293.40744,0.94764,-0.3318582,0.13359566,-0.04536961
182,LAnkle,341.22775,370.65656,0.9425846,-0.20096396,0.30711874,-0.003272325
182,RAnkle,312.0398,357.7817,0.8784769,-0.28144252,0.28345588,0.11490488
182,Head,337.05804,68.09753,0.899959,-0.21108831,-0.39818326,-0.07223697
182,Neck,324.54892,126.03436,0.90490985,-0.23531218,-0.27325225,-0.044919796
182,Hip,320.3792,229.03319,0.94936657,-0.254506,-0.02499341,-0.0006444461
182,LBigToe,320.3792,389.96884,0.9404485,,,
182,RBigToe,287.0215,383.53143,0.92029417,,,
182,LSmallToe,328.71863,396.40628,0.8565584,,,
182,RSmallToe,287.0215,377.094,0.88575745,,,
182,LHeel,349.5672,383.53143,0.9055189,,,
182,RHeel,320.3792,364.21915,0.7947495,,,
183,Nose,339.0128,100.08748,0.9505038,,,
183,LEye,343.17255,100.08748,0.91200364,,,
183,REye,334.853,93.666565,0.96869606,,,
183,LEar,347.33234,106.50839,0.75508314,,,
183,REar,318.2139,93.666565,0.9200437,,,
183,LShoulder,355.6519,145.03386,0.9129144,-0.16706923,-0.22230306,-0.051198855
183,RShoulder,293.25525,132.19205,0.9044828,-0.3040315,-0.2516484,-0.009384622
183,LElbow,363.97144,196.40117,0.9405453,-0.13842268,-0.107759655,-0.08198682
183,RElbow,264.1368,164.2966,0.93776494,-0.38388574,-0.181136,0.060696162
183,LWrist,347.33234,183.55934,0.8894533,-0.1882817,-0.13153963,-0.19845894
183,RWrist,226.69882,196.40117,0.93163633,-0.46868715,-0.11190571,0.018556869
183,LHip,334.853,234.92664,0.91679496,-0.21300207,-0.020254096,-0.03311185
183,RHip,301.5748,234.92664,0.8849155,-0.29473668,-0.027427172,0.032535482
183,LKnee,326.53345,299.13577,0.91338086,-0.23399511,0.1402462,-0.15857548
183,RKnee,289.09546,292.71484,0.9281352,-0.33328342,0.13304543,-0.046190258
183,LAnkle,339.0128,369.7658,0.9214541,-0.20419824,0.30693254,-0.0025196301
183,RAnkle,305.73456,356.92398,0.8924305,-0.29007018,0.28332615,0.113087736
183,Head,339.0128,67.98292,0.89835733,-0.20923576,-0.39775982,-0.07253709
183,Neck,326.53345,119.35022,0.91399515,-0.23356439,-0.27297395,-0.045426734
183,Hip,318.2139,228.50572,0.93720883,-0.254057,-0.024920244,-0.0006520741
183,LBigToe,322.37366,389.02853,0.8985133,,,
183,RBigToe,284.93567,382.60764,0.89336187,,,
183,LSmallToe,330.69324,395.44946,0.8288606,,,
183,RSmallToe,284.93567,382.60764,0.8812726,,,
183,LHeel,347.33234,382.60764,0.90362626,,,
183,RHeel,314.0541,363.34488,0.7764425,,,
184,Nose,341.76727,100.6231,0.92409754,,,
184,LEye,345.88898,100.6231,0.8969107,,,
184,REye,333.52386,94.21857,0.9552115,,,
184,LEar,345.88898,107.02764,0.7361727,,,
184,REar,321.15875,94.21857,0.9368021,,,
184,LShoulder,354.1324,145.45486,0.8960794,-0.16540407,-0.22181718,-0.05100625
184,RShoulder,296.42856,132.6458,0.9190345,-0.30277252,-0.25184655,-0.010364831
184,LElbow,362.3758,190.28664,0.9632904,-0.14620322,-0.10649182,-0.09107669
184,RElbow,259.33322,164.66849,0.92588115,-0.384688,-0.1840298,0.059025466
184,LWrist,341.76727,177.47757,0.90182906,-0.2012871,-0.13770466,-0.2011286
184,RWrist,226.3596,190.28664,0.9377147,-0.47118378,-0.11619574,0.018364366
184,LHip,333.52386,235.11841,0.9057905,-0.21180815,-0.019658381,-0.032131556
184,RHip,300.55026,228.71387,0.8721395,-0.29500452,-0.027141258,0.031348575
184,LKnee,325.28046,292.75925,0.9303531,-0.23069613,0.13990475,-0.15832189
184,RKnee,288.18515,292.75925,0.92600757,-0.33331424,0.13320418,-0.04683996
184,LAnkle,337.64557,369.6137,0.93906826,-0.20786612,0.3068082,-0.0015740118
184,RAnkle,300.55026,356.80463,0.9069811,-0.29920107,0.28486413,0.11124609
184,Head,337.64557,68.60041,0.89267474,-0.2072418,-0.3968667,-0.072721325
184,Neck,325.28046,119.836716,0.90228486,-0.2316637,-0.27251807,-0.045583323
184,Hip,317.03705,228.71387,0.91526306,-0.2535334,-0.024517516,-0.000653188
184,LBigToe,321.15875,395.23187,0.91202986,,,
184,RBigToe,284.06345,382.4228,0.90563256,,,
184,LSmallToe,329.40216,395.23187,0.87454057,,,
184,RSmallToe,284.06345,382.4228,0.8950856,,,
184,LHeel,345.88898,382.4228,0.8895058,,,
184,RHeel,308.79367,369.6137,0.8517726,,,
185,Nose,340.9818,101.06435,0.950205,,,
185,LEye,345.07898,101.06435,0.93759817,,,
185,REye,336.88464,94.659065,0.95380855,,,
185,LEar,349.17612,107.46963,0.7041039,,,
185,REar,320.49603,94.659065,0.9377466,,,
185,LShoulder,357.37042,145.90134,0.913486,-0.16369277,-0.2210544,-0.05087859
185,RShoulder,295.91312,133.09076,0.9300221,-0.3014657,-0.25168073,-0.011175385
185,LElbow,361.4676,190.73833,0.9294153,-0.15273204,-0.10563603,-0.098075606
185,RElbow,263.13586,158.7119,0.9396837,-0.38496077,-0.18689065,0.05783153
185,LWrist,332.7875,177.92775,0.9090138,-0.21368963,-0.14365429,-0.20183952
185,RWrist,230.35863,190.73833,0.91026086,-0.47271162,-0.120382994,0.018644242
185,LHip,332.7875,235.5753,0.90799516,-0.21070984,-0.018685225,-0.031061566
185,RHip,300.01025,229.17003,0.87081695,-0.29539153,-0.026365744,0.030029735
185,LKnee,328.69034,299.62814,0.9432232,-0.22713974,0.14016114,-0.15793729
185,RKnee,287.7188,293.22287,0.9162085,-0.33172762,0.13438714,-0.047909386
185,LAnkle,332.7875,370.08627,0.926168,-0.21204087,0.306639,-0.0011031397
185,RAnkle,295.91312,363.68097,0.9441781,-0.30640084,0.28752407,0.10922177
185,Head,336.88464,69.037926,0.86282974,-0.20530754,-0.39550522,-0.07304749
185,Neck,328.69034,126.68548,0.90492237,-0.22973704,-0.27160665,-0.045824025
185,Hip,320.49603,229.17003,0.9038281,-0.25292385,-0.023648802,-0.00062047574
185,LBigToe,320.49603,395.7074,0.94384605,,,
185,RBigToe,283.62164,389.30212,0.87371665,,,
185,LSmallToe,328.69034,395.7074,0.9418362,,,
185,RSmallToe,279.52448,382.89682,0.9494044,,,
185,LHeel,340.9818,389.30212,0.85662216,,,
185,RHeel,304.10742,370.08627,0.8931331,,,
186,Nose,340.95053,108.65241,0.9576346,,,
186,LEye,345.06024,102.26222,0.9444031,,,
186,REye,336.8408,95.87204,0.9640652,,,
186,LEar,349.16995,108.65241,0.72938603,,,
186,REar,324.51163,95.87204,0.9122435,,,
186,LShoulder,357.3894,146.99353,0.93419504,-0.16193631,-0.22003691,-0.050521847
186,RShoulder,295.7436,134.21315,0.9135749,-0.30005783,-0.25119588,-0.011721921
186,LElbow,357.3894,191.72482,0.92062265,-0.15828726,-0.104959816,-0.102590285
186,RElbow,262.86584,159.7739,0.9675921,-0.3846895,-0.18895452,0.057193846
186,LWrist,328.62137,178.94446,0.9357025,-0.22490853,-0.14916061,-0.20072481
186,RWrist,229.98807,185.33464,0.9695533,-0.47319287,-0.1241651,0.019363979
186,LHip,332.73108,236.45613,0.8831119,-0.20986135,-0.017461456,-0.02992968
186,RHip,303.96304,230.06595,0.857834,-0.29618102,-0.025279365,0.028507218
186,LKnee,332.73108,300.35797,0.94217765,-0.22329476,0.14073673,-0.15731058
186,RKnee,291.63388,293.9678,0.92432076,-0.3283501,0.13662148,-0.050055586
186,LAnkle,332.73108,370.65002,0.8971361,-0.21632555,0.30658054,-0.00058072456
186,RAnkle,295.7436,364.25986,0.9743751,-0.31091765,0.28961805,0.10803927
186,Head,340.95053,70.311295,0.8836971,-0.20331785,-0.3938838,-0.073203705
186,Neck,328.62137,127.82297,0.9440762,-0.22781277,-0.27029166,-0.045801528
186,Hip,320.40192,230.06595,0.93122524,-0.25266826,-0.022413274,-0.00061007985
186,LBigToe,320.40192,396.2108,0.9539773,,,
186,RBigToe,283.41443,383.4304,0.898121,,,
186,LSmallToe,332.73108,396.2108,0.9940227,,,
186,RSmallToe,279.30472,383.4304,0.9692098,,,
186,LHeel,336.8408,383.4304,0.8019415,,,
186,RHeel,303.96304,370.65002,0.92027867,,,
187,Nose,340.88345,109.120056,0.96096516,,,
187,LEye,344.9563,102.73914,0.93411475,,,
187,REye,336.81064,96.35823,0.9632345,,,
187,LEar,349.0291,109.120056,0.74916226,,,
187,REar,324.59216,96.35823,0.9205173,,,
187,LShoulder,357.17477,147.40555,0.9429585,-0.16023095,-0.21877076,-0.049794108
187,RShoulder,300.15518,134.64372,0.9105416,-0.29871804,-0.2504732,-0.0120610995
187,LElbow,357.17477,198.45287,0.9091268,-0.16262591,-0.10415478,-0.105117925
187,RElbow,263.49976,160.16737,0.9629176,-0.38402757,-0.19026844,0.05684214
187,LWrist,328.66498,179.31012,0.9202144,-0.23435047,-0.15375133,-0.19796844
187,RWrist,226.8443,185.69104,0.95766425,-0.47269705,-0.12642202,0.020809365
187,LHip,336.81064,236.73836,0.8880434,-0.20930606,-0.016279956,-0.028691852
187,RHip,304.22803,236.73836,0.87242275,-0.29727554,-0.023655638,0.027008973
187,LKnee,336.81064,300.54752,0.91664195,-0.21974018,0.14103231,-0.15703721
187,RKnee,292.00952,300.54752,0.91837996,-0.32479405,0.13950726,-0.052852914
187,LAnkle,328.66498,370.73758,0.9143859,-0.22072305,0.30650184,-0.00062644505
187,RAnkle,296.08237,364.35666,0.94931114,-0.31317097,0.29083547,0.10759271
187,Head,340.88345,70.83457,0.9093614,-0.20137583,-0.3920642,-0.073084086
187,Neck,328.66498,128.2628,0.95401454,-0.2259407,-0.2687911,-0.045468584
187,Hip,320.51932,230.35744,0.94478387,-0.25265303,-0.020873427,-0.00060994714
187,LBigToe,324.59216,396.26123,0.9540076,,,
187,RBigToe,283.8639,383.4994,0.90741765,,,
187,LSmallToe,336.81064,396.26123,0.90466917,,,
187,RSmallToe,279.79105,383.4994,0.998731,,,
187,LHeel,328.66498,383.4994,0.7755375,,,
187,RHeel,300.15518,370.73758,0.91641915,,,
188,Nose,341.39294,108.35654,0.9709824,,,
188,LEye,345.45575,101.96335,0.9592238,,,
188,REye,337.33014,95.57015,0.9426374,,,
188,LEar,349.51855,108.35654,0.7828206,,,
188,REar,325.14175,101.96335,0.93019396,,,
188,LShoulder,357.64413,146.71568,0.9497168,-0.15856633,-0.21745323,-0.048973195
188,RShoulder,296.7022,133.9293,0.9090524,-0.2974862,-0.24980706,-0.012105455
188,LElbow,353.58133,197.86122,0.9509132,-0.1664277,-0.10333893,-0.10716564
188,RElbow,260.13702,159.50208,0.95963615,-0.38303703,-0.19096172,0.056659773
188,LWrist,321.07898,172.28845,0.9172216,-0.24266818,-0.15790991,-0.19443735
188,RWrist,227.63467,185.07483,0.95068586,-0.47114372,-0.12712316,0.022198265
188,LHip,337.33014,242.61356,0.8801976,-0.20903142,-0.014795268,-0.027576322
188,RHip,300.76498,236.22037,0.9026467,-0.2984066,-0.022231858,0.025638701
188,LKnee,333.26736,300.15228,0.9119932,-0.21700852,0.14085431,-0.1573151
188,RKnee,292.6394,300.15228,0.9506597,-0.32181162,0.1413285,-0.05523461
188,LAnkle,325.14175,370.4774,0.90676695,-0.22507384,0.3063294,-0.0016242473
188,RAnkle,296.7022,364.0842,0.9344423,-0.31390592,0.29135466,0.10679388
188,Head,341.39294,76.39058,0.88849646,-0.19946077,-0.3901992,-0.072951235
188,Neck,329.20456,127.53611,0.9648611,-0.22416142,-0.26729926,-0.045056194
188,Hip,317.01617,236.22037,0.90866435,-0.2529333,-0.019265004,-0.0005479695
188,LBigToe,325.14175,396.05017,0.96445084,,,
188,RBigToe,284.51382,383.26376,0.9035882,,,
188,LSmallToe,333.26736,396.05017,0.8864206,,,
188,RSmallToe,280.45102,383.26376,0.9919558,,,
188,LHeel,325.14175,383.26376,0.758074,,,
188,RHeel,300.76498,370.4774,0.90860426,,,
189,Nose,341.87244,108.285645,0.97103024,,,
189,LEye,345.9547,101.89022,0.9437395,,,
189,REye,337.79016,95.49479,0.94048923,,,
189,LEar,354.11926,108.285645,0.7793718,,,
189,REar,325.54337,101.89022,0.95345134,,,
189,LShoulder,358.2015,146.65822,0.9554407,-0.15704641,-0.21666832,-0.04824411
189,RShoulder,301.0497,133.86736,0.9090764,-0.2961607,-0.24986102,-0.01235027
189,LElbow,354.11926,197.82164,0.95007074,-0.16922078,-0.10265507,-0.10808823
189,RElbow,264.3093,159.44907,0.96476275,-0.38160917,-0.1911964,0.056215838
189,LWrist,321.4611,172.23993,0.9217634,-0.24867207,-0.16120371,-0.19001049
189,RWrist,227.56885,185.03078,0.94514906,-0.46839663,-0.12596785,0.023536744
189,LHip,337.79016,242.58963,0.88334024,-0.20894244,-0.014605385,-0.02695951
189,RHip,301.0497,236.19421,0.9020685,-0.29937756,-0.02199627,0.0246799
189,LKnee,333.7079,300.1485,0.922385,-0.21476911,0.14026321,-0.15726796
189,RKnee,292.8852,300.1485,0.937088,-0.3198713,0.14178117,-0.057272553
189,LAnkle,329.6256,370.4982,0.90581846,-0.22849166,0.30618405,-0.0030839865
189,RAnkle,296.96744,364.10275,0.95490134,-0.31385523,0.291026,0.10528247
189,Head,341.87244,76.30851,0.88740796,-0.19760078,-0.38911387,-0.07323366
189,Neck,329.6256,127.47193,0.9544857,-0.22238544,-0.2666214,-0.044860605
189,Hip,321.4611,236.19421,0.9151595,-0.25326425,-0.01916315,-0.0006011457
189,LBigToe,325.54337,396.0799,0.9435804,,,
189,RBigToe,284.72064,383.28906,0.9107326,,,
189,LSmallToe,337.79016,396.0799,0.8813345,,,
189,RSmallToe,280.63837,383.28906,0.9961493,,,
189,LHeel,325.54337,383.28906,0.7796744,,,
189,RHeel,305.132,370.4982,0.90671843,,,
190,Nose,343.59244,108.20393,0.9736449,,,
190,LEye,347.68756,101.80886,0.9619276,,,
190,REye,339.4973,95.41378,0.93388516,,,
190,LEar,351.78268,108.20393,0.8184327,,,
190,REar,327.2119,101.80886,0.91757464,,,
190,LShoulder,359.97296,146.57442,0.96208555,-0.15571088,-0.2161511,-0.047620066
190,RShoulder,298.54605,133.78426,0.9039143,-0.29495513,-0.25033075,-0.012680188
190,LElbow,351.78268,197.73505,0.9397588,-0.1713059,-0.10200396,-0.10838312
190,RElbow,261.68988,159.36456,0.9613518,-0.37984586,-0.1908139,0.055477224
190,LWrist,319.02167,172.15472,0.928697,-0.25309843,-0.16386847,-0.18543279
190,RWrist,228.92886,184.94489,0.9431994,-0.46465582,-0.123185486,0.024697427
190,LHip,335.4022,242.5006,0.89339596,-0.20927417,-0.015182916,-0.026599979
190,RHip,302.64117,236.10551,0.9140193,-0.30053145,-0.022753436,0.023954622
190,LKnee,335.4022,300.0563,0.94058096,-0.21300004,0.13924442,-0.15718149
190,RKnee,294.4509,300.0563,0.95022887,-0.31881356,0.14105885,-0.059523445
190,LAnkle,327.2119,370.4022,0.9361693,-0.23231569,0.30584118,-0.005384164
190,RAnkle,298.54605,364.0071,0.93017095,-0.31307727,0.28977844,0.1033444
190,Head,343.59244,76.22854,0.9039227,-0.19586095,-0.38847372,-0.07377329
190,Neck,331.30707,127.389175,0.96240216,-0.22068208,-0.26642057,-0.044858716
190,Hip,319.02167,236.10551,0.9291054,-0.25385797,-0.020032803,-0.0006745134
190,LBigToe,327.2119,395.98248,0.97498965,,,
190,RBigToe,286.26065,383.19235,0.9109599,,,
190,LSmallToe,335.4022,395.98248,0.94794905,,,
190,RSmallToe,282.16553,383.19235,0.9711579,,,
190,LHeel,323.1168,376.79727,0.81915784,,,
190,RHeel,302.64117,370.4022,0.9426561,,,
191,Nose,343.9455,108.03545,0.97240394,,,
191,LEye,348.04175,101.61657,0.9671986,,,
191,REye,339.84927,101.61657,0.9415084,,,
191,LEar,352.138,108.03545,0.8179457,,,
191,REar,327.56055,101.61657,0.9256858,,,
191,LShoulder,360.33047,146.54875,0.9577239,-0.15463598,-0.21656632,-0.047335543
191,RShoulder,302.9831,133.71098,0.8863618,-0.2938849,-0.2518625,-0.013568845
191,LElbow,352.138,197.8998,0.9163049,-0.17291236,-0.10176797,-0.10796114
191,RElbow,262.02066,159.3865,0.9547001,-0.37774646,-0.19010864,0.05374142
191,LWrist,315.27182,165.80539,0.9370087,-0.25616372,-0.1661147,-0.18076304
191,RWrist,233.34697,191.48093,0.91804487,-0.46001863,-0.11883992,0.025947582
191,LHip,335.75302,236.41309,0.89955586,-0.2096482,-0.018315557,-0.026236108
191,RHip,298.88684,229.99422,0.8741452,-0.30138558,-0.02636773,0.023240102
191,LKnee,335.75302,300.60193,0.929844,-0.21206066,0.13747133,-0.15642199
191,RKnee,294.7906,300.60193,0.9251061,-0.3188151,0.1386182,-0.061981015
191,LAnkle,327.56055,371.20963,0.92289764,-0.23627006,0.30514693,-0.008368205
191,RAnkle,294.7906,358.37186,0.9225825,-0.31226584,0.28767958,0.09999427
191,Head,343.9455,75.94104,0.89299554,-0.194329,-0.3889021,-0.07501008
191,Neck,331.65677,127.2921,0.97156173,-0.21910802,-0.26748192,-0.04563411
191,Hip,319.36804,229.99422,0.94923735,-0.2544202,-0.02388328,-0.0008752791
191,LBigToe,327.56055,396.88513,0.9585013,,,
191,RBigToe,286.5981,384.0474,0.91038233,,,
191,LSmallToe,335.75302,390.46628,0.9409121,,,
191,RSmallToe,282.50186,384.0474,0.9366168,,,
191,LHeel,319.36804,377.6285,0.8549112,,,
191,RHeel,302.9831,371.20963,0.91385186,,,
192,Nose,344.70312,108.60863,0.9699629,,,
192,LEye,348.72696,102.19115,0.9564566,,,
192,REye,340.6793,102.19115,0.9562148,,,
192,LEar,356.77466,108.60863,0.82850635,,,
192,REar,328.6078,102.19115,0.9461215,,,
192,LShoulder,360.7985,147.11353,0.9425311,-0.15390626,-0.21606354,-0.046992175
192,RShoulder,304.46475,134.27856,0.8870553,-0.2931323,-0.2524131,-0.014490277
192,LElbow,352.7508,198.45338,0.9169384,-0.1740602,-0.10084012,-0.106984176
192,RElbow,264.22638,159.94849,0.97198457,-0.37554896,-0.18818371,0.0521618
192,LWrist,316.53625,166.36597,0.93959355,-0.25794208,-0.16698618,-0.17596444
192,RWrist,232.03568,192.0359,0.95832413,-0.45498675,-0.11330834,0.027120663
192,LHip,336.65546,236.95828,0.8927834,-0.21033238,-0.020785725,-0.025889317
192,RHip,300.44092,230.5408,0.9065903,-0.30170804,-0.029299706,0.022724042
192,LKnee,336.65546,294.71564,0.96525156,-0.21152279,0.13612881,-0.15610808
192,RKnee,292.39325,294.71564,0.95420486,-0.32016182,0.13604893,-0.06362341
192,LAnkle,324.58395,365.30792,0.934411,-0.24071196,0.30459708,-0.011619954
192,RAnkle,296.41708,358.89044,0.9319132,-0.3107696,0.28661954,0.096937805
192,Head,344.70312,76.52121,0.90442103,-0.19305643,-0.38876143,-0.07603614
192,Neck,332.63162,127.86108,0.96180713,-0.2178403,-0.2676552,-0.04639171
192,Hip,316.53625,230.5408,0.9225715,-0.2557584,-0.027403297,-0.00096929655
192,LBigToe,332.63162,397.39536,0.9560072,,,
192,RBigToe,288.36942,384.5604,0.91770774,,,
192,LSmallToe,336.65546,390.97787,0.9663069,,,
192,RSmallToe,280.32172,378.1429,0.9443185,,,
192,LHeel,320.56012,378.1429,0.89815515,,,
192,RHeel,304.46475,371.72543,0.8838885,,,
193,Nose,345.387,110.12612,0.9689826,,,
193,LEye,349.3715,103.74671,0.9625353,,,
193,REye,341.40253,103.74671,0.92161703,,,
193,LEar,353.356,110.12612,0.82269514,,,
193,REar,325.46457,103.74671,0.9413865,,,
193,LShoulder,361.32498,148.40257,0.9633565,-0.15321076,-0.21472488,-0.04636072
193,RShoulder,301.55762,135.64375,0.8908247,-0.29225394,-0.2521602,-0.01508609
193,LElbow,349.3715,199.43785,0.95296425,-0.17456162,-0.09938714,-0.10569802
193,RElbow,265.6972,161.16139,0.98112684,-0.3729518,-0.18517725,0.051258836
193,LWrist,313.51108,167.5408,0.90857756,-0.25868794,-0.16682938,-0.17113331
193,RWrist,233.82127,193.05844,0.94841814,-0.44956362,-0.10706778,0.028433222
193,LHip,333.43353,231.3349,0.8953739,-0.21109608,-0.021651797,-0.025802132
193,RHip,301.55762,224.95549,0.87560594,-0.30167025,-0.03064872,0.022435402
193,LKnee,337.41803,295.129,0.93939525,-0.21128558,0.13546486,-0.15602851
193,RKnee,293.58862,295.129,0.89062476,-0.3218974,0.13410378,-0.06370028
193,LAnkle,321.48007,365.3025,0.8859759,-0.2452958,0.3046396,-0.014649356
193,RAnkle,297.57312,358.92307,0.93742347,-0.30957225,0.28616485,0.09410206
193,Head,345.387,78.22907,0.87036955,-0.19173643,-0.3881556,-0.076537974
193,Neck,333.43353,129.26434,0.97351605,-0.21655548,-0.26707706,-0.04671175
193,Hip,317.49557,224.95549,0.94829345,-0.25732565,-0.031407848,-0.0009448698
193,LBigToe,333.43353,397.19952,0.9510897,,,
193,RBigToe,285.61966,384.4407,0.91451174,,,
193,LSmallToe,337.41803,390.82013,0.9167988,,,
193,RSmallToe,281.63516,378.0613,0.954844,,,
193,LHeel,313.51108,378.0613,0.9092638,,,
193,RHeel,305.5421,371.6819,0.8288202,,,
194,Nose,345.9717,111.23329,0.96682835,,,
194,LEye,349.9617,104.89606,0.9589233,,,
194,REye,337.99176,98.558815,0.9271827,,,
194,LEar,353.9517,111.23329,0.8562538,,,
194,REar,326.0218,104.89606,0.92221373,,,
194,LShoulder,361.93167,149.25674,0.96063477,-0.15248144,-0.21235806,-0.04520476
194,RShoulder,302.08185,130.24503,0.8937166,-0.29128307,-0.25064623,-0.015001172
194,LElbow,349.9617,199.95468,0.9685994,-0.17444246,-0.09723431,-0.1046034
194,RElbow,266.17197,161.93123,0.973986,-0.36999625,-0.18122323,0.051751323
194,LWrist,314.05182,168.26848,0.9452175,-0.25844786,-0.1659121,-0.16660963
194,RWrist,238.24203,193.61745,0.9109657,-0.44404793,-0.10070869,0.0302045
194,LHip,334.00177,231.6409,0.9035135,-0.21185192,-0.02063597,-0.025893906
194,RHip,298.09186,231.6409,0.865566,-0.3022322,-0.030309787,0.02267894
194,LKnee,337.99176,295.0133,0.9249783,-0.21159932,0.13610305,-0.15600468
194,RKnee,290.11188,288.67606,0.88882744,-0.32392144,0.1332726,-0.06277089
194,LAnkle,318.0418,371.0602,0.8757702,-0.25027454,0.3055242,-0.016686326
194,RAnkle,298.09186,358.38574,0.91356647,-0.30914742,0.28670827,0.0934518
194,Head,345.9717,79.54709,0.88955843,-0.19053417,-0.38674274,-0.07614734
194,Neck,334.00177,130.24503,0.97660315,-0.21537581,-0.265463,-0.046256106
194,Hip,318.0418,225.30365,0.94115317,-0.2581782,-0.031422406,-0.0008979386
194,LBigToe,334.00177,396.40918,0.89723223,,,
194,RBigToe,286.1219,383.7347,0.90712905,,,
194,LSmallToe,337.99176,390.07193,0.87699646,,,
194,RSmallToe,282.1319,377.39746,0.94709224,,,
194,LHeel,310.06183,377.39746,0.87736875,,,
194,RHeel,302.08185,371.0602,0.8446217,,,
195,Nose,346.2761,113.02454,0.9707174,,,
195,LEye,350.21103,106.711426,0.9512531,,,
195,REye,342.34113,100.398315,0.9409189,,,
195,LEar,358.08093,113.02454,0.8097886,,,
195,REar,326.60132,100.398315,0.9022439,,,
195,LShoulder,362.0159,150.90323,0.948719,-0.15183991,-0.2095391,-0.043564178
195,RShoulder,302.9916,131.96388,0.9070452,-0.29023892,-0.24856417,-0.014741672
195,LElbow,350.21103,201.40813,0.96839875,-0.17387411,-0.09484148,-0.10316845
195,RElbow,267.57706,163.52945,0.9782944,-0.36678773,-0.17656882,0.05292278
195,LWrist,314.79648,169.84256,0.93895996,-0.2575898,-0.1644294,-0.16214097
195,RWrist,240.03241,201.40813,0.918183,-0.43877923,-0.094679415,0.03244011
195,LHip,334.47122,232.9737,0.9053512,-0.21242826,-0.01907303,-0.025831772
195,RHip,299.05667,226.66058,0.8922207,-0.30271038,-0.02914659,0.022783283
195,LKnee,338.4062,296.10483,0.88829875,-0.2124574,0.13757955,-0.1558294
195,RKnee,291.18677,289.79172,0.9024154,-0.3252878,0.13357736,-0.06166316
195,LAnkle,314.79648,371.86218,0.907781,-0.2553236,0.30670473,-0.018391404
195,RAnkle,295.1217,359.23596,0.89466566,-0.30948275,0.28828153,0.09206816
195,Head,346.2761,75.14586,0.8908215,-0.18948728,-0.38505986,-0.07536043
195,Neck,334.47122,131.96388,0.9585688,-0.21434787,-0.26345143,-0.045360107
195,Hip,318.7314,226.66058,0.9304105,-0.25861636,-0.029731484,-0.00084694265
195,LBigToe,338.4062,397.11465,0.9084254,,,
195,RBigToe,287.25183,384.48843,0.88812244,,,
195,LSmallToe,338.4062,390.80154,0.8585572,,,
195,RSmallToe,279.38193,378.17532,0.9492845,,,
195,LHeel,306.92657,384.48843,0.92477876,,,
195,RHeel,299.05667,371.86218,0.8297882,,,
196,Nose,343.5592,114.11092,0.95418197,,,
196,LEye,351.22433,107.8119,0.95354354,,,
196,REye,339.72665,101.51287,0.94772214,,,
196,LEar,355.0569,114.11092,0.8286955,,,
196,REar,328.22897,107.8119,0.89585644,,,
196,LShoulder,362.72202,151.90508,0.93667245,-0.15129079,-0.20631477,-0.04188057
196,RShoulder,301.40106,133.008,0.89750105,-0.28924793,-0.24571538,-0.014100349
196,LElbow,351.22433,202.29729,0.9716702,-0.1730949,-0.092292294,-0.101965465
196,RElbow,270.74057,164.50313,0.9591144,-0.36345232,-0.17158611,0.055071197
196,LWrist,316.7313,170.80215,0.95343864,-0.25636637,-0.16276662,-0.15823773
196,RWrist,240.0801,202.29729,0.9535579,-0.434166,-0.08982216,0.034599975
196,LHip,332.06152,240.09145,0.8684073,-0.21295515,-0.016549816,-0.025740303
196,RHip,301.40106,227.4934,0.8498888,-0.3034609,-0.027018476,0.022906858
196,LKnee,335.8941,296.78268,0.9441676,-0.21398312,0.14013083,-0.15549445
196,RKnee,289.90338,296.78268,0.894036,-0.32612208,0.13532442,-0.059532214
196,LAnkle,312.89874,372.37097,0.94220436,-0.25981843,0.3082224,-0.018560192
196,RAnkle,297.56848,366.07196,0.8964265,-0.3105561,0.2910181,0.09177222
196,Head,347.39178,76.316765,0.8722666,-0.18858954,-0.3828987,-0.07410278
196,Neck,332.06152,133.008,0.9389449,-0.21358271,-0.26099217,-0.04404626
196,Hip,316.7313,227.4934,0.90293247,-0.25860393,-0.025765069,-0.0008854701
196,LBigToe,339.72665,397.56708,0.80136317,,,
196,RBigToe,282.23825,384.96902,0.92360336,,,
196,LSmallToe,339.72665,391.26807,0.7601775,,,
196,RSmallToe,278.4057,384.96902,0.9150802,,,
196,LHeel,305.2336,384.96902,0.86548525,,,
196,RHeel,297.56848,378.67,0.7843312,,,
197,Nose,343.56693,115.392426,0.9535578,,,
197,LEye,351.21658,109.11551,0.9561047,,,
197,REye,339.7421,102.838585,0.9539058,,,
197,LEar,355.0414,115.392426,0.8301194,,,
197,REar,328.26764,109.11551,0.89921236,,,
197,LShoulder,362.69104,159.33089,0.9448986,-0.15054683,-0.2021677,-0.03967917
197,RShoulder,301.49387,140.50012,0.89785033,-0.28784567,-0.24174897,-0.012809406
197,LElbow,351.21658,203.26933,0.95414925,-0.17197144,-0.08936693,-0.10136159
197,RElbow,270.89526,171.88472,0.96025217,-0.36003575,-0.16633376,0.059016794
197,LWrist,316.79315,171.88472,0.94261485,-0.25497612,-0.16096453,-0.15487675
197,RWrist,244.12149,203.26933,0.9981122,-0.43074176,-0.08639932,0.03684116
197,LHip,332.09247,240.93088,0.87320757,-0.2133615,-0.011360346,-0.026285226
197,RHip,297.66904,234.65395,0.86451256,-0.30487192,-0.022128621,0.023440309
197,LKnee,335.9173,297.42316,0.9194544,-0.21543114,0.14364904,-0.15595382
197,RKnee,290.01938,297.42316,0.8896348,-0.32739133,0.13760391,-0.056442797
197,LAnkle,312.96832,372.74625,0.94487053,-0.26321387,0.3098648,-0.01785306
197,RAnkle,293.8442,366.4693,0.9237558,-0.31270522,0.29400277,0.093378134
197,Head,347.39175,77.730896,0.88859224,-0.18764178,-0.37981045,-0.07204238
197,Neck,332.09247,134.22319,0.94509643,-0.21277921,-0.25749484,-0.041878603
197,Hip,316.79315,234.65395,0.8769721,-0.2580787,-0.018433213,-0.00088121113
197,LBigToe,339.7421,397.8539,0.78809506,,,
197,RBigToe,278.54492,391.577,0.8788524,,,
197,LSmallToe,339.7421,391.577,0.7247473,,,
197,RSmallToe,274.7201,385.30008,0.87888986,,,
197,LHeel,305.3187,391.577,0.84420574,,,
197,RHeel,297.66904,379.02316,0.8163151,,,
198,Nose,344.50897,116.7592,0.93871355,,,
198,LEye,351.8506,110.508514,0.9478395,,,
198,REye,340.83813,110.508514,0.942928,,,
198,LEar,355.52142,116.7592,0.813708,,,
198,REar,326.15485,110.508514,0.90596503,,,
198,LShoulder,362.86307,160.51398,0.93581945,-0.15009768,-0.19878744,-0.038337022
198,RShoulder,304.12994,141.76193,0.8816795,-0.28688183,-0.2385404,-0.011670067
198,LElbow,351.8506,204.26877,0.91478735,-0.17115378,-0.08712104,-0.10107646
198,RElbow,274.76337,173.01535,0.9303726,-0.3575395,-0.16235882,0.06194035
198,LWrist,318.8132,173.01535,0.9210967,-0.2538881,-0.15953287,-0.15231614
198,RWrist,245.3968,204.26877,0.95110106,-0.4285538,-0.08428018,0.039031703
198,LHip,333.4965,241.77287,0.8456996,-0.21310645,-0.007317899,-0.026769748
198,RHip,300.4591,235.52219,0.8401451,-0.30470473,-0.018280296,0.023929471
198,LKnee,333.4965,304.2797,0.8655298,-0.21709327,0.14695351,-0.15610072
198,RKnee,289.44666,298.02902,0.8435713,-0.32856587,0.13940023,-0.053533252
198,LAnkle,311.4716,373.03723,0.88704276,-0.26577723,0.31122532,-0.01691491
198,RAnkle,293.11746,366.78653,0.93931687,-0.31479335,0.29634407,0.0942201
198,Head,348.17978,79.2551,0.86868453,-0.18690631,-0.377372,-0.07039763
198,Neck,333.4965,135.51125,0.9383344,-0.21226975,-0.2545359,-0.04043757
198,Hip,318.8132,235.52219,0.86160064,-0.25763565,-0.01427539,-0.0006997476
198,LBigToe,337.16733,398.03995,0.7757376,,,
198,RBigToe,278.4342,391.78928,0.8863785,,,
198,LSmallToe,337.16733,398.03995,0.6974429,,,
198,RSmallToe,274.76337,385.5386,0.8968291,,,
198,LHeel,304.12994,385.5386,0.81097037,,,
198,RHeel,296.7883,379.2879,0.80685455,,,
