frame,joint,x_2d,y_2d,score_2d,x_3d,y_3d,z_3d
0,Nose,464.72583,135.38367,0.7871484,,,
0,LEye,467.03485,130.24075,0.732135,,,
0,REye,460.10782,125.09783,0.7900013,,,
0,LEar,473.96185,135.38367,0.61973256,,,
0,REar,453.18082,130.24075,0.86687225,,,
0,LShoulder,469.34384,166.24115,0.5915124,0.111991405,-0.17000687,0.053387474
0,RShoulder,437.0178,161.09824,0.43857923,0.02176673,-0.19811727,0.029945077
0,LElbow,485.50687,176.52698,0.7487628,0.14687088,-0.14964575,-0.06478253
0,RElbow,407.00073,186.8128,0.53430706,-0.042867817,-0.12908185,0.0895037
0,LWrist,478.57986,181.66989,0.30478817,0.11976767,-0.14598759,-0.18698159
0,RWrist,411.61874,222.81322,0.29781413,-0.028276859,-0.05355945,0.010193721
0,LHip,457.79883,248.52779,0.6025734,0.07047183,0.008849125,0.033248473
0,RHip,434.70877,233.09904,0.57648027,0.0095341755,-0.022995556,-0.032454394
0,LKnee,443.9448,294.81403,0.689817,0.03494379,0.13072361,0.011800664
0,RKnee,427.78177,289.6711,0.81444013,0.0058288574,0.10985932,-0.15124972
0,LAnkle,430.09076,346.24316,0.8450329,0.01480349,0.2521985,-0.06276914
0,RAnkle,407.00073,351.38608,0.7651411,-0.04117872,0.2583032,-0.25865802
0,Head,462.41684,109.66909,0.5814511,0.084050626,-0.31087115,0.01970716
0,Neck,455.4898,150.81241,0.6744701,0.07285428,-0.21336678,0.046956953
0,Hip,446.25378,238.24196,0.6537144,0.042069815,-0.0046973936,-0.0013887242
0,LBigToe,439.32678,361.6719,0.8910621,,,
0,RBigToe,413.92773,361.6719,0.74199444,,,
0,LSmallToe,439.32678,356.529,0.90553486,,,
0,RSmallToe,409.30972,366.81482,0.7087947,,,
0,LHeel,425.47275,351.38608,0.8277434,,,
0,RHeel,404.6917,356.529,0.7303863,,,
1,Nose,468.59506,134.6111,0.8254875,,,
1,LEye,470.88193,129.51773,0.8359256,,,
1,REye,464.02133,124.424355,0.8780461,,,
1,LEar,473.1688,139.70448,0.62539464,,,
1,REar,454.8739,129.51773,0.883838,,,
1,LShoulder,466.3082,170.26474,0.64579827,0.11392935,-0.17017905,0.054414764
1,RShoulder,436.57904,154.98462,0.6619119,0.024203798,-0.19815174,0.030229619
1,LElbow,486.88992,175.35812,0.8220893,0.14969862,-0.15061115,-0.06292283
1,RElbow,406.84985,185.54488,0.76360536,-0.041253526,-0.12950793,0.0895274
1,LWrist,473.1688,149.89124,0.5000852,0.122136876,-0.14775045,-0.18359084
1,RWrist,411.42358,226.29189,0.697836,-0.026960764,-0.052782267,0.009693594
1,LHip,454.8739,246.6654,0.6167557,0.071833715,0.008337606,0.032849353
1,RHip,434.29218,236.47864,0.63085526,0.010843373,-0.02370448,-0.032215547
1,LKnee,445.72647,292.5058,0.6446691,0.03635443,0.13035674,0.0119264815
1,RKnee,429.71844,287.4124,0.7529455,0.011601053,0.10737552,-0.15360641
1,LAnkle,432.0053,343.43958,0.76355153,0.016665548,0.2507338,-0.05756606
1,RAnkle,413.71045,343.43958,0.74617225,-0.031464376,0.25485307,-0.26188353
1,Head,464.02133,109.14422,0.7227851,0.08685618,-0.31103888,0.019570282
1,Neck,457.16077,149.89124,0.78733337,0.07543515,-0.21333103,0.047376856
1,Hip,443.4396,236.47864,0.6978101,0.04344756,-0.0052628964,-0.0013215104
1,LBigToe,441.15274,358.7197,0.8553768,,,
1,RBigToe,420.571,358.7197,0.5156787,,,
1,LSmallToe,441.15274,358.7197,0.846681,,,
1,RSmallToe,415.9973,358.7197,0.5311452,,,
1,LHeel,425.14474,353.6263,0.6984716,,,
1,RHeel,411.42358,353.6263,0.6083432,,,
2,Nose,470.4683,139.1716,0.6619529,,,
2,LEye,472.7867,134.09848,0.7227396,,,
2,REye,465.83142,129.02536,0.66403157,,,
2,LEar,456.5577,129.02536,0.49975914,,,
2,REar,456.5577,129.02536,0.8059917,,,
2,LShoulder,438.01025,159.46408,0.6507949,0.1155788,-0.16937871,0.055875152
2,RShoulder,470.4683,164.5372,0.6232058,0.026142703,-0.19699354,0.031212116
2,LElbow,407.87067,189.90282,0.7360629,0.15605727,-0.15133141,-0.057743438
2,RElbow,489.01572,169.61034,0.7936459,-0.03752925,-0.12865777,0.09036115
2,LWrist,414.82596,225.41466,0.648855,0.12527914,-0.14555968,-0.17709629
2,RWrist,475.10513,149.31784,0.43483764,-0.028235829,-0.050898135,0.011914058
2,LHip,433.3734,240.63402,0.42990392,0.07345213,0.008810855,0.032170564
2,RHip,451.92084,250.78026,0.34641352,0.01175384,-0.023931732,-0.03198781
2,LKnee,440.3287,291.36523,0.43878344,0.037108324,0.13021621,0.012641957
2,RKnee,438.01025,291.36523,0.49048656,0.017397216,0.10495563,-0.15599504
2,LAnkle,431.05496,347.16956,0.57288414,0.01821435,0.24917077,-0.050380897
2,RAnkle,421.78125,342.09644,0.55650145,-0.022446608,0.2515435,-0.26391366
2,Head,468.14984,108.73288,0.71555704,0.08927647,-0.31099877,0.018970137
2,Neck,456.5577,144.24472,0.787819,0.07770024,-0.21287845,0.04682634
2,Hip,442.64713,240.63402,0.6120891,0.044848226,-0.0052367486,-0.00117593
2,LBigToe,440.3287,357.3158,0.4538693,,,
2,RBigToe,440.3287,357.3158,0.7261014,,,
2,LSmallToe,438.01025,352.24268,0.44384137,,,
2,RSmallToe,438.01025,362.38892,0.7550743,,,
2,LHeel,414.82596,357.3158,0.58330333,,,
2,RHeel,424.09967,352.24268,0.5803141,,,
3,Nose,468.9222,133.72072,0.84556794,,,
3,LEye,471.266,128.6253,0.85923004,,,
3,REye,464.23468,123.52988,0.9058739,,,
3,LEar,475.95355,138.81615,0.8438751,,,
3,REar,457.20334,128.6253,0.8680186,,,
3,LShoulder,473.60977,169.38867,0.72649276,0.1186866,-0.17060874,0.054501895
3,RShoulder,440.79694,154.1024,0.62795013,0.028369917,-0.1986151,0.029862085
3,LElbow,487.67242,169.38867,0.87324435,0.15742365,-0.15340136,-0.05998885
3,RElbow,407.98407,184.67493,0.75832754,-0.039036676,-0.12973782,0.08847278
3,LWrist,475.95355,154.1024,0.61205316,0.1267062,-0.14761335,-0.17916752
3,RWrist,415.0154,225.43831,0.70725405,-0.025578728,-0.050906476,0.007859981
3,LHip,457.20334,245.81999,0.69625473,0.07506581,0.0070643276,0.032568675
3,RHip,436.10938,230.53372,0.6244456,0.013451984,-0.025217988,-0.03207808
3,LKnee,445.48447,291.67877,0.7396774,0.03923667,0.1301315,0.011583345
3,RKnee,433.7656,286.58337,0.76231134,0.023811882,0.10153894,-0.15866621
3,LAnkle,431.4218,342.633,0.80718255,0.020441175,0.24805827,-0.045835927
3,RAnkle,422.04672,342.633,0.7964992,-0.013711611,0.24942549,-0.26447263
3,Head,468.9222,108.243614,0.7161394,0.09198179,-0.31168097,0.018824436
3,Neck,461.8909,149.00699,0.7433014,0.08042194,-0.21372978,0.04660357
3,Hip,447.82825,235.62915,0.7156348,0.046231374,-0.006843187,-0.001087025
3,LBigToe,438.45316,363.01468,0.8350044,,,
3,RBigToe,431.4218,357.91925,0.516494,,,
3,LSmallToe,440.79694,357.91925,0.8387101,,,
3,RSmallToe,426.73428,357.91925,0.43060118,,,
3,LHeel,426.73428,352.82385,0.6975475,,,
3,RHeel,417.3592,357.91925,0.7360857,,,
4,Nose,469.75183,134.41699,0.75545394,,,
4,LEye,472.11792,129.3163,0.78775823,,,
4,REye,465.01962,124.215614,0.80758876,,,
4,LEar,476.85013,139.51768,0.56144375,,,
4,REar,457.92136,129.3163,0.85944533,,,
4,LShoulder,472.11792,165.02113,0.68864363,0.121129155,-0.17139126,0.053197566
4,RShoulder,438.99255,154.81975,0.75159556,0.030240523,-0.19904467,0.028078333
4,LElbow,491.0467,170.12183,0.8442324,0.16188782,-0.15536003,-0.059912473
4,RElbow,408.2333,185.42389,0.78876644,-0.038344286,-0.12990984,0.08603368
4,LWrist,476.85013,149.71906,0.6108448,0.12971188,-0.14584596,-0.17931299
4,RWrist,415.3316,226.2294,0.7449904,-0.02434511,-0.049530182,0.007078265
4,LHip,457.92136,246.63216,0.60518694,0.07694656,0.0062824357,0.03252048
4,RHip,434.26038,236.43079,0.5815741,0.014726207,-0.02602619,-0.03213252
4,LKnee,460.28745,261.93423,0.4172002,0.04164912,0.13036492,0.011949277
4,RKnee,434.26038,282.33698,0.7782814,0.030861743,0.097851366,-0.16172351
4,LAnkle,436.62646,333.34387,0.42257878,0.022732178,0.24688844,-0.041322216
4,RAnkle,427.16208,343.54526,0.7770903,-0.0053946674,0.24730031,-0.2637479
4,Head,465.01962,108.91355,0.68120253,0.094022065,-0.31219584,0.01728818
4,Neck,460.28745,149.71906,0.74438256,0.082759164,-0.21422409,0.044621035
4,Hip,446.09085,236.43079,0.6385232,0.047685552,-0.0076000206,-0.000993666
4,LBigToe,438.99255,353.74664,0.406359,,,
4,RBigToe,438.99255,358.84732,0.9071284,,,
4,LSmallToe,438.99255,353.74664,0.35665044,,,
4,RSmallToe,436.62646,358.84732,0.8713546,,,
4,LHeel,422.42987,353.74664,0.2719036,,,
4,RHeel,422.42987,353.74664,0.80261767,,,
5,Nose,468.55652,134.49196,0.85554993,,,
5,LEye,473.26855,129.40427,0.82652724,,,
5,REye,466.20047,124.316574,0.8981765,,,
5,LEar,480.3366,134.49196,0.82717025,,,
5,REar,456.7764,129.40427,0.8513704,,,
5,LShoulder,480.3366,165.01811,0.7617623,0.12337329,-0.17296515,0.052249275
5,RShoulder,440.28424,154.84273,0.711559,0.031987797,-0.20018019,0.026279071
5,LElbow,492.11673,170.1058,0.88690436,0.16647908,-0.15791385,-0.059440594
5,RElbow,407.29993,185.3689,0.81678486,-0.037732393,-0.13067533,0.08325798
5,LWrist,480.3366,190.45659,0.8152182,0.13213052,-0.14359774,-0.17694303
5,RWrist,414.368,220.98274,0.8843956,-0.02371312,-0.049006686,0.003948993
5,LHip,461.48843,246.4212,0.7438901,0.07909648,0.0046717003,0.032355603
5,RHip,437.92822,231.15813,0.62669146,0.016315222,-0.02751153,-0.032214664
5,LKnee,447.3523,292.21045,0.635205,0.04350623,0.13023409,0.010386163
5,RKnee,442.64026,282.03506,0.8120075,0.038542584,0.09312086,-0.16435492
5,LAnkle,430.86017,343.08737,0.54876035,0.025086762,0.24588557,-0.035395622
5,RAnkle,428.50412,343.08737,0.8134239,0.0027686188,0.24555205,-0.26153326
5,Head,466.20047,109.0535,0.64410204,0.095976226,-0.31365848,0.015645169
5,Neck,461.48843,149.75504,0.83060014,0.084928095,-0.21553816,0.0425865
5,Hip,449.7083,236.24582,0.7564038,0.049576797,-0.009229716,-0.0008970408
5,LBigToe,437.92822,358.35046,0.73990864,,,
5,RBigToe,440.28424,358.35046,0.69660187,,,
5,LSmallToe,440.28424,358.35046,0.7243697,,,
5,RSmallToe,435.5722,358.35046,0.6146418,,,
5,LHeel,423.79208,353.26276,0.6423984,,,
5,RHeel,423.79208,353.26276,0.7715037,,,
6,Nose,469.43677,129.35873,0.79907304,,,
6,LEye,474.1572,124.24405,0.78941417,,,
6,REye,467.07654,124.24405,0.87285686,,,
6,LEar,481.23788,134.47342,0.8091391,,,
6,REar,457.63565,129.35873,0.77883404,,,
6,LShoulder,476.51743,165.16154,0.6793373,0.12591597,-0.17599319,0.050397877
6,RShoulder,441.11407,154.93217,0.684012,0.03379536,-0.20233004,0.023855252
6,LElbow,493.03897,170.27623,0.8842351,0.17091142,-0.16100751,-0.06009909
6,RElbow,410.43118,185.6203,0.8478315,-0.036604956,-0.13264695,0.07996858
6,LWrist,481.23788,190.73499,0.7995857,0.13466692,-0.14383356,-0.17575902
6,RWrist,417.51187,221.42311,0.87894654,-0.022361474,-0.049928263,0.0010621457
6,LHip,459.99588,241.88187,0.7363335,0.08148554,0.001928594,0.032200165
6,RHip,438.75388,231.65248,0.67661995,0.01801221,-0.029887471,-0.032292463
6,LKnee,452.9152,282.79938,0.3744113,0.045982007,0.12981579,0.009605708
6,RKnee,445.83453,272.56998,0.8662022,0.04667417,0.08807716,-0.16682746
6,LAnkle,434.03342,344.17563,0.6665889,0.028396847,0.24490373,-0.029946888
6,RAnkle,431.6732,344.17563,0.7581319,0.010934348,0.24441348,-0.25728738
6,Head,464.7163,108.89999,0.5097826,0.09791497,-0.31608906,0.0133630885
6,Neck,462.35608,149.81749,0.6965774,0.087121226,-0.21796077,0.039735753
6,Hip,448.19476,231.65248,0.80304134,0.051721938,-0.011647074,-0.00084566907
6,LBigToe,441.11407,359.51968,0.6935438,,,
6,RBigToe,441.11407,359.51968,0.7958302,,,
6,LSmallToe,441.11407,359.51968,0.6551632,,,
6,RSmallToe,438.75388,359.51968,0.80349886,,,
6,LHeel,424.59253,349.2903,0.6378593,,,
6,RHeel,426.95276,349.2903,0.80013174,,,
7,Nose,470.84872,130.82588,0.8138354,,,
7,LEye,475.59442,125.7005,0.8604058,,,
7,REye,468.47586,120.57513,0.8705544,,,
7,LEar,480.34012,135.95125,0.9149834,,,
7,REar,461.3573,125.7005,0.8259615,,,
7,LShoulder,477.9673,166.70349,0.79685056,0.12825248,-0.17867921,0.048515875
7,RShoulder,442.37445,156.45274,0.71665084,0.03536918,-0.20414136,0.020799004
7,LElbow,496.9501,166.70349,0.81437534,0.17560361,-0.16410221,-0.061066344
7,RElbow,411.52734,182.07962,0.77806073,-0.03560248,-0.13459185,0.07579965
7,LWrist,480.34012,135.95125,0.27746052,0.13688982,-0.14353485,-0.17360474
7,RWrist,416.27307,217.95724,0.88658226,-0.020694295,-0.05103378,-0.0021247973
7,LHip,458.98444,248.70949,0.6629507,0.084086746,0.0002710484,0.03201633
7,RHip,437.62875,233.33336,0.7102103,0.019797789,-0.031064857,-0.03236992
7,LKnee,449.493,294.83786,0.43576726,0.048432894,0.12971692,0.008948852
7,RKnee,447.12018,274.33636,0.8038056,0.055057712,0.08364834,-0.16912648
7,LAnkle,444.7473,340.96622,0.55006397,0.032300334,0.2442676,-0.026766067
7,RAnkle,430.5102,340.96622,0.74112207,0.019383328,0.24397223,-0.25291383
7,Head,470.84872,105.199005,0.75927424,0.09981558,-0.31837457,0.010860128
7,Neck,463.73016,151.32738,0.89165187,0.08919884,-0.22002712,0.03624825
7,Hip,447.12018,233.33336,0.78580433,0.053713664,-0.012899161,-0.0007280067
7,LBigToe,444.7473,356.34235,0.5711345,,,
7,RBigToe,447.12018,351.21698,0.6517964,,,
7,LSmallToe,447.12018,356.34235,0.53460103,,,
7,RSmallToe,444.7473,351.21698,0.72215915,,,
7,LHeel,425.76447,351.21698,0.47419685,,,
7,RHeel,425.76447,351.21698,0.63544154,,,
8,Nose,474.8619,134.3384,0.65916365,,,
8,LEye,477.22107,129.14915,0.7372004,,,
8,REye,470.1436,118.770676,0.718113,,,
8,LEar,477.22107,134.3384,0.6199358,,,
8,REar,460.70694,123.959915,0.8471663,,,
8,LShoulder,474.8619,170.66309,0.72660714,0.13056512,-0.18292025,0.045721926
8,RShoulder,441.83362,155.09537,0.72181886,0.036908153,-0.2072118,0.017221214
8,LElbow,498.45352,165.47385,0.7825942,0.17947035,-0.1672579,-0.062567
8,RElbow,408.80536,186.2308,0.82773143,-0.033987243,-0.13653412,0.07158984
8,LWrist,479.58023,149.90613,0.41456705,0.1392542,-0.14308035,-0.17162153
8,RWrist,418.242,217.36626,0.8390956,-0.017988587,-0.052077305,-0.0051195994
8,LHip,455.98862,248.50171,0.55583024,0.086976446,-0.0027119145,0.03164034
8,RHip,437.1153,232.93399,0.61852413,0.022057662,-0.03326768,-0.03243897
8,LKnee,458.34778,274.4479,0.34948444,0.051267598,0.12894543,0.0073924083
8,RKnee,448.9111,274.4479,0.65708756,0.063481495,0.07949202,-0.17043036
8,LAnkle,451.27026,336.7188,0.7437526,0.036008738,0.24359064,-0.02247292
8,RAnkle,427.67865,341.90805,0.8791853,0.030144153,0.24364941,-0.24725488
8,Head,472.50275,103.20295,0.71860886,0.10129109,-0.32193366,0.007750919
8,Neck,463.0661,144.71687,0.87945616,0.09110693,-0.2235431,0.03236058
8,Hip,444.19278,232.93399,0.69446415,0.05626414,-0.015417877,-0.00062134885
8,LBigToe,455.98862,352.28653,0.70278275,,,
8,RBigToe,439.47446,362.665,0.7253136,,,
8,LSmallToe,458.34778,347.0973,0.7787297,,,
8,RSmallToe,437.1153,362.665,0.63083875,,,
8,LHeel,446.55194,341.90805,0.59675926,,,
8,RHeel,422.96033,347.0973,0.7164795,,,
9,Nose,470.7749,122.667534,0.88332707,,,
9,LEye,475.51755,117.449715,0.91808206,,,
9,REye,468.40356,117.449715,0.8717432,,,
9,LEar,482.63153,127.885345,0.89692104,,,
9,REar,461.28958,122.667534,0.79944324,,,
9,LShoulder,480.2602,164.41006,0.7650917,0.13321087,-0.18768711,0.043594338
9,RShoulder,447.06158,148.7566,0.678647,0.038475383,-0.2106448,0.014399686
9,LElbow,499.23083,164.41006,0.84797937,0.18226361,-0.17012247,-0.06285412
9,RElbow,411.49164,180.0635,0.822739,-0.031905554,-0.13864742,0.068271324
9,LWrist,485.00287,190.49913,0.7355383,0.14199892,-0.14124459,-0.16935275
9,RWrist,420.97696,216.58821,0.8337669,-0.014573889,-0.053045284,-0.0074735684
9,LHip,461.28958,242.67729,0.6680689,0.09096921,-0.0059413686,0.031330075
9,RHip,439.9476,227.02385,0.71267694,0.025447775,-0.035569385,-0.032522257
9,LKnee,458.91824,284.41983,0.56107527,0.054224797,0.12834843,0.0072108842
9,RKnee,454.1756,273.9842,0.80768746,0.07105885,0.076597095,-0.17091812
9,LAnkle,458.91824,341.8158,0.8071159,0.039825536,0.24346234,-0.017634584
9,RAnkle,430.46228,341.8158,0.8181276,0.04367658,0.24368064,-0.2431289
9,Head,473.1462,96.57845,0.71224356,0.10247881,-0.3259441,0.0054625114
9,Neck,466.03223,143.53879,0.8274782,0.09292359,-0.22741218,0.029528027
9,Hip,451.80426,232.24167,0.7793742,0.059978098,-0.018471168,-0.00069363345
9,LBigToe,463.6609,352.25143,0.60247636,,,
9,RBigToe,439.9476,357.46924,0.75253034,,,
9,LSmallToe,463.6609,347.03363,0.63028795,,,
9,RSmallToe,435.20496,357.46924,0.71057135,,,
9,LHeel,454.1756,347.03363,0.5964375,,,
9,RHeel,423.3483,347.03363,0.680798,,,
10,Nose,470.60104,118.81117,0.80405724,,,
10,LEye,473.05023,113.61487,0.7563908,,,
10,REye,465.7026,113.61487,0.83443326,,,
10,LEar,477.94864,129.2038,0.62534755,,,
10,REar,458.355,124.007484,0.8761985,,,
10,LShoulder,477.94864,160.38165,0.71568036,0.13572375,-0.19209975,0.04149333
10,RShoulder,443.65976,149.98903,0.72386426,0.040082097,-0.21356505,0.011761018
10,LElbow,499.99152,165.57796,0.8588854,0.18503079,-0.17207521,-0.06338191
10,RElbow,414.2693,181.16689,0.8294058,-0.029514132,-0.13995664,0.06532627
10,LWrist,485.29626,186.3632,0.78854793,0.14437668,-0.14024578,-0.166773
10,RWrist,421.6169,217.54106,0.8640483,-0.010870907,-0.05336608,-0.009247481
10,LHip,463.25342,243.5226,0.605781,0.09522931,-0.0093408255,0.031063296
10,RHip,441.21054,233.12999,0.685707,0.028762167,-0.03762178,-0.03264134
10,LKnee,455.9058,295.4857,0.38304672,0.05768346,0.12767376,0.0065057203
10,RKnee,458.355,269.50415,0.62659645,0.07832322,0.07515423,-0.17086314
10,LAnkle,431.41373,342.2525,0.56806844,0.04293756,0.243367,-0.012860632
10,RAnkle,463.25342,342.2525,0.7857732,0.06143911,0.24423157,-0.23803571
10,Head,465.7026,103.222244,0.7242427,0.10357909,-0.3294668,0.0037051132
10,Neck,463.25342,139.59642,0.84653115,0.094629645,-0.23090826,0.026907125
10,Hip,451.0074,233.12999,0.76738954,0.06400403,-0.021468533,-0.00060640066
10,LBigToe,438.76135,357.84143,0.6577633,,,
10,RBigToe,473.05023,352.6451,0.83404475,,,
10,LSmallToe,438.76135,357.84143,0.6959102,,,
10,RSmallToe,468.15182,352.6451,0.89075476,,,
10,LHeel,424.0661,347.4488,0.6161485,,,
10,RHeel,458.355,352.6451,0.8082202,,,
11,Nose,471.90146,124.21763,0.819856,,,
11,LEye,474.283,113.63019,0.82195115,,,
11,REye,469.51993,113.63019,0.81236565,,,
11,LEar,481.4276,124.21763,0.8537628,,,
11,REar,462.3753,118.92391,0.72908324,,,
11,LShoulder,483.80917,155.97995,0.74717873,0.13828427,-0.1968648,0.03949646
11,RShoulder,448.08606,150.68622,0.6756954,0.041795764,-0.21684985,0.009674254
11,LElbow,502.86148,161.27367,0.8045497,0.18735507,-0.17361695,-0.06340738
11,RElbow,414.74454,177.15482,0.8047504,-0.026541842,-0.14109352,0.06261602
11,LWrist,488.57224,182.44853,0.727552,0.14649506,-0.14021172,-0.16470239
11,RWrist,421.88913,214.21085,0.8705888,-0.006733482,-0.05367083,-0.010533855
11,LHip,467.1384,240.67944,0.61956966,0.10047872,-0.013824515,0.03049897
11,RHip,443.323,230.09201,0.70647293,0.033419028,-0.04101745,-0.032443736
11,LKnee,462.3753,288.3229,0.4575172,0.06108839,0.12762435,0.0075953985
11,RKnee,459.99377,267.14804,0.6214908,0.08501456,0.07452844,-0.16958484
11,LAnkle,431.41528,341.2601,0.47741,0.045580424,0.24343927,-0.007947008
11,RAnkle,464.75684,341.2601,0.76326376,0.0769589,0.24559338,-0.2336659
11,Head,471.90146,97.74904,0.705272,0.10504694,-0.33344835,0.0022675514
11,Neck,469.51993,140.09879,0.8283293,0.096478105,-0.2349817,0.024953237
11,Hip,455.23068,230.09201,0.7984792,0.06906154,-0.025961798,-0.00062749
11,LBigToe,440.94147,357.14127,0.589174,,,
11,RBigToe,476.66455,346.55383,0.694026,,,
11,LSmallToe,440.94147,357.14127,0.6471064,,,
11,RSmallToe,474.283,351.84753,0.7048953,,,
11,LHeel,426.65222,346.55383,0.5413413,,,
11,RHeel,464.75684,351.84753,0.65630585,,,
12,Nose,471.43945,120.048676,0.7721393,,,
12,LEye,476.2811,114.76951,0.81393385,,,
12,REye,469.01862,109.49034,0.81412625,,,
12,LEar,481.12277,125.327835,0.8353669,,,
12,REar,461.75613,120.048676,0.78057516,,,
12,LShoulder,483.54358,157.00284,0.6750909,0.14078392,-0.20147648,0.037093613
12,RShoulder,444.81033,151.72366,0.6701861,0.0434666,-0.21976608,0.006980424
12,LElbow,502.91022,162.282,0.79730797,0.18935274,-0.17432024,-0.06356352
12,RElbow,415.7604,178.11949,0.8317843,-0.023305083,-0.1411813,0.05978506
12,LWrist,485.96442,183.39867,0.46537915,0.14881355,-0.13994831,-0.16205925
12,RWrist,425.44373,220.35281,0.84397453,-0.0022173536,-0.052951638,-0.011746781
12,LHip,469.01862,236.19032,0.6388826,0.10551112,-0.01867707,0.029886711
12,RHip,447.23117,230.91115,0.6835334,0.03882861,-0.045230046,-0.032447614
12,LKnee,478.70193,257.30698,0.79879206,0.064218916,0.1273699,0.008441051
12,RKnee,464.17697,273.14447,0.69777316,0.091810614,0.075123444,-0.16768482
12,LAnkle,473.8603,341.77362,0.7381016,0.04806659,0.24358128,-0.00268146
12,RAnkle,432.7062,341.77362,0.7683668,0.09170449,0.24786542,-0.22769502
12,Head,471.43945,98.93201,0.7553238,0.106322534,-0.3370658,0.0008045987
12,Neck,469.01862,141.16533,0.81054664,0.0980722,-0.23878728,0.022774078
12,Hip,456.9145,225.63199,0.7797705,0.074678846,-0.032174524,-0.00014116056
12,LBigToe,481.12277,357.6111,0.8299574,,,
12,RBigToe,442.38953,357.6111,0.89723957,,,
12,LSmallToe,481.12277,352.33197,0.8412888,,,
12,RSmallToe,437.54785,357.6111,0.8506996,,,
12,LHeel,469.01862,352.33197,0.78369,,,
12,RHeel,427.86456,341.77362,0.7862312,,,
13,Nose,472.6326,123.806854,0.77529335,,,
13,LEye,475.08566,113.1611,0.8556644,,,
13,REye,467.7265,113.1611,0.83376414,,,
13,LEar,479.99176,123.806854,0.8778295,,,
13,REar,460.36734,123.806854,0.7998119,,,
13,LShoulder,484.89786,155.74413,0.76570326,0.14324649,-0.20494042,0.034517176
13,RShoulder,445.64902,150.42125,0.6985435,0.04546211,-0.22154944,0.0039652977
13,LElbow,504.52228,166.38988,0.8429922,0.19165713,-0.17428997,-0.0637412
13,RElbow,418.66547,182.35852,0.81814003,-0.01955287,-0.14029354,0.057450533
13,LWrist,489.80396,187.6814,0.72953635,0.1517624,-0.13941383,-0.15970173
13,RWrist,428.47766,219.61867,0.8262706,0.0025982347,-0.05157775,-0.012872059
13,LHip,472.6326,230.26442,0.69928575,0.110783376,-0.021420978,0.02931965
13,RHip,450.55515,224.94154,0.7355518,0.04413458,-0.046769332,-0.032444388
13,LKnee,482.4448,256.8788,0.54514,0.06745289,0.1277049,0.008799808
13,RKnee,467.7265,272.84744,0.78648233,0.097828135,0.077392966,-0.16552855
13,LAnkle,435.83682,336.722,0.7419298,0.048166495,0.24422882,0.0012067605
13,RAnkle,477.5387,342.0449,0.8824049,0.11227315,0.24962445,-0.22317822
13,Head,470.17953,97.19247,0.80615926,0.10787467,-0.33987918,-0.0015823296
13,Neck,470.17953,139.7755,0.87172806,0.09991213,-0.24150617,0.019770233
13,Hip,462.8204,219.61867,0.7989475,0.07998575,-0.036988243,0.00028376584
13,LBigToe,440.74292,363.3364,0.66983706,,,
13,RBigToe,487.35092,358.01352,0.7779918,,,
13,LSmallToe,443.19598,358.01352,0.6831038,,,
13,RSmallToe,482.4448,358.01352,0.7903688,,,
13,LHeel,430.93073,342.0449,0.54913634,,,
13,RHeel,475.08566,358.01352,0.74975383,,,
14,Nose,472.5065,117.63995,0.72457075,,,
14,LEye,474.90408,112.24956,0.7971432,,,
14,REye,470.10892,112.24956,0.7712859,,,
14,LEar,482.09683,123.03035,0.8611451,,,
14,REar,462.91617,117.63995,0.81026524,,,
14,LShoulder,484.49442,155.37273,0.62874967,0.14562693,-0.20703085,0.032204553
14,RShoulder,446.1331,144.59193,0.68420845,0.04739021,-0.22216076,0.0007582867
14,LElbow,506.07266,166.15352,0.7610594,0.1941441,-0.17417745,-0.064438544
14,RElbow,419.75967,182.32472,0.81624,-0.01620661,-0.13910493,0.054470666
14,LWrist,489.28958,182.32472,0.6458159,0.15473323,-0.13910966,-0.1584488
14,RWrist,429.35,220.0575,0.86452115,0.0071408935,-0.049772818,-0.014335673
14,LHip,472.5065,230.83829,0.6384852,0.116015136,-0.022384677,0.029409839
14,RHip,450.92825,225.44789,0.6611572,0.04877013,-0.04613319,-0.0324037
14,LKnee,484.49442,257.79028,0.83239365,0.07120544,0.12818156,0.009283553
14,RKnee,470.10892,273.96146,0.68835855,0.10400608,0.08065796,-0.16362582
14,LAnkle,482.09683,344.03662,0.34929323,0.04887985,0.24502133,0.004930419
14,RAnkle,482.09683,344.03662,0.7153858,0.12896606,0.25279233,-0.21668816
14,Head,472.5065,96.07836,0.71993965,0.10934025,-0.3415763,-0.003845881
14,Neck,470.10892,133.81114,0.78040135,0.101747334,-0.24303454,0.01691628
14,Hip,460.5186,220.0575,0.7562798,0.084953174,-0.03734293,7.741433e-05
14,LBigToe,491.68716,354.8174,0.5595589,,,
14,RBigToe,448.53067,360.20782,0.6308667,,,
14,LSmallToe,491.68716,354.8174,0.51677966,,,
14,RSmallToe,446.1331,360.20782,0.60704464,,,
14,LHeel,479.69925,354.8174,0.5394652,,,
14,RHeel,431.7476,344.03662,0.61840534,,,
15,Nose,473.59796,117.260994,0.74673676,,,
15,LEye,475.97855,111.82682,0.8082751,,,
15,REye,471.2174,111.82682,0.8078334,,,
15,LEar,483.1203,122.69517,0.7720472,,,
15,REar,461.69507,117.260994,0.73129255,,,
15,LShoulder,483.1203,155.3002,0.46017545,0.14826536,-0.20720233,0.030320333
15,RShoulder,445.031,149.86603,0.543212,0.04957275,-0.22097154,-0.0024391154
15,LElbow,506.9261,166.16855,0.27980497,0.19688928,-0.17342685,-0.06509459
15,RElbow,421.22522,182.47108,0.7764283,-0.0129497945,-0.13702783,0.051628735
15,LWrist,490.26202,182.47108,0.5233086,0.15825513,-0.13805825,-0.15811771
15,RWrist,430.74753,220.5103,0.83649117,0.011677955,-0.047054175,-0.016033275
15,LHip,475.97855,231.37865,0.53376025,0.12182602,-0.02182296,0.029868264
15,RHip,454.55334,231.37865,0.61547583,0.052911445,-0.04323096,-0.03235431
15,LKnee,487.88147,253.11534,0.42534593,0.0761222,0.1289357,0.009157423
15,RKnee,471.2174,274.85202,0.71481156,0.10968679,0.084977016,-0.16194057
15,LAnkle,447.4116,345.4963,0.36064073,0.04963295,0.24574651,0.0073192883
15,RAnkle,487.88147,345.4963,0.6732933,0.14378013,0.25753024,-0.2092159
15,Head,473.59796,95.52429,0.6083301,0.11084597,-0.3417201,-0.006198908
15,Neck,466.45624,133.5635,0.62589175,0.1038183,-0.24289705,0.01438546
15,Hip,464.07565,225.94447,0.7051608,0.09001841,-0.03351131,-0.00044573168
15,LBigToe,456.9339,361.79883,0.5034778,,,
15,RBigToe,456.9339,361.79883,0.6405797,,,
15,LSmallToe,456.9339,361.79883,0.4941603,,,
15,RSmallToe,454.55334,361.79883,0.6116456,,,
15,LHeel,483.1203,356.36465,0.322273,,,
15,RHeel,437.88928,350.93048,0.60328895,,,
16,Nose,472.964,117.1743,0.73252124,,,
16,LEye,475.35678,111.6992,0.74979776,,,
16,REye,468.17834,106.224106,0.7542931,,,
16,LEar,482.53522,122.64939,0.82277083,,,
16,REar,460.9999,117.1743,0.8554324,,,
16,LShoulder,487.32086,155.49997,0.6813545,0.1512377,-0.20681946,0.028407726
16,RShoulder,446.64304,150.02487,0.7201632,0.0521096,-0.21910693,-0.0063898414
16,LElbow,508.85617,166.45015,0.84528404,0.20028803,-0.17263143,-0.06564346
16,RElbow,422.7149,182.87544,0.84904593,-0.009492668,-0.13454011,0.04836593
16,LWrist,492.10648,188.35054,0.63359076,0.16254883,-0.13717376,-0.1585415
16,RWrist,432.28616,221.20111,0.89844644,0.01654122,-0.043888807,-0.018072853
16,LHip,480.14243,237.62639,0.64853007,0.12767422,-0.020408284,0.030517543
16,RHip,456.2143,232.1513,0.7400821,0.057484947,-0.03942837,-0.0324291
16,LKnee,475.35678,286.90225,0.55831176,0.08080883,0.12964508,0.007881522
16,RKnee,472.964,270.47696,0.7465193,0.115462095,0.08963153,-0.1603184
16,LAnkle,449.03586,347.1283,0.80024004,0.04982248,0.24668331,0.011759756
16,RAnkle,492.10648,347.1283,0.7999756,0.15747195,0.26286414,-0.1985569
16,Head,472.964,89.79882,0.7015295,0.11238402,-0.34143037,-0.009170719
16,Neck,468.17834,139.07468,0.7368982,0.10616912,-0.24217936,0.011256769
16,Hip,468.17834,226.67621,0.76238334,0.095241375,-0.029747967,-0.0006903114
16,LBigToe,463.39273,363.5536,0.8063277,,,
16,RBigToe,499.2849,363.5536,0.65768105,,,
16,LSmallToe,460.9999,363.5536,0.8144956,,,
16,RSmallToe,496.8921,358.0785,0.7089868,,,
16,LHeel,441.85742,352.6034,0.7097513,,,
16,RHeel,489.71365,363.5536,0.6897049,,,
17,Nose,473.27298,117.14086,0.7422962,,,
17,LEye,475.67377,111.61923,0.78321964,,,
17,REye,470.8722,106.09761,0.7690569,,,
17,LEar,482.87607,117.14086,0.8310772,,,
17,REar,463.6699,117.14086,0.6875793,,,
17,LShoulder,487.6776,155.79225,0.63021845,0.15391824,-0.20602153,0.02660045
17,RShoulder,449.26526,150.27061,0.6721256,0.054770015,-0.21680099,-0.010192305
17,LElbow,511.68533,166.8355,0.44772086,0.20352246,-0.17176796,-0.06654048
17,RElbow,425.25754,183.40038,0.8259031,-0.0060697757,-0.13157955,0.045375045
17,LWrist,494.87994,188.922,0.43131828,0.16684642,-0.13675918,-0.15948337
17,RWrist,434.86063,227.57338,0.85661596,0.021363454,-0.040328473,-0.019512061
17,LHip,480.47528,233.09502,0.6167762,0.13270596,-0.018107165,0.031079037
17,RHip,456.4676,227.57338,0.67238724,0.06212983,-0.03480409,-0.03277625
17,LKnee,475.67377,282.78964,0.58597535,0.08550366,0.13156007,0.008551543
17,RKnee,470.8722,277.26804,0.67178917,0.120999895,0.094508156,-0.15914887
17,LAnkle,449.26526,349.04916,0.48112082,0.049743794,0.2478842,0.015878271
17,RAnkle,497.2807,349.04916,0.66099375,0.16881335,0.26852188,-0.18651102
17,Head,475.67377,95.05436,0.72269446,0.11407358,-0.34052083,-0.0115164425
17,Neck,473.27298,133.70573,0.7227952,0.108571194,-0.24095236,0.0082006855
17,Hip,468.47144,227.57338,0.76372266,0.10016598,-0.025476824,-0.00080185523
17,LBigToe,463.6699,365.61404,0.5165788,,,
17,RBigToe,466.07068,365.61404,0.61422056,,,
17,LSmallToe,463.6699,360.0924,0.48491028,,,
17,RSmallToe,463.6699,365.61404,0.55679965,,,
17,LHeel,439.66217,354.5708,0.41160426,,,
17,RHeel,442.06293,354.5708,0.4457216,,,
18,Nose,473.9547,118.591484,0.7872259,,,
18,LEye,476.3529,113.04671,0.8058939,,,
18,REye,471.55652,107.50194,0.7934897,,,
18,LEar,483.5475,118.591484,0.8843244,,,
18,REar,464.36197,118.591484,0.7660094,,,
18,LShoulder,493.14023,157.40489,0.7827414,0.15678811,-0.20351125,0.02521346
18,RShoulder,449.97284,151.86012,0.7557766,0.057599526,-0.21289457,-0.014431942
18,LElbow,512.32574,162.94966,0.7634213,0.20763656,-0.17042176,-0.06727189
18,RElbow,425.99094,185.12875,0.84963286,-0.0027506321,-0.1276344,0.042130336
18,LWrist,495.53842,179.58398,0.47527963,0.17164107,-0.13669461,-0.16145745
18,RWrist,437.98187,223.94215,0.86199504,0.026455408,-0.036397353,-0.02240592
18,LHip,481.1493,240.57648,0.69471896,0.13731879,-0.013568174,0.03182527
18,RHip,459.56558,235.03171,0.6923478,0.066544786,-0.027474085,-0.03326675
18,LKnee,471.55652,290.47943,0.69407976,0.09132537,0.13506144,0.009311068
18,RKnee,473.9547,273.84512,0.6989274,0.12658496,0.09978089,-0.15911478
18,LAnkle,447.57465,351.47192,0.66187483,0.04994245,0.24943428,0.020684106
18,RAnkle,500.3348,357.0167,0.81385076,0.17699102,0.2758508,-0.17161019
18,Head,476.3529,90.86762,0.73218805,0.11569548,-0.3383496,-0.014219509
18,Neck,473.9547,140.77057,0.7920521,0.11119069,-0.23793904,0.0049493853
18,Hip,469.15833,229.48694,0.7711209,0.10470468,-0.018734396,-0.0007328931
18,LBigToe,464.36197,368.10623,0.7326388,,,
18,RBigToe,509.92755,362.56146,0.69136614,,,
18,LSmallToe,464.36197,362.56146,0.68745387,,,
18,RSmallToe,507.52936,368.10623,0.66821086,,,
18,LHeel,437.98187,357.0167,0.5993792,,,
18,RHeel,497.9366,373.651,0.638386,,,
19,Nose,473.34485,119.89489,0.80284154,,,
19,LEye,475.78793,114.28914,0.83052886,,,
19,REye,470.9018,108.68339,0.7741228,,,
19,LEar,485.56018,119.89489,0.9089364,,,
19,REar,463.5726,119.89489,0.6967227,,,
19,LShoulder,490.4463,159.13515,0.7426843,0.15953185,-0.20080686,0.023678636
19,RShoulder,451.3573,153.52939,0.7779986,0.06048781,-0.20839444,-0.018385535
19,LElbow,514.87695,164.74089,0.82670176,0.21176267,-0.16888244,-0.06791424
19,RElbow,426.92667,187.1639,0.8427255,0.0006185707,-0.123041004,0.038712643
19,LWrist,500.21857,187.1639,0.7143194,0.17690295,-0.13691741,-0.16357273
19,RWrist,439.14197,226.40414,0.88252443,0.031583693,-0.03185699,-0.024743242
19,LHip,485.56018,243.22139,0.68626434,0.14141586,-0.009236437,0.032350637
19,RHip,461.12955,237.61565,0.686751,0.071237564,-0.019969778,-0.033904027
19,LKnee,473.34485,299.2789,0.64375466,0.098186076,0.13881065,0.009015515
19,RKnee,478.231,276.8559,0.6674068,0.1322658,0.10585393,-0.15919545
19,LAnkle,446.47116,349.73065,0.52415985,0.05087616,0.25073794,0.025161821
19,RAnkle,500.21857,355.3364,0.7021891,0.18177237,0.28403544,-0.15549639
19,Head,475.78793,91.866135,0.75958717,0.11731668,-0.3355179,-0.016408904
19,Neck,473.34485,142.31789,0.8207949,0.113660514,-0.2343922,0.0017839302
19,Hip,473.34485,237.61565,0.79365295,0.10912418,-0.011889671,-0.0004909185
19,LBigToe,461.12955,360.94217,0.4296632,,,
19,RBigToe,512.4339,366.5479,0.5839818,,,
19,LSmallToe,461.12955,360.94217,0.3642118,,,
19,RSmallToe,507.54773,366.5479,0.50640833,,,
19,LHeel,439.14197,355.3364,0.41614956,,,
19,RHeel,497.77548,377.7594,0.5254741,,,
20,Nose,476.74872,120.331085,0.8007548,,,
20,LEye,479.16095,114.68665,0.81887525,,,
20,REye,471.92422,109.04221,0.7629113,,,
20,LEar,486.3977,120.331085,0.9177269,,,
20,REar,467.09973,114.68665,0.63139427,,,
20,LShoulder,496.0467,159.84213,0.69199014,0.16206989,-0.199474,0.022305278
20,RShoulder,452.62625,154.1977,0.7494949,0.06337737,-0.20492592,-0.021921895
20,LElbow,517.7569,171.131,0.71625566,0.21564664,-0.16804461,-0.06804376
20,RElbow,428.5038,188.0643,0.8492953,0.004253312,-0.11852567,0.035159104
20,LWrist,498.45892,176.77544,0.52552325,0.18217771,-0.13807015,-0.164938
20,RWrist,440.56503,227.57535,0.8686554,0.036911614,-0.027325174,-0.02689935
20,LHip,483.98544,244.50865,0.65814835,0.14563084,-0.007242972,0.03289355
20,RHip,462.27524,238.86421,0.6111408,0.07644354,-0.014966397,-0.03473565
20,LKnee,474.33646,300.953,0.549311,0.10637159,0.14175208,0.008216259
20,RKnee,481.5732,278.37524,0.65776074,0.13843566,0.11241178,-0.15832075
20,LAnkle,445.38953,351.7529,0.8056456,0.053068057,0.25116715,0.02949345
20,RAnkle,503.28342,363.04178,0.79643863,0.18420325,0.2919611,-0.13936448
20,Head,479.16095,92.10891,0.7146239,0.11888967,-0.33362946,-0.018399505
20,Neck,476.74872,142.90883,0.77689517,0.11595562,-0.23212771,-0.00086800125
20,Hip,471.92422,238.86421,0.7266583,0.11376683,-0.0076665226,-0.0004784169
20,LBigToe,462.27524,363.04178,0.77630055,,,
20,RBigToe,515.34467,374.33066,0.8550646,,,
20,LSmallToe,459.863,363.04178,0.73682225,,,
20,RSmallToe,510.52014,374.33066,0.8015465,,,
20,LHeel,438.1528,357.39734,0.80534077,,,
20,RHeel,498.45892,379.9751,0.76614773,,,
21,Nose,476.61813,121.489456,0.80896866,,,
21,LEye,479.03867,115.82987,0.8362517,,,
21,REye,474.19757,115.82987,0.7452988,,,
21,LEar,486.3003,121.489456,0.89403933,,,
21,REar,466.93597,121.489456,0.73335797,,,
21,LShoulder,495.98245,155.44699,0.7070887,0.16421568,-0.19905026,0.020950621
21,RShoulder,454.83325,155.44699,0.7510694,0.06618607,-0.20210241,-0.025343599
21,LElbow,517.76733,166.76616,0.75365806,0.21928373,-0.16823225,-0.068362646
21,RElbow,430.62787,189.40451,0.8458784,0.008180931,-0.11373529,0.031579312
21,LWrist,505.6646,178.08533,0.62317735,0.18749325,-0.13932928,-0.1666173
21,RWrist,442.73056,229.02162,0.88575953,0.042398207,-0.022653427,-0.02930815
21,LHip,486.3003,246.00038,0.6641883,0.14994875,-0.0061712973,0.03350242
21,RHip,464.5154,240.34079,0.6351894,0.08162269,-0.011346161,-0.035764705
21,LKnee,476.61813,302.59625,0.5731094,0.11535093,0.14441445,0.0066651795
21,RKnee,481.4592,291.27707,0.5263059,0.14447251,0.11867568,-0.15722986
21,LAnkle,447.57162,347.87296,0.72746164,0.056402333,0.2508956,0.033520825
21,RAnkle,503.24408,364.8517,0.85209495,0.18617591,0.29871923,-0.12505512
21,Head,479.03867,93.19152,0.7071704,0.12026082,-0.33245236,-0.020405067
21,Neck,476.61813,144.1278,0.829684,0.11797583,-0.23069881,-0.0034987389
21,Hip,476.61813,240.34079,0.72542125,0.11836806,-0.0050752237,-0.00056362315
21,LBigToe,464.5154,364.8517,0.8042658,,,
21,RBigToe,515.3468,376.1709,0.8502668,,,
21,LSmallToe,464.5154,364.8517,0.7116896,,,
21,RSmallToe,510.5057,376.1709,0.7583753,,,
21,LHeel,440.31003,359.19214,0.7046444,,,
21,RHeel,500.82355,376.1709,0.7659796,,,
22,Nose,475.9593,122.28137,0.6701788,,,
22,LEye,480.76,116.61459,0.77562976,,,
22,REye,473.55893,116.61459,0.70488554,,,
22,LEar,487.96106,122.28137,0.8309679,,,
22,REar,466.35788,122.28137,0.68988746,,,
22,LShoulder,495.1621,156.28203,0.6854283,0.1660636,-0.19977722,0.019326111
22,RShoulder,456.75647,156.28203,0.7422328,0.06889312,-0.20015974,-0.029028557
22,LElbow,519.16565,167.61559,0.82042116,0.22260727,-0.16925275,-0.068907656
22,RElbow,432.75293,195.94946,0.8383807,0.012258699,-0.108898655,0.027167438
22,LWrist,504.76355,184.6159,0.575581,0.1926325,-0.14076194,-0.16819012
22,RWrist,444.7547,229.95012,0.87030727,0.04792305,-0.018033633,-0.03220406
22,LHip,490.36142,246.95045,0.6585312,0.1541549,-0.0061224326,0.03404819
22,RHip,468.75824,241.28368,0.6950026,0.08640605,-0.009273363,-0.036620837
22,LKnee,478.35965,303.61823,0.69808155,0.12508665,0.14612372,0.004368772
22,RKnee,483.16034,286.6179,0.634699,0.150772,0.121778116,-0.15673369
22,LAnkle,449.5554,348.95242,0.83361083,0.06117553,0.24952908,0.03692679
22,RAnkle,504.76355,365.95276,0.847652,0.19011313,0.30200055,-0.11544962
22,Head,478.35965,99.614265,0.7259176,0.1213443,-0.33219102,-0.022725502
22,Neck,475.9593,139.28171,0.7858484,0.119759075,-0.23027386,-0.0064674728
22,Hip,478.35965,241.28368,0.77867854,0.122871354,-0.004305482,-0.00067505636
22,LBigToe,466.35788,365.95276,0.84922254,,,
22,RBigToe,519.16565,377.28632,0.863856,,,
22,LSmallToe,463.95752,365.95276,0.8447416,,,
22,RSmallToe,514.3649,382.95306,0.7974472,,,
22,LHeel,442.35434,354.6192,0.70783347,,,
22,RHeel,502.3632,382.95306,0.81497115,,,
23,Nose,474.779,122.43313,0.5479319,,,
23,LEye,477.14148,116.668686,0.6801677,,,
23,REye,472.4165,116.668686,0.6516469,,,
23,LEar,486.59146,122.43313,0.83989614,,,
23,REar,465.329,122.43313,0.76974493,,,
23,LShoulder,496.04144,157.01979,0.6162642,0.16762027,-0.20152257,0.01739641
23,RShoulder,455.87903,157.01979,0.6804944,0.07157976,-0.19922775,-0.033164293
23,LElbow,519.6664,168.54868,0.68868333,0.22564897,-0.17106076,-0.06976748
23,RElbow,434.61658,197.37088,0.8640804,0.016290557,-0.105025545,0.021834256
23,LWrist,505.4914,185.842,0.4462788,0.19750103,-0.14318544,-0.16992743
23,RWrist,448.79156,231.95753,0.8879364,0.053323604,-0.013855583,-0.035041448
23,LHip,493.67892,243.48642,0.5763628,0.15820852,-0.0074724276,0.034559563
23,RHip,470.054,243.48642,0.6446639,0.09082648,-0.009040834,-0.037524436
23,LKnee,486.59146,301.13086,0.6721243,0.13573329,0.14663653,0.001351061
23,RKnee,486.59146,289.60196,0.60381866,0.1576329,0.12199403,-0.15670021
23,LAnkle,453.51654,347.2464,0.74000424,0.06739943,0.24720566,0.039113715
23,RAnkle,507.8539,364.53973,0.81392074,0.19425216,0.30337992,-0.10949839
23,Head,477.14148,99.37536,0.6976164,0.122382924,-0.33310476,-0.025791533
23,Neck,477.14148,139.72646,0.7164821,0.1216291,-0.23094125,-0.009810502
23,Hip,479.50397,237.72198,0.7269717,0.1270547,-0.0056975465,-0.00088084885
23,LBigToe,467.6915,370.30417,0.85229367,,,
23,RBigToe,517.3039,381.83304,0.66877514,,,
23,LSmallToe,465.329,364.53973,0.85517,,,
23,RSmallToe,512.57886,381.83304,0.5582392,,,
23,LHeel,446.42905,353.01083,0.70926726,,,
23,RHeel,507.8539,381.83304,0.5464592,,,
24,Nose,473.9882,128.59573,0.50214064,,,
24,LEye,478.72824,117.07814,0.69674164,,,
24,REye,473.9882,117.07814,0.5563951,,,
24,LEar,483.4683,122.83694,0.70189965,,,
24,REar,469.24817,122.83694,0.5449095,,,
24,LShoulder,462.1381,157.38971,0.31018546,0.1684527,-0.20369448,0.015047527
24,RShoulder,497.68842,157.38971,0.51854664,0.07369204,-0.19882968,-0.036971442
24,LElbow,519.0186,163.1485,0.14568888,0.22890145,-0.17398036,-0.071763985
24,RElbow,436.06787,197.70126,0.776472,0.020003213,-0.10239416,0.016645076
24,LWrist,495.3184,180.42488,0.111059435,0.20204765,-0.14690739,-0.17327878
24,RWrist,450.288,238.01283,0.73199755,0.058300965,-0.010530956,-0.037275746
24,LHip,492.94836,238.01283,0.30990252,0.16198905,-0.009950448,0.03498106
24,RHip,476.35822,243.77162,0.4835423,0.095244065,-0.010003231,-0.038294062
24,LKnee,490.57834,301.35956,0.6383362,0.14726311,0.1458915,-0.0017097129
24,RKnee,490.57834,289.84198,0.54472446,0.16474366,0.120741144,-0.1567952
24,LAnkle,457.39804,341.67114,0.76614755,0.07519847,0.2442183,0.04023105
24,RAnkle,509.5385,364.7063,0.76460624,0.19616462,0.30427787,-0.10522837
24,Head,478.72824,94.04296,0.7050841,0.12347217,-0.33474717,-0.029330408
24,Neck,478.72824,140.11331,0.63314784,0.123669714,-0.23242222,-0.013141725
24,Hip,483.4683,238.01283,0.67802405,0.1311943,-0.008107438,-0.00082937046
24,LBigToe,464.50812,364.7063,0.8626553,,,
24,RBigToe,516.64856,376.2239,0.5101993,,,
24,LSmallToe,464.50812,364.7063,0.843604,,,
24,RSmallToe,511.90854,381.9827,0.44436827,,,
24,LHeel,447.91797,347.42993,0.6848762,,,
24,RHeel,507.1685,376.2239,0.4416611,,,
25,Nose,479.90503,121.998024,0.643084,,,
25,LEye,482.27255,116.23812,0.66888636,,,
25,REye,475.17,110.47822,0.61103165,,,
25,LEar,487.0076,121.998024,0.7461057,,,
25,REar,465.69992,121.998024,0.7195253,,,
25,LShoulder,494.11017,150.79753,0.5642848,0.17012528,-0.20792359,0.012534012
25,RShoulder,458.59735,156.55743,0.59249693,0.07607441,-0.200643,-0.04137545
25,LElbow,522.52045,162.31734,0.6424781,0.23141302,-0.17730601,-0.07286774
25,RElbow,437.28964,196.87675,0.82874113,0.023353912,-0.10072456,0.01043286
25,LWrist,505.94778,179.59705,0.5123658,0.2067385,-0.15106022,-0.17491841
25,RWrist,453.8623,237.19606,0.86813784,0.06321705,-0.008261492,-0.039974216
25,LHip,494.11017,231.43616,0.5704157,0.16598818,-0.015433048,0.03516067
25,RHip,475.17,237.19606,0.6325095,0.0997231,-0.0132509135,-0.03875187
25,LKnee,501.21274,300.555,0.4673001,0.1600408,0.14305288,-0.0046926197
25,RKnee,496.4777,289.0352,0.7131655,0.17205673,0.11901544,-0.15566427
25,LAnkle,460.96487,340.8743,0.7429326,0.08511157,0.24048482,0.041654885
25,RAnkle,508.3153,369.6738,0.7871836,0.19609582,0.30495563,-0.10194694
25,Head,477.53754,93.19852,0.5523799,0.12439956,-0.3371913,-0.03366179
25,Neck,475.17,133.51782,0.63381976,0.12484345,-0.23500498,-0.017132496
25,Hip,482.27255,231.43616,0.7431736,0.1350351,-0.013194969,-0.0008944364
25,LBigToe,468.06744,369.6738,0.7763573,,,
25,RBigToe,520.15295,381.1936,0.8269165,,,
25,LSmallToe,468.06744,363.9139,0.8424436,,,
25,RSmallToe,517.7854,381.1936,0.8127448,,,
25,LHeel,453.8623,346.6342,0.7594841,,,
25,RHeel,505.94778,381.1936,0.80023944,,,
26,Nose,479.05252,122.19582,0.69436187,,,
26,LEye,481.38074,116.436966,0.7536547,,,
26,REye,476.7243,116.436966,0.73289907,,,
26,LEar,488.36545,122.19582,0.8373625,,,
26,REar,469.73962,122.19582,0.80337137,,,
26,LShoulder,497.67834,150.9901,0.6235381,0.17170532,-0.21070462,0.01012219
26,RShoulder,460.4267,156.74896,0.70873374,0.078144066,-0.20088093,-0.045267172
26,LElbow,523.2889,162.50781,0.800579,0.23419973,-0.18024008,-0.074426495
26,RElbow,439.47266,197.06094,0.8376924,0.026212716,-0.09947127,0.005121505
26,LWrist,513.97595,179.78438,0.47288385,0.21133567,-0.15555398,-0.17853943
26,RWrist,455.77023,237.37292,0.8909081,0.06736044,-0.0065999106,-0.041725162
26,LHip,497.67834,231.61407,0.5939156,0.17044823,-0.019099291,0.035227537
26,RHip,476.7243,231.61407,0.6321131,0.104609996,-0.014968079,-0.038927585
26,LKnee,506.99127,294.9615,0.52000976,0.17333925,0.13990264,-0.00854192
26,RKnee,500.0066,289.20264,0.73148304,0.17897671,0.11796242,-0.15488079
26,LAnkle,465.08316,341.03232,0.7616973,0.096504174,0.23732318,0.041320328
26,RAnkle,506.99127,364.06775,0.7995192,0.19527829,0.30543095,-0.100087196
26,Head,479.05252,93.40154,0.6981108,0.12541974,-0.33856443,-0.037316862
26,Neck,479.05252,139.4724,0.76315546,0.12647821,-0.2364229,-0.020935966
26,Hip,486.0372,225.85522,0.7244588,0.13947573,-0.016542614,-0.00087377685
26,LBigToe,472.06784,364.06775,0.7631766,,,
26,RBigToe,520.96063,381.34433,0.82257,,,
26,LSmallToe,469.73962,364.06775,0.7881359,,,
26,RSmallToe,516.3042,381.34433,0.85186404,,,
26,LHeel,458.09848,341.03232,0.7400162,,,
26,RHeel,504.66302,381.34433,0.81691253,,,
27,Nose,482.19592,122.28293,0.52535826,,,
27,LEye,484.55713,116.51128,0.62127095,,,
27,REye,477.47357,116.51128,0.5811184,,,
27,LEar,489.2795,122.28293,0.83794993,,,
27,REar,470.39,122.28293,0.7444999,,,
27,LShoulder,496.36307,151.14119,0.65107214,0.17327718,-0.21235877,0.0083945915
27,RShoulder,463.30646,156.91284,0.71121943,0.08030665,-0.20009713,-0.048548035
27,LElbow,522.3361,156.91284,0.7578421,0.23710357,-0.18276824,-0.075871356
27,RElbow,439.69458,197.3144,0.8549577,0.028341347,-0.09837654,0.001068717
27,LWrist,515.25256,168.45615,0.43543234,0.21572372,-0.16038895,-0.18172142
27,RWrist,456.22287,237.71599,0.9064559,0.07080659,-0.0052437857,-0.042017136
27,LHip,498.72424,231.94434,0.6105503,0.17488942,-0.020579476,0.035490055
27,RHip,477.47357,237.71599,0.6691709,0.10951499,-0.014601506,-0.03908665
27,LKnee,515.25256,283.8892,0.5682996,0.18705015,0.13673201,-0.012541981
27,RKnee,503.44662,289.66086,0.79501575,0.18559456,0.117951736,-0.15446985
27,LAnkle,475.11237,335.83408,0.44805148,0.10977341,0.2344249,0.041174363
27,RAnkle,508.169,364.69235,0.78944147,0.19406988,0.30608654,-0.097920306
27,Head,479.83475,93.42467,0.6300167,0.12628078,-0.33905414,-0.040256742
27,Neck,479.83475,139.59789,0.7473433,0.1280953,-0.23678131,-0.024076056
27,Hip,486.9183,226.17268,0.7628704,0.14417297,-0.017387856,-0.00084100314
27,LBigToe,475.11237,364.69235,0.6896001,,,
27,RBigToe,522.3361,382.0073,0.8806527,,,
27,LSmallToe,475.11237,358.9207,0.7122736,,,
27,RSmallToe,517.6138,387.77896,0.8308696,,,
27,LHeel,470.39,330.06244,0.44384134,,,
27,RHeel,503.44662,382.0073,0.8081919,,,
28,Nose,479.45166,122.17538,0.6511585,,,
28,LEye,481.89542,116.40514,0.6818317,,,
28,REye,474.56418,116.40514,0.71566665,,,
28,LEar,489.22668,122.17538,0.779634,,,
28,REar,469.67667,122.17538,0.77463293,,,
28,LShoulder,491.6704,156.79677,0.63968486,0.17548844,-0.21305256,0.006535503
28,RShoulder,462.34543,156.79677,0.74756765,0.08263799,-0.1984495,-0.05142934
28,LElbow,525.88293,162.567,0.65363365,0.24058154,-0.18459459,-0.076709606
28,RElbow,440.35168,202.95862,0.85618234,0.030282386,-0.097297594,-0.0022222043
28,LWrist,518.5517,174.10745,0.5736062,0.22047085,-0.16506329,-0.18488193
28,RWrist,457.45792,237.58,0.92141116,0.07390207,-0.0040877163,-0.041298687
28,LHip,499.00168,231.80977,0.65819794,0.17929688,-0.020373147,0.035715036
28,RHip,477.00793,237.58,0.7063521,0.114289775,-0.012325901,-0.039199807
28,LKnee,518.5517,289.5121,0.5557147,0.2018295,0.1321802,-0.016559461
28,RKnee,506.33292,289.5121,0.80513674,0.19113299,0.11867252,-0.15436447
28,LAnkle,484.33917,335.67392,0.3196719,0.12526996,0.23222582,0.039307356
28,RAnkle,506.33292,370.29532,0.80230916,0.19283602,0.30699688,-0.09532051
28,Head,477.00793,99.09445,0.71977353,0.12706415,-0.3387043,-0.04244577
28,Neck,479.45166,139.48607,0.7671693,0.13003972,-0.23621207,-0.026933772
28,Hip,486.78293,231.80977,0.7933564,0.14887428,-0.016083485,-0.0007776383
28,LBigToe,489.22668,347.2144,0.40836853,,,
28,RBigToe,523.43915,381.8358,0.8943031,,,
28,LSmallToe,486.78293,352.98462,0.42113265,,,
28,RSmallToe,518.5517,387.606,0.8194285,,,
28,LHeel,477.00793,329.9037,0.38253146,,,
28,RHeel,501.44543,381.8358,0.83119255,,,
29,Nose,478.62717,122.68241,0.8079182,,,
29,LEye,483.80222,116.905075,0.7949457,,,
29,REye,476.03964,116.905075,0.8033535,,,
29,LEar,491.56476,122.68241,0.8765318,,,
29,REar,470.86462,122.68241,0.8041433,,,
29,LShoulder,496.7398,151.56908,0.7504341,0.17792061,-0.21391536,0.005166401
29,RShoulder,463.10208,157.3464,0.78569347,0.08484799,-0.19709381,-0.053904794
29,LElbow,525.2025,157.3464,0.7327698,0.24360603,-0.18662964,-0.07740737
29,RElbow,439.81442,197.78773,0.8596263,0.031782504,-0.09726752,-0.004579435
29,LWrist,517.43994,174.6784,0.663358,0.22477171,-0.16935161,-0.18746525
29,RWrist,457.92703,238.22906,0.9242243,0.07660638,-0.003656067,-0.039865233
29,LHip,501.91483,232.45174,0.7553204,0.18462238,-0.021462653,0.035759784
29,RHip,481.2147,238.22906,0.75602734,0.119826615,-0.011041265,-0.039009333
29,LKnee,520.02747,290.22507,0.60541826,0.2148799,0.126951,-0.020177253
29,RKnee,507.08987,290.22507,0.8846159,0.1949968,0.11974655,-0.15419987
29,LAnkle,507.08987,359.55304,0.32731068,0.14236355,0.23055427,0.036191557
29,RAnkle,504.50235,371.10773,0.75703365,0.19140095,0.30811656,-0.0924242
29,Head,481.2147,93.795746,0.7534709,0.12777616,-0.33872008,-0.044481643
29,Neck,481.2147,145.79175,0.86410147,0.13191156,-0.23604874,-0.029371282
29,Hip,488.97723,232.45174,0.8570609,0.1544195,-0.016173847,-0.0007681309
29,LBigToe,520.02747,382.66238,0.25060865,,,
29,RBigToe,520.02747,382.66238,0.839455,,,
29,LSmallToe,491.56476,353.77573,0.22030894,,,
29,RSmallToe,517.43994,388.43973,0.8225487,,,
29,LHeel,478.62717,324.88907,0.25031665,,,
29,RHeel,499.3273,382.66238,0.88697636,,,
30,Nose,482.1318,124.17903,0.80833006,,,
30,LEye,484.83615,118.42888,0.8540121,,,
30,REye,479.42746,118.42888,0.7940843,,,
30,LEar,490.24487,124.17903,0.9107872,,,
30,REar,474.01874,124.17903,0.6591919,,,
30,LShoulder,498.3579,152.92981,0.70341957,0.18066104,-0.21473214,0.003948058
30,RShoulder,463.20132,158.67996,0.7555422,0.0871327,-0.19558644,-0.055863053
30,LElbow,525.4014,158.67996,0.74040735,0.24661173,-0.18833505,-0.07785388
30,RElbow,441.5665,198.93106,0.85912013,0.03357084,-0.09722161,-0.005743798
30,LWrist,514.58405,187.43074,0.56897485,0.22944817,-0.17354922,-0.18892631
30,RWrist,460.49698,239.18214,0.9248371,0.07927205,-0.0033808202,-0.037448518
30,LHip,506.47098,233.43199,0.71261966,0.19104767,-0.022485938,0.03530649
30,RHip,484.83615,239.18214,0.7557248,0.1258033,-0.009546687,-0.038488507
30,LKnee,517.2884,290.93353,0.6330576,0.22717863,0.12169014,-0.02426604
30,RKnee,506.47098,290.93353,0.8691498,0.19760081,0.12119271,-0.15431951
30,LAnkle,509.17532,365.68555,0.76667947,0.16200712,0.23026441,0.033428207
30,RAnkle,503.76663,371.43573,0.7954332,0.19057366,0.30933335,-0.089522816
30,Head,484.83615,101.17841,0.7760936,0.12824741,-0.3387059,-0.04602915
30,Neck,482.1318,141.4295,0.81906545,0.1337542,-0.23599263,-0.0312635
30,Hip,495.65356,233.43199,0.82282007,0.1607696,-0.016121224,-0.00074695353
30,LBigToe,519.99274,382.93604,0.7343352,,,
30,RBigToe,519.99274,388.6862,0.90198416,,,
30,LSmallToe,519.99274,382.93604,0.6807479,,,
30,RSmallToe,517.2884,388.6862,0.83924466,,,
30,LHeel,501.06226,377.18588,0.567085,,,
30,RHeel,498.3579,382.93604,0.86995786,,,
31,Nose,481.7552,124.72189,0.7399724,,,
31,LEye,484.61237,113.27348,0.79494053,,,
31,REye,476.04083,113.27348,0.77358055,,,
31,LEar,493.1839,124.72189,0.8317198,,,
31,REar,473.18365,124.72189,0.8018255,,,
31,LShoulder,504.6126,153.34291,0.7559693,0.18340233,-0.21579409,0.0028914076
31,RShoulder,464.61212,164.79132,0.7802152,0.089105725,-0.19434907,-0.057202466
31,LElbow,527.47003,159.06711,0.7260701,0.24976,-0.18992977,-0.07813636
31,RElbow,441.7547,199.13654,0.85348684,0.035303585,-0.097275674,-0.005899802
31,LWrist,521.7557,176.23972,0.59685695,0.23371673,-0.17762138,-0.1903159
31,RWrist,458.89777,239.20596,0.9374777,0.0817569,-0.0034712404,-0.034471467
31,LHip,510.32697,233.48175,0.7130785,0.19778413,-0.024111643,0.034797154
31,RHip,487.46954,239.20596,0.77968574,0.13149412,-0.008505918,-0.03775435
31,LKnee,521.7557,290.7238,0.53805566,0.24053594,0.11529644,-0.02876227
31,RKnee,510.32697,290.7238,0.8586667,0.19944355,0.12259303,-0.15431102
31,LAnkle,507.4698,370.86264,0.721336,0.18280154,0.22952728,0.032113608
31,RAnkle,504.6126,370.86264,0.7714359,0.19056778,0.3104209,-0.08597197
31,Head,481.7552,96.100876,0.72669137,0.12815994,-0.3393331,-0.047100052
31,Neck,484.61237,141.8945,0.9073473,0.13558973,-0.23633225,-0.032777026
31,Hip,498.89825,233.48175,0.85620445,0.16701758,-0.016458265,-0.0007291564
31,LBigToe,524.61285,382.31104,0.6971474,,,
31,RBigToe,524.61285,388.03525,0.82159007,,,
31,LSmallToe,521.7557,382.31104,0.67646223,,,
31,RSmallToe,518.8985,388.03525,0.7709926,,,
31,LHeel,501.75543,376.58685,0.6486466,,,
31,RHeel,501.75543,382.31104,0.8204207,,,
32,Nose,483.31543,125.140755,0.58126855,,,
32,LEye,486.19458,119.4077,0.71569294,,,
32,REye,477.55713,119.4077,0.6667472,,,
32,LEar,491.95288,125.140755,0.8510155,,,
32,REar,474.67798,125.140755,0.7156138,,,
32,LShoulder,506.34866,148.073,0.7495833,0.1861088,-0.21753697,0.002113242
32,RShoulder,466.04053,165.27217,0.76975286,0.09084659,-0.19391541,-0.057875395
32,LElbow,529.3819,159.53911,0.68308973,0.25283775,-0.19196935,-0.078206316
32,RElbow,443.0073,199.67053,0.82184184,0.037283227,-0.097534135,-0.0054703085
32,LWrist,523.6236,171.00523,0.6100509,0.23780361,-0.18132445,-0.18986386
32,RWrist,460.28223,239.80194,0.9106814,0.08470066,-0.004236143,-0.031772785
32,LHip,514.98615,234.0689,0.72165537,0.20486164,-0.026180621,0.034144204
32,RHip,489.07373,239.80194,0.7769194,0.13706608,-0.007819604,-0.036774453
32,LKnee,526.50275,285.6664,0.54108274,0.25308156,0.108849615,-0.033222653
32,RKnee,509.2278,291.39948,0.8693847,0.19994418,0.124048814,-0.15401775
32,LAnkle,512.10693,371.66232,0.48828575,0.20361438,0.2298524,0.031111179
32,RAnkle,506.34866,371.66232,0.8111492,0.19133449,0.3114073,-0.08206362
32,Head,477.55713,96.47546,0.8064724,0.12769651,-0.34020993,-0.04783345
32,Neck,486.19458,142.33994,0.87688833,0.13712126,-0.23716731,-0.033967808
32,Hip,500.59036,234.0689,0.85365546,0.17343688,-0.017082017,-0.00073493435
32,LBigToe,520.74445,383.12845,0.54160833,,,
32,RBigToe,523.6236,388.8615,0.8198704,,,
32,LSmallToe,523.6236,383.12845,0.4450047,,,
32,RSmallToe,517.8653,388.8615,0.76850635,,,
32,LHeel,503.4695,377.3954,0.4580413,,,
32,RHeel,500.59036,383.12845,0.8068413,,,
33,Nose,477.9264,124.09274,0.62871534,,,
33,LEye,480.83447,118.326256,0.70655936,,,
33,REye,477.9264,118.326256,0.6902511,,,
33,LEar,492.46674,124.09274,0.890254,,,
33,REar,475.01834,124.09274,0.47713935,,,
33,LShoulder,507.00708,147.15868,0.63663197,0.18856001,-0.2201373,0.0012185511
33,RShoulder,466.29413,164.45811,0.7301634,0.09222647,-0.19436224,-0.057904776
33,LElbow,530.2716,152.92516,0.6813054,0.2557701,-0.19459109,-0.07819272
33,RElbow,443.0296,199.057,0.8314936,0.0395321,-0.098048344,-0.0044092583
33,LWrist,518.63934,164.45811,0.36399135,0.24204053,-0.18462661,-0.18872851
33,RWrist,463.38605,233.6559,0.90619844,0.088064246,-0.005731199,-0.029119072
33,LHip,515.73126,227.88942,0.6937118,0.2120144,-0.02912753,0.033158902
33,RHip,489.55865,239.4224,0.76598,0.14244947,-0.007764248,-0.035512496
33,LKnee,527.3635,279.78775,0.55346084,0.26525158,0.10295121,-0.03767396
33,RKnee,509.91513,291.32074,0.8162274,0.19986898,0.12557472,-0.15282732
33,LAnkle,518.63934,331.6861,0.7112328,0.2245415,0.23164771,0.030083267
33,RAnkle,504.099,372.05148,0.84617966,0.19279245,0.31227472,-0.0771588
33,Head,480.83447,95.26033,0.712864,0.12711811,-0.34165576,-0.048514217
33,Neck,486.6506,141.39218,0.7830465,0.1383498,-0.23877572,-0.03488157
33,Hip,501.19095,233.6559,0.83326125,0.1797,-0.018467564,-0.000777632
33,LBigToe,527.3635,343.21906,0.88008505,,,
33,RBigToe,521.5474,383.58444,0.87190515,,,
33,LSmallToe,530.2716,337.45258,0.9065219,,,
33,RSmallToe,515.73126,389.35092,0.79278475,,,
33,LHeel,515.73126,348.98557,0.567105,,,
33,RHeel,501.19095,383.58444,0.82168317,,,
34,Nose,482.20325,122.64304,0.82476825,,,
34,LEye,485.13232,111.0473,0.80433786,,,
34,REye,476.34506,116.84518,0.8428357,,,
34,LEar,493.9196,116.84518,0.87940526,,,
34,REar,470.48688,122.64304,0.8200766,,,
34,LShoulder,502.70685,145.83455,0.6635666,0.19108713,-0.22377114,0.00011685421
34,RShoulder,464.62872,163.22816,0.7647961,0.09340685,-0.19575475,-0.057347365
34,LElbow,529.0686,157.43028,0.5648993,0.2585528,-0.19710721,-0.07798267
34,RElbow,444.1251,198.01541,0.82846844,0.042231023,-0.09892607,-0.0024801858
34,LWrist,523.21045,157.43028,0.54929537,0.24620128,-0.18822195,-0.18511355
34,RWrist,464.62872,238.60052,0.9280657,0.09164217,-0.0073965862,-0.026339881
34,LHip,517.3523,227.00478,0.7229098,0.21937573,-0.032912288,0.031812776
34,RHip,493.9196,238.60052,0.73810285,0.14775383,-0.008738864,-0.033929072
34,LKnee,549.57227,284.98352,0.79223657,0.2765466,0.0991247,-0.042094357
34,RKnee,508.565,290.78137,0.8456172,0.19913375,0.12697802,-0.15098974
34,LAnkle,526.1395,325.56863,0.66101307,0.24432497,0.2341492,0.026130106
34,RAnkle,505.63593,371.95163,0.839017,0.1953411,0.31271574,-0.07184615
34,Head,476.34506,93.65368,0.7015073,0.12609363,-0.34377488,-0.048873894
34,Neck,485.13232,140.03667,0.80611116,0.13944319,-0.24120726,-0.03555789
34,Hip,505.63593,227.00478,0.84746975,0.18570298,-0.021029744,-0.00085549033
34,LBigToe,534.9268,348.76013,0.76563346,,,
34,RBigToe,523.21045,389.34525,0.8719096,,,
34,LSmallToe,537.8559,342.96225,0.82661027,,,
34,RSmallToe,517.3523,389.34525,0.8269424,,,
34,LHeel,520.2814,325.56863,0.60770893,,,
34,RHeel,499.77777,383.54736,0.819652,,,
35,Nose,477.80542,120.743546,0.5699746,,,
35,LEye,483.72467,109.09436,0.6438145,,,
35,REye,474.84576,114.91895,0.64631075,,,
35,LEar,492.60358,114.91895,0.8723754,,,
35,REar,471.88614,120.743546,0.781231,,,
35,LShoulder,504.44214,144.0419,0.74025023,0.19371486,-0.22701381,-0.00073329615
35,RShoulder,465.96686,161.51567,0.76859105,0.094400436,-0.19681302,-0.055164993
35,LElbow,528.1192,155.69109,0.6340748,0.26154888,-0.19974144,-0.07669894
35,RElbow,448.20905,202.2878,0.8192252,0.045360923,-0.09953272,0.0011038365
35,LWrist,528.1192,161.51567,0.3886901,0.25048783,-0.1890924,-0.18014596
35,RWrist,468.92648,237.23534,0.8951281,0.095770806,-0.009664741,-0.02302569
35,LHip,522.19995,231.41075,0.8004166,0.22667822,-0.03506259,0.030027913
35,RHip,498.52286,237.23534,0.76772493,0.15255462,-0.008581135,-0.031909175
35,LKnee,551.7963,278.00748,0.8840409,0.28404865,0.096601024,-0.04773803
35,RKnee,510.36142,295.48123,0.8867798,0.19919363,0.12881796,-0.14907065
35,LAnkle,536.99817,330.42877,0.78369516,0.2660251,0.23981623,0.022240777
35,RAnkle,507.40176,371.2009,0.814925,0.20012838,0.31244448,-0.064634204
35,Head,480.76505,91.62059,0.69118583,0.12487209,-0.34535298,-0.04874885
35,Neck,483.72467,138.21732,0.8048813,0.14053565,-0.24313918,-0.035289206
35,Hip,510.36142,231.41075,0.8882533,0.19140846,-0.021887297,-0.000784816
35,LBigToe,539.95776,353.72714,0.7977052,,,
35,RBigToe,519.2403,382.8501,0.85169566,,,
35,LSmallToe,545.8771,353.72714,0.859336,,,
35,RSmallToe,516.2807,382.8501,0.7373181,,,
35,LHeel,531.07886,330.42877,0.7132646,,,
35,RHeel,501.48248,382.8501,0.7793035,,,
36,Nose,478.60696,118.73276,0.68316203,,,
36,LEye,481.54803,112.89614,0.75864536,,,
36,REye,475.66592,112.89614,0.7161673,,,
36,LEar,493.31226,112.89614,0.87284106,,,
36,REar,472.72485,118.73276,0.6361986,,,
36,LShoulder,505.0765,142.07924,0.7290264,0.19633521,-0.23116373,-0.0018861198
36,RShoulder,466.84274,153.75247,0.78032684,0.0951194,-0.1986822,-0.052115895
36,LElbow,528.605,153.75247,0.6222382,0.26456198,-0.20301028,-0.07493486
36,RElbow,449.19638,200.44542,0.8229081,0.048711255,-0.10062516,0.005808943
36,LWrist,528.605,159.58908,0.63785505,0.2546479,-0.18871665,-0.17298271
36,RWrist,469.78378,235.46512,0.86120695,0.10022875,-0.012878658,-0.019685207
36,LHip,525.6639,223.79189,0.7572369,0.23347664,-0.03822384,0.027781187
36,RHip,499.19437,235.46512,0.76321894,0.15652013,-0.009504293,-0.029546266
36,LKnee,552.1334,276.32144,0.8281409,0.28863767,0.09543313,-0.05344528
36,RKnee,510.95862,293.8313,0.85804147,0.1997639,0.13046731,-0.14619103
36,LAnkle,543.31024,340.52423,0.7557811,0.28628585,0.24777792,0.017518774
36,RAnkle,510.95862,369.70734,0.82968485,0.2064799,0.31152955,-0.056492053
36,Head,481.54803,89.54967,0.7067481,0.12318381,-0.34728846,-0.0484717
36,Neck,484.48907,136.24261,0.7781624,0.14164995,-0.24575506,-0.03469214
36,Hip,510.95862,229.62851,0.87146074,0.19651061,-0.023876427,-0.00078832614
36,LBigToe,546.25134,358.0341,0.76333266,,,
36,RBigToe,519.7818,387.2172,0.86205435,,,
36,LSmallToe,552.1334,358.0341,0.87876177,,,
36,RSmallToe,516.8407,387.2172,0.78648293,,,
36,LHeel,537.42816,340.52423,0.5750041,,,
36,RHeel,505.0765,381.38058,0.83453834,,,
37,Nose,476.67566,123.104034,0.8150955,,,
37,LEye,479.64,111.33111,0.8288009,,,
37,REye,473.7113,117.217575,0.8199975,,,
37,LEar,491.49744,111.33111,0.9431402,,,
37,REar,470.74695,117.217575,0.7272521,,,
37,LShoulder,506.3192,140.76343,0.7772706,0.1992009,-0.23529421,-0.003010195
37,RShoulder,467.7826,152.53635,0.79430383,0.095950335,-0.20016328,-0.048150707
37,LElbow,530.03406,152.53635,0.73221976,0.26774883,-0.20656024,-0.07227341
37,RElbow,449.99646,193.7416,0.81558394,0.052433375,-0.10181238,0.0120121995
37,LWrist,530.03406,164.30928,0.70650816,0.25859773,-0.18618181,-0.16473563
37,RWrist,470.74695,234.94684,0.8674803,0.105196506,-0.01651953,-0.016189069
37,LHip,527.0697,223.17392,0.77067316,0.23985855,-0.040582027,0.025225718
37,RHip,500.3905,234.94684,0.78117514,0.16012032,-0.010337675,-0.026967848
37,LKnee,550.78455,276.1521,0.81978256,0.29103878,0.096698046,-0.059264295
37,RKnee,512.2479,293.81146,0.8802876,0.20131439,0.1326154,-0.14288682
37,LAnkle,550.78455,340.9032,0.8458477,0.30424926,0.25696826,0.011278113
37,RAnkle,515.2123,370.3355,0.8317301,0.21443339,0.3102536,-0.04744208
37,Head,476.67566,93.67172,0.68860054,0.12096384,-0.34874,-0.047454663
37,Neck,485.56873,134.87697,0.82252234,0.14292552,-0.24816382,-0.033476375
37,Hip,512.2479,229.06038,0.8717432,0.2011087,-0.02544049,-0.00076303724
37,LBigToe,550.78455,370.3355,0.80901587,,,
37,RBigToe,512.2479,382.10843,0.7280505,,,
37,LSmallToe,556.71326,364.44904,0.87060624,,,
37,RSmallToe,506.3192,382.10843,0.8732428,,,
37,LHeel,544.85583,340.9032,0.7096214,,,
37,RHeel,518.17664,376.22195,0.6972756,,,
38,Nose,475.03024,127.54436,0.8111603,,,
38,LEye,478.08014,115.746185,0.8485369,,,
38,REye,471.98035,121.64527,0.8480103,,,
38,LEar,490.27975,109.84711,0.9054326,,,
38,REar,468.93042,127.54436,0.7356769,,,
38,LShoulder,508.57916,133.44344,0.78982025,0.20235568,-0.23948519,-0.0043200394
38,RShoulder,468.93042,157.03978,0.82219064,0.096744314,-0.20111638,-0.042926677
38,LElbow,536.02826,151.14069,0.8194273,0.2716636,-0.20994121,-0.06921574
38,RElbow,453.68094,198.33336,0.83615375,0.056708362,-0.10194437,0.019142022
38,LWrist,532.9784,162.93886,0.74233127,0.2622347,-0.18225767,-0.1554634
38,RWrist,471.98035,227.82878,0.8612917,0.11092839,-0.020531518,-0.012387845
38,LHip,526.87854,221.9297,0.7819252,0.24592781,-0.0424194,0.022061853
38,RHip,499.42944,233.72786,0.7919598,0.16327897,-0.011049554,-0.023891814
38,LKnee,548.22784,275.02145,0.83081526,0.2922954,0.100238875,-0.06498601
38,RKnee,514.67896,292.7187,0.8862767,0.2036146,0.13553184,-0.1390679
38,LAnkle,557.37756,351.70953,0.8341041,0.31993568,0.26820487,0.0041332897
38,RAnkle,517.7289,369.4068,0.8260525,0.22482646,0.30864584,-0.037655655
38,Head,475.03024,92.14986,0.8049327,0.118548945,-0.34976068,-0.04622557
38,Neck,487.22983,133.44344,0.86854583,0.14434764,-0.25026357,-0.031797536
38,Hip,511.62906,227.82878,0.8485609,0.20530318,-0.0266725,-0.0007708643
38,LBigToe,554.3277,375.30588,0.81863505,,,
38,RBigToe,514.67896,387.10403,0.80446047,,,
38,LSmallToe,563.47736,369.4068,0.8442605,,,
38,RSmallToe,508.57916,387.10403,0.8403988,,,
38,LHeel,554.3277,357.6086,0.7108947,,,
38,RHeel,523.8287,375.30588,0.7959834,,,
39,Nose,473.6742,127.066696,0.78111076,,,
39,LEye,476.8779,115.24868,0.8055309,,,
39,REye,470.47046,121.157684,0.817279,,,
39,LEar,486.489,109.33967,0.8183906,,,
39,REar,470.47046,121.157684,0.6734049,,,
39,LShoulder,512.1187,132.97571,0.8132656,0.20549536,-0.24278979,-0.0056323754
39,RShoulder,467.26675,156.61174,0.8064056,0.097565375,-0.2015405,-0.03668357
39,LElbow,537.7484,150.70273,0.83060795,0.27580625,-0.2124607,-0.0656862
39,RElbow,454.45193,197.97481,0.83729875,0.061116457,-0.10187328,0.02714587
39,LWrist,534.5447,162.52075,0.7267488,0.26536018,-0.17603146,-0.14505905
39,RWrist,473.6742,227.51987,0.8449666,0.11702737,-0.024076374,-0.0081001865
39,LHip,531.34094,221.61086,0.7792044,0.25163135,-0.043255106,0.018276786
39,RHip,502.50757,239.33788,0.78166425,0.16597068,-0.011185195,-0.020462139
39,LKnee,550.56323,280.70096,0.82024086,0.29209113,0.10631117,-0.06999589
39,RKnee,512.1187,298.42798,0.8542736,0.20649354,0.14015026,-0.13407911
39,LAnkle,563.37805,357.51807,0.7689406,0.33399495,0.2773697,-0.0007239387
39,RAnkle,524.93353,363.4271,0.8612935,0.23865297,0.30765358,-0.028066149
39,Head,473.6742,91.61264,0.8063001,0.116075985,-0.34993377,-0.044310115
39,Neck,486.489,132.97571,0.9006049,0.14559102,-0.251671,-0.029459173
39,Hip,515.3224,227.51987,0.8776479,0.2092191,-0.02712913,-0.0007786888
39,LBigToe,556.97064,381.1541,0.8619737,,,
39,RBigToe,515.3224,387.0631,0.89076364,,,
39,LSmallToe,563.37805,381.1541,0.79429567,,,
39,RSmallToe,512.1187,381.1541,0.8181127,,,
39,LHeel,566.5818,363.4271,0.7022066,,,
39,RHeel,531.34094,375.2451,0.88657856,,,
40,Nose,475.01862,126.02877,0.8940996,,,
40,LEye,478.35092,114.16025,0.8767339,,,
40,REye,471.68634,120.094505,0.8878207,,,
40,LEar,488.3478,114.16025,0.80401844,,,
40,REar,468.35403,126.02877,0.69109124,,,
40,LShoulder,515.00616,131.96303,0.8146636,0.20817497,-0.24552207,-0.006508479
40,RShoulder,468.35403,155.70006,0.83089364,0.09847991,-0.20160283,-0.030005878
40,LElbow,541.66455,149.76581,0.8942299,0.2797562,-0.21439216,-0.06099596
40,RElbow,455.02484,197.23987,0.823529,0.06550517,-0.10160412,0.035252936
40,LWrist,534.99994,173.50284,0.812622,0.26798993,-0.16820094,-0.13184652
40,RWrist,475.01862,226.91116,0.8083728,0.12344545,-0.027342964,-0.003726598
40,LHip,531.66766,220.97691,0.8080775,0.2565393,-0.043649726,0.014026017
40,RHip,501.677,238.77968,0.77396107,0.16842812,-0.010859,-0.016793296
40,LKnee,548.32916,286.25375,0.8532374,0.28994757,0.11417784,-0.07263305
40,RKnee,515.00616,304.05652,0.8564033,0.2121076,0.14559123,-0.12643768
40,LAnkle,568.32294,363.3991,0.79263854,0.34700948,0.28384498,-0.0023009686
40,RAnkle,528.3354,369.33337,0.8600797,0.25474462,0.3080269,-0.017782258
40,Head,471.68634,90.42322,0.7524263,0.11345704,-0.34955165,-0.04168087
40,Neck,488.3478,131.96303,0.9134742,0.14645845,-0.25268638,-0.026665205
40,Hip,515.00616,226.91116,0.909032,0.21259049,-0.027214691,-0.0008373328
40,LBigToe,558.32605,387.13614,0.8591321,,,
40,RBigToe,518.3385,387.13614,0.88420206,,,
40,LSmallToe,564.99066,387.13614,0.82495475,,,
40,RSmallToe,518.3385,387.13614,0.8440304,,,
40,LHeel,574.98755,375.26764,0.78157187,,,
40,RHeel,534.99994,375.26764,0.8292512,,,
41,Nose,469.879,126.33538,0.8544715,,,
41,LEye,469.879,114.442566,0.8315367,,,
41,REye,466.3696,120.38898,0.83560294,,,
41,LEar,483.91663,114.442566,0.7067114,,,
41,REar,490.93546,108.49616,0.56743574,,,
41,LShoulder,515.5013,132.28178,0.67439395,0.21046405,-0.24720603,-0.007012707
41,RShoulder,469.879,156.0674,0.56040126,0.099466175,-0.20078994,-0.023359193
41,LElbow,540.06714,150.121,0.778424,0.2830122,-0.2151594,-0.055626564
41,RElbow,459.3508,197.69223,0.663723,0.06994808,-0.10095003,0.04251817
41,LWrist,536.55774,179.85301,0.76606286,0.27029046,-0.16003546,-0.116254814
41,RWrist,483.91663,227.42426,0.6719336,0.13021663,-0.030026227,0.00045119226
41,LHip,533.04834,221.47784,0.6973524,0.26072568,-0.042978927,0.009593576
41,RHip,504.97305,239.31706,0.70385915,0.17091906,-0.009780424,-0.013165383
41,LKnee,547.08594,292.83472,0.8507599,0.2869688,0.12317692,-0.072157
41,RKnee,519.0107,304.7275,0.8853563,0.21996927,0.15081869,-0.117615566
41,LAnkle,575.1612,364.19156,0.85955113,0.3579627,0.2870021,-0.00026110397
41,RAnkle,536.55774,370.13797,0.8965182,0.26779303,0.30845523,-0.0062328773
41,Head,473.38843,90.65695,0.72745955,0.111112334,-0.3483799,-0.03851585
41,Neck,487.42603,132.28178,0.8595839,0.14711623,-0.25279596,-0.023694161
41,Hip,519.0107,227.42426,0.8395522,0.21577483,-0.026499813,-0.0008753978
41,LBigToe,561.12354,387.97717,0.89420503,,,
41,RBigToe,522.5201,387.97717,0.9211345,,,
41,LSmallToe,568.14233,387.97717,0.8330172,,,
41,RSmallToe,522.5201,387.97717,0.9465622,,,
41,LHeel,582.18,376.08435,0.81812954,,,
41,RHeel,543.57654,376.08435,0.8550248,,,
42,Nose,468.9303,121.20454,0.84181803,,,
42,LEye,472.57123,115.29078,0.83560175,,,
42,REye,465.2894,121.20454,0.859763,,,
42,LEar,483.49396,109.37702,0.85008156,,,
42,REar,468.9303,121.20454,0.52044964,,,
42,LShoulder,516.26215,133.03206,0.86462414,0.21250296,-0.24799526,-0.007631857
42,RShoulder,468.9303,156.68707,0.8472626,0.10087456,-0.19935094,-0.017316854
42,LElbow,541.74854,150.77332,0.8977123,0.28647184,-0.21505632,-0.049845394
42,RElbow,458.00757,198.08337,0.82335067,0.074246444,-0.10011648,0.048568174
42,LWrist,534.46674,180.3421,0.8074819,0.2718937,-0.15213944,-0.10205684
42,RWrist,483.49396,227.65216,0.82013047,0.13699391,-0.032488115,0.003561071
42,LHip,534.46674,227.65216,0.84268045,0.26424104,-0.041637797,0.0058151158
42,RHip,505.33942,245.39342,0.8339385,0.17340909,-0.0086344555,-0.009685093
42,LKnee,545.38947,298.61722,0.8817876,0.28577375,0.13056903,-0.07332287
42,RKnee,523.544,310.44473,0.87400204,0.22764015,0.15379252,-0.11110536
42,LAnkle,578.15765,357.7548,0.93311703,0.3659169,0.28676537,0.0024317575
42,RAnkle,541.74854,369.5823,0.8986799,0.275406,0.3079814,0.004002534
42,Head,468.9303,91.63576,0.8013397,0.10870029,-0.34670618,-0.0356484
42,Neck,487.13486,127.11829,0.89567775,0.14788185,-0.25240323,-0.021127356
42,Hip,519.9031,227.65216,0.9062837,0.2185777,-0.025490526,-0.0008857709
42,LBigToe,563.594,387.32358,0.9134864,,,
42,RBigToe,527.1849,387.32358,0.9052328,,,
42,LSmallToe,570.87585,387.32358,0.8207396,,,
42,RSmallToe,527.1849,387.32358,0.8987638,,,
42,LHeel,585.4395,369.5823,0.82001764,,,
42,RHeel,549.0304,381.40982,0.8490748,,,
43,Nose,470.15256,133.272,0.8699008,,,
43,LEye,470.15256,121.471085,0.7857714,,,
43,REye,466.44318,127.371544,0.8629135,,,
43,LEar,484.99008,115.570625,0.70206857,,,
43,REar,488.69946,109.670166,0.6817983,,,
43,LShoulder,518.3745,133.272,0.5205424,0.21440282,-0.24810977,-0.007923398
43,RShoulder,514.6651,133.272,0.6188067,0.10337919,-0.19824131,-0.011882432
43,LElbow,548.0495,150.97337,0.7477006,0.2899955,-0.21470219,-0.044524733
43,RElbow,462.73383,198.17705,0.36641762,0.07839117,-0.0996072,0.05285526
43,LWrist,536.9214,180.47566,0.75181824,0.27355736,-0.14597759,-0.0920015
43,RWrist,484.99008,227.67934,0.36251932,0.14295727,-0.03511358,0.004903201
43,LHip,533.212,227.67934,0.67008215,0.2670741,-0.04025285,0.002667731
43,RHip,507.24634,245.3807,0.6604333,0.1756769,-0.007748019,-0.006687572
43,LKnee,548.0495,298.48483,0.86273247,0.28599954,0.13537112,-0.075187065
43,RKnee,525.7932,310.28574,0.8464378,0.23301902,0.15480341,-0.10725161
43,LAnkle,581.4339,357.4894,0.95185363,0.37136036,0.28613988,0.004239879
43,RAnkle,540.63074,369.29034,0.90053976,0.2794995,0.30735555,0.010804252
43,Head,466.44318,91.968796,0.788625,0.10698649,-0.3450578,-0.03332663
43,Neck,488.69946,133.272,0.8340558,0.14923507,-0.25209936,-0.018270018
43,Hip,518.3745,227.67934,0.80665183,0.22098763,-0.02454883,-0.00088469964
43,LBigToe,566.5964,381.09125,0.88322735,,,
43,RBigToe,525.7932,386.9917,0.8968725,,,
43,LSmallToe,570.3058,381.09125,0.8202785,,,
43,RSmallToe,525.7932,386.9917,0.91050756,,,
43,LHeel,592.5621,369.29034,0.82127863,,,
43,RHeel,548.0495,375.1908,0.8646509,,,
44,Nose,474.7826,129.55452,0.9050116,,,
44,LEye,474.7826,117.80922,0.8676656,,,
44,REye,471.07205,123.68187,0.900233,,,
44,LEar,485.91425,111.93658,0.83441836,,,
44,REar,489.6248,111.93658,0.6088269,,,
44,LShoulder,519.30914,135.42715,0.84933805,0.21525596,-0.24786313,-0.008933205
44,RShoulder,474.7826,158.91776,0.63827366,0.10323264,-0.1969433,-0.008816116
44,LElbow,548.9935,153.0451,0.872474,0.2922605,-0.21417533,-0.039971296
44,RElbow,467.3615,194.15363,0.64069664,0.08173449,-0.09850781,0.05562392
44,LWrist,537.8619,182.40834,0.81411487,0.27620256,-0.14124167,-0.08294544
44,RWrist,489.6248,223.51686,0.78958523,0.14908025,-0.036160685,0.006678988
44,LHip,534.15137,229.38951,0.8067617,0.2695743,-0.039411895,-0.0002528662
44,RHip,508.17752,241.1348,0.8326176,0.17813882,-0.0071243197,-0.003808434
44,LKnee,548.9935,299.86127,0.9114911,0.28681213,0.13815756,-0.07806574
44,RKnee,526.7303,305.73392,0.9065542,0.23617917,0.15452532,-0.10604095
44,LAnkle,582.3885,358.58774,0.9219313,0.37388772,0.2860724,0.004951421
44,RAnkle,541.57245,370.33304,0.9089347,0.28122342,0.30685517,0.014080426
44,Head,471.07205,94.318634,0.7838195,0.10605007,-0.34337804,-0.032805756
44,Neck,493.33533,129.55452,0.8374464,0.14961879,-0.25105622,-0.01771483
44,Hip,523.0197,229.38951,0.90922487,0.2233601,-0.023766318,-0.00073482236
44,LBigToe,563.83575,382.0783,0.9139634,,,
44,RBigToe,526.7303,387.95096,0.87579054,,,
44,LSmallToe,571.25684,382.0783,0.8104838,,,
44,RSmallToe,526.7303,382.0783,0.8807851,,,
44,LHeel,593.5201,370.33304,0.8698694,,,
44,RHeel,548.9935,376.20566,0.8746256,,,
45,Nose,471.02817,129.69035,0.87796104,,,
45,LEye,474.741,117.93803,0.81566256,,,
45,REye,467.31534,123.814186,0.88175696,,,
45,LEar,489.59235,112.06186,0.7821712,,,
45,REar,489.59235,112.06186,0.5485921,,,
45,LShoulder,519.295,135.56651,0.809246,0.21600646,-0.24733996,-0.008762984
45,RShoulder,474.741,159.07118,0.6353025,0.104873255,-0.19612469,-0.004686104
45,LElbow,548.9977,153.195,0.844388,0.29551896,-0.21378179,-0.028547889
45,RElbow,467.31534,200.20433,0.6778427,0.08551088,-0.09766801,0.059893657
45,LWrist,541.572,176.69968,0.7571701,0.2801795,-0.1375348,-0.07516034
45,RWrist,489.59235,223.70898,0.68565094,0.15380326,-0.03751031,0.009272357
45,LHip,537.8592,223.70898,0.78136593,0.27207056,-0.039312113,-0.0031197492
45,RHip,508.1565,241.3375,0.78498036,0.18023719,-0.006631894,-0.001154416
45,LKnee,548.9977,300.09912,0.8883186,0.28802672,0.13866444,-0.0813219
45,RKnee,530.43353,305.9753,0.8715832,0.23822264,0.15425645,-0.10429299
45,LAnkle,582.4132,358.86078,0.92476094,0.3748656,0.2859596,0.0052789515
45,RAnkle,541.572,370.61313,0.9121953,0.28180975,0.30633032,0.017363047
45,Head,467.31534,94.433365,0.78440195,0.105108954,-0.3420376,-0.031969763
45,Neck,493.30518,135.56651,0.80110705,0.15015116,-0.25039878,-0.01560474
45,Hip,523.0078,229.58516,0.88234234,0.22568633,-0.023359256,-0.000738021
45,LBigToe,563.849,382.36545,0.89830446,,,
45,RBigToe,526.7207,388.2416,0.87381434,,,
45,LSmallToe,571.27466,382.36545,0.8316447,,,
45,RSmallToe,526.7207,388.2416,0.8831522,,,
45,LHeel,593.5517,370.61313,0.8169752,,,
45,RHeel,548.9977,376.4893,0.87698597,,,
46,Nose,468.81775,129.13084,0.8896115,,,
46,LEye,472.48465,123.239426,0.7950583,,,
46,REye,468.81775,129.13084,0.77237946,,,
46,LEar,487.1522,111.456566,0.64542013,,,
46,REar,490.8191,111.456566,0.7510946,,,
46,LShoulder,472.48465,158.58798,0.52186143,0.21647267,-0.24632247,-0.009293651
46,RShoulder,516.4873,135.02228,0.648767,0.106957905,-0.19507764,-0.0025936386
46,LElbow,461.48398,199.82797,0.8269696,0.2998488,-0.21606915,-0.02585161
46,RElbow,549.4893,152.69656,0.44771215,0.08811559,-0.09742153,0.06238609
46,LWrist,487.1522,223.39369,0.71916467,0.28390226,-0.1373785,-0.075666614
46,RWrist,545.82245,182.1537,0.31001443,0.15668337,-0.03908754,0.011449383
46,LHip,538.48865,223.39369,0.6703337,0.27443522,-0.039143473,-0.005327807
46,RHip,512.82043,241.06798,0.6503825,0.18174213,-0.006495379,0.000754701
46,LKnee,549.4893,299.98224,0.8767346,0.2892685,0.13789321,-0.08541848
46,RKnee,527.488,305.87366,0.88187873,0.23757398,0.15374981,-0.10369211
46,LAnkle,582.49133,358.8965,0.90708905,0.37431127,0.2856947,0.004605327
46,RAnkle,542.1555,370.67938,0.89232653,0.28023902,0.30595908,0.017684354
46,Head,468.81775,93.78229,0.7186443,0.10501625,-0.34104195,-0.03206441
46,Neck,490.8191,129.13084,0.80196816,0.15098304,-0.24985224,-0.013985431
46,Hip,523.8211,229.28511,0.8176522,0.22762115,-0.023216913,-0.00067398604
46,LBigToe,564.15686,382.46222,0.8865177,,,
46,RBigToe,527.488,388.35367,0.86116743,,,
46,LSmallToe,571.49066,382.46222,0.8344527,,,
46,RSmallToe,523.8211,388.35367,0.9100443,,,
46,LHeel,589.8251,364.78793,0.7762052,,,
46,RHeel,549.4893,376.5708,0.83825606,,,
47,Nose,468.90845,128.41231,0.8965689,,,
47,LEye,472.55548,122.50781,0.8459093,,,
47,REye,468.90845,122.50781,0.8212754,,,
47,LEar,487.14362,116.60331,0.79836816,,,
47,REar,490.79065,110.69881,0.72458196,,,
47,LShoulder,519.9669,134.31682,0.48597622,0.21683113,-0.24716355,-0.01085091
47,RShoulder,519.9669,134.31682,0.5853545,0.10765329,-0.1949312,-0.00037545245
47,LElbow,465.2614,205.17085,0.8093472,0.30352122,-0.21730429,-0.021796472
47,RElbow,549.1432,152.03033,0.3139508,0.089576825,-0.09765077,0.06419752
47,LWrist,545.49615,181.55284,0.6995345,0.28519097,-0.13826557,-0.077709466
47,RWrist,494.43768,228.78886,0.42282525,0.15907204,-0.040653206,0.0146481525
47,LHip,538.2021,222.88437,0.6882116,0.27605772,-0.03948242,-0.0072519705
47,RHip,512.67285,240.59787,0.70681787,0.18319353,-0.006885756,0.002689554
47,LKnee,549.1432,299.6429,0.8455504,0.28933194,0.1361701,-0.09040098
47,RKnee,527.261,305.54742,0.8630185,0.23564452,0.15263842,-0.10390756
47,LAnkle,581.9665,358.68796,0.9179543,0.37253165,0.2850121,0.0030065358
47,RAnkle,538.2021,370.49695,0.8662249,0.27745402,0.30543306,0.016976224
47,Head,468.90845,92.98529,0.6750695,0.10461751,-0.3404736,-0.033022508
47,Neck,490.79065,128.41231,0.81500477,0.15146938,-0.24941874,-0.013130367
47,Hip,523.61395,228.78886,0.84904075,0.2290872,-0.023539264,-0.0006196897
47,LBigToe,563.7313,382.30597,0.8952024,,,
47,RBigToe,523.61395,388.21045,0.855584,,,
47,LSmallToe,571.0254,382.30597,0.82088804,,,
47,RSmallToe,523.61395,382.30597,0.87856174,,,
47,LHeel,589.26056,370.49695,0.78935075,,,
47,RHeel,549.1432,376.40146,0.818227,,,
48,Nose,470.9334,127.19939,0.9322681,,,
48,LEye,470.9334,115.32695,0.8520499,,,
48,REye,467.2632,121.26317,0.8785148,,,
48,LEar,485.61423,109.39073,0.83140326,,,
48,REar,485.61423,109.39073,0.4633603,,,
48,LShoulder,518.64606,133.1356,0.8710585,0.21789593,-0.24858938,-0.013189683
48,RShoulder,474.6036,156.88046,0.72950596,0.10572697,-0.19497661,0.002245235
48,LElbow,551.67786,150.94424,0.87181836,0.30484217,-0.22013547,-0.023491325
48,RElbow,467.2632,198.43398,0.73099697,0.086804,-0.09705751,0.06476859
48,LWrist,544.33746,180.62534,0.84576833,0.2877977,-0.14253356,-0.08186715
48,RWrist,489.28442,228.11507,0.69787693,0.15984352,-0.03974894,0.016134264
48,LHip,540.66724,228.11507,0.8639119,0.27739483,-0.04056858,-0.00904686
48,RHip,511.30563,239.98749,0.8631461,0.1847164,-0.007704111,0.004981729
48,LKnee,551.67786,299.34964,0.87724745,0.28880072,0.13322978,-0.09644223
48,RKnee,525.98645,305.28586,0.8693314,0.23284797,0.15103982,-0.104070775
48,LAnkle,581.0395,358.71182,0.9274476,0.36969882,0.28384647,-5.5550365e-05
48,RAnkle,540.66724,370.58426,0.88027805,0.27509353,0.30504152,0.0144045595
48,Head,467.2632,91.582085,0.75626224,0.10423879,-0.3401297,-0.035206985
48,Neck,492.95462,133.1356,0.8435711,0.15139546,-0.24883343,-0.013650693
48,Hip,525.98645,228.11507,0.87070036,0.23028147,-0.024412239,-0.0005938432
48,LBigToe,562.6885,382.4567,0.90685904,,,
48,RBigToe,525.98645,388.39288,0.87384963,,,
48,LSmallToe,570.0289,382.4567,0.8259713,,,
48,RSmallToe,522.3162,388.39288,0.8582996,,,
48,LHeel,592.05005,370.58426,0.8345913,,,
48,RHeel,548.0076,376.52048,0.8703562,,,
49,Nose,470.18896,132.9254,0.9257494,,,
49,LEye,470.18896,121.03959,0.8673166,,,
49,REye,466.52188,126.98249,0.9116306,,,
49,LEar,484.85724,109.15379,0.785657,,,
49,REar,488.52432,109.15379,0.5455208,,,
49,LShoulder,521.52795,132.9254,0.86188334,0.218387,-0.24891186,-0.015082872
49,RShoulder,473.85605,156.69699,0.6883217,0.10578458,-0.19458924,0.0052387267
49,LElbow,554.5316,144.81119,0.8993237,0.31040102,-0.22625868,-0.025945019
49,RElbow,470.18896,204.2402,0.7689936,0.08544923,-0.097079724,0.068072855
49,LWrist,547.1975,180.4686,0.88717747,0.29100755,-0.1468673,-0.084376685
49,RWrist,492.1914,228.0118,0.79680896,0.15984175,-0.040324993,0.01951335
49,LHip,539.86334,228.0118,0.8341005,0.27839488,-0.041369103,-0.01127155
49,RHip,510.52676,239.8976,0.8615711,0.18569356,-0.008310856,0.007041416
49,LKnee,550.86456,293.3837,0.8684674,0.28665364,0.12999089,-0.10206208
49,RKnee,525.19507,305.2695,0.8964658,0.22934315,0.14918943,-0.10377095
49,LAnkle,580.2012,358.7556,0.92521316,0.36607066,0.2829055,-0.003135902
49,RAnkle,536.1963,364.69852,0.8720929,0.27227905,0.30490217,0.011968328
49,Head,462.85483,91.32509,0.78339136,0.10452548,-0.33938745,-0.03618722
49,Neck,492.1914,132.9254,0.8389694,0.15180504,-0.2481518,-0.012403079
49,Hip,525.19507,228.0118,0.9111105,0.23128456,-0.025082968,-0.00054632034
49,LBigToe,565.53284,382.5272,0.84396255,,,
49,RBigToe,528.8621,388.4701,0.8454407,,,
49,LSmallToe,569.19995,382.5272,0.76022696,,,
49,RSmallToe,525.19507,382.5272,0.87435627,,,
49,LHeel,587.5353,370.64142,0.80064654,,,
49,RHeel,547.1975,376.5843,0.8264827,,,
50,Nose,467.0316,133.14572,0.9119787,,,
50,LEye,470.742,121.27576,0.8488993,,,
50,REye,467.0316,127.21074,0.8467203,,,
50,LEar,481.8732,115.340775,0.79404,,,
50,REar,485.5836,115.340775,0.5490404,,,
50,LShoulder,518.9772,133.14572,0.87154734,0.21873158,-0.24881296,-0.015984902
50,RShoulder,470.742,156.88565,0.78044254,0.10613927,-0.19415523,0.007836459
50,LElbow,556.0812,145.01569,0.9059879,0.3154886,-0.22993626,-0.024369182
50,RElbow,467.0316,198.43053,0.8219488,0.08386104,-0.097246036,0.07002207
50,LWrist,544.95,180.62558,0.88697743,0.29393524,-0.15029418,-0.087425955
50,RWrist,493.0044,222.17046,0.80481136,0.15945601,-0.041252274,0.021690136
50,LHip,541.23956,222.17046,0.83215755,0.2790779,-0.04260292,-0.013426671
50,RHip,511.5564,239.9754,0.85227436,0.18642789,-0.00915374,0.00916439
50,LKnee,548.6604,293.39023,0.86978775,0.2827377,0.12703694,-0.10657415
50,RKnee,522.68756,305.2602,0.8959427,0.22633658,0.1470282,-0.102505915
50,LAnkle,578.34357,358.67502,0.94007415,0.36160052,0.28130078,-0.0059332307
50,RAnkle,537.5292,370.54498,0.8968081,0.2703979,0.30542374,0.009494049
50,Head,467.0316,91.60085,0.74211895,0.10537074,-0.3383202,-0.037225913
50,Neck,489.294,133.14572,0.8831883,0.15227816,-0.24749766,-0.011293004
50,Hip,522.68756,228.10544,0.91786176,0.23196103,-0.026041545,-0.00053073
50,LBigToe,563.50195,382.41495,0.892917,,,
50,RBigToe,526.398,388.34995,0.8840876,,,
50,LSmallToe,567.2124,382.41495,0.84736836,,,
50,RSmallToe,522.68756,382.41495,0.88419366,,,
50,LHeel,585.7644,364.61002,0.7758323,,,
50,RHeel,544.95,376.47998,0.86309636,,,
51,Nose,472.69077,133.02364,0.9211619,,,
51,LEye,472.69077,121.15603,0.92004794,,,
51,REye,468.98837,127.08983,0.92043144,,,
51,LEar,487.50037,115.22223,0.90885156,,,
51,REar,483.79797,115.22223,0.50844014,,,
51,LShoulder,520.82196,133.02364,0.9034749,0.21945761,-0.24805994,-0.01687397
51,RShoulder,472.69077,162.69263,0.7530642,0.106818914,-0.19323656,0.009980128
51,LElbow,561.5484,144.89124,0.88464534,0.3204646,-0.23271035,-0.023660656
51,RElbow,472.69077,198.29543,0.58297634,0.08256536,-0.09719187,0.07144589
51,LWrist,546.7388,180.49403,0.8835004,0.29674596,-0.15343648,-0.091084614
51,RWrist,491.2028,216.09683,0.61793524,0.15890847,-0.04194857,0.024110595
51,LHip,543.0364,222.03062,0.82308793,0.2797065,-0.04350014,-0.015384052
51,RHip,513.4172,239.83203,0.8391655,0.18717334,-0.010070965,0.011205366
51,LKnee,543.0364,293.2362,0.8838623,0.2770226,0.124321476,-0.110850416
51,RKnee,524.5244,299.17,0.88116795,0.22438283,0.14482093,-0.10073699
51,LAnkle,576.358,358.50803,0.91474444,0.35619867,0.27836373,-0.008302985
51,RAnkle,535.6316,364.4418,0.92214704,0.26909536,0.3057678,0.0076807477
51,Head,468.98837,97.42083,0.7443756,0.10664123,-0.33656618,-0.038202144
51,Neck,491.2028,133.02364,0.90228814,0.15315557,-0.24646641,-0.0103969565
51,Hip,524.5244,227.96443,0.89924437,0.23267528,-0.026942864,-0.00052334764
51,LBigToe,565.2508,382.24323,0.8291114,,,
51,RBigToe,528.2268,388.177,0.80197865,,,
51,LSmallToe,572.6556,382.24323,0.7449711,,,
51,RSmallToe,524.5244,382.24323,0.8814256,,,
51,LHeel,587.4652,364.4418,0.787967,,,
51,RHeel,543.0364,376.30942,0.80947965,,,
52,Nose,471.7299,134.835,0.89146394,,,
52,LEye,475.3273,123.109055,0.9053666,,,
52,REye,468.13245,128.97203,0.91467535,,,
52,LEar,486.11957,117.24608,0.9220867,,,
52,REar,486.11957,117.24608,0.47960964,,,
52,LShoulder,522.0938,134.835,0.9234385,0.22029385,-0.24672148,-0.017412318
52,RShoulder,478.92474,158.28693,0.7617294,0.10777791,-0.19200736,0.012476128
52,LElbow,561.66547,146.56097,0.90472895,0.32404763,-0.23422982,-0.023761872
52,RElbow,468.13245,175.87585,0.5209511,0.081990086,-0.096850276,0.07385419
52,LWrist,550.87317,175.87585,0.9126438,0.29936144,-0.15609339,-0.094772466
52,RWrist,489.717,216.91672,0.5209287,0.15837061,-0.043021522,0.027920347
52,LHip,540.08093,228.64267,0.84093595,0.27999222,-0.044085667,-0.017197413
52,RHip,511.30154,240.36862,0.86055017,0.18768269,-0.010845348,0.013053492
52,LKnee,540.08093,293.13544,0.8953373,0.27110165,0.12134224,-0.11568688
52,RKnee,522.0938,298.9984,0.8889026,0.22305161,0.1434068,-0.09790678
52,LAnkle,572.4577,357.6282,0.9013662,0.3505308,0.27337784,-0.0103117395
52,RAnkle,536.4835,363.49118,0.9527709,0.26871443,0.30633816,0.0061247423
52,Head,471.7299,99.65714,0.72324336,0.10817766,-0.3343209,-0.039095007
52,Neck,493.31442,134.835,0.95799714,0.1540309,-0.24499407,-0.009041228
52,Hip,525.6912,228.64267,0.93127114,0.23300962,-0.027645662,-0.000503052
52,LBigToe,561.66547,386.94308,0.89741015,,,
52,RBigToe,529.28864,386.94308,0.8950675,,,
52,LSmallToe,568.8603,386.94308,0.80152684,,,
52,RSmallToe,525.6912,381.0801,0.8239877,,,
52,LHeel,583.25,369.35416,0.7714611,,,
52,RHeel,543.67834,369.35416,0.8218756,,,
53,Nose,469.3435,129.41194,0.86198765,,,
53,LEye,472.89026,123.56672,0.87215704,,,
53,REye,469.3435,123.56672,0.8518263,,,
53,LEar,487.07733,117.7215,0.8472377,,,
53,REar,483.53058,117.7215,0.42940757,,,
53,LShoulder,522.545,135.25716,0.89577293,0.22078805,-0.24556156,-0.018003462
53,RShoulder,472.89026,164.48328,0.7770867,0.10847019,-0.19095476,0.015387207
53,LElbow,561.5594,141.10239,0.91737497,0.32646284,-0.2352177,-0.023141652
53,RElbow,476.43704,199.55461,0.8320229,0.08185792,-0.09669699,0.07830102
53,LWrist,550.91907,170.32849,0.88687986,0.3014759,-0.15717278,-0.09637727
53,RWrist,490.62408,222.9355,0.81160647,0.15823129,-0.043639053,0.034471095
53,LHip,540.2788,222.9355,0.84623086,0.27985394,-0.045486417,-0.019468749
53,RHip,511.90466,240.47116,0.876733,0.1880312,-0.011646191,0.015431877
53,LKnee,536.73206,293.07816,0.87084085,0.26476902,0.117908165,-0.12029218
53,RKnee,522.545,298.92337,0.9323242,0.22216845,0.14244227,-0.093904465
53,LAnkle,572.19965,357.3756,0.8962329,0.344983,0.26619425,-0.011797976
53,RAnkle,536.73206,363.22083,0.90282136,0.26858103,0.3069411,0.005340663
53,Head,472.89026,100.18583,0.75851285,0.1095121,-0.33231056,-0.039794955
53,Neck,490.62408,135.25716,0.9194045,0.15459561,-0.243675,-0.0075463234
53,Hip,526.09174,228.78072,0.94768685,0.2331157,-0.02884924,-0.00054117176
53,LBigToe,558.01263,380.7565,0.9421255,,,
53,RBigToe,529.6385,386.6017,0.80617845,,,
53,LSmallToe,565.10614,386.6017,0.83157253,,,
53,RSmallToe,526.09174,386.6017,0.86844945,,,
53,LHeel,579.2932,369.06604,0.8006658,,,
53,RHeel,543.82556,374.91125,0.8057106,,,
54,Nose,472.43518,130.85535,0.8812382,,,
54,LEye,475.92078,125.03995,0.9142107,,,
54,REye,468.9496,125.03995,0.86364,,,
54,LEar,486.37753,119.22455,0.89641356,,,
54,REar,468.9496,130.85535,0.5255942,,,
54,LShoulder,521.23346,136.67075,0.9051285,0.22109911,-0.24477144,-0.0180762
54,RShoulder,475.92078,159.93236,0.78111225,0.1092676,-0.19059218,0.018273508
54,LElbow,563.06055,142.48615,0.9009295,0.32775956,-0.23455809,-0.021480987
54,RElbow,468.9496,200.64015,0.7590728,0.08207022,-0.09667158,0.08215927
54,LWrist,549.11816,177.37856,0.8980394,0.30218428,-0.15492678,-0.095638655
54,RWrist,489.86313,229.71715,0.85519713,0.15864626,-0.044766452,0.04019228
54,LHip,538.6614,223.90175,0.834999,0.2796815,-0.04805351,-0.021065194
54,RHip,510.77667,235.53255,0.8458457,0.18817624,-0.013084504,0.017177625
54,LKnee,535.1758,287.87115,0.90034693,0.2585607,0.11358555,-0.12536828
54,RKnee,521.23346,299.50195,0.8961656,0.22162758,0.14180793,-0.08923786
54,LAnkle,570.0317,351.84055,0.85239637,0.33915648,0.25695044,-0.013385372
54,RAnkle,538.6614,369.28677,0.9108,0.268741,0.30752912,0.0049445163
54,Head,472.43518,101.77835,0.8190036,0.11032674,-0.33086982,-0.040443905
54,Neck,489.86313,136.67075,0.8908998,0.15496594,-0.24288714,-0.0059791766
54,Hip,524.71906,223.90175,0.94128805,0.23266032,-0.031002674,-0.00083072926
54,LBigToe,556.08936,380.91757,0.89141273,,,
54,RBigToe,528.2046,386.73297,0.81920445,,,
54,LSmallToe,563.06055,380.91757,0.8531787,,,
54,RSmallToe,524.71906,380.91757,0.84950763,,,
54,LHeel,577.00287,363.47134,0.7389532,,,
54,RHeel,545.63257,375.10217,0.8097898,,,
55,Nose,474.89075,137.7903,0.88275194,,,
55,LEye,474.89075,126.18814,0.92942125,,,
55,REye,471.50198,126.18814,0.87308997,,,
55,LEar,488.44574,120.38706,0.9725619,,,
55,REar,488.44574,120.38706,0.4903984,,,
55,LShoulder,522.3332,137.7903,0.8689324,0.22152391,-0.24336112,-0.018149855
55,RShoulder,474.89075,166.7957,0.7047914,0.110492684,-0.18956642,0.020742109
55,LElbow,562.99817,143.59137,0.8767207,0.32819358,-0.23276399,-0.01943201
55,RElbow,471.50198,201.60217,0.59532046,0.083430834,-0.09615606,0.08518034
55,LWrist,549.4432,178.39786,0.83173823,0.30261546,-0.15148091,-0.09437812
55,RWrist,495.22324,224.80649,0.65802807,0.16021028,-0.046543643,0.043697152
55,LHip,539.2769,224.80649,0.7952635,0.27933842,-0.04842239,-0.022589587
55,RHip,512.16693,242.20973,0.8216951,0.18794723,-0.013194534,0.018636579
55,LKnee,535.8882,288.61838,0.91887885,0.25232288,0.110277966,-0.13025442
55,RKnee,522.3332,300.22052,0.8672565,0.22126289,0.14176057,-0.08561597
55,LAnkle,566.3869,346.62915,0.84027183,0.3330517,0.24719898,-0.015249468
55,RAnkle,539.2769,369.83347,0.89179903,0.26903385,0.3078626,0.0051420694
55,Head,474.89075,102.98382,0.8128306,0.11098632,-0.32948595,-0.040647082
55,Neck,491.83447,137.7903,0.91454935,0.15550202,-0.24171086,-0.0047434364
55,Hip,525.7219,224.80649,0.90440345,0.23251906,-0.0313909,-0.00085490895
55,LBigToe,556.2207,375.63455,0.85115397,,,
55,RBigToe,529.1107,387.23672,0.8662541,,,
55,LSmallToe,562.99817,375.63455,0.8430195,,,
55,RSmallToe,525.7219,381.43564,0.9083768,,,
55,LHeel,573.1644,358.23132,0.6999601,,,
55,RHeel,546.05444,375.63455,0.87315845,,,
56,Nose,473.83905,132.90677,0.86424,,,
56,LEye,477.1108,127.1367,0.8804061,,,
56,REye,470.5673,127.1367,0.8552395,,,
56,LEar,490.19785,121.36664,0.8938572,,,
56,REar,467.29553,138.67685,0.38001794,,,
56,LShoulder,522.9154,138.67685,0.8597108,0.22151914,-0.2426794,-0.0186669
56,RShoulder,477.1108,167.52719,0.72087586,0.111626305,-0.18973799,0.023099443
56,LElbow,565.44824,144.44691,0.9002292,0.32793185,-0.23064584,-0.016736843
56,RElbow,473.83905,196.37755,0.56064636,0.08517918,-0.096631974,0.08851991
56,LWrist,552.3612,179.06734,0.8802647,0.30262628,-0.14733034,-0.0929208
56,RWrist,490.19785,225.2279,0.73049635,0.1615821,-0.049895883,0.047715515
56,LHip,539.2742,225.2279,0.78312486,0.27858537,-0.049650643,-0.024095653
56,RHip,509.82837,242.53812,0.7638282,0.18747738,-0.013446,0.019988185
56,LKnee,532.73065,288.69867,0.9164372,0.24585767,0.105646506,-0.135362
56,RKnee,522.9154,300.2388,0.8799695,0.22057015,0.14154316,-0.081802346
56,LAnkle,565.44824,340.6293,0.8699339,0.32649052,0.23758768,-0.017800359
56,RAnkle,539.2742,369.47964,0.8891482,0.26919943,0.3078929,0.0056232684
56,Head,473.83905,104.05643,0.7439223,0.11132295,-0.32933334,-0.04100989
56,Neck,493.4696,138.67685,0.9087125,0.15570642,-0.2414088,-0.004046848
56,Hip,526.18713,225.2279,0.8594476,0.23203494,-0.032244712,-0.00085575995
56,LBigToe,555.63293,369.47964,0.7417345,,,
56,RBigToe,526.18713,386.78986,0.89443153,,,
56,LSmallToe,562.17645,369.47964,0.8007838,,,
56,RSmallToe,526.18713,386.78986,0.88687795,,,
56,LHeel,571.99176,346.39938,0.7145975,,,
56,RHeel,545.8177,381.0198,0.8778833,,,
57,Nose,471.44757,133.07724,0.8686813,,,
57,LEye,471.44757,121.55878,0.8310544,,,
57,REye,468.3288,127.31801,0.8632112,,,
57,LEar,487.0415,115.799545,0.740673,,,
57,REar,465.21002,138.83647,0.38946727,,,
57,LShoulder,518.2294,138.83647,0.8336236,0.22085181,-0.24296927,-0.019794842
57,RShoulder,477.68515,167.63263,0.68144846,0.11230673,-0.19153777,0.025040904
57,LElbow,565.0111,144.5957,0.65269655,0.32686794,-0.2285959,-0.0138242915
57,RElbow,465.21002,173.39186,0.68897784,0.08701365,-0.098979235,0.09115248
57,LWrist,552.536,184.91032,0.6830838,0.30224678,-0.14274217,-0.09110053
57,RWrist,490.1603,219.46571,0.53166574,0.16298603,-0.055061635,0.05085056
57,LHip,540.06085,219.46571,0.75676715,0.27766776,-0.051840376,-0.025292723
57,RHip,508.87302,236.74341,0.71725476,0.18686838,-0.013838415,0.020912062
57,LKnee,530.7045,288.5765,0.88133276,0.23913781,0.098539606,-0.14131783
57,RKnee,521.34814,300.09497,0.81486094,0.21921025,0.14127447,-0.077885054
57,LAnkle,561.89233,340.40958,0.80889136,0.319123,0.22942899,-0.021392234
57,RAnkle,540.06085,369.20575,0.85295683,0.26924422,0.30772737,0.005909304
57,Head,468.3288,98.52185,0.7405646,0.11145758,-0.33070967,-0.041830104
57,Neck,493.27908,138.83647,0.8844089,0.15532799,-0.2423543,-0.0040997164
57,Hip,524.4669,225.22495,0.8265391,0.23137152,-0.033604886,-0.0007871932
57,LBigToe,552.536,369.20575,0.7393947,,,
57,RBigToe,527.5857,386.48343,0.8457616,,,
57,LSmallToe,555.6548,363.4465,0.73197854,,,
57,RSmallToe,524.4669,380.7242,0.8709583,,,
57,LHeel,571.2487,346.16882,0.63603014,,,
57,RHeel,546.2984,374.96497,0.8540405,,,
58,Nose,473.13712,138.08409,0.86532456,,,
58,LEye,473.13712,126.50625,0.84644735,,,
58,REye,467.1374,132.29517,0.86207294,,,
58,LEar,488.1365,114.92841,0.7873576,,,
58,REar,467.1374,138.08409,0.4152279,,,
58,LShoulder,518.13525,143.87302,0.738402,0.22009498,-0.24327856,-0.021354776
58,RShoulder,479.13687,167.02869,0.60725415,0.11305395,-0.19410889,0.026401034
58,LElbow,563.13336,149.66193,0.7421821,0.3257975,-0.22676037,-0.011458911
58,RElbow,464.1375,172.81761,0.5242219,0.089728124,-0.10215901,0.09469978
58,LWrist,554.1337,184.39545,0.7784753,0.3013478,-0.13986668,-0.09090323
58,RWrist,494.13626,224.9179,0.08311525,0.16429171,-0.0580142,0.05261436
58,LHip,539.1344,219.12897,0.7138012,0.27699924,-0.05400727,-0.026066383
58,RHip,509.13562,236.49573,0.65286916,0.18606244,-0.014445416,0.021371717
58,LKnee,527.1349,282.8071,0.87568355,0.23185615,0.0887104,-0.14883958
58,RKnee,518.13525,300.17386,0.8176416,0.21741684,0.14120094,-0.07489898
58,LAnkle,557.1336,334.90738,0.8564536,0.310882,0.22253112,-0.027001666
58,RAnkle,536.1345,369.6409,0.84264684,0.269034,0.30750206,0.005733059
58,Head,467.1374,103.35057,0.64217085,0.11181114,-0.33263484,-0.042710975
58,Neck,494.13626,138.08409,0.83888626,0.15475328,-0.24372669,-0.004755769
58,Hip,524.135,224.9179,0.74081606,0.23066019,-0.035075445,-0.00074882223
58,LBigToe,545.1341,363.85196,0.83736455,,,
58,RBigToe,527.1349,387.00766,0.8264415,,,
58,LSmallToe,551.13385,363.85196,0.8255189,,,
58,RSmallToe,524.135,381.21872,0.8368887,,,
58,LHeel,566.13324,346.4852,0.72695714,,,
58,RHeel,545.1341,375.4298,0.8338114,,,
59,Nose,470.40912,131.53355,0.86845726,,,
59,LEye,473.33496,119.943825,0.8387996,,,
59,REye,467.48328,131.53355,0.8183178,,,
59,LEar,487.9642,114.14896,0.7600075,,,
59,REar,493.8159,114.14896,0.34693846,,,
59,LShoulder,520.14856,143.12328,0.6179488,0.21939419,-0.24482743,-0.024859441
59,RShoulder,482.11252,160.50787,0.29741037,0.11475255,-0.19829637,0.02795949
59,LElbow,564.03625,148.91814,0.653432,0.32516932,-0.22679457,-0.011455931
59,RElbow,564.03625,148.91814,0.40940398,0.09713186,-0.10643208,0.10276114
59,LWrist,552.3328,183.68732,0.68641144,0.29985973,-0.13904572,-0.09272566
59,RWrist,552.3328,177.89246,0.13509242,0.16716164,-0.06616061,0.057730243
59,LHip,540.62946,218.4565,0.661437,0.27658612,-0.057004347,-0.02657772
59,RHip,508.44513,235.8411,0.5677677,0.18520054,-0.015701827,0.021205965
59,LKnee,523.0744,276.40515,0.8032436,0.22388498,0.07495566,-0.1567639
59,RKnee,517.22266,299.5846,0.74117255,0.2154145,0.14062597,-0.07273787
59,LAnkle,555.2587,334.35376,0.8724179,0.30167282,0.21822979,-0.035607576
59,RAnkle,537.7036,369.12296,0.8731781,0.2691603,0.30686435,0.005304266
59,Head,467.48328,102.559235,0.6162817,0.11227172,-0.33628362,-0.043955315
59,Neck,493.8159,137.32841,0.7834253,0.15426728,-0.24629422,-0.005910909
59,Hip,526.00024,224.25136,0.6957375,0.22988732,-0.03734824,-0.0007940673
59,LBigToe,543.5553,357.53323,0.92875737,,,
59,RBigToe,526.00024,386.50754,0.8795866,,,
59,LSmallToe,549.407,357.53323,0.8373444,,,
59,RSmallToe,526.00024,380.71268,0.87090176,,,
59,LHeel,561.1104,345.9435,0.702247,,,
59,RHeel,543.5553,374.91782,0.83926076,,,
60,Nose,472.76276,136.20268,0.9136795,,,
60,LEye,475.70575,124.53055,0.84103817,,,
60,REye,472.76276,130.36661,0.83477056,,,
60,LEar,490.42075,118.69448,0.8345719,,,
60,REar,493.36374,118.69448,0.52951986,,,
60,LShoulder,478.64874,165.38301,0.3790214,0.2185914,-0.24720082,-0.027091794
60,RShoulder,516.9077,142.03874,0.42864886,0.11531563,-0.20333461,0.028446784
60,LElbow,460.99075,165.38301,0.58044577,0.32349837,-0.22808851,-0.007917536
60,RElbow,563.99567,147.87482,0.55378485,0.100790754,-0.112682536,0.10397117
60,LWrist,549.2807,182.8912,0.6508041,0.29886425,-0.13985305,-0.09387421
60,RWrist,549.2807,177.05515,0.21800311,0.1687526,-0.074005246,0.062429436
60,LHip,540.45166,223.74367,0.6518241,0.27666938,-0.061577223,-0.026430203
60,RHip,511.02173,229.57973,0.5435182,0.18395013,-0.018171407,0.020646641
60,LKnee,519.8507,270.4322,0.73515004,0.21714187,0.060970556,-0.16258585
60,RKnee,516.9077,293.77646,0.6391903,0.21291071,0.13980627,-0.0706558
60,LAnkle,552.2237,334.6289,0.8923659,0.2916165,0.217079,-0.044887427
60,RAnkle,540.45166,369.6453,0.88476163,0.26940012,0.30586204,0.005150424
60,Head,475.70575,101.18629,0.70501137,0.11313932,-0.34113327,-0.044961803
60,Neck,493.36374,136.20268,0.76035774,0.15322556,-0.2500012,-0.0070139673
60,Hip,525.7367,217.9076,0.6565233,0.22863215,-0.04072509,-0.0011046231
60,LBigToe,540.45166,363.80923,0.80400777,,,
60,RBigToe,525.7367,387.1535,0.89645773,,,
60,LSmallToe,543.39465,357.97318,0.7815279,,,
60,RSmallToe,525.7367,381.31744,0.8667839,,,
60,LHeel,558.1097,340.46497,0.7748715,,,
60,RHeel,546.33765,375.48138,0.950007,,,
61,Nose,471.57285,134.22221,0.88654596,,,
61,LEye,474.5796,122.47051,0.81640005,,,
61,REye,468.56607,128.34636,0.83126974,,,
61,LEar,486.60666,116.594666,0.7872319,,,
61,REar,489.61343,116.594666,0.44464675,,,
61,LShoulder,519.6811,140.09807,0.62299407,0.2174876,-0.2492873,-0.030770456
61,RShoulder,477.58636,163.60146,0.29007116,0.11524473,-0.20790051,0.028572267
61,LElbow,564.78253,151.84976,0.72385603,0.32453853,-0.23039772,-0.0100215245
61,RElbow,567.7893,145.9739,0.080268346,0.100180015,-0.12031393,0.10456819
61,LWrist,549.7487,181.229,0.7518545,0.2977866,-0.14152318,-0.09490862
61,RWrist,495.62695,234.11165,0.044525098,0.16733663,-0.07826769,0.065085344
61,LHip,540.72845,222.35995,0.6927546,0.2753889,-0.062243942,-0.026625333
61,RHip,510.66077,234.11165,0.59249026,0.1823734,-0.01883681,0.020714242
61,LKnee,513.66754,263.4909,0.7171949,0.21149537,0.04881647,-0.1673547
61,RKnee,513.66754,286.9943,0.53328454,0.20978771,0.139399,-0.06993795
61,LAnkle,546.74194,334.0011,0.68157154,0.28042084,0.21899666,-0.054288246
61,RAnkle,537.7217,363.38034,0.5748448,0.26960492,0.30422682,0.0043915617
61,Head,471.57285,98.96712,0.6941784,0.11389085,-0.3462068,-0.046349425
61,Neck,492.62018,134.22221,0.7842724,0.15208036,-0.25312358,-0.009440479
61,Hip,525.6946,222.35995,0.69595927,0.22752446,-0.041402645,-0.0006738629
61,LBigToe,528.70135,375.13205,0.4992697,,,
61,RBigToe,525.6946,386.88373,0.787502,,,
61,LSmallToe,531.7081,375.13205,0.57071227,,,
61,RSmallToe,525.6946,381.00787,0.7933523,,,
61,LHeel,552.7555,334.0011,0.64559036,,,
61,RHeel,546.74194,375.13205,0.65805566,,,
62,Nose,472.95486,132.70364,0.9032964,,,
62,LEye,476.01447,120.86762,0.8771342,,,
62,REye,469.89526,126.78564,0.91388947,,,
62,LEar,488.25287,114.94961,0.87189156,,,
62,REar,491.31247,114.94961,0.5087124,,,
62,LShoulder,521.9085,138.62166,0.62452716,0.21600397,-0.25178623,-0.033413127
62,RShoulder,521.9085,138.62166,0.32721266,0.11578813,-0.21294938,0.028811356
62,LElbow,564.7429,150.45767,0.726615,0.3234697,-0.23343408,-0.009265868
62,RElbow,564.7429,144.53967,0.15449385,0.1002339,-0.12839758,0.10541319
62,LWrist,549.4449,180.04773,0.75471115,0.29632536,-0.14501926,-0.09589508
62,RWrist,546.3853,174.12971,0.12761389,0.16889706,-0.085123524,0.07053386
62,LHip,537.2065,221.47382,0.63565683,0.27398553,-0.06499188,-0.026835663
62,RHip,509.6701,233.30983,0.5589864,0.1807619,-0.020766808,0.020507446
62,LKnee,515.7893,256.98187,0.72739464,0.20708516,0.039948415,-0.16968715
62,RKnee,509.6701,268.8179,0.40331027,0.20746724,0.13869728,-0.06791142
62,LAnkle,537.2065,333.91602,0.8597255,0.26801324,0.2236061,-0.0642455
62,RAnkle,531.0873,339.83405,0.6770546,0.27023476,0.30294737,0.005685446
62,Head,476.01447,91.277565,0.7614025,0.11486504,-0.35182872,-0.047172613
62,Neck,494.37207,132.70364,0.79190207,0.15075634,-0.25696996,-0.0105659785
62,Hip,524.9681,221.47382,0.7037359,0.2257487,-0.043503605,-0.0006489537
62,LBigToe,524.9681,363.50607,0.8031563,,,
62,RBigToe,524.9681,363.50607,0.7699161,,,
62,LSmallToe,528.0277,363.50607,0.8555852,,,
62,RSmallToe,521.9085,363.50607,0.7036842,,,
62,LHeel,546.3853,339.83405,0.76930916,,,
62,RHeel,546.3853,339.83405,0.6245513,,,
63,Nose,471.43402,129.44667,0.8916806,,,
63,LEye,474.54193,117.50051,0.83968186,,,
63,REye,468.32614,123.473595,0.86385494,,,
63,LEar,490.08142,111.52743,0.90529287,,,
63,REar,493.18933,111.52743,0.5667739,,,
63,LShoulder,480.75772,153.339,0.47801137,0.21440649,-0.25416327,-0.035744846
63,RShoulder,521.16046,129.44667,0.6359697,0.11582618,-0.2171623,0.02857781
63,LElbow,459.00244,159.31209,0.7028776,0.32171553,-0.238473,-0.009738519
63,RElbow,564.671,141.39284,0.66215837,0.09944302,-0.13472818,0.107293464
63,LWrist,549.13153,177.23134,0.4813017,0.29560667,-0.1496141,-0.09574852
63,RWrist,549.13153,171.25826,0.62261814,0.17253545,-0.091269314,0.080972634
63,LHip,536.69995,219.04292,0.51608074,0.27191865,-0.06827316,-0.027039481
63,RHip,511.83673,230.98909,0.29185206,0.17862013,-0.022735504,0.02042945
63,LKnee,514.94464,254.88142,0.7307704,0.20359161,0.035421547,-0.17019485
63,RKnee,514.94464,278.77374,0.43946922,0.20594294,0.1380185,-0.065641895
63,LAnkle,533.59204,338.50458,0.80483204,0.25459963,0.23124914,-0.07557472
63,RAnkle,533.59204,338.50458,0.5377047,0.27105993,0.30181327,0.0071089994
63,Head,477.64984,87.63509,0.712393,0.11568215,-0.3570442,-0.048050582
63,Neck,493.18933,129.44667,0.742316,0.14930928,-0.26066437,-0.010720926
63,Hip,524.2683,219.04292,0.7149751,0.22334759,-0.045799844,-0.00077396375
63,LBigToe,514.94464,368.37,0.7473549,,,
63,RBigToe,514.94464,368.37,0.5015497,,,
63,LSmallToe,518.05255,368.37,0.72583616,,,
63,RSmallToe,518.05255,368.37,0.48558545,,,
63,LHeel,539.80786,350.45074,0.7180497,,,
63,RHeel,549.13153,362.3969,0.7307057,,,
64,Nose,470.50122,127.73453,0.8916337,,,
64,LEye,473.57318,115.664,0.85627526,,,
64,REye,467.4293,121.699265,0.87084323,,,
64,LEar,485.86096,109.62874,0.87686837,,,
64,REar,492.00485,109.62874,0.4104685,,,
64,LShoulder,519.6524,133.76979,0.58831626,0.21293107,-0.25642914,-0.04003587
64,RShoulder,519.6524,133.76979,0.39703658,0.114808805,-0.22060369,0.030147579
64,LElbow,562.6596,139.80505,0.7286543,0.32159117,-0.24111624,-0.013878008
64,RElbow,562.6596,139.80505,0.14364739,0.09725105,-0.14185429,0.11323167
64,LWrist,547.2999,176.01665,0.81835026,0.2929094,-0.15305038,-0.09723755
64,RWrist,541.156,176.01665,0.0820157,0.16905856,-0.09260395,0.08093781
64,LHip,535.0121,218.2635,0.6733562,0.26886117,-0.069878995,-0.028610274
64,RHip,510.43655,230.33403,0.544252,0.1776142,-0.023627512,0.021129943
64,LKnee,513.5085,254.4751,0.76547134,0.20009974,0.03629945,-0.17021707
64,RKnee,516.58044,290.68668,0.39502493,0.20625004,0.13775767,-0.06413169
64,LAnkle,528.8682,345.00406,0.6245218,0.23994973,0.2408527,-0.087020755
64,RAnkle,538.08405,357.0746,0.4550171,0.27283543,0.30076107,0.007540405
64,Head,473.57318,85.48768,0.71269816,0.11591025,-0.361618,-0.048766997
64,Neck,492.00485,127.73453,0.8124374,0.1475892,-0.2634555,-0.012389744
64,Hip,522.7243,218.2635,0.7383676,0.22104754,-0.04688598,-0.00087123294
64,LBigToe,522.7243,381.21567,0.47792417,,,
64,RBigToe,510.43655,375.1804,0.44055498,,,
64,LSmallToe,528.8682,381.21567,0.59731895,,,
64,RSmallToe,510.43655,369.1451,0.52155215,,,
64,LHeel,538.08405,357.0746,0.58587694,,,
64,RHeel,550.3718,369.1451,0.680435,,,
65,Nose,472.57333,125.51303,0.8881498,,,
65,LEye,472.57333,113.39197,0.8742905,,,
65,REye,469.45422,119.4525,0.89666635,,,
65,LEar,488.16885,107.33144,0.8709404,,,
65,REar,491.28796,107.33144,0.4780151,,,
65,LShoulder,519.3599,131.57356,0.6698792,0.21163371,-0.25660202,-0.04204227
65,RShoulder,519.3599,131.57356,0.36044073,0.11326884,-0.22204243,0.03134008
65,LElbow,563.0274,137.6341,0.75879127,0.31852865,-0.24310476,-0.012986736
65,RElbow,563.0274,137.6341,0.1619393,0.09545334,-0.1446495,0.1181231
65,LWrist,547.4319,173.99728,0.8597923,0.2909992,-0.15656291,-0.09520543
65,RWrist,541.19366,173.99728,0.11014353,0.17138304,-0.09667854,0.08614322
65,LHip,534.95544,216.42099,0.643696,0.26587468,-0.06877911,-0.02950701
65,RHip,506.88348,234.60258,0.6098363,0.17585832,-0.022874085,0.021836799
65,LKnee,513.1217,258.8447,0.7506561,0.19759318,0.041003156,-0.16942722
65,RKnee,513.1217,301.26843,0.3616409,0.20670545,0.13837032,-0.0635982
65,LAnkle,541.19366,355.8132,0.49315387,0.22491588,0.25197017,-0.09607095
65,RAnkle,519.3599,355.8132,0.4331734,0.2750294,0.29990676,0.009312955
65,Head,472.57333,83.08932,0.7316589,0.116877675,-0.3646139,-0.048666485
65,Neck,494.40707,125.51303,0.8117786,0.14608805,-0.26444408,-0.012244394
65,Hip,519.3599,222.48152,0.7425429,0.2187818,-0.04590582,-0.00074554957
65,LBigToe,525.59814,380.05533,0.4654443,,,
65,RBigToe,497.52618,380.05533,0.29790315,,,
65,LSmallToe,531.83636,380.05533,0.53293455,,,
65,RSmallToe,500.6453,373.99478,0.34148958,,,
65,LHeel,553.6701,373.99478,0.46506444,,,
65,RHeel,553.6701,373.99478,0.46389663,,,
66,Nose,470.88773,124.659424,0.86109227,,,
66,LEye,470.88773,112.417,0.85699975,,,
66,REye,467.82748,112.417,0.89302105,,,
66,LEar,486.18903,106.295784,0.8036873,,,
66,REar,464.7672,124.659424,0.4336544,,,
66,LShoulder,519.8519,130.78064,0.8134343,0.21007404,-0.2571865,-0.04323292
66,RShoulder,473.948,155.26547,0.52430403,0.110010624,-0.22336821,0.03395608
66,LElbow,562.69556,136.90184,0.8318128,0.31666443,-0.24330892,-0.009719336
66,RElbow,458.6467,161.38669,0.2499327,0.09048101,-0.14912255,0.126334
66,LWrist,544.334,173.6291,0.86965966,0.28913492,-0.15891461,-0.09111186
66,RWrist,486.18903,216.47758,0.08477153,0.17379473,-0.112271726,0.08936887
66,LHip,535.1532,216.47758,0.71973264,0.26276255,-0.0693607,-0.03170261
66,RHip,504.5506,234.84122,0.71456605,0.17485595,-0.023677545,0.022767777
66,LKnee,510.67114,265.44727,0.7612246,0.19579542,0.050130043,-0.16667204
66,RKnee,516.7916,296.05334,0.32741213,0.20809563,0.13916947,-0.06108036
66,LAnkle,513.7314,357.26544,0.737021,0.20940009,0.2635441,-0.101173736
66,RAnkle,547.3943,363.38666,0.7697932,0.27835292,0.29927376,0.01289823
66,Head,470.88773,81.81094,0.6925814,0.118043154,-0.3668527,-0.04770137
66,Neck,489.2493,130.78064,0.801597,0.14435738,-0.2659088,-0.010950199
66,Hip,519.8519,216.47758,0.78408056,0.2163253,-0.046344116,-0.001285326
66,LBigToe,486.18903,381.75027,0.6760056,,,
66,RBigToe,529.0327,387.8715,0.8539589,,,
66,LSmallToe,492.30957,387.8715,0.7038818,,,
66,RSmallToe,529.0327,387.8715,0.79455715,,,
66,LHeel,519.8519,363.38666,0.72281426,,,
66,RHeel,556.5751,369.50787,0.8236237,,,
67,Nose,470.204,124.51679,0.9151357,,,
67,LEye,473.2668,112.0865,0.86253256,,,
67,REye,467.1412,118.30164,0.8740072,,,
67,LEar,488.5809,105.87135,0.82739186,,,
67,REar,491.6437,112.0865,0.531925,,,
67,LShoulder,519.20905,130.73193,0.71860945,0.20765188,-0.2555518,-0.041841023
67,RShoulder,473.2668,155.59251,0.27192542,0.11054542,-0.22256206,0.036341935
67,LElbow,562.08844,136.94708,0.80814993,0.3137005,-0.24119617,-0.009787264
67,RElbow,562.08844,136.94708,0.16346833,0.088559,-0.14612286,0.12315392
67,LWrist,543.71155,174.23796,0.8779994,0.283629,-0.15832202,-0.085824594
67,RWrist,482.45526,217.74397,0.05836244,0.16775328,-0.11715336,0.07959216
67,LHip,531.46027,217.74397,0.673607,0.2591123,-0.06654671,-0.033254262
67,RHip,503.89496,236.3894,0.61264926,0.17362054,-0.022453204,0.024163904
67,LKnee,513.08344,261.25,0.82555825,0.19363536,0.060607668,-0.16203967
67,RKnee,516.14624,286.11057,0.46737197,0.20936772,0.14021021,-0.058571804
67,LAnkle,506.95776,360.69232,0.7621372,0.1940743,0.27533355,-0.104173906
67,RAnkle,546.77435,360.69232,0.7405888,0.2803583,0.2987624,0.016510716
67,Head,476.32965,81.01077,0.77756685,0.11964758,-0.36789435,-0.046000183
67,Neck,491.6437,124.51679,0.7600976,0.142633,-0.2653749,-0.008295774
67,Hip,519.20905,217.74397,0.74500966,0.21415056,-0.044563495,-0.0013841761
67,LBigToe,479.39246,385.5529,0.71549886,,,
67,RBigToe,528.39746,385.5529,0.8085375,,,
67,LSmallToe,485.5181,391.76804,0.6911504,,,
67,RSmallToe,531.46027,379.33774,0.8439965,,,
67,LHeel,510.0206,373.12262,0.8715923,,,
67,RHeel,559.02563,373.12262,0.8448758,,,
68,Nose,0.0,0.0,0.0,,,
68,LEye,0.0,0.0,0.0,,,
68,REye,0.0,0.0,0.0,,,
68,LEar,0.0,0.0,0.0,,,
68,REar,0.0,0.0,0.0,,,
68,LShoulder,0.0,0.0,0.0,0.17484038,-0.2744614,-0.047394786
68,RShoulder,0.0,0.0,0.0,0.07092633,-0.24247763,0.03246777
68,LElbow,0.0,0.0,0.0,0.2864431,-0.25487834,-0.016741455
68,RElbow,0.0,0.0,0.0,0.04662131,-0.18870644,0.122966625
68,LWrist,0.0,0.0,0.0,0.24145406,-0.18760614,-0.09140568
68,RWrist,0.0,0.0,0.0,0.13487557,-0.14978756,0.096530676
68,LHip,0.0,0.0,0.0,0.21468073,-0.09256469,-0.031473387
68,RHip,0.0,0.0,0.0,0.13160276,-0.03716619,0.020144774
68,LKnee,0.0,0.0,0.0,0.16171893,0.034329917,-0.16744517
68,RKnee,0.0,0.0,0.0,0.16607413,0.13444237,-0.04772307
68,LAnkle,0.0,0.0,0.0,0.16613884,0.24626519,-0.10217331
68,RAnkle,0.0,0.0,0.0,0.2391591,0.29632276,0.016293783
68,Head,0.0,0.0,0.0,0.084446356,-0.38027528,-0.04659826
68,Neck,0.0,0.0,0.0,0.106926486,-0.28234205,-0.008491799
68,Hip,0.0,0.0,0.0,0.19865733,-0.057770114,0.002002222
68,LBigToe,0.0,0.0,0.0,,,
68,RBigToe,0.0,0.0,0.0,,,
68,LSmallToe,0.0,0.0,0.0,,,
68,RSmallToe,0.0,0.0,0.0,,,
68,LHeel,0.0,0.0,0.0,,,
68,RHeel,0.0,0.0,0.0,,,
69,Nose,470.02554,126.12581,0.93972415,,,
69,LEye,473.08148,113.36908,0.8590167,,,
69,REye,470.02554,119.747444,0.9173725,,,
69,LEar,488.3612,113.36908,0.840721,,,
69,REar,491.41714,113.36908,0.6372971,,,
69,LShoulder,515.8647,132.50418,0.6374432,0.20340806,-0.25161457,-0.044583015
69,RShoulder,515.8647,126.12581,0.39395323,0.11065211,-0.21897717,0.04000627
69,LElbow,558.6479,138.88254,0.7605987,0.3069255,-0.2435513,-0.011394208
69,RElbow,555.592,138.88254,0.49984086,0.09072019,-0.1435327,0.13499558
69,LWrist,543.36816,177.15274,0.86525357,0.27884424,-0.15831715,-0.08350676
69,RWrist,540.31226,170.77438,0.14666072,0.1721068,-0.1028862,0.09833552
69,LHip,531.1444,221.80132,0.70875394,0.2534969,-0.055350818,-0.03650871
69,RHip,506.69687,240.9364,0.6092865,0.17229906,-0.01633279,0.027431762
69,LKnee,509.7528,272.82825,0.8456189,0.18934074,0.08328161,-0.15481357
69,RKnee,518.92065,298.3417,0.6296619,0.21275899,0.14466396,-0.059678346
69,LAnkle,494.47308,368.50375,0.86356527,0.16659525,0.29668382,-0.108826295
69,RAnkle,549.4801,362.12537,0.7874954,0.28480187,0.29889533,0.021927726
69,Head,476.13745,81.47724,0.8016323,0.12152268,-0.36664286,-0.043428108
69,Neck,488.3612,126.12581,0.7385434,0.13894379,-0.26118296,-0.0084631
69,Hip,518.92065,221.80132,0.69331795,0.21141043,-0.036462713,-0.0011547206
69,LBigToe,470.02554,394.0172,0.7549472,,,
69,RBigToe,531.1444,387.63885,0.8006117,,,
69,LSmallToe,476.13745,400.39557,0.7252582,,,
69,RSmallToe,534.2004,381.26047,0.81548756,,,
69,LHeel,497.52905,381.26047,0.7961518,,,
69,RHeel,558.6479,374.8821,0.925375,,,
70,Nose,473.00293,126.257996,0.91352284,,,
70,LEye,476.0407,113.43583,0.8472966,,,
70,REye,469.96518,113.43583,0.88465786,,,
70,LEar,488.1917,113.43583,0.7896352,,,
70,REar,491.22946,113.43583,0.70110345,,,
70,LShoulder,469.96518,151.90233,0.525358,0.20171115,-0.24684519,-0.043719478
70,RShoulder,515.5315,132.66908,0.72148913,0.10954764,-0.21490495,0.040948436
70,LElbow,451.73865,158.31342,0.50914466,0.3000912,-0.23787639,-0.004629084
70,RElbow,558.06006,139.08017,0.80212307,0.08830523,-0.13889414,0.13451388
70,LWrist,542.8713,183.95775,0.4263018,0.27645636,-0.15438986,-0.07725277
70,RWrist,539.83356,183.95775,0.81579626,0.17258808,-0.10071358,0.10219713
70,LHip,524.6448,235.24641,0.5262896,0.25179455,-0.04625185,-0.037322
70,RHip,533.75806,228.83533,0.34542993,0.17211649,-0.01070083,0.029453171
70,LKnee,506.41824,280.124,0.773225,0.18385991,0.09487164,-0.1504815
70,RKnee,521.607,305.76834,0.6868167,0.21400264,0.14887947,-0.059819423
70,LAnkle,494.2672,369.87915,0.8238778,0.15634108,0.3076885,-0.106313415
70,RAnkle,548.94684,369.87915,0.77578974,0.2863828,0.29984286,0.025198769
70,Head,479.07846,87.7915,0.78081596,0.12342495,-0.36340767,-0.04285557
70,Neck,488.1917,126.257996,0.7390967,0.13844529,-0.25690746,-0.008497482
70,Hip,518.5693,228.83533,0.7026548,0.21096162,-0.029429907,-0.00066750636
70,LBigToe,469.96518,395.5235,0.6719794,,,
70,RBigToe,530.7203,389.11243,0.80115306,,,
70,LSmallToe,473.00293,401.93457,0.69029313,,,
70,RSmallToe,533.75806,382.70132,0.84080356,,,
70,LHeel,497.305,376.29025,0.710698,,,
70,RHeel,558.06006,376.29025,0.89456123,,,
71,Nose,468.9112,126.798225,0.9075724,,,
71,LEye,475.03006,113.99169,0.78707194,,,
71,REye,468.9112,113.99169,0.85306436,,,
71,LEar,487.2678,113.99169,0.7562174,,,
71,REar,490.3272,113.99169,0.8195572,,,
71,LShoulder,471.97064,158.81456,0.61528426,0.20104186,-0.24293853,-0.04433637
71,RShoulder,514.8027,133.20149,0.7698176,0.107919686,-0.21270727,0.04202179
71,LElbow,450.5546,158.81456,0.65124035,0.29884207,-0.23524646,-0.005523324
71,RElbow,554.5753,139.60477,0.80001557,0.08440048,-0.13713345,0.13618273
71,LWrist,456.67346,165.21783,0.38000414,0.27390707,-0.15161584,-0.0742388
71,RWrist,542.3376,178.02437,0.83218336,0.16840819,-0.10086599,0.10122205
71,LHip,520.9216,235.65376,0.5596878,0.24895445,-0.03958539,-0.03816954
71,RHip,533.1593,229.2505,0.5514517,0.17082223,-0.0070267282,0.03152361
71,LKnee,502.56494,280.47662,0.80548173,0.17724788,0.10460794,-0.14620022
71,RKnee,517.8621,306.0897,0.61045605,0.21401215,0.15185133,-0.05926143
71,LAnkle,487.2678,376.52563,0.8653855,0.14841323,0.31627265,-0.10126494
71,RAnkle,548.4564,370.12238,0.8138013,0.28756434,0.30017596,0.028319994
71,Head,478.08948,81.97536,0.798951,0.12463423,-0.36066812,-0.04248315
71,Neck,487.2678,126.798225,0.75485706,0.13809922,-0.25337887,-0.0081454
71,Hip,520.9216,229.2505,0.72378004,0.2088829,-0.02431724,-0.00044957222
71,LBigToe,465.85175,395.73544,0.7629819,,,
71,RBigToe,530.09985,389.33218,0.79194653,,,
71,LSmallToe,471.97064,402.1387,0.8030782,,,
71,RSmallToe,533.1593,382.9289,0.8129975,,,
71,LHeel,490.3272,389.33218,0.7386358,,,
71,RHeel,557.63477,376.52563,0.8958879,,,
72,Nose,468.14392,121.36767,0.8910903,,,
72,LEye,474.30374,108.7302,0.8936404,,,
72,REye,468.14392,115.048935,0.86214674,,,
72,LEar,486.62332,115.048935,0.8603644,,,
72,REar,489.70325,115.048935,0.59962964,,,
72,LShoulder,511.26254,140.32388,0.5826041,0.20028841,-0.23889835,-0.0475467
72,RShoulder,471.22385,159.28009,0.38922688,0.10722913,-0.21093154,0.04177896
72,LElbow,554.38116,140.32388,0.70981956,0.29882592,-0.23023812,-0.00878188
72,RElbow,554.38116,140.32388,0.33042532,0.07995757,-0.13731845,0.13955632
72,LWrist,538.9816,184.55502,0.7950506,0.27278557,-0.14596827,-0.077661715
72,RWrist,455.82434,171.91756,0.2706196,0.15309994,-0.09058504,0.09889508
72,LHip,526.66205,235.1049,0.6935141,0.2446517,-0.032975763,-0.039111264
72,RHip,502.02283,247.74237,0.6208431,0.16918153,-0.0039325766,0.03338132
72,LKnee,498.94293,285.6548,0.78968644,0.17082796,0.11348897,-0.14310738
72,RKnee,517.42236,317.24847,0.6674318,0.21327686,0.15451916,-0.05979856
72,LAnkle,486.62332,374.1171,0.85146224,0.1430741,0.32410023,-0.09448182
72,RAnkle,548.2213,367.79834,0.8739413,0.28918368,0.30066827,0.030785156
72,Head,477.38364,83.45526,0.755789,0.12590294,-0.35726038,-0.042407304
72,Neck,486.62332,134.00514,0.7807523,0.13787627,-0.24947123,-0.008929891
72,Hip,514.34247,235.1049,0.7171315,0.20521249,-0.01896689,-0.00051391264
72,LBigToe,465.06403,393.07327,0.7652978,,,
72,RBigToe,529.74194,386.75455,0.82318544,,,
72,LSmallToe,468.14392,399.39203,0.7649768,,,
72,RSmallToe,532.82184,386.75455,0.85883176,,,
72,LHeel,489.70325,393.07327,0.7665216,,,
72,RHeel,557.46106,374.1171,0.87259156,,,
73,Nose,473.33948,115.79174,0.88316786,,,
73,LEye,476.44556,109.48784,0.8985339,,,
73,REye,470.23337,109.48784,0.8687984,,,
73,LEar,488.86993,115.79174,0.83363354,,,
73,REar,491.97604,115.79174,0.6044702,,,
73,LShoulder,470.23337,147.31125,0.5383619,0.19904631,-0.23578162,-0.04946149
73,RShoulder,513.7187,134.70345,0.56597394,0.10432665,-0.21048982,0.041235562
73,LElbow,448.49072,159.91905,0.7756587,0.29823875,-0.22652107,-0.009035062
73,RElbow,550.9918,147.31125,0.24591318,0.07502188,-0.13728327,0.14026669
73,LWrist,541.6735,178.83075,0.83724475,0.27346158,-0.14187649,-0.0794731
73,RWrist,538.56744,178.83075,0.13295232,0.14485925,-0.08544624,0.09734212
73,LHip,526.14307,235.56586,0.68109256,0.2402953,-0.029799785,-0.039807297
73,RHip,501.2943,248.17366,0.60536236,0.16573486,-0.002677342,0.034808505
73,LKnee,498.18823,285.99707,0.8061843,0.1648899,0.11980422,-0.13965438
73,RKnee,519.93085,311.21268,0.6499259,0.21132733,0.1567543,-0.05795104
73,LAnkle,482.65775,380.55557,0.8300046,0.14002696,0.32905024,-0.08691776
73,RAnkle,547.88574,367.94778,0.8229557,0.28979424,0.3006871,0.033895783
73,Head,482.65775,84.27223,0.7639268,0.12682432,-0.35508993,-0.043258905
73,Neck,488.86993,128.39954,0.7719857,0.1377821,-0.24761957,-0.009322526
73,Hip,513.7187,235.56586,0.7123997,0.20125656,-0.016724225,-0.0005889109
73,LBigToe,464.02118,393.1634,0.7558577,,,
73,RBigToe,532.3552,386.85947,0.85099334,,,
73,LSmallToe,467.1273,399.4673,0.7722939,,,
73,RSmallToe,532.3552,386.85947,0.8394149,,,
73,LHeel,488.86993,393.1634,0.7837694,,,
73,RHeel,557.204,374.25168,0.832073,,,
74,Nose,474.29956,116.42749,0.8558494,,,
74,LEye,477.41626,110.13106,0.8833174,,,
74,REye,471.1829,110.13106,0.8512687,,,
74,LEar,489.883,116.42749,0.85719806,,,
74,REar,468.06622,116.42749,0.64919513,,,
74,LShoulder,508.5831,141.61322,0.739031,0.1978407,-0.23441033,-0.051912155
74,RShoulder,468.06622,154.20609,0.61121583,0.10025609,-0.21123646,0.04094205
74,LElbow,552.2167,147.90965,0.7714459,0.29931206,-0.2257245,-0.014723109
74,RElbow,446.24942,160.50252,0.4281336,0.06642716,-0.14319865,0.14028318
74,LWrist,536.63324,185.68825,0.8179578,0.27174413,-0.13796791,-0.08210326
74,RWrist,468.06622,141.61322,0.38409406,0.13448888,-0.08372745,0.09678249
74,LHip,524.1665,236.05971,0.7216159,0.23524089,-0.02864675,-0.040624965
74,RHip,499.23303,248.65256,0.7047932,0.1615698,-0.0026696734,0.03603916
74,LKnee,492.9997,292.7276,0.8439195,0.15929148,0.12205653,-0.13877526
74,RKnee,517.93317,317.91333,0.62627035,0.20778707,0.15787815,-0.05740991
74,LAnkle,483.64963,380.87762,0.87768185,0.13843903,0.3309519,-0.081782825
74,RAnkle,549.1,368.28476,0.81306154,0.2899133,0.2998341,0.035982504
74,Head,480.53296,84.945335,0.7406899,0.12624316,-0.35401368,-0.04393769
74,Neck,483.64963,135.31679,0.8207095,0.13645852,-0.2468267,-0.009997389
74,Hip,511.69977,236.05971,0.7284922,0.19656953,-0.016333442,-0.000697796
74,LBigToe,461.83282,393.4705,0.7011026,,,
74,RBigToe,530.3999,387.17407,0.84156173,,,
74,LSmallToe,468.06622,399.76694,0.7250496,,,
74,RSmallToe,530.3999,387.17407,0.8191998,,,
74,LHeel,486.7663,393.4705,0.8416195,,,
74,RHeel,555.3334,374.5812,0.81552476,,,
75,Nose,476.19464,116.98086,0.8659718,,,
75,LEye,482.47095,104.380806,0.8955122,,,
75,REye,473.0565,110.68083,0.83585066,,,
75,LEar,491.8854,110.68083,0.86930174,,,
75,REar,466.78018,116.98086,0.79656976,,,
75,LShoulder,507.57614,135.88094,0.7090555,0.19605595,-0.23499784,-0.0538081
75,RShoulder,469.91833,154.781,0.53948295,0.09743509,-0.21387626,0.039699227
75,LElbow,548.37213,148.48099,0.7665745,0.2982549,-0.22435299,-0.016894106
75,RElbow,444.81314,161.08104,0.4706144,0.060387086,-0.14711796,0.13910857
75,LWrist,535.8195,186.28113,0.8589323,0.26982373,-0.13564128,-0.084413536
75,RWrist,463.64203,142.18095,0.42320588,0.12465803,-0.08391419,0.09610277
75,LHip,523.2669,230.3813,0.6979194,0.2303475,-0.03079798,-0.040896356
75,RHip,498.1617,249.28139,0.6419788,0.15567924,-0.004935216,0.03628098
75,LKnee,491.8854,287.08154,0.828518,0.15359566,0.11844553,-0.14028281
75,RKnee,516.9906,312.28165,0.49734545,0.20200326,0.15771136,-0.05630038
75,LAnkle,482.47095,381.5819,0.89999175,0.13724048,0.32889956,-0.07884898
75,RAnkle,548.37213,362.68182,0.8034371,0.28852016,0.2976818,0.037626453
75,Head,479.3328,85.48073,0.7479107,0.12557958,-0.35514104,-0.045955483
75,Neck,485.6091,135.88094,0.7908247,0.13496095,-0.24852255,-0.011366051
75,Hip,510.7143,230.3813,0.6835102,0.19121897,-0.01896378,-0.000953726
75,LBigToe,463.64203,394.18195,0.76107776,,,
75,RBigToe,529.5432,387.88193,0.8581076,,,
75,LSmallToe,466.78018,400.482,0.79365546,,,
75,RSmallToe,532.68134,387.88193,0.80645573,,,
75,LHeel,485.6091,394.18195,0.8535156,,,
75,RHeel,557.78656,375.2819,0.80185163,,,
76,Nose,475.25986,117.581894,0.906507,,,
76,LEye,481.60724,105.037766,0.9104173,,,
76,REye,472.08615,111.30983,0.87831587,,,
76,LEar,491.12836,111.30983,0.8787331,,,
76,REar,465.73877,117.581894,0.8520414,,,
76,LShoulder,506.99683,136.39809,0.7862072,0.19410163,-0.23609145,-0.055355467
76,RShoulder,462.56506,155.21426,0.6544103,0.093869895,-0.2171871,0.038486905
76,LElbow,551.4286,148.9422,0.836055,0.29722592,-0.2234626,-0.019951696
76,RElbow,443.5229,186.57458,0.58831286,0.051927276,-0.15149666,0.13935767
76,LWrist,535.5601,186.57458,0.88010305,0.26735514,-0.13442948,-0.088423066
76,RWrist,465.73877,217.93489,0.59386945,0.11340705,-0.08654313,0.097730875
76,LHip,519.69165,230.47902,0.67982924,0.2252914,-0.03296875,-0.040837515
76,RHip,494.30206,243.02313,0.7103923,0.1489424,-0.0071170405,0.036405697
76,LKnee,487.95465,286.92758,0.8569594,0.14805672,0.11365712,-0.14281514
76,RKnee,516.51794,312.01584,0.67286426,0.19404325,0.1574357,-0.05471281
76,LAnkle,481.60724,381.0085,0.8805688,0.13625313,0.32577685,-0.07662658
76,RAnkle,545.08124,362.19232,0.80593354,0.28602827,0.2950841,0.039293233
76,Head,475.25986,86.22158,0.74664724,0.12447329,-0.3570715,-0.047924362
76,Neck,481.60724,136.39809,0.82547975,0.13260642,-0.25065675,-0.012945333
76,Hip,503.82315,230.47902,0.7313099,0.18535471,-0.02124298,-0.00096536847
76,LBigToe,462.56506,393.55264,0.810231,,,
76,RBigToe,529.2127,387.28058,0.8796717,,,
76,LSmallToe,465.73877,399.8247,0.8289309,,,
76,RSmallToe,529.2127,387.28058,0.81282026,,,
76,LHeel,484.78094,393.55264,0.85468745,,,
76,RHeel,554.6023,374.73645,0.828002,,,
77,Nose,473.84152,117.3181,0.8977136,,,
77,LEye,480.2503,104.87856,0.92243224,,,
77,REye,470.63712,104.87856,0.8793463,,,
77,LEar,489.86346,111.09833,0.90667516,,,
77,REar,464.22836,117.3181,0.8711476,,,
77,LShoulder,505.8854,135.9774,0.81445044,0.19183558,-0.2377596,-0.056118634
77,RShoulder,457.81958,154.6367,0.71337086,0.0901913,-0.22108366,0.03779467
77,LElbow,547.5425,148.41693,0.644386,0.2952658,-0.22321223,-0.021946896
77,RElbow,445.002,185.73553,0.56960416,0.04365784,-0.15629132,0.13829195
77,LWrist,534.7249,185.73553,0.7215104,0.2642078,-0.13499907,-0.091727905
77,RWrist,461.02396,216.83438,0.60535604,0.103867546,-0.0886078,0.09734534
77,LHip,515.49854,229.27391,0.72461075,0.2202439,-0.035484362,-0.040730327
77,RHip,493.06784,247.93321,0.71765673,0.14232412,-0.009533351,0.036798574
77,LKnee,486.65906,285.25183,0.8522474,0.1425636,0.1076601,-0.14562622
77,RKnee,512.2942,316.35065,0.66365397,0.18381934,0.15723756,-0.0527187
77,LAnkle,480.2503,378.54834,0.8912638,0.13547048,0.32164085,-0.07478326
77,RAnkle,544.3381,366.1088,0.8526796,0.28179964,0.29202023,0.040780216
77,Head,477.0459,86.21926,0.75755775,0.12353498,-0.3599117,-0.049645558
77,Neck,480.2503,135.9774,0.8813196,0.12999427,-0.25332734,-0.014283927
77,Hip,502.681,229.27391,0.77686465,0.17949563,-0.023651304,-0.00093986606
77,LBigToe,461.02396,390.98785,0.85370666,,,
77,RBigToe,528.3161,390.98785,0.81961006,,,
77,LSmallToe,467.43274,397.20764,0.83260065,,,
77,RSmallToe,528.3161,384.7681,0.82927763,,,
77,LHeel,483.45468,390.98785,0.82809806,,,
77,RHeel,553.95123,372.32855,0.86918974,,,
78,Nose,475.4907,116.22334,0.88528234,,,
78,LEye,478.69006,103.86027,0.8912119,,,
78,REye,472.29132,103.86027,0.82527196,,,
78,LEar,488.2882,116.22334,0.87168884,,,
78,REar,462.69318,116.22334,0.75228894,,,
78,LShoulder,504.28513,134.76794,0.7436048,0.18919295,-0.23990963,-0.057410855
78,RShoulder,462.69318,153.31256,0.58949715,0.086621806,-0.2257715,0.036798596
78,LElbow,549.0764,147.13103,0.8282717,0.2926219,-0.22364087,-0.02315604
78,RElbow,443.4969,184.22025,0.36121827,0.03719686,-0.1610802,0.13600522
78,LWrist,533.0795,184.22025,0.84824437,0.26085106,-0.13709284,-0.09512192
78,RWrist,465.89255,215.12793,0.46400085,0.095509745,-0.09158066,0.09502623
78,LHip,513.88324,227.49101,0.71875805,0.21478894,-0.037955966,-0.04087977
78,RHip,488.2882,239.85408,0.636238,0.1359257,-0.012118371,0.03749332
78,LKnee,485.08884,283.12485,0.79709625,0.13808954,0.10346006,-0.147553
78,RKnee,507.4845,314.03253,0.44924477,0.17082217,0.15642814,-0.05056399
78,LAnkle,481.88947,375.8479,0.8272474,0.13623556,0.31776825,-0.07199756
78,RAnkle,542.6777,363.48483,0.8626473,0.2747891,0.288255,0.04110348
78,Head,478.69006,85.31565,0.69804215,0.12249816,-0.36341003,-0.051485486
78,Neck,481.88947,134.76794,0.8186376,0.1272952,-0.2566567,-0.015779657
78,Hip,501.08572,227.49101,0.7434861,0.17362347,-0.026084142,-0.0008812852
78,LBigToe,462.69318,388.21097,0.87046766,,,
78,RBigToe,526.6808,388.21097,0.8537155,,,
78,LSmallToe,465.89255,394.39252,0.85742986,,,
78,RSmallToe,529.8801,382.02942,0.8570414,,,
78,LHeel,485.08884,388.21097,0.79248214,,,
78,RHeel,552.2758,369.66635,0.8732286,,,
79,Nose,474.45547,109.535835,0.88214463,,,
79,LEye,480.75177,103.36642,0.88286984,,,
79,REye,471.30734,103.36642,0.83991474,,,
79,LEar,490.19623,115.70525,0.82543576,,,
79,REar,465.01105,109.535835,0.75353026,,,
79,LShoulder,502.78882,134.21352,0.7556706,0.18604851,-0.2416387,-0.05945395
79,RShoulder,458.71472,152.72179,0.55364865,0.08300564,-0.2303313,0.035124358
79,LElbow,546.8629,146.55237,0.77593195,0.28929073,-0.22404419,-0.023890372
79,RElbow,442.974,183.5689,0.4736547,0.030988226,-0.16587158,0.13268062
79,LWrist,531.1222,183.5689,0.84139526,0.25784877,-0.14052916,-0.09814481
79,RWrist,461.86288,214.416,0.6730815,0.086416334,-0.09574589,0.09263451
79,LHip,512.2333,226.75484,0.70149446,0.2087642,-0.039826997,-0.041306682
79,RHip,480.75177,239.09367,0.6712117,0.12969366,-0.014536627,0.038466476
79,LKnee,483.89993,276.1102,0.76465005,0.13480955,0.103059575,-0.14776038
79,RKnee,499.6407,306.9573,0.6860156,0.1546107,0.15509003,-0.04982884
79,LAnkle,483.89993,368.65152,0.8312209,0.13778901,0.31517974,-0.068531744
79,RAnkle,540.5666,362.4821,0.8446171,0.26442865,0.28335327,0.03966801
79,Head,477.60364,84.858154,0.66342694,0.120940074,-0.3666606,-0.053786848
79,Neck,477.60364,128.0441,0.7507657,0.12430414,-0.25970113,-0.01792139
79,Hip,496.49252,226.75484,0.7751497,0.16765577,-0.028123498,-0.00087071
79,LBigToe,461.86288,387.1598,0.8698214,,,
79,RBigToe,524.82587,387.1598,0.8693154,,,
79,LSmallToe,468.15918,393.3292,0.7881217,,,
79,RSmallToe,527.974,387.1598,0.86799526,,,
79,LHeel,490.19623,380.99036,0.7846471,,,
79,RHeel,550.01105,362.4821,0.8262457,,,
80,Nose,475.05176,109.42281,0.90077865,,,
80,LEye,478.12714,103.25169,0.9142943,,,
80,REye,468.901,103.25169,0.91149443,,,
80,LEar,487.35327,109.42281,0.86551994,,,
80,REar,462.75024,109.42281,0.85008204,,,
80,LShoulder,499.6548,134.10728,0.7166302,0.18275757,-0.24221145,-0.062055387
80,RShoulder,459.67487,146.44952,0.58415264,0.07961335,-0.23408476,0.033128534
80,LElbow,545.78546,146.44952,0.69319934,0.2857879,-0.22389339,-0.024317082
80,RElbow,441.2226,177.30511,0.397023,0.025270637,-0.17025568,0.12889826
80,LWrist,530.40857,177.30511,0.8001166,0.2558571,-0.14506245,-0.10049612
80,RWrist,462.75024,214.33183,0.6667642,0.076939344,-0.10042162,0.090368815
80,LHip,508.88092,226.67407,0.70759743,0.20274523,-0.04057346,-0.042012233
80,RHip,478.12714,232.84518,0.68774456,0.1243166,-0.016259212,0.0396539
80,LKnee,481.2025,282.21414,0.8315954,0.13222161,0.105623975,-0.14706534
80,RKnee,490.42865,306.89862,0.69216394,0.13469434,0.15344742,-0.050936036
80,LAnkle,484.2779,368.6098,0.84593207,0.13917354,0.31434008,-0.0654696
80,RAnkle,533.48395,362.4387,0.8258826,0.25074223,0.27690384,0.036128856
80,Head,471.97638,78.56722,0.6490222,0.11925804,-0.36901078,-0.05626723
80,Neck,475.05176,127.936165,0.7183046,0.12150346,-0.26174915,-0.020378115
80,Hip,493.50403,226.67407,0.7361671,0.1620749,-0.029395007,-0.0008843739
80,LBigToe,462.75024,387.12314,0.85962516,,,
80,RBigToe,524.2578,387.12314,0.89853936,,,
80,LSmallToe,468.901,393.29428,0.83062667,,,
80,RSmallToe,524.2578,387.12314,0.8436017,,,
80,LHeel,490.42865,380.95203,0.8294107,,,
80,RHeel,545.78546,362.4387,0.8361678,,,
81,Nose,472.0761,109.7137,0.9497101,,,
81,LEye,478.17642,103.5268,0.9027256,,,
81,REye,469.02597,103.5268,0.88851255,,,
81,LEar,487.32687,109.7137,0.8824427,,,
81,REar,462.92566,109.7137,0.74845713,,,
81,LShoulder,502.5776,134.46129,0.7457736,0.1792972,-0.24120714,-0.06491831
81,RShoulder,462.92566,146.83508,0.6399884,0.07646367,-0.23656917,0.03108584
81,LElbow,545.2797,146.83508,0.76606214,0.28197074,-0.2230197,-0.0246268
81,RElbow,444.62476,171.58266,0.2651242,0.019970031,-0.17397466,0.12513556
81,LWrist,526.9788,183.95645,0.86882895,0.25531495,-0.15086637,-0.10094165
81,RWrist,444.62476,183.95645,0.43574315,0.06692875,-0.10521416,0.08901093
81,LHip,505.62775,227.26474,0.7481922,0.19682664,-0.039845865,-0.042959288
81,RHip,481.22656,233.45163,0.7131148,0.12002563,-0.01719405,0.041068964
81,LKnee,481.22656,289.1337,0.8414923,0.1299867,0.11049305,-0.14550334
81,RKnee,478.17642,301.5075,0.7179349,0.11181709,0.1511036,-0.053407848
81,LAnkle,484.2767,369.56335,0.79777944,0.1398181,0.31510565,-0.061868332
81,RAnkle,526.9788,357.18958,0.72949964,0.23551841,0.26873845,0.032655884
81,Head,478.17642,78.77921,0.6409301,0.11759929,-0.3701282,-0.058573004
81,Neck,478.17642,128.27438,0.7367532,0.118781,-0.26259726,-0.023209507
81,Hip,493.42715,227.26474,0.71316767,0.15694225,-0.0296028,-0.00089872046
81,LBigToe,462.92566,388.12405,0.76935434,,,
81,RBigToe,520.87854,388.12405,0.84051967,,,
81,LSmallToe,469.02597,394.31094,0.7710342,,,
81,RSmallToe,520.87854,381.93713,0.77585626,,,
81,LHeel,490.377,381.93713,0.7575142,,,
81,RHeel,539.1794,357.18958,0.76676756,,,
82,Nose,472.04993,109.52749,0.819072,,,
82,LEye,478.2874,103.3198,0.8486966,,,
82,REye,468.9312,103.3198,0.861623,,,
82,LEar,484.52487,109.52749,0.8609793,,,
82,REar,462.69373,109.52749,0.8092529,,,
82,LShoulder,500.11853,140.56592,0.7725332,0.17555141,-0.23903807,-0.06769964
82,RShoulder,465.81247,146.77359,0.64359194,0.073503345,-0.23806389,0.02922017
82,LElbow,543.78076,146.77359,0.7441822,0.27808166,-0.22091247,-0.02478337
82,RElbow,443.98135,171.60434,0.4265513,0.015129031,-0.17757352,0.12202664
82,LWrist,525.06836,184.0197,0.84672105,0.25477296,-0.156123,-0.10147447
82,RWrist,459.575,215.05812,0.470421,0.057012882,-0.111241475,0.08850783
82,LHip,506.356,227.4735,0.7491635,0.19047031,-0.038247954,-0.04411671
82,RHip,481.40613,233.68118,0.64293295,0.115902856,-0.017608624,0.042591974
82,LKnee,481.40613,289.55035,0.8409988,0.12789814,0.115985036,-0.14373833
82,RKnee,468.9312,301.9657,0.7834843,0.0872416,0.14724414,-0.05597897
82,LAnkle,484.52487,376.45792,0.78669024,0.1401028,0.3165847,-0.05780054
82,RAnkle,518.83093,345.4195,0.77390766,0.21915913,0.25844702,0.030189762
82,Head,475.16867,84.69675,0.6111052,0.11566985,-0.37018278,-0.06063018
82,Neck,475.16867,128.15054,0.7584854,0.11599869,-0.26257092,-0.026010128
82,Hip,493.88107,227.4735,0.71961826,0.15162212,-0.029092152,-0.00092352554
82,LBigToe,462.69373,395.081,0.76810426,,,
82,RBigToe,521.94965,382.66562,0.89955163,,,
82,LSmallToe,468.9312,395.081,0.7894124,,,
82,RSmallToe,521.94965,382.66562,0.84361935,,,
82,LHeel,490.76233,382.66562,0.7578244,,,
82,RHeel,528.18713,345.4195,0.78951716,,,
83,Nose,470.14316,110.62701,0.8745139,,,
83,LEye,476.36795,104.4288,0.9060749,,,
83,REye,470.14316,104.4288,0.86483026,,,
83,LEar,485.70514,110.62701,0.9393751,,,
83,REar,463.91837,110.62701,0.71701366,,,
83,LShoulder,498.1547,141.61801,0.85333574,0.17162485,-0.23611464,-0.07000495
83,RShoulder,463.91837,141.61801,0.7658953,0.0708321,-0.23879087,0.027680425
83,LElbow,529.2786,141.61801,0.72682256,0.27386796,-0.21737157,-0.026232019
83,RElbow,435.90683,160.2126,0.58905524,0.0111294985,-0.1810473,0.11918277
83,LWrist,544.84064,154.0144,0.69955975,0.2576486,-0.16237931,-0.10615358
83,RWrist,439.01923,172.60901,0.3357084,0.04601969,-0.11636862,0.08771586
83,LHip,501.2671,228.3928,0.81502634,0.1838656,-0.035744265,-0.045200627
83,RHip,476.36795,234.591,0.71390814,0.11181509,-0.017210327,0.043989733
83,LKnee,479.48035,290.37482,0.83850324,0.12544876,0.12174635,-0.14213394
83,RKnee,457.69357,302.7712,0.69797015,0.063279375,0.1418713,-0.05798152
83,LAnkle,482.59274,377.14963,0.7990866,0.13994303,0.31824225,-0.05322843
83,RAnkle,510.60428,339.96042,0.6778077,0.20319018,0.24766119,0.02991766
83,Head,476.36795,79.636,0.8034725,0.11382107,-0.36963555,-0.062300436
83,Neck,476.36795,129.2216,0.81828016,0.11333762,-0.26170218,-0.02863955
83,Hip,488.8175,228.3928,0.80696106,0.14618629,-0.027667463,-0.0009927242
83,LBigToe,463.91837,395.74423,0.7321863,,,
83,RBigToe,516.82904,377.14963,0.66863227,,,
83,LSmallToe,467.03076,395.74423,0.79760426,,,
83,RSmallToe,516.82904,370.95142,0.6845242,,,
83,LHeel,491.9299,389.54602,0.7918638,,,
83,RHeel,519.94147,333.7622,0.79593956,,,
84,Nose,468.97208,110.815285,0.8832075,,,
84,LEye,475.27765,104.634155,0.9158213,,,
84,REye,465.81927,104.634155,0.89311856,,,
84,LEar,484.73602,116.996414,0.94695246,,,
84,REar,459.5137,110.815285,0.8256091,,,
84,LShoulder,497.34717,141.72092,0.795168,0.16800052,-0.23251347,-0.07248706
84,RShoulder,459.5137,141.72092,0.6807792,0.068416506,-0.23838313,0.026171686
84,LElbow,532.02783,147.90204,0.64538896,0.26961994,-0.21259217,-0.02525664
84,RElbow,431.1386,154.08318,0.5700946,0.0082837045,-0.18331881,0.11719656
84,LWrist,544.63904,154.08318,0.5520136,0.25859344,-0.16835393,-0.10683012
84,RWrist,434.29138,172.62654,0.4955657,0.035927527,-0.12180735,0.08757357
84,LHip,500.49997,228.25668,0.7605393,0.17726931,-0.03261604,-0.04611956
84,RHip,475.27765,234.4378,0.66796184,0.10760862,-0.01618246,0.045281745
84,LKnee,478.43045,296.24908,0.8594727,0.12224828,0.12729184,-0.14103895
84,RKnee,446.90256,296.24908,0.6767171,0.041679934,0.1350128,-0.059675585
84,LAnkle,484.73602,376.60373,0.7568763,0.13938141,0.3196658,-0.048797496
84,RAnkle,509.95834,339.51697,0.6467136,0.1880489,0.2365707,0.030965928
84,Head,475.27765,79.90965,0.80269,0.11159553,-0.3680413,-0.063786276
84,Neck,475.27765,135.5398,0.8508319,0.11078477,-0.25991052,-0.031238185
84,Hip,487.88882,228.25668,0.7825972,0.14064771,-0.02565742,-0.0010585042
84,LBigToe,462.6665,395.1471,0.7537289,,,
84,RBigToe,513.11115,370.42258,0.92356056,,,
84,LSmallToe,468.97208,395.1471,0.7747988,,,
84,RSmallToe,513.11115,364.24146,0.9186158,,,
84,LHeel,491.0416,388.96597,0.80881226,,,
84,RHeel,516.2639,327.1547,0.6872121,,,
85,Nose,467.5973,111.538895,0.89900887,,,
85,LEye,473.91714,105.37273,0.9303913,,,
85,REye,464.43738,105.37273,0.91138226,,,
85,LEar,483.3969,117.70507,0.92239213,,,
85,REar,458.11755,111.538895,0.88424087,,,
85,LShoulder,492.87665,142.36975,0.76986784,0.16412534,-0.22914375,-0.07449917
85,RShoulder,454.9576,142.36975,0.6950638,0.0656675,-0.23764594,0.024866218
85,LElbow,533.9556,154.7021,0.55756736,0.26466042,-0.20810018,-0.02449034
85,RElbow,429.67828,154.7021,0.66335297,0.005101475,-0.18535541,0.11636498
85,LWrist,543.43536,154.7021,0.41586328,0.2586407,-0.17360903,-0.10357637
85,RWrist,435.9981,160.86827,0.5675623,0.027162818,-0.12812951,0.089289024
85,LHip,499.1965,228.69617,0.7416406,0.17099711,-0.029422205,-0.046590254
85,RHip,470.75723,241.02852,0.69648045,0.10298596,-0.014719617,0.04639148
85,LKnee,477.07706,296.52408,0.81872815,0.11749032,0.13117073,-0.141539
85,RKnee,448.6378,296.52408,0.5837333,0.023028353,0.12777282,-0.060445793
85,LAnkle,483.3969,376.6843,0.7681856,0.13813184,0.32069606,-0.04592115
85,RAnkle,505.51633,327.35492,0.62090665,0.17364559,0.22550233,0.033217233
85,Head,470.75723,80.70803,0.82183665,0.10900754,-0.36619964,-0.06523596
85,Neck,470.75723,136.20358,0.89093745,0.10770713,-0.25812784,-0.033462502
85,Hip,483.3969,228.69617,0.7966602,0.13490388,-0.023285637,-0.0011027721
85,LBigToe,461.27747,395.18283,0.77954346,,,
85,RBigToe,511.83618,364.35196,0.71937007,,,
85,LSmallToe,467.5973,395.18283,0.78662974,,,
85,RSmallToe,508.67624,358.1858,0.730124,,,
85,LHeel,489.71674,389.01666,0.78496003,,,
85,RHeel,511.83618,321.18875,0.69641376,,,
86,Nose,469.6663,117.2361,0.8850554,,,
86,LEye,472.83978,111.06599,0.860561,,,
86,REye,463.31927,104.89588,0.887901,,,
86,LEar,479.1868,117.2361,0.8456888,,,
86,REar,456.97226,111.06599,0.8784938,,,
86,LShoulder,491.88086,141.91652,0.76798415,0.16043274,-0.22654946,-0.07652293
86,RShoulder,453.79874,141.91652,0.67352855,0.06261109,-0.23730263,0.023363432
86,LElbow,523.61597,148.08662,0.6754835,0.25973818,-0.20502995,-0.02422701
86,RElbow,428.41068,172.76706,0.473642,0.0021214222,-0.187836,0.115753576
86,LWrist,539.48346,160.42685,0.501659,0.2575171,-0.17815779,-0.09629236
86,RWrist,447.45172,215.95781,0.6669835,0.017326085,-0.13464667,0.09080181
86,LHip,495.05435,234.46812,0.776057,0.16437925,-0.026706733,-0.04678684
86,RHip,466.49277,240.63823,0.68780833,0.09755653,-0.013359191,0.047245044
86,LKnee,472.83978,296.1692,0.821765,0.11149531,0.13371278,-0.14255846
86,RKnee,428.41068,296.1692,0.76549375,0.0070828367,0.120628074,-0.060557716
86,LAnkle,485.53384,376.38058,0.77988523,0.13598081,0.32139662,-0.044211067
86,RAnkle,488.70734,314.6795,0.32956082,0.16033188,0.21576157,0.036176324
86,Head,469.6663,86.38556,0.7462366,0.106506586,-0.36469755,-0.06680388
86,Neck,469.6663,129.57631,0.8244036,0.10441282,-0.25690135,-0.035619773
86,Hip,482.36032,228.29802,0.7753904,0.12861283,-0.02124941,-0.001042824
86,LBigToe,460.14575,394.8909,0.7795846,,,
86,RBigToe,504.5749,351.70016,0.31369123,,,
86,LSmallToe,466.49277,394.8909,0.7954094,,,
86,RSmallToe,501.40137,345.53003,0.2849602,,,
86,LHeel,488.70734,388.7208,0.7771139,,,
86,RHeel,507.74838,314.6795,0.4137286,,,
87,Nose,466.9158,111.994675,0.8689548,,,
87,LEye,473.3462,105.855125,0.87147576,,,
87,REye,463.70062,105.855125,0.90189326,,,
87,LEar,479.77655,118.13422,0.8427346,,,
87,REar,457.27023,105.855125,0.8575251,,,
87,LShoulder,492.63733,142.69238,0.75877786,0.15709046,-0.22473033,-0.07836453
87,RShoulder,450.83984,142.69238,0.6685388,0.059556454,-0.23722813,0.022145377
87,LElbow,531.2196,154.97148,0.60609686,0.25540653,-0.2024694,-0.022711923
87,RElbow,428.3335,154.97148,0.5598105,-0.00029400573,-0.18989688,0.11448922
87,LWrist,515.1437,191.80873,0.3689025,0.25644976,-0.18255416,-0.091400884
87,RWrist,428.3335,179.52965,0.57795966,0.008538524,-0.13940379,0.09007596
87,LHip,492.63733,234.78554,0.7648441,0.15772562,-0.02421016,-0.04697076
87,RHip,463.70062,240.92508,0.732121,0.09206945,-0.011885461,0.048035994
87,LKnee,470.13098,296.18097,0.8425066,0.105460316,0.13581708,-0.14351329
87,RKnee,425.11832,290.04144,0.6995722,-0.006413826,0.11447354,-0.0599743
87,LAnkle,482.99176,382.13458,0.7616029,0.13292389,0.3219651,-0.042949263
87,RAnkle,479.77655,314.5996,0.26094997,0.14791451,0.20631672,0.039770182
87,Head,466.9158,81.29695,0.75045276,0.10408302,-0.3636709,-0.068519585
87,Neck,466.9158,130.4133,0.8885886,0.10121134,-0.25590658,-0.037828926
87,Hip,479.77655,234.78554,0.7963782,0.12233479,-0.019227132,-0.0008902096
87,LBigToe,460.4854,394.41367,0.83721334,,,
87,RBigToe,499.06772,345.29733,0.2897672,,,
87,LSmallToe,466.9158,394.41367,0.80187637,,,
87,RSmallToe,499.06772,339.15778,0.28091344,,,
87,LHeel,489.42215,388.27414,0.79561883,,,
87,RHeel,499.06772,308.46005,0.39045107,,,
88,Nose,466.7094,112.44192,0.9343182,,,
88,LEye,470.00018,106.32108,0.89124006,,,
88,REye,463.41867,106.32108,0.91663134,,,
88,LEar,476.58167,118.56275,0.8314842,,,
88,REar,456.83716,106.32108,0.8850367,,,
88,LShoulder,489.7447,143.0461,0.76352835,0.15350586,-0.22439097,-0.0801646
88,RShoulder,446.96487,143.0461,0.6094462,0.056207247,-0.23861904,0.020790873
88,LElbow,529.23376,155.28777,0.6049019,0.25104305,-0.20151156,-0.022621712
88,RElbow,427.22034,167.52943,0.45053005,-0.0025091434,-0.19304459,0.11383244
88,LWrist,516.07074,192.01279,0.5447653,0.2538789,-0.18601148,-0.0894668
88,RWrist,443.67413,216.49612,0.50313854,0.00054571475,-0.14435276,0.089508824
88,LHip,489.7447,234.85863,0.737638,0.15054813,-0.023255397,-0.047065668
88,RHip,460.1279,240.97946,0.8009744,0.08579611,-0.012659244,0.048683435
88,LKnee,470.00018,296.067,0.84350115,0.09906426,0.13677335,-0.1441395
88,RKnee,420.63882,283.82532,0.7631143,-0.017567912,0.10924722,-0.059087142
88,LAnkle,483.16318,375.63785,0.8017437,0.12897107,0.32173327,-0.041768845
88,RAnkle,479.87244,381.7587,0.15706813,0.13663134,0.19880207,0.044752568
88,Head,466.7094,87.95857,0.75212306,0.10198605,-0.36377504,-0.07020379
88,Neck,463.41867,130.80443,0.8277534,0.09796631,-0.25630295,-0.03984607
88,Hip,473.29092,234.85863,0.8400248,0.11558981,-0.019143758,-0.00087949215
88,LBigToe,460.1279,394.00037,0.7071542,,,
88,RBigToe,466.7094,394.00037,0.16184695,,,
88,LSmallToe,466.7094,394.00037,0.74872345,,,
88,RSmallToe,466.7094,394.00037,0.15747462,,,
88,LHeel,489.7447,387.87952,0.8619629,,,
88,RHeel,466.7094,283.82532,0.12246684,,,
89,Nose,463.87405,111.178474,0.8777601,,,
89,LEye,470.43735,105.02816,0.8643633,,,
89,REye,463.87405,105.02816,0.88929605,,,
89,LEar,477.00064,117.32879,0.78066534,,,
89,REar,454.02914,111.178474,0.8126918,,,
89,LShoulder,490.1272,141.93005,0.79512084,0.14996696,-0.22563225,-0.08172455
89,RShoulder,450.7475,141.93005,0.6574619,0.052641254,-0.24139015,0.019256363
89,LElbow,526.2253,154.23068,0.6376339,0.24727842,-0.20160162,-0.023455571
89,RElbow,424.49432,166.53131,0.5067538,-0.004692275,-0.19679679,0.11236293
89,LWrist,536.07025,160.381,0.44946903,0.25037268,-0.18943639,-0.09187552
89,RWrist,424.49432,184.98227,0.54692805,-0.0077352263,-0.15020593,0.08713781
89,LHip,483.56393,234.1848,0.73423475,0.14323537,-0.023478214,-0.047232322
89,RHip,457.3108,240.33511,0.78335166,0.07893904,-0.015495723,0.04912401
89,LKnee,467.1557,295.68796,0.8294813,0.09212237,0.13701205,-0.1427081
89,RKnee,417.93106,283.38733,0.79942524,-0.025490312,0.10711692,-0.057173513
89,LAnkle,483.56393,375.64206,0.82691354,0.12411533,0.32121375,-0.039352283
89,RAnkle,460.5924,283.38733,0.27413294,0.12750675,0.18867995,0.052559726
89,Head,470.43735,86.57721,0.62151307,0.10026727,-0.3653596,-0.07199875
89,Neck,467.1557,135.77974,0.83203965,0.09485951,-0.258178,-0.041322574
89,Hip,470.43735,234.1848,0.8446701,0.108467385,-0.02076096,-0.0009158666
89,LBigToe,460.5924,394.09302,0.824944,,,
89,RBigToe,460.5924,326.43954,0.0844251,,,
89,LSmallToe,467.1557,394.09302,0.77473265,,,
89,RSmallToe,463.87405,301.83826,0.08237966,,,
89,LHeel,490.1272,387.9427,0.87851703,,,
89,RHeel,463.87405,283.38733,0.18985105,,,
90,Nose,466.8877,110.13965,0.902932,,,
90,LEye,470.1861,103.95169,0.8786153,,,
90,REye,463.5893,103.95169,0.86276025,,,
90,LEar,480.0813,116.32761,0.8279061,,,
90,REar,453.69412,103.95169,0.8281379,,,
90,LShoulder,486.6781,141.07942,0.8360731,0.14601012,-0.22858904,-0.08297178
90,RShoulder,450.39572,134.89146,0.67243606,0.0486113,-0.24559674,0.017617498
90,LElbow,516.36365,147.26738,0.7921006,0.24261361,-0.20441751,-0.024409497
90,RElbow,427.30692,147.26738,0.50432205,-0.007171791,-0.20105633,0.11029307
90,LWrist,532.85565,153.45534,0.76640165,0.2470613,-0.19221884,-0.09259312
90,RWrist,424.00854,184.39511,0.6070337,-0.015049666,-0.15488084,0.08525758
90,LHip,483.3797,233.89876,0.78978485,0.1361138,-0.025509628,-0.047396205
90,RHip,456.9925,233.89876,0.7493222,0.07228187,-0.020582132,0.049315616
90,LKnee,463.5893,295.7783,0.8565406,0.08466901,0.13604154,-0.14079213
90,RKnee,414.11334,283.4024,0.8123993,-0.031560212,0.10605769,-0.055601858
90,LAnkle,480.0813,376.2217,0.8226513,0.11786052,0.32028756,-0.038601935
90,RAnkle,460.2909,283.4024,0.16101004,0.120360784,0.18317701,0.06032333
90,Head,470.1861,79.199875,0.6093678,0.09828344,-0.3683435,-0.07437088
90,Neck,466.8877,128.70352,0.79217607,0.091206715,-0.26167494,-0.043178342
90,Hip,470.1861,227.7108,0.818599,0.101563625,-0.024318213,-0.001055317
90,LBigToe,456.9925,394.78558,0.79527104,,,
90,RBigToe,463.5893,394.78558,0.064170174,,,
90,LSmallToe,463.5893,394.78558,0.822746,,,
90,RSmallToe,456.9925,376.2217,0.059777565,,,
90,LHeel,489.9765,382.40967,0.82542056,,,
90,RHeel,489.9765,295.7783,0.22783968,,,
91,Nose,464.05182,108.61018,0.86777157,,,
91,LEye,470.64594,102.37699,0.88385165,,,
91,REye,460.75476,102.37699,0.81812227,,,
91,LEar,477.24005,114.84337,0.8551635,,,
91,REar,454.16064,102.37699,0.77319986,,,
91,LShoulder,487.13123,139.77612,0.77649826,0.14196166,-0.23033144,-0.083972715
91,RShoulder,450.86356,139.77612,0.6158903,0.04462281,-0.24861673,0.016040005
91,LElbow,520.10187,152.2425,0.72372085,0.23798314,-0.20509635,-0.023291528
91,RElbow,424.4871,164.70888,0.48155585,-0.0099709965,-0.20372196,0.1098038
91,LWrist,533.2901,158.4757,0.44477716,0.24225478,-0.19333068,-0.08988706
91,RWrist,421.19,177.17525,0.44320947,-0.02158984,-0.15862542,0.08585063
91,LHip,480.5371,233.27396,0.7784375,0.12914543,-0.026871337,-0.047323555
91,RHip,460.75476,233.27396,0.69081146,0.065595716,-0.02402948,0.049455695
91,LKnee,457.4577,295.60583,0.88321644,0.07721423,0.13494994,-0.13991702
91,RKnee,414.5959,283.13947,0.71273047,-0.03588196,0.10767631,-0.054848857
91,LAnkle,477.24005,376.63727,0.7993883,0.11079411,0.31939778,-0.038154688
91,RAnkle,454.16064,283.13947,0.161196,0.11598533,0.17825633,0.0693836
91,Head,470.64594,83.67743,0.6010801,0.095881805,-0.37019876,-0.076067366
91,Neck,467.34888,127.309746,0.74546874,0.08745009,-0.26394933,-0.044965576
91,Hip,470.64594,227.04076,0.7940006,0.094874404,-0.026787106,-0.0010822215
91,LBigToe,457.4577,395.33685,0.7980511,,,
91,RBigToe,460.75476,395.33685,0.05747694,,,
91,LSmallToe,464.05182,395.33685,0.7821377,,,
91,RSmallToe,460.75476,395.33685,0.056044642,,,
91,LHeel,487.13123,382.87048,0.84921366,,,
91,RHeel,454.16064,283.13947,0.0922069,,,
92,Nose,462.90036,107.873474,0.9072704,,,
92,LEye,469.46863,107.873474,0.8838472,,,
92,REye,459.61624,101.63319,0.8707906,,,
92,LEar,476.03687,114.11376,0.8174737,,,
92,REar,453.048,101.63319,0.7988554,,,
92,LShoulder,485.88922,139.07492,0.8229273,0.13754413,-0.23143613,-0.08465422
92,RShoulder,446.47977,139.07492,0.7787368,0.040590268,-0.25134766,0.014499562
92,LElbow,515.4463,145.3152,0.7689201,0.23319843,-0.20660932,-0.023880813
92,RElbow,423.49094,164.03607,0.5899486,-0.012205742,-0.20646487,0.10908578
92,LWrist,528.58276,157.79578,0.70754766,0.23710853,-0.19287364,-0.08553946
92,RWrist,420.20682,176.51663,0.72156465,-0.027683498,-0.16241612,0.086085625
92,LHip,476.03687,232.67923,0.8470041,0.122149535,-0.027756572,-0.047105215
92,RHip,449.7639,232.67923,0.82370025,0.058335036,-0.026519574,0.049326383
92,LKnee,456.33212,295.0821,0.8899889,0.07032586,0.13425414,-0.13913085
92,RKnee,410.35446,282.60153,0.805536,-0.038008235,0.111521795,-0.05409445
92,LAnkle,472.75275,376.20584,0.8960508,0.10180963,0.3187712,-0.036952198
92,RAnkle,449.7639,282.60153,0.40187576,0.11316517,0.17453784,0.07845451
92,Head,469.46863,82.91233,0.64043784,0.093260616,-0.37174293,-0.07761843
92,Neck,462.90036,126.59434,0.8516233,0.08352775,-0.26579773,-0.046566747
92,Hip,462.90036,226.43893,0.8623654,0.08798519,-0.028625362,-0.0010922919
92,LBigToe,456.33212,394.9267,0.8307958,,,
92,RBigToe,459.61624,394.9267,0.16195063,,,
92,LSmallToe,462.90036,394.9267,0.77190876,,,
92,RSmallToe,456.33212,382.44614,0.16142708,,,
92,LHeel,479.32098,382.44614,0.8053075,,,
92,RHeel,453.048,276.36124,0.20207079,,,
93,Nose,461.36792,107.37694,0.92134964,,,
93,LEye,464.6438,107.37694,0.86716217,,,
93,REye,458.09207,101.12093,0.8964502,,,
93,LEar,474.47137,113.63294,0.79637176,,,
93,REar,448.26447,107.37694,0.8355698,,,
93,LShoulder,481.0231,138.65695,0.8230423,0.13315608,-0.23143113,-0.085043766
93,RShoulder,444.98862,138.65695,0.6910349,0.036632188,-0.2532028,0.013195228
93,LElbow,510.50586,144.91295,0.7833712,0.22817835,-0.20553955,-0.023856943
93,RElbow,422.0576,163.68097,0.51474917,-0.014643852,-0.20889188,0.10823976
93,LWrist,526.8852,151.16896,0.7074442,0.23096003,-0.19035654,-0.08314779
93,RWrist,418.7817,169.93697,0.34722766,-0.033056054,-0.16488232,0.086605944
93,LHip,474.47137,232.497,0.80472624,0.115484536,-0.028182568,-0.046899337
93,RHip,448.26447,232.497,0.7793137,0.051058084,-0.027789362,0.048974104
93,LKnee,451.54034,295.05704,0.88327235,0.06355931,0.13397719,-0.13862905
93,RKnee,412.22998,288.80103,0.6838607,-0.039494596,0.116328225,-0.053683907
93,LAnkle,464.6438,376.38507,0.8491436,0.09035371,0.3185241,-0.035883497
93,RAnkle,464.6438,370.12906,0.5596377,0.109691724,0.1718656,0.085336775
93,Head,464.6438,82.35293,0.6118804,0.09017234,-0.372612,-0.079129495
93,Neck,461.36792,132.40096,0.8136789,0.079540975,-0.26669222,-0.048110113
93,Hip,461.36792,226.241,0.8448956,0.0812795,-0.02970703,-0.0010662742
93,LBigToe,448.26447,395.15308,0.87189853,,,
93,RBigToe,451.54034,388.89706,0.52919334,,,
93,LSmallToe,454.8162,395.15308,0.83519053,,,
93,RSmallToe,451.54034,388.89706,0.5055133,,,
93,LHeel,471.1955,382.64105,0.7836874,,,
93,RHeel,464.6438,376.38507,0.4742799,,,
94,Nose,460.10236,112.849106,0.9064373,,,
94,LEye,463.33362,106.598236,0.8949266,,,
94,REye,456.87106,100.34736,0.91978335,,,
94,LEar,469.79617,112.849106,0.7863684,,,
94,REar,447.17725,100.34736,0.8474396,,,
94,LShoulder,479.49,144.10349,0.7859303,0.12850016,-0.23069288,-0.08512047
94,RShoulder,440.71472,137.8526,0.7216317,0.03258569,-0.25447202,0.011896819
94,LElbow,508.57144,150.35435,0.76993185,0.22315584,-0.2030293,-0.022683382
94,RElbow,414.8645,144.10349,0.5790499,-0.01669482,-0.21084324,0.1072574
94,LWrist,527.9591,156.60522,0.61605215,0.22362566,-0.18573916,-0.079307504
94,RWrist,411.63324,169.10698,0.5489131,-0.038532555,-0.16620815,0.08703818
94,LHip,469.79617,231.61572,0.7852116,0.10869308,-0.028191974,-0.046694346
94,RHip,443.94598,231.61572,0.75459826,0.043758623,-0.028460555,0.048643254
94,LKnee,450.40854,294.12445,0.7960114,0.05758178,0.13412462,-0.13817838
94,RKnee,411.63324,294.12445,0.76920456,-0.04039789,0.12103489,-0.052615177
94,LAnkle,456.87106,375.38583,0.8260534,0.07695127,0.3186196,-0.034172267
94,RAnkle,456.87106,375.38583,0.3991146,0.10842939,0.16917603,0.09143869
94,Head,460.10236,81.594734,0.6663973,0.08695826,-0.3729911,-0.08046026
94,Neck,456.87106,125.35086,0.8223124,0.075333975,-0.26718065,-0.04938011
94,Hip,460.10236,225.36485,0.803488,0.07449233,-0.030201497,-0.0010690452
94,LBigToe,440.71472,394.13846,0.7881853,,,
94,RBigToe,443.94598,387.88757,0.28781253,,,
94,LSmallToe,443.94598,394.13846,0.782416,,,
94,RSmallToe,443.94598,381.63672,0.31318054,,,
94,LHeel,463.33362,381.63672,0.7964765,,,
94,RHeel,463.33362,381.63672,0.24102049,,,
95,Nose,458.56366,114.09157,0.9046439,,,
95,LEye,464.95953,107.80774,0.90839696,,,
95,REye,455.36572,101.52392,0.9258034,,,
95,LEar,471.35538,114.09157,0.76624596,,,
95,REar,445.77194,101.52392,0.88906664,,,
95,LShoulder,477.75122,139.22688,0.79494375,0.12350097,-0.22907427,-0.084758
95,RShoulder,439.3761,132.94305,0.7044158,0.028481802,-0.25470743,0.010652682
95,LElbow,506.5326,151.79454,0.8338416,0.21804583,-0.19974951,-0.022185275
95,RElbow,410.59473,145.51071,0.56543094,-0.019946923,-0.21093328,0.10716778
95,LWrist,525.72015,158.07837,0.81744486,0.21504915,-0.17922963,-0.07440506
95,RWrist,410.59473,170.64601,0.4629536,-0.043574072,-0.16658966,0.08915232
95,LHip,468.15744,233.4843,0.75809723,0.10207176,-0.027322382,-0.046556074
95,RHip,442.574,227.20047,0.7073037,0.03672601,-0.02788249,0.048503518
95,LKnee,448.96988,296.32257,0.7774482,0.052296594,0.1348083,-0.13817911
95,RKnee,410.59473,296.32257,0.8352905,-0.041751567,0.12521085,-0.051888295
95,LAnkle,448.96988,371.7285,0.7682341,0.063859716,0.31944302,-0.032747425
95,RAnkle,445.77194,296.32257,0.35844743,0.107366145,0.1663911,0.095746554
95,Head,461.7616,76.3886,0.80145717,0.08365711,-0.3724037,-0.081399195
95,Neck,455.36572,126.659225,0.8823119,0.07101253,-0.26659334,-0.05024125
95,Hip,455.36572,227.20047,0.7633612,0.06781891,-0.029485684,-0.0010711255
95,LBigToe,432.98022,396.8638,0.86574584,,,
95,RBigToe,439.3761,359.16083,0.13895977,,,
95,LSmallToe,439.3761,396.8638,0.81257457,,,
95,RSmallToe,439.3761,359.16083,0.12008668,,,
95,LHeel,455.36572,384.29614,0.7929529,,,
95,RHeel,445.77194,283.7549,0.24869433,,,
96,Nose,456.36148,110.238785,0.89490694,,,
96,LEye,462.70953,110.238785,0.90228415,,,
96,REye,453.18747,104.00273,0.91282743,,,
96,LEar,469.0576,116.47483,0.80612457,,,
96,REar,446.83942,104.00273,0.88171613,,,
96,LShoulder,475.4056,141.41902,0.7946705,0.118131235,-0.22575529,-0.084733374
96,RShoulder,437.31738,135.18298,0.7314506,0.024243496,-0.25360805,0.009368961
96,LElbow,507.1458,153.89113,0.74881524,0.21290669,-0.19511302,-0.022351861
96,RElbow,408.7512,153.89113,0.63182867,-0.024270134,-0.20976014,0.1070584
96,LWrist,526.18994,166.36322,0.3926449,0.20519242,-0.17051087,-0.0695217
96,RWrist,408.7512,178.83531,0.4995442,-0.048238244,-0.16618545,0.090620734
96,LHip,465.88354,234.95975,0.79146993,0.095604084,-0.025536053,-0.046381786
96,RHip,440.4914,234.95975,0.73608613,0.030108113,-0.026136119,0.04859082
96,LKnee,446.83942,297.32022,0.8124723,0.047311507,0.13615735,-0.13842902
96,RKnee,437.31738,303.55627,0.44044897,-0.044536717,0.1288837,-0.05113899
96,LAnkle,443.6654,378.38885,0.8423777,0.05465402,0.3205472,-0.031821195
96,RAnkle,440.4914,372.1528,0.47849074,0.10424195,0.16467346,0.09835971
96,Head,462.70953,79.05854,0.8146874,0.079988584,-0.37087968,-0.082200296
96,Neck,453.18747,128.94693,0.8445843,0.06636317,-0.26484564,-0.051325314
96,Hip,453.18747,228.7237,0.8038737,0.061281115,-0.02757746,-0.0010997544
96,LBigToe,430.96933,397.09702,0.91205525,,,
96,RBigToe,434.14334,378.38885,0.27916783,,,
96,LSmallToe,434.14334,397.09702,0.8389847,,,
96,RSmallToe,430.96933,378.38885,0.2851677,,,
96,LHeel,450.01346,390.86096,0.822562,,,
96,RHeel,443.6654,378.38885,0.19809464,,,
97,Nose,456.63174,116.513664,0.9009934,,,
97,LEye,459.7586,104.03421,0.8960539,,,
97,REye,453.50485,104.03421,0.9088064,,,
97,LEar,466.01236,116.513664,0.74670315,,,
97,REar,444.12424,104.03421,0.88053495,,,
97,LShoulder,472.2661,141.47258,0.7600128,0.11265629,-0.22193407,-0.084655106
97,RShoulder,434.74362,135.23285,0.674775,0.020110574,-0.25206816,0.00788571
97,LElbow,503.53485,153.95203,0.764322,0.20733367,-0.18988125,-0.022122683
97,RElbow,409.72864,147.71231,0.45451182,-0.029180842,-0.2079084,0.10624587
97,LWrist,525.423,160.19176,0.40179232,0.19508123,-0.1610197,-0.06348601
97,RWrist,409.72864,172.67122,0.4550156,-0.052136518,-0.16473404,0.091749765
97,LHip,462.88547,235.0685,0.7509294,0.08918796,-0.023675201,-0.04632485
97,RHip,437.87048,235.0685,0.72292274,0.02397008,-0.02419899,0.048710883
97,LKnee,444.12424,291.22604,0.7656224,0.042641554,0.13767748,-0.13827033
97,RKnee,409.72864,297.4658,0.6728721,-0.047834232,0.13184476,-0.05029263
97,LAnkle,444.12424,378.58224,0.7698437,0.048538342,0.32112095,-0.03030339
97,RAnkle,440.99738,297.4658,0.4437424,0.10143143,0.1645673,0.098952465
97,Head,456.63174,79.075294,0.7270926,0.075920045,-0.36898115,-0.08341335
97,Neck,450.378,128.99312,0.8047229,0.061817188,-0.2627977,-0.052493922
97,Hip,450.378,228.82878,0.7887357,0.055066135,-0.025505407,-0.0011104129
97,LBigToe,428.48987,397.30145,0.8880488,,,
97,RBigToe,431.61673,366.1028,0.12943949,,,
97,LSmallToe,434.74362,397.30145,0.8484488,,,
97,RSmallToe,428.48987,378.58224,0.08299133,,,
97,LHeel,450.378,391.0617,0.8536341,,,
97,RHeel,466.01236,291.22604,0.25509745,,,
98,Nose,454.15317,117.66574,0.9110581,,,
98,LEye,460.37137,111.45636,0.907848,,,
98,REye,451.04407,105.24699,0.9134483,,,
98,LEar,466.58957,117.66574,0.7992746,,,
98,REar,444.82587,105.24699,0.8404797,,,
98,LShoulder,469.69867,148.71263,0.7708223,0.107187256,-0.21744885,-0.0844873
98,RShoulder,432.38943,136.29387,0.6863263,0.01598474,-0.24991538,0.0070271697
98,LElbow,503.8988,161.13138,0.7196673,0.20164251,-0.18349409,-0.021349115
98,RElbow,401.2984,167.34076,0.62798846,-0.035372112,-0.20480241,0.10518095
98,LWrist,488.3533,198.38765,0.3133353,0.1836496,-0.15137115,-0.058735885
98,RWrist,413.73483,204.59702,0.44178545,-0.05601333,-0.16212304,0.09246283
98,LHip,457.26227,235.6439,0.77616304,0.08289534,-0.021642169,-0.046271145
98,RHip,432.38943,235.6439,0.7672572,0.018427838,-0.02204383,0.048941474
98,LKnee,441.71674,297.73767,0.80142033,0.03902714,0.13976972,-0.13921909
98,RKnee,410.62573,297.73767,0.73944193,-0.05229523,0.13355507,-0.05079139
98,LAnkle,441.71674,378.4596,0.82831615,0.044608247,0.32149222,-0.028925389
98,RAnkle,438.60764,297.73767,0.5384661,0.09681494,0.16542742,0.098779626
98,Head,457.26227,80.40948,0.7646157,0.071720414,-0.36662716,-0.08410243
98,Neck,451.04407,130.08449,0.8194129,0.057390884,-0.26026267,-0.0533024
98,Hip,444.82587,229.43452,0.806708,0.04894588,-0.023222616,-0.0011444632
98,LBigToe,429.28033,397.0877,0.8875791,,,
98,RBigToe,432.38943,334.99393,0.15341464,,,
98,LSmallToe,435.49854,397.0877,0.856211,,,
98,RSmallToe,432.38943,316.3658,0.13490303,,,
98,LHeel,447.93497,390.87833,0.91793734,,,
98,RHeel,463.48047,291.5283,0.31233388,,,
99,Nose,452.23123,119.18178,0.9088059,,,
99,LEye,458.4469,113.00259,0.90376765,,,
99,REye,449.1234,106.823395,0.91255516,,,
99,LEar,464.66257,119.18178,0.83850634,,,
99,REar,442.90775,106.823395,0.83196324,,,
99,LShoulder,470.87823,150.07773,0.76997685,0.101852134,-0.2140524,-0.0843774
99,RShoulder,433.58423,137.71935,0.7735403,0.011966392,-0.24824958,0.0064669494
99,LElbow,501.95657,162.43611,0.70184875,0.19594064,-0.17964607,-0.020476937
99,RElbow,402.5059,156.25693,0.5626655,-0.040101156,-0.20394473,0.1043976
99,LWrist,523.71136,168.61531,0.27941847,0.17388228,-0.1443064,-0.05673685
99,RWrist,402.5059,168.61531,0.3363157,-0.059575677,-0.1595729,0.09056533
99,LHip,455.33905,236.58641,0.76836485,0.077382654,-0.019865867,-0.04635767
99,RHip,430.4764,236.58641,0.7662374,0.013739425,-0.02039198,0.049217157
99,LKnee,442.90775,292.19913,0.84072566,0.035585925,0.14171602,-0.13950302
99,RKnee,405.61374,298.37833,0.71219736,-0.05759536,0.13401671,-0.05090387
99,LAnkle,442.90775,378.70782,0.8404766,0.042329147,0.32166255,-0.027476212
99,RAnkle,439.7999,298.37833,0.5725087,0.09117167,0.16814683,0.09829483
99,Head,455.33905,82.10663,0.79084104,0.0672743,-0.36454347,-0.0847351
99,Neck,449.1234,131.54016,0.83151025,0.052936517,-0.2580821,-0.05384997
99,Hip,442.90775,230.40723,0.78778464,0.043719664,-0.02128918,-0.001106757
99,LBigToe,427.36856,391.0662,0.8571292,,,
99,RBigToe,433.58423,353.99106,0.17784059,,,
99,LSmallToe,433.58423,397.2454,0.8769201,,,
99,RSmallToe,433.58423,353.99106,0.16125028,,,
99,LHeel,449.1234,391.0662,0.91381115,,,
99,RHeel,455.33905,292.19913,0.3387264,,,
100,Nose,450.10907,114.253944,0.93313134,,,
100,LEye,456.3643,108.0985,0.91341484,,,
100,REye,450.10907,108.0985,0.89046264,,,
100,LEar,462.61948,120.40938,0.8820716,,,
100,REar,440.7263,108.0985,0.7738476,,,
100,LShoulder,465.74707,151.18655,0.7725705,0.09661629,-0.2119043,-0.08448868
100,RShoulder,428.21588,138.87569,0.6645629,0.0073778983,-0.2472585,0.0059411554
100,LElbow,500.1507,163.49744,0.7113421,0.1901982,-0.17743121,-0.02004986
100,RElbow,400.06747,151.18655,0.46585998,-0.0453743,-0.20375119,0.103693105
100,LWrist,522.0439,163.49744,0.30236778,0.16299407,-0.13800253,-0.055425595
100,RWrist,406.32266,206.58548,0.2869617,-0.06274599,-0.15678258,0.088386804
100,LHip,456.3643,237.36266,0.7529678,0.07244184,-0.01858959,-0.04650166
100,RHip,431.34348,237.36266,0.7065167,0.00961159,-0.01960281,0.049382146
100,LKnee,440.7263,292.7616,0.7527597,0.032279182,0.14367542,-0.13972896
100,RKnee,403.19507,305.07245,0.61255395,-0.06348209,0.13312314,-0.052049126
100,LAnkle,440.7263,378.93768,0.87647015,0.040746596,0.3216364,-0.025930792
100,RAnkle,459.49188,292.7616,0.4042289,0.0842947,0.17273098,0.09674894
100,Head,456.3643,89.6322,0.7851586,0.062441066,-0.36304417,-0.08566981
100,Neck,446.98148,132.72025,0.7837641,0.04819288,-0.25672346,-0.054350853
100,Hip,443.85388,231.20723,0.7990645,0.039143138,-0.02008399,-0.001044079
100,LBigToe,428.21588,397.404,0.8810244,,,
100,RBigToe,462.61948,305.07245,0.26529872,,,
100,LSmallToe,434.47107,397.404,0.9228784,,,
100,RSmallToe,462.61948,305.07245,0.38137284,,,
100,LHeel,446.98148,391.24857,0.94580513,,,
100,RHeel,462.61948,286.60614,0.7103894,,,
101,Nose,449.64642,114.09819,0.842757,,,
101,LEye,452.71527,107.949585,0.81416714,,,
101,REye,446.57755,107.949585,0.88915783,,,
101,LEar,458.85297,114.09819,0.72498715,,,
101,REar,440.43985,107.949585,0.8646457,,,
101,LShoulder,464.99066,150.98984,0.6997278,0.09150919,-0.21145566,-0.08476149
101,RShoulder,428.16446,138.69263,0.53859055,0.0024985985,-0.2472858,0.005516179
101,LElbow,495.67917,163.28706,0.7019031,0.18448114,-0.17691284,-0.019936126
101,RElbow,394.4071,175.58427,0.55607104,-0.05113203,-0.2041781,0.10277063
101,LWrist,511.0234,169.43567,0.46137446,0.15298423,-0.1328112,-0.054619398
101,RWrist,406.6825,206.32732,0.37843692,-0.066198856,-0.15416491,0.085023336
101,LHip,452.71527,237.07036,0.72190696,0.06724213,-0.01815253,-0.04672744
101,RHip,428.16446,237.07036,0.6284914,0.005257054,-0.020199496,0.049449507
101,LKnee,440.43985,304.70505,0.786802,0.029324632,0.14544775,-0.13905846
101,RKnee,403.61365,298.55643,0.39556885,-0.06933681,0.13080476,-0.05375151
101,LAnkle,443.5087,378.48834,0.8257521,0.04023906,0.321268,-0.024029957
101,RAnkle,434.30215,298.55643,0.2244166,0.07563138,0.17828645,0.09484366
101,Head,449.64642,89.50376,0.74413806,0.05740402,-0.3629697,-0.08708041
101,Neck,443.5087,126.39541,0.6802292,0.043305315,-0.25671795,-0.05480536
101,Hip,440.43985,230.92175,0.7314347,0.034440503,-0.020005211,-0.0010425646
101,LBigToe,428.16446,396.93417,0.8977032,,,
101,RBigToe,486.4726,329.29947,0.41367066,,,
101,LSmallToe,434.30215,396.93417,0.8670535,,,
101,RSmallToe,486.4726,323.15088,0.40339056,,,
101,LHeel,446.57755,390.78555,0.841637,,,
101,RHeel,461.9218,292.40784,0.38337645,,,
102,Nose,447.73297,114.36013,0.8752156,,,
102,LEye,450.77496,108.20684,0.8541421,,,
102,REye,444.69098,108.20684,0.9242358,,,
102,LEar,456.85895,114.36013,0.7000877,,,
102,REar,435.565,108.20684,0.9272696,,,
102,LShoulder,459.90094,151.27989,0.7476905,0.08652972,-0.21214487,-0.08532233
102,RShoulder,423.39703,138.97331,0.6711234,-0.002499495,-0.2480376,0.0048186034
102,LElbow,493.36285,163.58647,0.64090043,0.17894642,-0.17770466,-0.019301627
102,RElbow,392.9771,169.73978,0.4846264,-0.056503855,-0.20556733,0.10185402
102,LWrist,508.5728,169.73978,0.4560108,0.14340839,-0.12871018,-0.05424466
102,RWrist,408.18707,212.81282,0.40912735,-0.0693572,-0.15253864,0.07995603
102,LHip,450.77496,237.426,0.7632522,0.062133104,-0.018132979,-0.04684734
102,RHip,426.43903,237.426,0.7222372,0.0006097562,-0.021367492,0.049447313
102,LKnee,441.649,298.95892,0.7919715,0.025543801,0.14639203,-0.1382106
102,RKnee,399.0611,298.95892,0.72866076,-0.07486859,0.12802283,-0.05515264
102,LAnkle,441.649,378.95175,0.85044307,0.039762177,0.3206172,-0.022670332
102,RAnkle,432.523,292.80563,0.36547264,0.06591813,0.18542309,0.09293441
102,Head,447.73297,83.593666,0.85107565,0.052623134,-0.36363107,-0.0886151
102,Neck,441.649,132.82,0.8131242,0.038456097,-0.25735497,-0.055422388
102,Hip,438.607,231.2727,0.7791315,0.029663153,-0.020449743,-0.0010028733
102,LBigToe,429.48102,397.41162,0.9165925,,,
102,RBigToe,432.523,329.7254,0.10744575,,,
102,LSmallToe,432.523,397.41162,0.88398784,,,
102,RSmallToe,456.85895,311.26553,0.09579483,,,
102,LHeel,447.73297,391.25833,0.8675784,,,
102,RHeel,459.90094,298.95892,0.54213715,,,
103,Nose,446.73505,113.89737,0.885283,,,
103,LEye,452.91455,107.74425,0.868785,,,
103,REye,443.64526,107.74425,0.9027317,,,
103,LEar,456.00433,120.05049,0.8001072,,,
103,REar,437.46573,107.74425,0.8469258,,,
103,LShoulder,459.0941,144.66298,0.7551504,0.08170116,-0.21354502,-0.086136244
103,RShoulder,425.1067,138.50986,0.73901606,-0.0074751396,-0.24933043,0.00409593
103,LElbow,493.08148,163.12234,0.690897,0.17375943,-0.17957024,-0.01844354
103,RElbow,397.29883,144.66298,0.43379444,-0.06119532,-0.20773582,0.10130632
103,LWrist,508.5303,169.27547,0.4373357,0.13447338,-0.12511756,-0.052934483
103,RWrist,403.47833,206.1942,0.38609692,-0.072358266,-0.15090995,0.07490906
103,LHip,449.8248,236.95981,0.8003502,0.05700343,-0.01841779,-0.0469189
103,RHip,428.19644,236.95981,0.75972015,-0.0042066257,-0.023050023,0.049431577
103,LKnee,437.46573,298.49103,0.84069073,0.020869637,0.14691068,-0.13742468
103,RKnee,397.29883,292.3379,0.77965695,-0.0801823,0.12461941,-0.055795968
103,LAnkle,443.64526,378.4816,0.81821567,0.039950915,0.31963375,-0.021728957
103,RAnkle,434.37598,286.18478,0.4573016,0.055515386,0.19355373,0.09098287
103,Head,446.73505,83.13176,0.8109116,0.048031814,-0.364691,-0.08995797
103,Neck,443.64526,132.35674,0.81194323,0.033767708,-0.25855187,-0.05596473
103,Hip,437.46573,230.80669,0.80809754,0.024783252,-0.021358334,-0.0009392968
103,LBigToe,428.19644,396.94098,0.91468054,,,
103,RBigToe,452.91455,310.79727,0.14686334,,,
103,LSmallToe,431.28622,396.94098,0.9027363,,,
103,RSmallToe,449.8248,304.64413,0.20680174,,,
103,LHeel,449.8248,390.78784,0.8481687,,,
103,RHeel,456.00433,292.3379,0.6019767,,,
104,Nose,442.2518,118.47217,0.8876648,,,
104,LEye,445.3565,112.29519,0.91342217,,,
104,REye,439.14706,106.11821,0.8917351,,,
104,LEar,451.56595,118.47217,0.7864769,,,
104,REar,432.93762,106.11821,0.88199455,,,
104,LShoulder,454.67065,149.35704,0.7330692,0.07693638,-0.21493958,-0.086752065
104,RShoulder,423.62347,137.0031,0.65807617,-0.012890907,-0.2504563,0.0035499986
104,LElbow,491.9273,161.711,0.6562373,0.1687116,-0.18124472,-0.017724063
104,RElbow,392.57626,167.88797,0.4849335,-0.06807837,-0.20792317,0.1001433
104,LWrist,476.4037,192.59587,0.3336522,0.1264448,-0.12129374,-0.049469206
104,RWrist,401.89044,204.94981,0.5116061,-0.0761057,-0.14822899,0.06978757
104,LHip,445.3565,235.8347,0.77474093,0.05173763,-0.018625503,-0.046907067
104,RHip,420.51874,235.8347,0.6933408,-0.009237033,-0.0248114,0.04929108
104,LKnee,436.04236,303.78143,0.82825464,0.016074393,0.14733534,-0.13687795
104,RKnee,392.57626,291.4275,0.77532053,-0.08504232,0.12172444,-0.05573756
104,LAnkle,442.2518,377.90512,0.84975123,0.040089205,0.3185108,-0.020739501
104,RAnkle,442.2518,309.9584,0.49195287,0.04378509,0.20374142,0.088966705
104,Head,442.2518,87.58729,0.6834472,0.043618724,-0.36572802,-0.090915106
104,Neck,436.04236,130.82611,0.7481202,0.028942812,-0.2600235,-0.056383763
104,Hip,432.93762,229.65771,0.7880079,0.019729491,-0.0222919,-0.0009090889
104,LBigToe,423.62347,396.43607,0.83863974,,,
104,RBigToe,454.67065,347.02026,0.33712935,,,
104,LSmallToe,429.83292,396.43607,0.8135185,,,
104,RSmallToe,454.67065,340.8433,0.33329058,,,
104,LHeel,448.4612,390.2591,0.842371,,,
104,RHeel,454.67065,297.60446,0.71218497,,,
105,Nose,432.62836,116.993835,0.68852746,,,
105,LEye,435.6745,110.835075,0.6961117,,,
105,REye,432.62836,110.835075,0.7821755,,,
105,LEar,447.85913,116.993835,0.6345012,,,
105,REar,429.58218,110.835075,0.797304,,,
105,LShoulder,456.9976,147.78763,0.6646974,0.07251455,-0.21638922,-0.0874485
105,RShoulder,426.53604,135.47011,0.56399894,-0.018392114,-0.25148374,0.0025125623
105,LElbow,487.45917,160.10515,0.6475538,0.16344947,-0.18286815,-0.01746781
105,RElbow,386.936,153.94638,0.0675572,-0.07389259,-0.20876655,0.099206306
105,LWrist,472.2284,190.89894,0.27028933,0.11672862,-0.11779562,-0.046668954
105,RWrist,396.07446,172.42267,0.06930077,-0.07974616,-0.14534196,0.065381326
105,LHip,444.81296,234.01025,0.6873247,0.046459023,-0.018879464,-0.046882413
105,RHip,426.53604,227.8515,0.5989199,-0.014740234,-0.026185397,0.049080603
105,LKnee,432.62836,301.7566,0.8258811,0.010901261,0.14733194,-0.13683578
105,RKnee,393.02832,289.4391,0.67515844,-0.0894758,0.119580165,-0.05502563
105,LAnkle,441.7668,375.6617,0.7853853,0.03998063,0.31728265,-0.020032255
105,RAnkle,444.81296,320.23288,0.44852063,0.030529125,0.21453114,0.08620814
105,Head,432.62836,98.517555,0.64999825,0.039652884,-0.36697963,-0.09184428
105,Neck,438.72067,123.152596,0.7194819,0.02425516,-0.26136503,-0.056924246
105,Hip,435.6745,227.8515,0.7590454,0.014498914,-0.023078503,-0.0008336222
105,LBigToe,420.44373,387.97922,0.7765796,,,
105,RBigToe,432.62836,351.02667,0.30223575,,,
105,LSmallToe,423.48987,394.138,0.81154656,,,
105,RSmallToe,438.72067,351.02667,0.3283144,,,
105,LHeel,447.85913,387.97922,0.80305237,,,
105,RHeel,453.95145,314.07413,0.38073984,,,
106,Nose,440.7731,109.26183,0.8756888,,,
106,LEye,447.10632,109.26183,0.87669563,,,
106,REye,440.7731,103.103294,0.9170556,,,
106,LEar,450.27295,115.42037,0.80887914,,,
106,REar,431.27325,103.103294,0.878693,,,
106,LShoulder,453.43954,146.21309,0.7940341,0.06819801,-0.21701574,-0.087928005
106,RShoulder,418.6068,133.896,0.7487736,-0.024359865,-0.2514601,0.001712579
106,LElbow,481.93906,158.53017,0.7707192,0.15880856,-0.18358617,-0.01775296
106,RElbow,386.9407,152.37163,0.41806063,-0.080578804,-0.2085322,0.097604804
106,LWrist,500.93872,164.6887,0.41058892,0.10647527,-0.114618495,-0.046217445
106,RWrist,396.44052,201.63995,0.39103267,-0.08455229,-0.1415967,0.0616706
106,LHip,440.7731,232.43266,0.76299375,0.040534012,-0.018002544,-0.046689305
106,RHip,418.6068,232.43266,0.74516636,-0.021055723,-0.025983019,0.048901003
106,LKnee,431.27325,300.1766,0.78578866,0.005950665,0.1475475,-0.1375452
106,RKnee,390.1073,287.85953,0.82964385,-0.093360014,0.11873175,-0.053510852
106,LAnkle,440.7731,374.0791,0.78539556,0.040697124,0.31609502,-0.019273965
106,RAnkle,437.60648,318.65225,0.6473171,0.015107045,0.22596826,0.08357439
106,Head,443.93973,84.62767,0.69423074,0.035677828,-0.36762297,-0.09198104
106,Neck,437.60648,127.73746,0.8513614,0.019530073,-0.26184604,-0.05706343
106,Hip,431.27325,232.43266,0.80239165,0.008497776,-0.022606917,-0.0007669886
106,LBigToe,421.77344,386.39618,0.57488716,,,
106,RBigToe,428.10666,349.44495,0.6041499,,,
106,LSmallToe,424.94003,392.55475,0.6202202,,,
106,RSmallToe,428.10666,349.44495,0.58775324,,,
106,LHeel,447.10632,386.39618,0.81836027,,,
106,RHeel,447.10632,318.65225,0.7228664,,,
107,Nose,438.4225,109.94967,0.8955748,,,
107,LEye,444.82925,109.94967,0.8755299,,,
107,REye,435.2191,103.82473,0.9226327,,,
107,LEar,448.03265,116.074615,0.81414235,,,
107,REar,428.8123,103.82473,0.87434286,,,
107,LShoulder,451.23605,146.69933,0.7630853,0.06369633,-0.21716893,-0.08817869
107,RShoulder,415.9987,134.44945,0.7272975,-0.030980064,-0.25098294,0.00064880797
107,LElbow,483.27002,158.94922,0.7038514,0.15512778,-0.18308958,-0.018008972
107,RElbow,387.16812,140.57439,0.58951944,-0.08935252,-0.20589611,0.09553536
107,LWrist,467.25305,189.57393,0.4354329,0.09806489,-0.111658484,-0.042639464
107,RWrist,383.96472,171.1991,0.5005819,-0.08857682,-0.13399158,0.057473764
107,LHip,438.4225,232.44853,0.78624415,0.034626633,-0.017184928,-0.04647148
107,RHip,412.7953,232.44853,0.76417536,-0.027646564,-0.025788823,0.04862912
107,LKnee,428.8123,299.8229,0.8481281,0.0011079868,0.14784233,-0.13842472
107,RKnee,390.37152,287.573,0.80553186,-0.09719991,0.11898728,-0.051679567
107,LAnkle,444.82925,373.3222,0.84649724,0.041667722,0.31489328,-0.018938793
107,RAnkle,422.4055,336.57254,0.7944633,-0.0027074374,0.23828788,0.08060841
107,Head,441.62585,85.4499,0.74206644,0.031529933,-0.3678837,-0.092259355
107,Neck,432.0157,128.3245,0.79364866,0.014493569,-0.26204565,-0.05742646
107,Hip,425.6089,232.44853,0.81347257,0.002327626,-0.022089204,-0.00079665123
107,LBigToe,435.2191,379.44714,0.5171853,,,
107,RBigToe,419.2021,361.07233,0.9034898,,,
107,LSmallToe,438.4225,379.44714,0.53110784,,,
107,RSmallToe,415.9987,361.07233,0.91819704,,,
107,LHeel,451.23605,385.57208,0.8017884,,,
107,RHeel,428.8123,342.69748,0.6884872,,,
108,Nose,435.25735,109.51604,0.89328384,,,
108,LEye,441.7502,109.51604,0.87885904,,,
108,REye,435.25735,103.3907,0.9089868,,,
108,LEar,448.24304,115.64137,0.86905056,,,
108,REar,425.5181,103.3907,0.87479156,,,
108,LShoulder,451.48947,146.26805,0.803633,0.0592717,-0.21666282,-0.08814991
108,RShoulder,412.53238,134.01738,0.7582801,-0.037905663,-0.24989338,-0.00051586353
108,LElbow,490.44656,164.64406,0.7150342,0.15206689,-0.1809861,-0.01911566
108,RElbow,386.561,152.39339,0.5035808,-0.09740509,-0.2021273,0.09460356
108,LWrist,464.47516,195.27075,0.7839683,0.08913791,-0.108856305,-0.041133888
108,RWrist,393.05386,201.39609,0.4980778,-0.09249401,-0.12575106,0.056192517
108,LHip,438.50378,232.02277,0.7769017,0.028819462,-0.01611054,-0.04625409
108,RHip,409.28598,232.02277,0.77571386,-0.034272876,-0.025117444,0.04831101
108,LKnee,425.5181,299.40146,0.89418864,-0.003514686,0.1483092,-0.13944425
108,RKnee,386.561,287.1508,0.87802935,-0.10152624,0.12013511,-0.049004894
108,LAnkle,441.7502,372.90552,0.821103,0.041378506,0.31391168,-0.018322954
108,RAnkle,419.02524,342.27884,0.8539369,-0.021444554,0.25058272,0.07683174
108,Head,441.7502,85.01469,0.72026443,0.027345862,-0.36764008,-0.09252181
108,Neck,432.01093,127.892044,0.8412207,0.00936612,-0.2617775,-0.057736024
108,Hip,425.5181,232.02277,0.8381388,-0.0038581535,-0.021286037,-0.0007598542
108,LBigToe,415.7788,391.28152,0.61907285,,,
108,RBigToe,402.79312,372.90552,0.89260125,,,
108,LSmallToe,419.02524,391.28152,0.6287002,,,
108,RSmallToe,402.79312,366.78018,0.91559047,,,
108,LHeel,448.24304,385.1562,0.8204338,,,
108,RHeel,425.5181,348.40417,0.82363033,,,
109,Nose,433.1679,109.50145,0.8788543,,,
109,LEye,439.72092,109.50145,0.8709457,,,
109,REye,429.8914,103.36676,0.9112698,,,
109,LEar,446.27396,115.63615,0.8574275,,,
109,REar,423.33835,103.36676,0.8768872,,,
109,LShoulder,449.55045,146.30962,0.80566365,0.05479479,-0.21573007,-0.08768702
109,RShoulder,413.50882,134.04024,0.7908954,-0.045223266,-0.24827044,-0.0019177196
109,LElbow,482.31558,158.57901,0.73982745,0.14769,-0.17948458,-0.019613331
109,RElbow,387.29672,140.17493,0.57760894,-0.10559363,-0.197731,0.09288954
109,LWrist,462.6565,195.38718,0.8160325,0.08143623,-0.10631217,-0.039990667
109,RWrist,377.46716,164.7137,0.38163066,-0.09626107,-0.117132336,0.05439048
109,LHip,433.1679,238.33005,0.78412575,0.022696847,-0.014627995,-0.045940712
109,RHip,406.95578,232.19534,0.8291274,-0.0413204,-0.023982754,0.04789706
109,LKnee,423.33835,299.677,0.8786319,-0.00714257,0.14920735,-0.14035672
109,RKnee,387.29672,293.5423,0.8962827,-0.106106356,0.122663155,-0.04554029
109,LAnkle,442.99744,373.29333,0.82118523,0.041777566,0.31306013,-0.017348504
109,RAnkle,406.95578,348.75455,0.8185946,-0.04189523,0.26279357,0.07342469
109,Head,439.72092,84.96268,0.7206733,0.023093462,-0.3670459,-0.09259518
109,Neck,433.1679,127.90554,0.8463154,0.0040824832,-0.26098824,-0.058044806
109,Hip,420.06183,232.19534,0.8933675,-0.010379355,-0.020006381,-0.00083645177
109,LBigToe,416.78534,385.5627,0.62570393,,,
109,RBigToe,393.84973,379.42804,0.8184917,,,
109,LSmallToe,423.33835,385.5627,0.60571504,,,
109,RSmallToe,390.5732,373.29333,0.8002194,,,
109,LHeel,449.55045,385.5627,0.82131183,,,
109,RHeel,416.78534,354.88925,0.79217947,,,
110,Nose,431.6315,109.9724,0.8780749,,,
110,LEye,437.91287,103.8428,0.84578466,,,
110,REye,428.49078,103.8428,0.9022417,,,
110,LEar,444.19424,116.102005,0.82372755,,,
110,REar,419.06873,103.8428,0.87206525,,,
110,LShoulder,447.33493,146.75003,0.822169,0.05012288,-0.21441911,-0.08710676
110,RShoulder,406.50598,134.49083,0.75762594,-0.05290958,-0.24650232,-0.0036719681
110,LElbow,481.88248,165.13885,0.7611191,0.14384097,-0.17610599,-0.019722305
110,RElbow,375.09912,159.00925,0.6390066,-0.11172838,-0.19323735,0.092682466
110,LWrist,459.89767,195.78688,0.832414,0.075012,-0.10393402,-0.03966949
110,RWrist,387.66187,201.91649,0.71200204,-0.09986384,-0.10869147,0.054658003
110,LHip,431.6315,238.69412,0.77973926,0.016882168,-0.013142187,-0.045519833
110,RHip,406.50598,232.56451,0.78244275,-0.04838994,-0.022743966,0.047383726
110,LKnee,422.2094,299.99017,0.87289613,-0.0100481175,0.15049319,-0.1406954
110,RKnee,381.3805,293.86057,0.8761566,-0.11197563,0.12477736,-0.041824944
110,LAnkle,444.19424,373.54544,0.8209007,0.041485585,0.31237653,-0.015927037
110,RAnkle,397.08392,355.15662,0.84204966,-0.06306117,0.27413166,0.069816254
110,Head,431.6315,79.32437,0.76184404,0.018613163,-0.36603078,-0.093003266
110,Neck,428.49078,128.36122,0.8729114,-0.0015438551,-0.25999978,-0.058744725
110,Hip,419.06873,232.56451,0.87617433,-0.016785422,-0.018672967,-0.00083389156
110,LBigToe,422.2094,385.80466,0.5426548,,,
110,RBigToe,378.2398,379.67505,0.7337451,,,
110,LSmallToe,425.3501,385.80466,0.6202979,,,
110,RSmallToe,378.2398,373.54544,0.7550855,,,
110,LHeel,447.33493,385.80466,0.855018,,,
110,RHeel,403.3653,361.28622,0.9255308,,,
111,Nose,432.27338,116.788216,0.89582866,,,
111,LEye,435.44772,110.67709,0.8939753,,,
111,REye,429.099,104.56597,0.9223728,,,
111,LEar,441.79648,116.788216,0.8412844,,,
111,REar,419.5759,104.56597,0.86277646,,,
111,LShoulder,444.97083,147.34381,0.82942766,0.04524558,-0.21269798,-0.086508
111,RShoulder,400.52972,135.12157,0.70189697,-0.06115336,-0.24418591,-0.005939438
111,LElbow,483.0632,165.67717,0.7993457,0.14001605,-0.17291756,-0.019391386
111,RElbow,368.78607,165.67717,0.8579842,-0.12012316,-0.1867548,0.09044229
111,LWrist,457.6683,196.23276,0.83980787,0.06930752,-0.10188423,-0.039611086
111,RWrist,384.6579,202.34389,0.7903382,-0.10378345,-0.099258006,0.05372186
111,LHip,429.099,239.0106,0.77307266,0.01080201,-0.011519681,-0.045032628
111,RHip,400.52972,232.89948,0.7730264,-0.055777144,-0.021252202,0.046927743
111,LKnee,422.75027,300.1218,0.90693325,-0.012486575,0.1519886,-0.14130339
111,RKnee,381.48352,287.89957,0.9262062,-0.11885898,0.1269093,-0.037738934
111,LAnkle,441.79648,373.45523,0.81719935,0.040322922,0.3117786,-0.013978111
111,RAnkle,391.00662,361.233,0.87404084,-0.08461876,0.28407428,0.06643555
111,Head,432.27338,86.23261,0.77834004,0.014127967,-0.3645965,-0.09306512
111,Neck,425.92465,129.01045,0.86636174,-0.007553881,-0.258615,-0.059771556
111,Hip,416.40155,232.89948,0.9121516,-0.023510575,-0.017129721,-0.0008831802
111,LBigToe,419.5759,385.67746,0.62150246,,,
111,RBigToe,365.6117,385.67746,0.7750646,,,
111,LSmallToe,425.92465,385.67746,0.6043852,,,
111,RSmallToe,368.78607,379.56635,0.70283866,,,
111,LHeel,448.1452,379.56635,0.8690055,,,
111,RHeel,394.181,367.34412,0.9305007,,,
112,Nose,426.6253,117.49235,0.9403961,,,
112,LEye,433.54364,111.408104,0.9209028,,,
112,REye,423.16617,105.32386,0.91945374,,,
112,LEar,440.46198,117.49235,0.87080646,,,
112,REar,416.24783,105.32386,0.8468707,,,
112,LShoulder,443.9211,153.9978,0.8384132,0.04009399,-0.21112539,-0.08572358
112,RShoulder,398.95203,135.74507,0.68626744,-0.06938422,-0.24221745,-0.008190707
112,LElbow,481.9719,166.16629,0.85826707,0.13552862,-0.17119914,-0.018395713
112,RElbow,367.81958,166.16629,0.82605034,-0.12604713,-0.18291645,0.0893665
112,LWrist,454.2986,196.58751,0.8682263,0.064809665,-0.10069363,-0.039178774
112,RWrist,381.65622,208.756,0.772012,-0.108030595,-0.093524635,0.0533333
112,LHip,426.6253,239.17722,0.7885657,0.0049057296,-0.010102516,-0.04440203
112,RHip,398.95203,239.17722,0.79419404,-0.06326163,-0.01997235,0.046253182
112,LKnee,423.16617,300.01965,0.8539853,-0.015068648,0.15353522,-0.14182083
112,RKnee,374.73788,293.9354,0.9350329,-0.12704706,0.12964661,-0.03365398
112,LAnkle,440.46198,366.94632,0.8341399,0.0389707,0.31106293,-0.01160952
112,RAnkle,378.19705,360.8621,0.8581496,-0.106076285,0.29205212,0.06389968
112,Head,430.08447,87.07113,0.8210404,0.009382046,-0.3631331,-0.09310902
112,Neck,423.16617,129.66083,0.8676723,-0.013774533,-0.25723916,-0.0608226
112,Hip,412.78867,233.09297,0.8986488,-0.030125072,-0.015762888,-0.0009926755
112,LBigToe,416.24783,379.1148,0.644562,,,
112,RBigToe,357.44208,379.1148,0.767908,,,
112,LSmallToe,423.16617,385.19907,0.67301404,,,
112,RSmallToe,357.44208,379.1148,0.7783807,,,
112,LHeel,447.38028,379.1148,0.8732417,,,
112,RHeel,385.1154,373.03058,0.87025964,,,
113,Nose,427.92267,118.66415,0.85542774,,,
113,LEye,431.5897,112.5914,0.87496763,,,
113,REye,424.25568,106.518654,0.92244726,,,
113,LEar,435.25668,118.66415,0.8225248,,,
113,REar,413.25467,106.518654,0.84725904,,,
113,LShoulder,438.92368,149.0279,0.83655936,0.03475497,-0.21061009,-0.08488234
113,RShoulder,391.2527,136.88239,0.70216185,-0.07768884,-0.24085632,-0.0102811735
113,LElbow,479.2607,167.24612,0.8134707,0.13049805,-0.17009307,-0.016689805
113,RElbow,369.25067,167.24612,0.8232814,-0.13149586,-0.18021044,0.0886462
113,LWrist,449.92468,197.60986,0.8414639,0.061408766,-0.1000627,-0.038677536
113,RWrist,380.25168,209.75537,0.85314053,-0.112304896,-0.090630844,0.05172716
113,LHip,424.25568,240.11911,0.8080004,-0.0011263026,-0.008795243,-0.043973997
113,RHip,394.91968,234.04636,0.82786477,-0.070461415,-0.018993326,0.045526553
113,LKnee,420.58868,300.8466,0.860516,-0.018186048,0.15514058,-0.14188236
113,RKnee,372.91766,294.77383,0.91575235,-0.13590263,0.13163696,-0.029329015
113,LAnkle,442.5907,367.64682,0.83198106,0.036741666,0.31080636,-0.009403524
113,RAnkle,372.91766,367.64682,0.8725745,-0.12659173,0.2984406,0.062016476
113,Head,424.25568,88.30041,0.79228926,0.0044943513,-0.36201656,-0.093052514
113,Neck,420.58868,130.80965,0.87101054,-0.020326847,-0.256366,-0.061759897
113,Hip,409.58768,234.04636,0.90140873,-0.036771264,-0.014642965,-0.001062568
113,LBigToe,413.25467,385.86505,0.6614449,,,
113,RBigToe,347.24866,385.86505,0.8409425,,,
113,LSmallToe,420.58868,385.86505,0.65639275,,,
113,RSmallToe,347.24866,379.7923,0.8226613,,,
113,LHeel,446.2577,379.7923,0.83682966,,,
113,RHeel,376.58466,379.7923,0.8648642,,,
114,Nose,424.5079,120.1902,0.9275152,,,
114,LEye,428.29193,114.15319,0.93284076,,,
114,REye,420.72385,108.11618,0.95418894,,,
114,LEar,435.86005,120.1902,0.9106245,,,
114,REar,413.15573,108.11618,0.8546834,,,
114,LShoulder,439.6441,150.37526,0.8657556,0.029286189,-0.21025392,-0.084033035
114,RShoulder,390.45142,138.30124,0.6987273,-0.08570717,-0.23959966,-0.012027356
114,LElbow,477.48462,168.48628,0.84000665,0.12518643,-0.16978799,-0.014665807
114,RElbow,363.96304,168.48628,0.8692428,-0.13757367,-0.17779407,0.087697774
114,LWrist,450.99625,198.67134,0.8660102,0.05868455,-0.10000174,-0.03850305
114,RWrist,375.31522,204.70834,0.87235165,-0.117108464,-0.08902438,0.049423106
114,LHip,424.5079,240.93042,0.83493227,-0.0070777014,-0.0076617748,-0.043616205
114,RHip,394.23547,234.8934,0.83543,-0.07759803,-0.018164596,0.044925895
114,LKnee,420.72385,301.3005,0.88826936,-0.021490777,0.15671256,-0.14190677
114,RKnee,367.7471,295.26352,0.8926919,-0.14579895,0.13296987,-0.025084658
114,LAnkle,439.6441,367.70764,0.8291351,0.03327133,0.31071967,-0.007111701
114,RAnkle,363.96304,367.70764,0.86902183,-0.14651696,0.30291817,0.060767695
114,Head,428.29193,90.00515,0.82565993,-0.00050202035,-0.36105123,-0.0927187
114,Neck,416.9398,132.26422,0.894284,-0.0270118,-0.2556134,-0.062497757
114,Hip,409.37167,234.8934,0.8785508,-0.043295175,-0.013677042,-0.0011310531
114,LBigToe,413.15573,385.81866,0.64910483,,,
114,RBigToe,341.25873,385.81866,0.8212578,,,
114,LSmallToe,420.72385,391.85568,0.59593314,,,
114,RSmallToe,341.25873,379.78165,0.7967296,,,
114,LHeel,447.21222,379.78165,0.7767516,,,
114,RHeel,367.7471,379.78165,0.8876188,,,
115,Nose,423.2669,114.34896,0.9231487,,,
115,LEye,427.24686,114.34896,0.8990967,,,
115,REye,419.28696,108.30737,0.9308116,,,
115,LEar,431.22678,120.39055,0.8011393,,,
115,REar,407.34714,108.30737,0.907234,,,
115,LShoulder,435.20673,150.59846,0.8630848,0.023450116,-0.21051785,-0.08282996
115,RShoulder,383.4675,138.5153,0.7384342,-0.09381799,-0.23887827,-0.013381457
115,LElbow,475.00613,168.72322,0.82344204,0.11961834,-0.17052759,-0.011943617
115,RElbow,363.56778,168.72322,0.8453427,-0.1431916,-0.17649867,0.0872151
115,LWrist,451.1265,198.93115,0.86890656,0.056036197,-0.10054225,-0.037522502
115,RWrist,375.5076,204.97273,0.8994477,-0.121596314,-0.08822374,0.047398504
115,LHip,419.28696,241.22224,0.8100706,-0.013369929,-0.0067877173,-0.043228816
115,RHip,387.44742,241.22224,0.8094114,-0.084956676,-0.017678797,0.04436353
115,LKnee,419.28696,307.6797,0.89002824,-0.025329486,0.1583998,-0.14145085
115,RKnee,359.58783,295.5965,0.89176303,-0.15623814,0.13362452,-0.021408686
115,LAnkle,439.18668,374.13712,0.84109133,0.02899422,0.3108059,-0.00459754
115,RAnkle,355.6079,368.09552,0.8950697,-0.16547789,0.30575165,0.06053348
115,Head,423.2669,84.14104,0.760239,-0.0061147483,-0.36071065,-0.09203611
115,Neck,411.3271,132.47371,0.89702326,-0.034024227,-0.2553233,-0.06287295
115,Hip,403.3672,235.18066,0.86350435,-0.05007301,-0.012971765,-0.0012461031
115,LBigToe,411.3271,386.22028,0.6332718,,,
115,RBigToe,331.72824,386.22028,0.86106324,,,
115,LSmallToe,419.28696,392.26187,0.65739787,,,
115,RSmallToe,331.72824,380.1787,0.83231026,,,
115,LHeel,447.14655,386.22028,0.83517635,,,
115,RHeel,359.58783,380.1787,0.88318485,,,
116,Nose,417.84027,119.26868,0.8981557,,,
116,LEye,426.18,113.202484,0.9390344,,,
116,REye,417.84027,107.13629,0.9094758,,,
116,LEar,430.34985,119.26868,0.85151684,,,
116,REar,405.33066,107.13629,0.9100712,,,
116,LShoulder,434.5197,149.59964,0.86476225,0.01778406,-0.21124436,-0.081489615
116,RShoulder,380.3115,137.46725,0.7059459,-0.101405345,-0.23844545,-0.014495051
116,LElbow,467.87866,161.73201,0.8229744,0.11330441,-0.17220582,-0.009095432
116,RElbow,363.63202,167.7982,0.87901026,-0.14882016,-0.17535883,0.086424656
116,LWrist,447.02933,198.12917,0.8475033,0.052881084,-0.10124794,-0.03606027
116,RWrist,371.97174,204.19536,0.8776436,-0.12644371,-0.087512404,0.045054704
116,LHip,417.84027,240.59251,0.82778794,-0.01938565,-0.006160695,-0.04282225
116,RHip,384.48135,234.52632,0.8148769,-0.09177726,-0.017566934,0.043632887
116,LKnee,413.6704,307.32062,0.87763774,-0.030306233,0.15958278,-0.1416395
116,RKnee,359.46216,295.18823,0.88936836,-0.16520184,0.13411154,-0.017918715
116,LAnkle,438.6896,367.98254,0.88176197,0.02303209,0.31065258,-0.0021162902
116,RAnkle,351.12244,367.98254,0.8614439,-0.18287931,0.30768868,0.060958546
116,Head,422.01013,88.93771,0.78916067,-0.011939756,-0.3604306,-0.09141756
116,Neck,409.50055,131.40106,0.8930635,-0.040838797,-0.25539696,-0.063072965
116,Hip,401.1608,234.52632,0.9479608,-0.056544363,-0.012652748,-0.0013077345
116,LBigToe,417.84027,386.18112,0.7769989,,,
116,RBigToe,321.93335,386.18112,0.87023634,,,
116,LSmallToe,422.01013,386.18112,0.74308425,,,
116,RSmallToe,326.10324,380.11493,0.86076975,,,
116,LHeel,447.02933,380.11493,0.842357,,,
116,RHeel,355.2923,386.18112,0.91247284,,,
117,Nose,417.52237,113.120186,0.87628156,,,
117,LEye,421.89627,113.120186,0.93890357,,,
117,REye,413.14844,107.04952,0.9266983,,,
117,LEar,426.27017,119.19084,0.8729232,,,
117,REar,400.02673,107.04952,0.8981627,,,
117,LShoulder,430.6441,149.54414,0.8882822,0.012038073,-0.21184374,-0.08001955
117,RShoulder,378.15717,137.40282,0.7150587,-0.108756855,-0.23779179,-0.015116084
117,LElbow,465.63538,167.75612,0.8503069,0.10781055,-0.17239808,-0.005998777
117,RElbow,365.03546,167.75612,0.8611563,-0.15497558,-0.17392677,0.08577224
117,LWrist,448.1397,198.10942,0.8582943,0.048929848,-0.101934925,-0.035107113
117,RWrist,373.78326,204.18007,0.87133276,-0.13144958,-0.08676542,0.042861782
117,LHip,413.14844,240.60403,0.8084772,-0.025354017,-0.00531812,-0.04250542
117,RHip,382.5311,234.53337,0.8306839,-0.09851226,-0.017240217,0.04309087
117,LKnee,413.14844,307.3813,0.92533404,-0.035186622,0.16078101,-0.14197443
117,RKnee,356.28763,289.1693,0.87955153,-0.1740217,0.13469069,-0.014226392
117,LAnkle,435.018,368.0879,0.87318015,0.0149799995,0.31081364,0.00014353567
117,RAnkle,343.1659,368.0879,0.88432586,-0.19924445,0.30899155,0.06272827
117,Head,421.89627,88.83755,0.8266724,-0.018255327,-0.3602585,-0.09054781
117,Neck,408.77454,131.33217,0.90801585,-0.047610447,-0.25530428,-0.062865004
117,Hip,400.02673,234.53337,0.9318042,-0.06291349,-0.012009271,-0.0013343568
117,LBigToe,408.77454,392.3705,0.79310524,,,
117,RBigToe,312.54855,380.2292,0.88445765,,,
117,LSmallToe,417.52237,392.3705,0.8015284,,,
117,RSmallToe,316.92245,380.2292,0.82364446,,,
117,LHeel,443.7658,380.2292,0.8789679,,,
117,RHeel,347.53983,386.29987,0.8898808,,,
118,Nose,413.89722,118.03581,0.91899663,,,
118,LEye,418.45157,111.94649,0.9586813,,,
118,REye,409.3429,105.85716,0.93400353,,,
118,LEar,423.0059,118.03581,0.89864653,,,
118,REar,400.23422,105.85716,0.9085779,,,
118,LShoulder,427.56024,148.48245,0.8932416,0.006271703,-0.21234913,-0.07827197
118,RShoulder,377.46252,136.30379,0.80876327,-0.11596863,-0.23687686,-0.015274791
118,LElbow,468.54926,166.75043,0.86115587,0.10320555,-0.17326929,-0.0034147988
118,RElbow,359.24518,166.75043,0.8312078,-0.16138983,-0.17215328,0.0855929
118,LWrist,445.7776,197.19707,0.8871773,0.04465538,-0.102552995,-0.03401199
118,RWrist,368.35385,203.28639,0.8519739,-0.13730852,-0.08539401,0.040727288
118,LHip,413.89722,239.82236,0.79778844,-0.03117066,-0.0043454915,-0.042083655
118,RHip,382.01685,233.73303,0.84635246,-0.105348185,-0.01658528,0.042441696
118,LKnee,409.3429,306.80496,0.93213564,-0.040353023,0.16196576,-0.14209205
118,RKnee,350.1365,294.62628,0.9375604,-0.18213353,0.13637385,-0.011088332
118,LAnkle,427.56024,373.78754,0.84572107,0.0044769323,0.31134817,0.0022949383
118,RAnkle,336.47348,367.6982,0.8826359,-0.21398753,0.31011903,0.06604723
118,Head,418.45157,87.58918,0.85506666,-0.025119161,-0.36022756,-0.08935641
118,Neck,404.78854,130.21446,0.9140594,-0.054320734,-0.25501138,-0.062147617
118,Hip,395.67987,233.73303,0.93089896,-0.06925813,-0.011072256,-0.0014479565
118,LBigToe,404.78854,392.05554,0.8986657,,,
118,RBigToe,304.59314,379.87686,0.9222467,,,
118,LSmallToe,413.89722,392.05554,0.8677421,,,
118,RSmallToe,309.14746,373.78754,0.84802765,,,
118,LHeel,436.6689,379.87686,0.8609353,,,
118,RHeel,341.02783,385.9662,0.8924355,,,
119,Nose,411.49088,111.49082,0.8775563,,,
119,LEye,416.10004,111.49082,0.9230666,,,
119,REye,406.8817,105.40598,0.93156135,,,
119,LEar,420.70923,117.57567,0.88182765,,,
119,REar,393.0542,105.40598,0.9070587,,,
119,LShoulder,425.3184,147.99988,0.86381483,0.00047582737,-0.21231647,-0.07614466
119,RShoulder,374.6175,135.83018,0.8051645,-0.123030156,-0.23526044,-0.01491517
119,LElbow,466.80096,166.2544,0.8748296,0.09749771,-0.17352214,-0.00033257715
119,RElbow,356.18082,172.33925,0.8837302,-0.167772,-0.16947092,0.08579662
119,LWrist,443.7551,196.6786,0.88078713,0.039645165,-0.1026236,-0.032639354
119,RWrist,370.00833,208.8483,0.87031263,-0.14313862,-0.083172426,0.038774904
119,LHip,411.49088,239.27249,0.82802665,-0.0369374,-0.0027049296,-0.04158459
119,RHip,379.22668,239.27249,0.8717903,-0.11209667,-0.0152411815,0.041918285
119,LKnee,406.8817,306.20575,0.94546217,-0.045041326,0.16343722,-0.1423608
119,RKnee,351.57162,294.03607,0.94398403,-0.18898809,0.13883075,-0.008044798
119,LAnkle,425.3184,373.139,0.8817981,-0.0074262507,0.3117891,0.0045902273
119,RAnkle,328.52576,373.139,0.8532901,-0.227272,0.31142017,0.07093731
119,Head,411.49088,87.15146,0.8220762,-0.032453675,-0.3599383,-0.08778458
119,Neck,402.27252,129.74535,0.9020134,-0.06090769,-0.2541405,-0.06093873
119,Hip,393.0542,233.18765,0.9197628,-0.07543694,-0.009408345,-0.0014801803
119,LBigToe,406.8817,391.39355,0.94246876,,,
119,RBigToe,300.87073,379.22385,0.8846478,,,
119,LSmallToe,411.49088,391.39355,0.85470665,,,
119,RSmallToe,300.87073,373.139,0.7934097,,,
119,LHeel,429.92758,379.22385,0.8391057,,,
119,RHeel,333.13495,385.3087,0.92082655,,,
120,Nose,407.77838,117.22594,0.91381204,,,
120,LEye,412.4166,111.11937,0.95136625,,,
120,REye,403.14014,105.012794,0.8875122,,,
120,LEar,417.05484,117.22594,0.890677,,,
120,REar,393.86368,111.11937,0.88068706,,,
120,LShoulder,426.3313,147.75879,0.877698,-0.0053647207,-0.21137644,-0.07356573
120,RShoulder,370.67252,141.65222,0.82027286,-0.13000396,-0.23265702,-0.013759846
120,LElbow,463.43713,166.0785,0.83170545,0.09102409,-0.17293943,0.0036469416
120,RElbow,352.1196,172.18507,0.92747706,-0.1742745,-0.1666175,0.08695219
120,LWrist,440.246,196.61136,0.8680012,0.03395401,-0.10220921,-0.030665508
120,RWrist,361.39606,208.82451,0.90585506,-0.14949974,-0.08094652,0.036997892
120,LHip,407.77838,245.46393,0.83479375,-0.04265311,0.00029380247,-0.041013665
120,RHip,375.31076,239.35736,0.8766449,-0.118848786,-0.0124671245,0.041402627
120,LKnee,407.77838,306.52963,0.9212213,-0.048430555,0.16540422,-0.14258909
120,RKnee,347.48138,300.42307,0.90024614,-0.19588871,0.14212973,-0.005191488
120,LAnkle,417.05484,373.7019,0.8761929,-0.021371737,0.3123146,0.007138678
120,RAnkle,324.29022,373.7019,0.84121215,-0.23855841,0.3123568,0.07750019
120,Head,412.4166,86.693085,0.87151474,-0.039896104,-0.35904032,-0.085228704
120,Neck,398.50192,135.54565,0.88829976,-0.06742515,-0.25223097,-0.058645308
120,Hip,389.22546,239.35736,0.90630716,-0.08163735,-0.0062671676,-0.001427477
120,LBigToe,403.14014,392.02164,0.9377448,,,
120,RBigToe,296.46085,379.8085,0.8172488,,,
120,LSmallToe,412.4166,392.02164,0.9120422,,,
120,RSmallToe,301.09906,373.7019,0.7614463,,,
120,LHeel,421.69305,385.91507,0.8719342,,,
120,RHeel,328.92847,385.91507,0.8922588,,,
121,Nose,399.59937,118.135376,0.86631054,,,
121,LEye,409.0537,112.04916,0.90835977,,,
121,REye,399.59937,105.96293,0.9028261,,,
121,LEar,413.7809,118.135376,0.868582,,,
121,REar,390.145,105.96293,0.90977114,,,
121,LShoulder,423.2353,148.5665,0.9041042,-0.011557758,-0.21056694,-0.07081575
121,RShoulder,366.50906,142.48029,0.8577774,-0.13701898,-0.23025101,-0.012318611
121,LElbow,461.05276,166.82518,0.92663795,0.08336727,-0.17149079,0.008520776
121,RElbow,347.60034,172.9114,0.92152107,-0.18076271,-0.16385682,0.08822212
121,LWrist,437.41684,197.2563,0.90483737,0.02705868,-0.10131726,-0.028479127
121,RWrist,361.7819,203.34253,0.92170155,-0.1556377,-0.07911289,0.035782646
121,LHip,404.32654,245.9461,0.8791876,-0.04828881,0.0027579311,-0.040396936
121,RHip,371.23627,239.85988,0.89390266,-0.12541968,-0.010417442,0.040865622
121,LKnee,409.0537,306.80835,0.93594855,-0.052320298,0.16736506,-0.14240816
121,RKnee,342.87314,300.72214,0.87940574,-0.20254189,0.14467579,-0.0027369254
121,LAnkle,409.0537,373.75684,0.92565435,-0.03492544,0.31236818,0.009562214
121,RAnkle,323.96442,367.6706,0.8629963,-0.24807492,0.31275913,0.08503135
121,Head,409.0537,87.704254,0.8538118,-0.047918066,-0.35846505,-0.082673326
121,Neck,394.87216,130.30783,0.91234547,-0.07414913,-0.25082472,-0.056029633
121,Hip,390.145,239.85988,0.9426892,-0.087689795,-0.0037181266,-0.001386849
121,LBigToe,409.0537,392.0155,0.8739051,,,
121,RBigToe,290.8741,379.84305,0.8403714,,,
121,LSmallToe,418.5081,392.0155,0.91937494,,,
121,RSmallToe,295.60132,373.75684,0.8128203,,,
121,LHeel,409.0537,379.84305,0.82032156,,,
121,RHeel,323.96442,385.9293,0.9271881,,,
122,Nose,397.43576,118.97588,0.8688806,,,
122,LEye,406.9667,112.92546,0.8999802,,,
122,REye,397.43576,106.87503,0.879812,,,
122,LEar,411.73218,118.97588,0.86494267,,,
122,REar,383.1393,112.92546,0.87537473,,,
122,LShoulder,416.49765,149.22801,0.877961,-0.018019134,-0.20925455,-0.06806023
122,RShoulder,359.31195,143.17758,0.85189015,-0.14393038,-0.22769275,-0.010628531
122,LElbow,454.62146,167.37929,0.8635767,0.07475701,-0.16895859,0.013854632
122,RElbow,345.0155,173.4297,0.9518179,-0.18667436,-0.16104545,0.09001772
122,LWrist,435.55954,197.63141,0.8935849,0.019253092,-0.09967689,-0.026166918
122,RWrist,354.54648,209.73225,0.880404,-0.16227219,-0.07647012,0.035150096
122,LHip,402.20123,246.0348,0.86893964,-0.053865157,0.0052018054,-0.039795384
122,RHip,368.8429,239.98438,0.8909292,-0.13181853,-0.008299544,0.04051121
122,LKnee,402.20123,306.53906,0.9100411,-0.056943882,0.16944064,-0.1423314
122,RKnee,340.25003,300.48862,0.8734952,-0.20840576,0.14728461,-0.0007638121
122,LAnkle,397.43576,367.0433,0.8589025,-0.046178527,0.3122018,0.011877874
122,RAnkle,316.42267,373.09372,0.8290715,-0.25639835,0.31395432,0.09257177
122,Head,402.20123,88.723755,0.8272682,-0.05617897,-0.35773167,-0.07991893
122,Neck,392.6703,131.07674,0.89958066,-0.08078673,-0.24916478,-0.053438496
122,Hip,387.9048,239.98438,0.94724876,-0.09365295,-0.0011567883,-0.0013463937
122,LBigToe,406.9667,391.245,0.826084,,,
122,RBigToe,287.8298,379.14413,0.77951264,,,
122,LSmallToe,416.49765,391.245,0.8936215,,,
122,RSmallToe,292.59528,373.09372,0.76115215,,,
122,LHeel,392.6703,379.14413,0.80426514,,,
122,RHeel,321.18814,385.19458,0.8764083,,,
123,Nose,394.79358,119.71704,0.89833,,,
123,LEye,404.2865,113.683624,0.8962215,,,
123,REye,390.04712,107.650215,0.8857169,,,
123,LEar,409.03296,119.71704,0.89527506,,,
123,REar,380.5542,113.683624,0.9193998,,,
123,LShoulder,413.77942,149.88411,0.882837,-0.024546852,-0.20760886,-0.06567057
123,RShoulder,361.5684,143.8507,0.8548813,-0.15046817,-0.2253551,-0.008961856
123,LElbow,451.75107,167.98434,0.85840523,0.06592259,-0.16543846,0.01879615
123,RElbow,347.329,174.01776,0.9094961,-0.19198784,-0.15855323,0.092186056
123,LWrist,432.76523,198.15141,0.87824297,0.01086119,-0.09758122,-0.024296032
123,RWrist,352.07547,210.21823,0.87237364,-0.16847755,-0.07460782,0.035070658
123,LHip,399.54004,246.4187,0.84928507,-0.0597104,0.0074385293,-0.03927543
123,RHip,366.31482,240.3853,0.8756118,-0.138337,-0.006173067,0.04027684
123,LKnee,399.54004,312.78625,0.9112411,-0.060698397,0.1715336,-0.14172508
123,RKnee,337.8361,300.71942,0.85876024,-0.21387506,0.14987062,0.0012711613
123,LAnkle,394.79358,373.1204,0.85420704,-0.05447564,0.31239077,0.013983734
123,RAnkle,314.1038,373.1204,0.85488814,-0.26302055,0.31520042,0.10009094
123,Head,399.54004,89.54997,0.83490545,-0.06419194,-0.3569038,-0.07754606
123,Neck,390.04712,131.78386,0.89728135,-0.08728753,-0.24741735,-0.05111826
123,Hip,385.30066,240.3853,0.94519275,-0.09983465,0.0013122074,-0.0013160512
123,LBigToe,409.03296,391.2206,0.8159264,,,
123,RBigToe,285.62506,379.15378,0.7980092,,,
123,LSmallToe,413.77942,391.2206,0.8305271,,,
123,RSmallToe,290.37152,373.1204,0.7453141,,,
123,LHeel,390.04712,379.15378,0.833226,,,
123,RHeel,314.1038,385.1872,0.89871097,,,
124,Nose,392.61154,115.62776,0.8632491,,,
124,LEye,397.3331,115.62776,0.87393254,,,
124,REye,387.89,109.63478,0.8904162,,,
124,LEar,406.77618,121.62074,0.8714497,,,
124,REar,378.44693,115.62776,0.8989745,,,
124,LShoulder,411.49774,151.58565,0.88787466,-0.031112669,-0.20558734,-0.06334553
124,RShoulder,354.8392,145.59267,0.83829665,-0.15723592,-0.222864,-0.007196078
124,LElbow,444.54852,169.56459,0.8175883,0.05652799,-0.16080081,0.023820354
124,RElbow,345.39612,175.55757,0.95729035,-0.19777727,-0.15583113,0.09433062
124,LWrist,430.3839,199.52951,0.862501,0.0021355532,-0.09485094,-0.023007575
124,RWrist,350.11765,211.51547,0.88546884,-0.17463225,-0.073014215,0.03515321
124,LHip,402.05463,247.47336,0.8644485,-0.06596676,0.009556625,-0.038826298
124,RHip,364.2823,241.48038,0.8814126,-0.145105,-0.0039419495,0.040094353
124,LKnee,397.3331,313.39615,0.9184234,-0.06396273,0.17341758,-0.14105368
124,RKnee,335.95303,301.4102,0.87891024,-0.218923,0.15260911,0.003549297
124,LAnkle,397.3331,373.32596,0.88874024,-0.059935078,0.3125952,0.015603595
124,RAnkle,312.3453,373.32596,0.8811663,-0.26783246,0.31689712,0.107303485
124,Head,397.3331,85.66286,0.8033143,-0.07213772,-0.3559075,-0.07531958
124,Neck,387.89,139.59969,0.9072754,-0.09376997,-0.245411,-0.04909548
124,Hip,383.16846,241.48038,0.95609933,-0.10631645,0.0037911925,-0.0012687144
124,LBigToe,411.49774,391.3049,0.93544847,,,
124,RBigToe,284.01605,379.31894,0.8099143,,,
124,LSmallToe,416.21927,385.31192,0.93436056,,,
124,RSmallToe,284.01605,379.31894,0.77334154,,,
124,LHeel,392.61154,379.31894,0.89079607,,,
124,RHeel,312.3453,385.31192,0.9067312,,,
125,Nose,391.1415,116.50806,0.91133004,,,
125,LEye,395.7534,110.54027,0.8984992,,,
125,REye,386.5296,110.54027,0.9145643,,,
125,LEar,400.3653,122.47585,0.90320736,,,
125,REar,372.69394,110.54027,0.8977132,,,
125,LShoulder,409.58905,152.31482,0.8947943,-0.03774613,-0.2040737,-0.061073855
125,RShoulder,354.24637,146.34702,0.85021526,-0.16371399,-0.22117841,-0.005285904
125,LElbow,441.8723,176.18599,0.828275,0.04871045,-0.15660997,0.027581887
125,RElbow,340.4107,176.18599,0.9222761,-0.2037986,-0.15398705,0.09652655
125,LWrist,423.42474,200.05716,0.8207768,-0.0061945124,-0.09244409,-0.021780014
125,RWrist,349.6345,211.99274,0.88690215,-0.18085149,-0.0726015,0.035536226
125,LHip,395.7534,247.7995,0.85881,-0.0729451,0.011207886,-0.03857119
125,RHip,363.47015,241.8317,0.87863374,-0.15211643,-0.002160523,0.040029354
125,LKnee,400.3653,313.44522,0.9327291,-0.06618029,0.17479305,-0.14032233
125,RKnee,335.7988,301.50964,0.8906925,-0.22342543,0.15521593,0.005635933
125,LAnkle,400.3653,373.12314,0.9076334,-0.06334403,0.31239316,0.016599158
125,RAnkle,312.73935,373.12314,0.865338,-0.2710191,0.31903988,0.11312135
125,Head,391.1415,86.6691,0.89108706,-0.07974215,-0.3550973,-0.073340185
125,Neck,386.5296,134.41144,0.897169,-0.10031268,-0.24411088,-0.04669401
125,Hip,381.91772,241.8317,0.9145351,-0.11312927,0.005747324,-0.0012005672
125,LBigToe,414.20096,391.02652,0.9100466,,,
125,RBigToe,280.45612,385.05872,0.8756208,,,
125,LSmallToe,414.20096,385.05872,0.90310943,,,
125,RSmallToe,280.45612,379.09094,0.84092194,,,
125,LHeel,395.7534,379.09094,0.8860719,,,
125,RHeel,312.73935,391.02652,0.91695184,,,
126,Nose,386.454,116.85724,0.93461996,,,
126,LEye,390.98462,116.85724,0.90440655,,,
126,REye,381.92343,110.87241,0.949269,,,
126,LEar,400.0458,122.842064,0.92693365,,,
126,REar,372.86224,110.87241,0.92948467,,,
126,LShoulder,409.107,152.76619,0.8844174,-0.044477716,-0.20266622,-0.058740146
126,RShoulder,350.20926,146.78136,0.84115696,-0.17030308,-0.219808,-0.003136223
126,LElbow,440.82117,176.70547,0.80040663,0.04145723,-0.15360297,0.030806595
126,RElbow,336.61746,170.72066,0.8901339,-0.20998546,-0.15306194,0.09907853
126,LWrist,422.6988,200.64478,0.7722687,-0.01414747,-0.09058641,-0.019983836
126,RWrist,345.67865,206.6296,0.87531704,-0.18711667,-0.07337552,0.03675565
126,LHip,390.98462,248.52336,0.8278658,-0.080599114,0.012560759,-0.03834159
126,RHip,359.27045,242.53854,0.8504345,-0.15973328,-0.00046526268,0.040014084
126,LKnee,400.0458,314.35645,0.91553146,-0.06976934,0.17556404,-0.140109
126,RKnee,332.08685,302.38678,0.8880095,-0.22806293,0.15803765,0.0077776173
126,LAnkle,400.0458,368.21985,0.8944136,-0.06560822,0.3119323,0.017045997
126,RAnkle,309.4339,374.20468,0.87444574,-0.27364427,0.32172602,0.116900355
126,Head,390.98462,86.93312,0.8967629,-0.08697515,-0.35416988,-0.07128998
126,Neck,381.92343,134.8117,0.92321056,-0.10695109,-0.24282528,-0.044479296
126,Hip,377.39282,242.53854,0.9304494,-0.120627634,0.007461142,-0.0011363982
126,LBigToe,413.6376,392.15915,0.89737165,,,
126,RBigToe,282.2503,392.15915,0.86678994,,,
126,LSmallToe,413.6376,386.17432,0.9036127,,,
126,RSmallToe,282.2503,386.17432,0.84366816,,,
126,LHeel,395.51523,380.18948,0.88779604,,,
126,RHeel,313.96448,386.17432,0.92434466,,,
127,Nose,384.515,117.65653,0.9557795,,,
127,LEye,388.89963,111.641846,0.93009514,,,
127,REye,380.13037,111.641846,0.9503638,,,
127,LEar,397.66885,117.65653,0.9057909,,,
127,REar,371.36115,111.641846,0.9325039,,,
127,LShoulder,406.4381,153.74466,0.8590679,-0.0513289,-0.20155685,-0.056550633
127,RShoulder,349.43802,147.72997,0.8029883,-0.17670232,-0.2189532,-0.0008668287
127,LElbow,437.13046,177.8034,0.79224104,0.034380786,-0.15125398,0.033362772
127,RElbow,336.28415,177.8034,0.8808318,-0.21588308,-0.15161674,0.10136207
127,LWrist,415.20737,201.86215,0.7978744,-0.021775104,-0.08922644,-0.018000726
127,RWrist,345.0534,207.87683,0.8657815,-0.19347623,-0.07369055,0.037720524
127,LHip,388.89963,249.97964,0.8233779,-0.08841513,0.01349432,-0.038178768
127,RHip,353.82263,243.96495,0.8399627,-0.16755205,0.0008568652,0.04006186
127,LKnee,397.66885,310.1265,0.9084057,-0.075135686,0.17573722,-0.14026955
127,RKnee,331.89954,304.11182,0.87717676,-0.2327578,0.16028981,0.009235134
127,LAnkle,397.66885,370.27338,0.8849167,-0.06581974,0.31175,0.01694206
127,RAnkle,309.9764,376.28806,0.8782548,-0.27628016,0.32396236,0.11822049
127,Head,388.89963,87.5831,0.894958,-0.09398496,-0.35346752,-0.06950209
127,Neck,380.13037,135.70059,0.92392975,-0.1134919,-0.24185084,-0.042326998
127,Hip,371.36115,243.96495,0.91771996,-0.12835497,0.008734904,-0.0010667371
127,LBigToe,415.20737,388.31744,0.8534671,,,
127,RBigToe,283.6687,394.33212,0.8730762,,,
127,LSmallToe,415.20737,388.31744,0.8905538,,,
127,RSmallToe,283.6687,388.31744,0.81772506,,,
127,LHeel,393.28424,382.30273,0.86112344,,,
127,RHeel,314.36105,388.31744,0.89699847,,,
128,Nose,381.59818,116.777664,0.950235,,,
128,LEye,385.9121,110.71915,0.90208626,,,
128,REye,377.28427,110.71915,0.950685,,,
128,LEar,394.53992,122.83619,0.9102128,,,
128,REar,368.65643,110.71915,0.9298953,,,
128,LShoulder,403.16776,153.1288,0.8692155,-0.058301583,-0.20104374,-0.054985248
128,RShoulder,347.08685,147.07028,0.80534595,-0.1830712,-0.21886398,0.001112039
128,LElbow,437.67908,177.36288,0.8688306,0.028097259,-0.15011303,0.034530185
128,RElbow,334.1451,177.36288,0.8145518,-0.22246626,-0.1515391,0.10319934
128,LWrist,416.1095,207.65549,0.8343558,-0.028809248,-0.088725895,-0.016152568
128,RWrist,338.45905,201.59697,0.8464148,-0.20008437,-0.07488319,0.038972087
128,LHip,385.9121,250.06514,0.82123846,-0.096338645,0.013848878,-0.03817041
128,RHip,351.4008,244.00662,0.8295622,-0.17519978,0.0013212357,0.040132985
128,LKnee,394.53992,310.65036,0.92798877,-0.08210575,0.17548706,-0.14102009
128,RKnee,329.8312,304.59183,0.8725657,-0.23891357,0.16096385,0.009487671
128,LAnkle,398.85385,371.23557,0.86449283,-0.06353814,0.31116512,0.016374247
128,RAnkle,308.26163,377.2941,0.8685967,-0.2795483,0.32464606,0.11711905
128,Head,385.9121,86.48506,0.8884464,-0.10077387,-0.35315284,-0.06808647
128,Neck,377.28427,134.95323,0.92537826,-0.12005972,-0.2414646,-0.04059072
128,Hip,368.65643,244.00662,0.89872855,-0.13611741,0.009164136,-0.0010116347
128,LBigToe,411.7956,395.46967,0.84656966,,,
128,RBigToe,282.37814,395.46967,0.84969133,,,
128,LSmallToe,416.1095,389.41113,0.8849968,,,
128,RSmallToe,282.37814,389.41113,0.778598,,,
128,LHeel,394.53992,383.35263,0.82515067,,,
128,RHeel,312.57553,389.41113,0.88573194,,,
129,Nose,379.45343,116.48567,0.9468391,,,
129,LEye,383.7016,110.43754,0.92215425,,,
129,REye,375.20526,110.43754,0.9347584,,,
129,LEar,392.19794,122.53381,0.9079422,,,
129,REar,366.70892,110.43754,0.9156469,,,
129,LShoulder,396.4461,152.7745,0.89052093,-0.0653262,-0.20095316,-0.053872768
129,RShoulder,341.2199,146.72636,0.81089604,-0.1893006,-0.2194133,0.0029261305
129,LElbow,434.6796,176.96706,0.89136124,0.021861361,-0.14967681,0.035095915
129,RElbow,328.4754,176.96706,0.819107,-0.22942722,-0.15243112,0.10458376
129,LWrist,413.43875,201.1596,0.85005265,-0.03537307,-0.08913739,-0.014674874
129,RWrist,336.97174,207.20775,0.8156791,-0.20672695,-0.07622434,0.04016691
129,LHip,383.7016,249.54472,0.83695394,-0.104216814,0.013656426,-0.03828193
129,RHip,345.46808,243.49658,0.8384316,-0.1825983,0.0011414867,0.040258378
129,LKnee,392.19794,310.0261,0.9442026,-0.090645306,0.17486264,-0.1420143
129,RKnee,324.22723,303.97797,0.8417796,-0.24640848,0.16024818,0.008728188
129,LAnkle,400.69427,370.50748,0.86150384,-0.05897623,0.30987164,0.015220529
129,RAnkle,307.2346,376.55563,0.88859284,-0.2830971,0.32382414,0.11442203
129,Head,383.7016,86.24498,0.8777536,-0.1071759,-0.35309228,-0.06685862
129,Neck,370.9571,134.6301,0.9227922,-0.12650394,-0.2415509,-0.039088108
129,Hip,366.70892,243.49658,0.8761486,-0.14378467,0.008918438,-0.00096588326
129,LBigToe,413.43875,388.65192,0.8586548,,,
129,RBigToe,285.99374,394.70004,0.84516776,,,
129,LSmallToe,417.68692,388.65192,0.8958482,,,
129,RSmallToe,281.74557,388.65192,0.8186638,,,
129,LHeel,396.4461,382.60376,0.80253714,,,
129,RHeel,311.48276,388.65192,0.88242006,,,
130,Nose,377.35614,116.37044,0.94184786,,,
130,LEye,381.51526,110.32083,0.9280083,,,
130,REye,373.19705,110.32083,0.95542336,,,
130,LEar,389.8335,116.37044,0.85665756,,,
130,REar,364.8788,110.32083,0.9134854,,,
130,LShoulder,393.9926,152.66809,0.874751,-0.07228288,-0.20112132,-0.05318741
130,RShoulder,339.9241,146.61848,0.76223606,-0.19530737,-0.22047167,0.0043857833
130,LElbow,431.42465,176.86653,0.8433082,0.015514195,-0.14968379,0.03511429
130,RElbow,327.44678,170.81693,0.74606824,-0.23655578,-0.15411536,0.10546825
130,LWrist,410.6291,201.06497,0.8384456,-0.04187723,-0.089983284,-0.01296385
130,RWrist,331.6059,182.91615,0.5735821,-0.21375366,-0.077551186,0.04130934
130,LHip,377.35614,249.46185,0.82543814,-0.11215052,0.013188455,-0.03840831
130,RHip,344.08322,243.41225,0.83118457,-0.18979216,0.00071064197,0.040450674
130,LKnee,385.67438,309.95795,0.9107929,-0.10121633,0.17410718,-0.14377485
130,RKnee,323.28766,303.90833,0.8629773,-0.25451574,0.15888081,0.0072174324
130,LAnkle,402.31085,370.45404,0.8398919,-0.052252952,0.30742258,0.013157785
130,RAnkle,306.65118,376.50366,0.8638278,-0.28678784,0.32200918,0.110873945
130,Head,377.35614,86.12239,0.8714114,-0.11342563,-0.35310817,-0.066010945
130,Neck,369.03793,134.51927,0.91393507,-0.1326733,-0.24182664,-0.037946567
130,Hip,360.7197,243.41225,0.8850375,-0.1514011,0.008382428,-0.0009476973
130,LBigToe,410.6291,388.60287,0.8070783,,,
130,RBigToe,285.85562,394.6525,0.77792263,,,
130,LSmallToe,414.7882,388.60287,0.82570505,,,
130,RSmallToe,285.85562,388.60287,0.77928215,,,
130,LHeel,402.31085,382.55325,0.7647776,,,
130,RHeel,314.96942,388.60287,0.8574266,,,
131,Nose,375.85614,119.96141,0.93104327,,,
131,LEye,379.97968,113.854935,0.93824255,,,
131,REye,371.7326,107.74845,0.9401709,,,
131,LEar,384.1032,119.96141,0.8873008,,,
131,REar,359.36203,113.854935,0.9206768,,,
131,LShoulder,392.35028,150.49382,0.9115454,-0.079023,-0.2014138,-0.052683495
131,RShoulder,338.7444,144.38733,0.8324447,-0.20110548,-0.22173204,0.005525806
131,LElbow,425.3385,174.91974,0.78226465,0.009216192,-0.1500312,0.0347424
131,RElbow,326.37378,174.91974,0.84506667,-0.24365975,-0.15485086,0.10537016
131,LWrist,404.72086,199.34566,0.4731714,-0.048063047,-0.09098518,-0.011938769
131,RWrist,330.4973,211.55862,0.7753642,-0.22160345,-0.07749891,0.041328967
131,LHip,375.85614,248.19751,0.8430104,-0.119750984,0.0123845525,-0.03866452
131,RHip,338.7444,242.09103,0.854047,-0.19660538,0.0002322346,0.04076402
131,LKnee,379.97968,315.3688,0.89222014,-0.11148221,0.17314464,-0.14596638
131,RKnee,318.1267,303.15582,0.89436066,-0.2633213,0.15702769,0.005130655
131,LAnkle,404.72086,370.32712,0.8979607,-0.044494398,0.3031746,0.009991533
131,RAnkle,305.75613,370.32712,0.8882335,-0.29026163,0.32008818,0.106791124
131,Head,375.85614,89.42901,0.8889684,-0.11913982,-0.35306647,-0.06525671
131,Neck,367.6091,138.28085,0.93835837,-0.1386385,-0.24221587,-0.03690236
131,Hip,359.36203,242.09103,0.9062052,-0.15865505,0.007603636,-0.0009058581
131,LBigToe,408.8444,388.64658,0.83422834,,,
131,RBigToe,281.01495,394.75305,0.845522,,,
131,LSmallToe,417.09146,388.64658,0.8839041,,,
131,RSmallToe,281.01495,388.64658,0.8059512,,,
131,LHeel,408.8444,376.4336,0.8114467,,,
131,RHeel,309.87967,382.54007,0.88598883,,,
132,Nose,370.6117,120.04486,0.8677539,,,
132,LEye,378.67487,113.92926,0.8883809,,,
132,REye,366.5801,107.81366,0.88112295,,,
132,LEar,382.70648,120.04486,0.9055991,,,
132,REar,358.5169,113.92926,0.8877845,,,
132,LShoulder,390.76965,150.62288,0.8678508,-0.08541382,-0.20178235,-0.052523427
132,RShoulder,338.35895,144.50728,0.7459478,-0.20658292,-0.22308679,0.0066893017
132,LElbow,423.0224,175.0853,0.77672124,0.0036687306,-0.15056641,0.034091294
132,RElbow,318.201,181.20091,0.80674523,-0.25097173,-0.15617733,0.10557553
132,LWrist,406.89603,199.54771,0.74651355,-0.054056734,-0.09248026,-0.011197892
132,RWrist,330.29578,211.77893,0.8034059,-0.22891265,-0.0779908,0.042249434
132,LHip,370.6117,248.47255,0.8209807,-0.12724064,0.011593234,-0.03887117
132,RHip,338.35895,242.35695,0.8282154,-0.20304766,-0.00029176474,0.04117866
132,LKnee,374.64328,309.6286,0.8786464,-0.12053232,0.17163996,-0.14849389
132,RKnee,314.16937,303.513,0.8554824,-0.271094,0.15559587,0.0035622923
132,LAnkle,406.89603,364.66904,0.827653,-0.03702731,0.29780665,0.0059923613
132,RAnkle,306.1062,370.78464,0.8743223,-0.29317945,0.3187928,0.10311975
132,Head,374.64328,89.46684,0.8668836,-0.124442205,-0.35323206,-0.06473051
132,Neck,366.5801,132.27608,0.9278436,-0.14430876,-0.2427652,-0.035941944
132,Hip,354.48532,242.35695,0.87660867,-0.16567098,0.0068270043,-0.0008793364
132,LBigToe,402.86444,389.13144,0.8360677,,,
132,RBigToe,281.91663,395.24704,0.8640257,,,
132,LSmallToe,410.9276,389.13144,0.8507793,,,
132,RSmallToe,281.91663,389.13144,0.8400582,,,
132,LHeel,414.95923,370.78464,0.7546528,,,
132,RHeel,310.1378,383.01584,0.9207084,,,
133,Nose,368.3316,113.92649,0.8978918,,,
133,LEye,376.21594,107.82392,0.9013762,,,
133,REye,364.38943,107.82392,0.91817045,,,
133,LEar,380.1581,120.02907,0.90436244,,,
133,REar,356.5051,107.82392,0.8949512,,,
133,LShoulder,388.04245,150.54195,0.8867904,-0.09164767,-0.20240505,-0.052272566
133,RShoulder,336.79422,144.43938,0.7354072,-0.21213779,-0.22485974,0.0077071795
133,LElbow,423.52197,174.95226,0.81700706,-0.0011307255,-0.151708,0.0334038
133,RElbow,317.08337,174.95226,0.81935555,-0.2578371,-0.15885119,0.10568424
133,LWrist,403.81113,199.36256,0.7847059,-0.059826255,-0.09428766,-0.010229491
133,RWrist,324.9677,205.46513,0.8034177,-0.23645622,-0.0806522,0.043185852
133,LHip,368.3316,248.18317,0.81417584,-0.13435318,0.010343473,-0.039085418
133,RHip,336.79422,242.08058,0.8141386,-0.20926331,-0.0011157244,0.041507952
133,LKnee,372.27377,309.20892,0.88306165,-0.12790626,0.17021246,-0.14957008
133,RKnee,313.1412,303.10635,0.8685847,-0.2774162,0.1544168,0.001940659
133,LAnkle,411.69547,364.1321,0.8650454,-0.030963285,0.29258114,0.0015501992
133,RAnkle,301.3147,370.23468,0.8147168,-0.2955526,0.31760633,0.099581465
133,Head,372.27377,89.51619,0.85151434,-0.12959847,-0.3535351,-0.0639973
133,Neck,364.38943,132.23422,0.9285621,-0.14978756,-0.24353142,-0.035044633
133,Hip,352.56293,242.08058,0.8838042,-0.17232569,0.0056871846,-0.0008432721
133,LBigToe,399.86896,388.54242,0.874361,,,
133,RBigToe,281.60385,394.645,0.87288994,,,
133,LSmallToe,407.7533,388.54242,0.8377823,,,
133,RSmallToe,281.60385,388.54242,0.8041649,,,
133,LHeel,419.5798,370.23468,0.82997423,,,
133,RHeel,309.19904,382.43985,0.8784225,,,
134,Nose,363.71295,112.894646,0.91425884,,,
134,LEye,371.53058,106.76974,0.9044861,,,
134,REye,359.80414,106.76974,0.9213928,,,
134,LEar,375.4394,119.019554,0.8833622,,,
134,REar,351.9865,112.894646,0.89322066,,,
134,LShoulder,383.25702,149.64409,0.893258,-0.09755045,-0.20318502,-0.052058455
134,RShoulder,332.44244,137.39427,0.7962503,-0.21745704,-0.2268888,0.008585873
134,LElbow,418.4363,174.14372,0.8164283,-0.0060861753,-0.15287219,0.032847133
134,RElbow,312.89838,174.14372,0.8623707,-0.2643388,-0.16163157,0.10587436
134,LWrist,402.80106,198.64336,0.82291114,-0.06547175,-0.09604232,-0.009526216
134,RWrist,320.716,204.76826,0.828751,-0.24356516,-0.08297838,0.044718556
134,LHip,367.62177,247.64261,0.8102232,-0.14106207,0.008678526,-0.03928554
134,RHip,332.44244,241.5177,0.81833065,-0.21510465,-0.0021998826,0.041753642
134,LKnee,371.53058,308.8917,0.85725546,-0.13406405,0.16872154,-0.14980051
134,RKnee,308.9896,296.64188,0.8607904,-0.28224003,0.15330298,0.0008919381
134,LAnkle,414.5275,364.01587,0.86139995,-0.026760198,0.2881653,-0.0028369047
134,RAnkle,297.26315,370.14078,0.88329774,-0.29709998,0.31678155,0.09696096
134,Head,367.62177,88.39501,0.8906657,-0.13442145,-0.35410115,-0.06339795
134,Neck,359.80414,137.39427,0.92423993,-0.15500265,-0.24445947,-0.0342245
134,Hip,348.0777,241.5177,0.88506097,-0.17859352,0.0042142384,-0.00081450166
134,LBigToe,402.80106,388.51547,0.8110289,,,
134,RBigToe,281.6279,394.64038,0.88171136,,,
134,LSmallToe,406.70987,388.51547,0.791079,,,
134,RSmallToe,277.7191,394.64038,0.82535356,,,
134,LHeel,422.34512,370.14078,0.77403486,,,
134,RHeel,305.08078,382.39056,0.8918534,,,
135,Nose,364.817,112.90148,0.930182,,,
135,LEye,368.77667,106.78537,0.9255556,,,
135,REye,360.85727,106.78537,0.9448367,,,
135,LEar,376.6961,119.01759,0.9079022,,,
135,REar,352.93787,112.90148,0.8886954,,,
135,LShoulder,384.6155,155.71426,0.8455958,-0.10330908,-0.20419236,-0.05204905
135,RShoulder,329.1796,143.48204,0.7778267,-0.22297849,-0.22918174,0.008915472
135,LElbow,420.25287,174.0626,0.8262682,-0.01050845,-0.15427746,0.032058764
135,RElbow,309.38107,174.0626,0.7987406,-0.27026019,-0.16472699,0.10585251
135,LWrist,396.49463,198.52705,0.88308895,-0.07127142,-0.097744495,-0.009250734
135,RWrist,321.2602,204.64316,0.6964447,-0.25027046,-0.08525279,0.046544537
135,LHip,364.817,247.45595,0.78608626,-0.14753306,0.006666314,-0.03950716
135,RHip,333.1393,241.33984,0.7907103,-0.22069392,-0.003507834,0.04179968
135,LKnee,368.77667,308.61707,0.9025631,-0.1401606,0.16713558,-0.15005168
135,RKnee,309.38107,302.50095,0.85160947,-0.2845549,0.15310231,0.00025983178
135,LAnkle,412.33347,357.54596,0.89299405,-0.024664098,0.28445664,-0.0073709693
135,RAnkle,297.50195,369.7782,0.8965168,-0.29763675,0.31653172,0.095319055
135,Head,368.77667,88.437035,0.85782003,-0.13889486,-0.35491607,-0.06337384
135,Neck,360.85727,137.36594,0.9309036,-0.16029385,-0.24579883,-0.03389959
135,Hip,348.97815,241.33984,0.8976272,-0.18448108,0.002420118,-0.0007864181
135,LBigToe,404.41403,388.12653,0.82559913,,,
135,RBigToe,281.66312,394.24265,0.89402336,,,
135,LSmallToe,408.37375,382.0104,0.7844181,,,
135,RSmallToe,277.70343,394.24265,0.8456922,,,
135,LHeel,420.25287,357.54596,0.7777973,,,
135,RHeel,305.42136,382.0104,0.9225557,,,
136,Nose,361.85004,113.365974,0.9483473,,,
136,LEye,365.85828,107.26594,0.9231282,,,
136,REye,357.84183,107.26594,0.9274809,,,
136,LEar,373.87476,119.466,0.8926663,,,
136,REar,349.82535,107.26594,0.8790319,,,
136,LShoulder,381.8912,149.96617,0.8597094,-0.108958006,-0.20592895,-0.05204337
136,RShoulder,325.77597,137.7661,0.79916185,-0.2280868,-0.23199499,0.009292098
136,LElbow,417.96527,174.3663,0.8162852,-0.014978249,-0.15578039,0.031352725
136,RElbow,309.74304,168.26627,0.89329404,-0.27495944,-0.16829325,0.10623976
136,LWrist,393.9159,198.76643,0.8785906,-0.07679501,-0.09928048,-0.008810968
136,RWrist,317.75952,198.76643,0.7769999,-0.2563622,-0.087524325,0.049023136
136,LHip,361.85004,247.5667,0.8220108,-0.15350431,0.004170984,-0.039660677
136,RHip,329.7842,241.46667,0.8189936,-0.22590649,-0.0050243884,0.041715477
136,LKnee,365.85828,308.56702,0.8869006,-0.1453293,0.16528718,-0.1499302
136,RKnee,309.74304,302.467,0.8999031,-0.28511924,0.15291435,0.00035340618
136,LAnkle,413.95703,357.3673,0.90528965,-0.023931485,0.2817659,-0.010955243
136,RAnkle,297.71835,369.56735,0.8928636,-0.2974725,0.31646764,0.094599746
136,Head,365.85828,88.96584,0.83899945,-0.1431351,-0.3562525,-0.06357322
136,Neck,357.84183,131.66608,0.91955274,-0.16547978,-0.24773245,-0.033692632
136,Hip,345.81714,241.46667,0.9215568,-0.18993607,0.00031508505,-0.00083722174
136,LBigToe,401.93234,387.86746,0.9325828,,,
136,RBigToe,281.68542,393.9675,0.89956594,,,
136,LSmallToe,409.94882,387.86746,0.8826259,,,
136,RSmallToe,277.67722,393.9675,0.8272036,,,
136,LHeel,425.98175,363.46732,0.82422465,,,
136,RHeel,305.73483,381.76743,0.9233141,,,
137,Nose,361.77896,112.638374,0.9247518,,,
137,LEye,365.7881,106.53754,0.9334202,,,
137,REye,357.76984,106.53754,0.9069865,,,
137,LEar,373.80637,118.73922,0.8973522,,,
137,REar,345.74246,106.53754,0.9137153,,,
137,LShoulder,377.8155,149.24342,0.86216563,-0.11463562,-0.20788056,-0.05243691
137,RShoulder,325.6968,137.04173,0.77780426,-0.23301388,-0.23490515,0.009425791
137,LElbow,417.90677,173.64677,0.8253761,-0.01947206,-0.15763584,0.030100456
137,RElbow,309.66028,167.54594,0.8939873,-0.27905276,-0.17098917,0.10622276
137,LWrist,393.852,198.05014,0.8504475,-0.08221905,-0.10056454,-0.008793106
137,RWrist,313.66943,204.15099,0.870855,-0.2620864,-0.08836959,0.050884455
137,LHip,357.76984,246.85686,0.82252526,-0.15910468,0.0012739114,-0.039886333
137,RHip,325.6968,240.75603,0.7986375,-0.23077694,-0.006828584,0.04162487
137,LKnee,365.7881,307.86526,0.89565766,-0.1500218,0.16311938,-0.14992325
137,RKnee,309.66028,301.76443,0.89389527,-0.28493166,0.15235583,0.0007618526
137,LAnkle,413.89764,356.672,0.85604,-0.02486466,0.27991688,-0.014105534
137,RAnkle,297.6329,374.97452,0.87409794,-0.2967558,0.31637383,0.09409189
137,Head,361.77896,82.13418,0.8714616,-0.14739689,-0.3579004,-0.064355575
137,Neck,353.7607,130.9409,0.9081153,-0.17065395,-0.24994428,-0.033903666
137,Hip,341.73334,240.75603,0.9243875,-0.19501978,-0.0021494254,-0.0008868
137,LBigToe,401.87027,387.17618,0.8692756,,,
137,RBigToe,281.59637,393.27704,0.88762444,,,
137,LSmallToe,409.88852,387.17618,0.8435672,,,
137,RSmallToe,277.58725,387.17618,0.8377838,,,
137,LHeel,425.92505,362.77283,0.86220205,,,
137,RHeel,305.65115,381.07535,0.9284588,,,
138,Nose,357.8632,111.86963,0.94582707,,,
138,LEye,361.86343,105.76045,0.9145244,,,
138,REye,353.86298,105.76045,0.9469385,,,
138,LEar,369.8639,117.978806,0.94955397,,,
138,REar,345.8625,105.76045,0.9307339,,,
138,LShoulder,373.86414,148.52469,0.85676533,-0.12006861,-0.21013433,-0.053028204
138,RShoulder,325.86133,136.30634,0.7625201,-0.23782344,-0.23767583,0.009133166
138,LElbow,417.8667,172.96138,0.7898412,-0.024191814,-0.15987863,0.028690783
138,RElbow,309.86038,166.85222,0.8799208,-0.28271377,-0.17324156,0.10583385
138,LWrist,389.86508,197.39809,0.8301617,-0.087358825,-0.10176572,-0.008905554
138,RWrist,313.86063,203.50726,0.8374142,-0.26639313,-0.08909574,0.052279517
138,LHip,357.8632,246.2715,0.8033079,-0.16383253,-0.0019988455,-0.040174052
138,RHip,325.86133,240.16232,0.8018717,-0.23496759,-0.008884927,0.041572854
138,LKnee,361.86343,307.36325,0.88917154,-0.15448937,0.16047518,-0.14993626
138,RKnee,309.86038,301.2541,0.8795663,-0.28473657,0.15125014,0.00075075775
138,LAnkle,413.8665,356.23666,0.876585,-0.027484274,0.27896485,-0.016814156
138,RAnkle,301.85992,374.56418,0.87765586,-0.29565293,0.31600013,0.093643054
138,Head,361.86343,87.43293,0.8784747,-0.15149495,-0.35964116,-0.06524581
138,Neck,353.86298,130.19716,0.90236396,-0.175758,-0.25243858,-0.03460749
138,Hip,341.86224,240.16232,0.92464304,-0.19936499,-0.0049717836,-0.0009723236
138,LBigToe,401.86578,386.78253,0.90331644,,,
138,RBigToe,281.85873,392.89172,0.8765576,,,
138,LSmallToe,405.866,386.78253,0.86567754,,,
138,RSmallToe,281.85873,386.78253,0.8168286,,,
138,LHeel,425.8672,362.34583,0.8124382,,,
138,RHeel,305.86014,380.67337,0.9260345,,,
139,Nose,353.45483,111.4674,0.8867331,,,
139,LEye,361.42825,111.4674,0.9142831,,,
139,REye,353.45483,105.353485,0.931687,,,
139,LEar,369.40167,117.58131,0.92820185,,,
139,REar,341.4947,105.353485,0.93386316,,,
139,LShoulder,373.3884,148.15085,0.87989885,-0.12516001,-0.21287973,-0.053944014
139,RShoulder,321.56116,135.92303,0.8199528,-0.24257359,-0.24048202,0.008442672
139,LElbow,413.2555,172.60648,0.8523589,-0.029114923,-0.16261823,0.027283253
139,RElbow,305.6143,166.49257,0.89558315,-0.28590295,-0.17493398,0.105052665
139,LWrist,385.3485,197.06212,0.789192,-0.09203849,-0.102852,-0.009149658
139,RWrist,313.5877,203.17603,0.784574,-0.26964998,-0.08935925,0.053048287
139,LHip,357.44156,239.85947,0.7739645,-0.16818374,-0.00597015,-0.040541884
139,RHip,321.56116,239.85947,0.794231,-0.23885593,-0.011571979,0.04146516
139,LKnee,361.42825,307.11246,0.88876635,-0.15841028,0.15732686,-0.14975119
139,RKnee,309.601,300.99857,0.857947,-0.28485334,0.14940307,0.0005014804
139,LAnkle,413.2555,356.02374,0.852847,-0.031749398,0.27908435,-0.019590283
139,RAnkle,301.6276,374.36545,0.88292253,-0.29438868,0.31519046,0.09316983
139,Head,361.42825,87.011765,0.8550602,-0.1557182,-0.36175755,-0.06682482
139,Neck,349.4681,129.80913,0.9133675,-0.18069875,-0.25541112,-0.035780497
139,Hip,337.508,239.85947,0.89038366,-0.20338163,-0.008687044,-0.0011351297
139,LBigToe,397.30865,386.5933,0.8102042,,,
139,RBigToe,281.69403,392.70718,0.8807625,,,
139,LSmallToe,405.28207,386.5933,0.8066106,,,
139,RSmallToe,281.69403,392.70718,0.8254052,,,
139,LHeel,421.2289,362.13763,0.8139891,,,
139,RHeel,305.6143,380.47937,0.9275726,,,
140,Nose,351.9458,117.248924,0.89018524,,,
140,LEye,359.77682,111.13792,0.9397728,,,
140,REye,351.9458,105.0269,0.9337326,,,
140,LEar,363.69235,117.248924,0.91899276,,,
140,REar,340.19922,105.0269,0.94183326,,,
140,LShoulder,371.52338,147.80399,0.88032514,-0.13002609,-0.21583986,-0.0553063
140,RShoulder,320.6216,135.58195,0.83123696,-0.24694866,-0.2431405,0.0073837964
140,LElbow,410.6786,172.24803,0.76904595,-0.033972897,-0.16581373,0.025539273
140,RElbow,304.95953,172.24803,0.8970539,-0.28861848,-0.17588283,0.10402943
140,LWrist,387.18546,196.6921,0.8852633,-0.0962139,-0.10386717,-0.009792754
140,RWrist,312.7906,202.8031,0.8084506,-0.27217236,-0.08879866,0.053168304
140,LHip,355.8613,239.46918,0.7906044,-0.17126775,-0.010080673,-0.04107386
140,RHip,324.53714,239.46918,0.7728949,-0.24154271,-0.014704758,0.041270852
140,LKnee,359.77682,306.6903,0.90142745,-0.16207248,0.15386519,-0.14974207
140,RKnee,308.87506,300.57928,0.8887497,-0.28577438,0.14708547,-0.0005405538
140,LAnkle,410.6786,355.5784,0.86516756,-0.037935555,0.28042725,-0.022368962
140,RAnkle,301.044,373.91144,0.85231876,-0.29293138,0.3140994,0.092648946
140,Head,359.77682,86.69386,0.88339305,-0.16038233,-0.36416706,-0.06914524
140,Neck,348.03027,129.47095,0.9261591,-0.18554321,-0.25861847,-0.037470207
140,Hip,340.19922,233.35815,0.88270164,-0.20602116,-0.0128403455,-0.0013099804
140,LBigToe,395.0165,386.13348,0.83080053,,,
140,RBigToe,281.46643,392.24448,0.8751872,,,
140,LSmallToe,398.93204,386.13348,0.81314874,,,
140,RSmallToe,281.46643,386.13348,0.8241737,,,
140,LHeel,422.42514,361.68942,0.77839863,,,
140,RHeel,308.87506,380.02246,0.91528964,,,
141,Nose,349.87613,116.31675,0.9136152,,,
141,LEye,357.56808,110.19236,0.93466365,,,
141,REye,349.87613,104.06797,0.9164234,,,
141,LEar,361.41406,116.31675,0.89967084,,,
141,REar,338.3382,104.06797,0.9417706,,,
141,LShoulder,369.10605,146.93869,0.8717895,-0.13484201,-0.21856536,-0.057229653
141,RShoulder,315.2623,134.68991,0.85752285,-0.25142413,-0.2452866,0.0058889706
141,LElbow,407.56586,171.43625,0.7951496,-0.038680866,-0.16955127,0.02342598
141,RElbow,303.72433,171.43625,0.9200401,-0.29129288,-0.17716716,0.10281715
141,LWrist,384.48996,195.9338,0.8602313,-0.09979441,-0.10472427,-0.00999379
141,RWrist,311.41632,208.18259,0.9036242,-0.2742357,-0.087611526,0.05401067
141,LHip,349.87613,238.80453,0.78477824,-0.1740807,-0.013919591,-0.041487902
141,RHip,319.10828,238.80453,0.78265744,-0.24407993,-0.017638901,0.04112149
141,LKnee,357.56808,306.17282,0.85699844,-0.16535322,0.15051241,-0.14982313
141,RKnee,307.5703,300.04843,0.8841947,-0.28752092,0.1446543,-0.0020976642
141,LAnkle,407.56586,355.16794,0.8474833,-0.045808557,0.28313616,-0.025521064
141,RAnkle,303.72433,373.5411,0.86295867,-0.29099673,0.3127966,0.091798715
141,Head,357.56808,85.6948,0.8479555,-0.16559085,-0.3662949,-0.07201628
141,Neck,346.03015,128.56552,0.93161273,-0.19045049,-0.2614163,-0.03981052
141,Hip,334.4922,232.68015,0.8936683,-0.2086947,-0.016682468,-0.001420676
141,LBigToe,388.33594,385.7899,0.72239,,,
141,RBigToe,284.49442,391.91428,0.8397428,,,
141,LSmallToe,396.02792,385.7899,0.74219424,,,
141,RSmallToe,280.64844,385.7899,0.77915114,,,
141,LHeel,415.25784,361.29233,0.7925895,,,
141,RHeel,307.5703,379.6655,0.9026037,,,
142,Nose,348.76392,111.14835,0.89334685,,,
142,LEye,356.20322,111.14835,0.9013928,,,
142,REye,345.04428,105.04191,0.90211314,,,
142,LEar,363.64252,117.2548,0.8967092,,,
142,REar,337.60498,105.04191,0.9190378,,,
142,LShoulder,367.36215,147.78702,0.8181028,-0.13961166,-0.2210937,-0.059741415
142,RShoulder,315.28708,135.57413,0.7995359,-0.25570515,-0.24716893,0.003727963
142,LElbow,397.11932,159.99991,0.7522182,-0.04376603,-0.17425469,0.021259353
142,RElbow,300.4085,166.10635,0.9069845,-0.29428673,-0.17891212,0.10105285
142,LWrist,385.9604,196.6386,0.6415495,-0.1028882,-0.10554163,-0.009447035
142,RWrist,307.8478,208.85149,0.8409445,-0.2761724,-0.08686069,0.054967683
142,LHip,352.48355,239.38371,0.78647035,-0.17521323,-0.017668871,-0.042017177
142,RHip,322.72638,233.27727,0.8013401,-0.2449475,-0.020587608,0.04090634
142,LKnee,356.20322,306.5546,0.8507135,-0.1686643,0.14709999,-0.14995453
142,RKnee,304.12814,294.3417,0.9037309,-0.29079387,0.14183891,-0.0046541765
142,LAnkle,400.839,361.51263,0.8334506,-0.056510556,0.2877246,-0.028961843
142,RAnkle,304.12814,367.61908,0.86769855,-0.28900322,0.31114653,0.090384506
142,Head,356.20322,86.722565,0.830791,-0.17149617,-0.36828718,-0.07549911
142,Neck,345.04428,129.46768,0.9225729,-0.1955266,-0.2639546,-0.042629763
142,Hip,337.60498,233.27727,0.87412417,-0.20970139,-0.020553293,-0.0013806911
142,LBigToe,382.24075,385.93842,0.81250006,,,
142,RBigToe,285.5299,392.04486,0.8599934,,,
142,LSmallToe,389.68002,385.93842,0.80813843,,,
142,RSmallToe,281.81027,385.93842,0.82252985,,,
142,LHeel,411.99792,361.51263,0.79628736,,,
142,RHeel,307.8478,379.83197,0.87268347,,,
143,Nose,347.92426,110.589584,0.9122315,,,
143,LEye,351.51263,110.589584,0.9101937,,,
143,REye,344.3359,104.46099,0.9284979,,,
143,LEar,358.68933,116.718185,0.8785923,,,
143,REar,333.57086,104.46099,0.894638,,,
143,LShoulder,365.86603,147.36119,0.8363732,-0.14430909,-0.2234238,-0.06231545
143,RShoulder,315.6291,135.10399,0.8037496,-0.25987113,-0.24861766,0.0017091192
143,LElbow,405.33792,165.74698,0.74349266,-0.04691736,-0.17751138,0.0182264
143,RElbow,301.27567,165.74698,0.86124104,-0.29699156,-0.180333,0.09964219
143,LWrist,380.21945,196.38998,0.7899906,-0.105701536,-0.10663076,-0.010028619
143,RWrist,308.4524,208.64719,0.82770884,-0.27766722,-0.08643934,0.05521764
143,LHip,351.51263,233.16159,0.79285914,-0.17620257,-0.02117481,-0.042287193
143,RHip,322.8058,233.16159,0.8145744,-0.24578896,-0.023245312,0.040527716
143,LKnee,355.10098,300.57617,0.8559548,-0.17175563,0.14375351,-0.14998633
143,RKnee,304.864,294.44757,0.92564154,-0.29455388,0.13913232,-0.007725058
143,LAnkle,398.16122,361.86218,0.84908974,-0.06832034,0.2924996,-0.03352282
143,RAnkle,304.864,367.99078,0.85157156,-0.2867636,0.30948392,0.08853953
143,Head,351.51263,79.94659,0.75543344,-0.17804453,-0.37027255,-0.07937545
143,Neck,344.3359,128.97539,0.8478139,-0.20070527,-0.26611793,-0.045217708
143,Hip,337.1592,227.03299,0.874594,-0.21065897,-0.02450084,-0.0012088215
143,LBigToe,380.21945,386.3766,0.7954345,,,
143,RBigToe,286.92227,392.5052,0.7456207,,,
143,LSmallToe,383.8078,386.3766,0.82884526,,,
143,RSmallToe,283.3339,386.3766,0.7434417,,,
143,LHeel,408.92627,367.99078,0.8458719,,,
143,RHeel,312.04074,374.1194,0.8520409,,,
144,Nose,342.40485,110.76403,0.93508893,,,
144,LEye,349.45135,104.620705,0.8968425,,,
144,REye,338.8816,104.620705,0.91536397,,,
144,LEar,356.4979,116.90736,0.84097713,,,
144,REar,331.83505,104.620705,0.9269303,,,
144,LShoulder,363.5444,141.48065,0.8177753,-0.14871672,-0.22441007,-0.06468881
144,RShoulder,310.6955,135.33733,0.7879542,-0.26379785,-0.24856819,-0.00012795092
144,LElbow,398.77704,159.91063,0.716793,-0.050580345,-0.18047307,0.015841175
144,RElbow,300.1257,166.05396,0.7850942,-0.2998246,-0.18118818,0.098837286
144,LWrist,384.684,196.77057,0.760394,-0.1080414,-0.10749765,-0.0094922315
144,RWrist,307.1722,209.05722,0.77155674,-0.27890643,-0.08609308,0.05570352
144,LHip,352.9746,233.63052,0.7955827,-0.17670426,-0.022813812,-0.042344414
144,RHip,321.26526,233.63052,0.8155622,-0.2463724,-0.024058616,0.040343728
144,LKnee,352.9746,301.2071,0.8758995,-0.17441928,0.14158696,-0.15023807
144,RKnee,300.1257,295.06375,0.905736,-0.2998129,0.13699393,-0.011135151
144,LAnkle,391.7305,362.64032,0.8600227,-0.0812825,0.29804626,-0.03866621
144,RAnkle,307.1722,368.78366,0.8801599,-0.2842878,0.30782023,0.0864252
144,Head,345.9281,80.04741,0.7488499,-0.18468827,-0.37086734,-0.08259154
144,Neck,338.8816,123.05068,0.8236156,-0.20563567,-0.26667356,-0.047433645
144,Hip,338.8816,227.4872,0.8697572,-0.21151891,-0.026537767,-0.0011478446
144,LBigToe,374.1142,393.35696,0.76696634,,,
144,RBigToe,286.03265,387.21362,0.72395015,,,
144,LSmallToe,381.1607,387.21362,0.78323156,,,
144,RSmallToe,286.03265,381.0703,0.7412689,,,
144,LHeel,402.3003,368.78366,0.82625145,,,
144,RHeel,314.21875,374.92697,0.8834806,,,
145,Nose,341.4614,110.13425,0.91273564,,,
145,LEye,344.95404,103.95345,0.89007056,,,
145,REye,337.96875,103.95345,0.91261685,,,
145,LEar,355.43198,116.31504,0.81815636,,,
145,REar,330.98346,103.95345,0.87252945,,,
145,LShoulder,362.4173,147.21901,0.8480038,-0.15263793,-0.22373165,-0.066458456
145,RShoulder,310.02756,134.85742,0.7590556,-0.2669252,-0.2470056,-0.00071006385
145,LElbow,404.32907,165.76138,0.6820504,-0.05332017,-0.18173777,0.014308465
145,RElbow,299.54962,165.76138,0.81007355,-0.30253455,-0.18154652,0.09968279
145,LWrist,379.88052,196.66536,0.7669137,-0.109980255,-0.10794239,-0.009225457
145,RWrist,306.5349,209.02695,0.7911017,-0.28036347,-0.086676404,0.056767534
145,LHip,351.93933,233.75012,0.80531454,-0.17719036,-0.022729706,-0.042296544
145,RHip,320.5055,233.75012,0.8225033,-0.2468952,-0.02334513,0.040310122
145,LKnee,351.93933,301.73886,0.8600606,-0.17698112,0.14065647,-0.1504433
145,RKnee,296.05698,295.55804,0.913118,-0.30553263,0.13597561,-0.014687752
145,LAnkle,386.8658,363.54678,0.8463524,-0.094697736,0.30445352,-0.044403307
145,RAnkle,310.02756,363.54678,0.8541868,-0.28181288,0.3062062,0.08409971
145,Head,344.95404,85.41107,0.71658415,-0.19162022,-0.36993504,-0.08460621
145,Neck,337.96875,128.67662,0.85681844,-0.21017528,-0.26556852,-0.048496798
145,Hip,337.96875,227.56932,0.8750777,-0.21230263,-0.026377412,-0.0011388732
145,LBigToe,365.90994,394.45074,0.7787353,,,
145,RBigToe,289.07166,382.08917,0.610558,,,
145,LSmallToe,372.89523,394.45074,0.7299274,,,
145,RSmallToe,289.07166,382.08917,0.6734136,,,
145,LHeel,397.34375,375.9084,0.81347,,,
145,RHeel,317.01285,369.72757,0.87480646,,,
146,Nose,340.53998,117.1954,0.883901,,,
146,LEye,344.03366,111.00429,0.8926215,,,
146,REye,337.0463,104.81318,0.9077496,,,
146,LEar,351.02103,117.1954,0.8133929,,,
146,REar,326.56525,104.81318,0.8775159,,,
146,LShoulder,361.50208,148.15092,0.8402535,-0.15654142,-0.2221323,-0.06787495
146,RShoulder,309.0968,135.7687,0.77727175,-0.26945406,-0.24451925,-0.00069966237
146,LElbow,396.43893,160.53314,0.6987201,-0.056871604,-0.18270455,0.01288113
146,RElbow,298.61575,172.91536,0.8552892,-0.30550045,-0.18192168,0.10117825
146,LWrist,375.4768,197.67978,0.7071629,-0.11197958,-0.1082121,-0.008072816
146,RWrist,309.0968,203.8709,0.81805515,-0.28176183,-0.08859992,0.05834388
146,LHip,351.02103,234.82642,0.8095621,-0.17789784,-0.021380924,-0.042234074
146,RHip,319.57788,234.82642,0.82997537,-0.24730611,-0.021590834,0.040426534
146,LKnee,347.52734,296.7375,0.8943981,-0.18016435,0.14083791,-0.15092468
146,RKnee,295.12207,296.7375,0.90211904,-0.30981496,0.13617767,-0.01718408
146,LAnkle,382.4642,371.03076,0.85278726,-0.10666579,0.31082788,-0.04966832
146,RAnkle,309.0968,364.83966,0.85958445,-0.27972656,0.30564654,0.081712924
146,Head,344.03366,86.23986,0.7623232,-0.19844924,-0.36819106,-0.08609215
146,Neck,337.0463,129.5776,0.84278023,-0.21438882,-0.2634255,-0.048971895
146,Hip,337.0463,228.63531,0.9080913,-0.21298674,-0.024593163,-0.0011852523
146,LBigToe,361.50208,395.7952,0.8206082,,,
146,RBigToe,288.1347,383.413,0.65252596,,,
146,LSmallToe,368.48944,395.7952,0.79153824,,,
146,RSmallToe,288.1347,383.413,0.73015547,,,
146,LHeel,389.45157,377.22186,0.83017075,,,
146,RHeel,316.0842,371.03076,0.84536606,,,
147,Nose,335.2745,121.27236,0.82393324,,,
147,LEye,342.32935,115.133446,0.84011817,,,
147,REye,331.74707,108.99453,0.8571539,,,
147,LEar,349.3842,121.27236,0.7917209,,,
147,REar,324.6922,108.99453,0.9126736,,,
147,LShoulder,359.9665,145.82802,0.8302809,-0.16010195,-0.21911724,-0.06878085
147,RShoulder,310.58252,139.6891,0.7249561,-0.2711739,-0.24079745,0.00014987751
147,LElbow,395.24072,164.24475,0.70942897,-0.059689768,-0.18224505,0.012157803
147,RElbow,296.4728,170.38367,0.65465534,-0.30843073,-0.18278007,0.10327463
147,LWrist,377.6036,194.93933,0.77321213,-0.11394414,-0.10826641,-0.007127626
147,RWrist,307.05508,207.21715,0.64700556,-0.2837181,-0.09103523,0.061049107
147,LHip,352.91162,237.91173,0.78990555,-0.17889036,-0.018102262,-0.04230795
147,RHip,321.1648,237.91173,0.8489397,-0.2474865,-0.018357864,0.040907014
147,LKnee,349.3842,299.30087,0.895809,-0.18403392,0.14281967,-0.1521631
147,RKnee,296.4728,293.16196,0.8957665,-0.31326735,0.13743426,-0.018391721
147,LAnkle,377.6036,372.96783,0.8771568,-0.11590678,0.31595618,-0.053309012
147,RAnkle,310.58252,366.82892,0.8616137,-0.27770364,0.30594096,0.079748504
147,Head,338.8019,90.57779,0.7838034,-0.20480564,-0.36493766,-0.08653327
147,Neck,335.2745,127.41127,0.85046947,-0.21793266,-0.2597355,-0.04871379
147,Hip,335.2745,231.77281,0.8991214,-0.2135189,-0.02041941,-0.0013925673
147,LBigToe,356.43906,397.52347,0.79846436,,,
147,RBigToe,289.41797,385.24567,0.60552025,,,
147,LSmallToe,363.4939,397.52347,0.8135493,,,
147,RSmallToe,289.41797,385.24567,0.7219759,,,
147,LHeel,384.65845,385.24567,0.8226273,,,
147,RHeel,317.63736,379.10675,0.83785313,,,
148,Nose,334.07367,121.71706,0.88452965,,,
148,LEye,341.0188,109.49515,0.8379421,,,
148,REye,330.60114,109.49515,0.866683,,,
148,LEar,347.96393,115.6061,0.7476991,,,
148,REar,320.18347,115.6061,0.87969303,,,
148,LShoulder,358.3816,146.16087,0.8001125,-0.16326378,-0.2152518,-0.06915221
148,RShoulder,306.2932,140.04993,0.6642836,-0.27234843,-0.23655795,0.0018902409
148,LElbow,393.10715,164.49374,0.70444864,-0.06214468,-0.18153243,0.011728095
148,RElbow,295.87555,176.71565,0.81203854,-0.31114691,-0.1846218,0.106145225
148,LWrist,379.21692,195.04852,0.6528452,-0.11554305,-0.1084498,-0.0053304257
148,RWrist,306.2932,207.27043,0.80822843,-0.28597215,-0.09558165,0.06483502
148,LHip,351.43646,237.8252,0.77618665,-0.18035617,-0.013772016,-0.042428467
148,RHip,320.18347,237.8252,0.83235943,-0.2477248,-0.014108652,0.04140965
148,LKnee,347.96393,305.04572,0.8747563,-0.18836233,0.14564852,-0.15392466
148,RKnee,292.403,298.93475,0.91614,-0.31625214,0.13976045,-0.018994452
148,LAnkle,375.7444,378.37717,0.8786746,-0.12099073,0.3184301,-0.054274574
148,RAnkle,309.76578,372.2662,0.83289576,-0.27603102,0.30643675,0.077810876
148,Head,334.07367,91.16228,0.7290444,-0.21035486,-0.36092678,-0.085942246
148,Neck,330.60114,133.93896,0.7967322,-0.22080201,-0.25506917,-0.047556274
148,Hip,334.07367,231.71425,0.8690908,-0.21436256,-0.015520939,-0.0014677136
148,LBigToe,358.3816,396.71002,0.92306775,,,
148,RBigToe,285.4579,390.5991,0.67692053,,,
148,LSmallToe,361.85413,396.71002,0.8572236,,,
148,RSmallToe,285.4579,384.48813,0.77207243,,,
148,LHeel,382.68948,384.48813,0.8279082,,,
148,RHeel,316.7109,378.37717,0.8553474,,,
149,Nose,328.77017,122.603096,0.88142043,,,
149,LEye,335.5116,116.51351,0.8454321,,,
149,REye,325.39948,110.42393,0.8621685,,,
149,LEar,342.253,122.603096,0.81435865,,,
149,REar,322.02875,116.51351,0.8569329,,,
149,LShoulder,355.73584,153.05103,0.81286323,-0.16647786,-0.21093373,-0.069288544
149,RShoulder,315.28735,140.87186,0.77930516,-0.27345073,-0.23204796,0.0045935903
149,LElbow,396.18433,165.2302,0.6910114,-0.06448087,-0.1809928,0.011905637
149,RElbow,291.69238,153.05103,0.78590316,-0.3152411,-0.18926041,0.10900126
149,LWrist,375.96008,195.67812,0.7551438,-0.11727655,-0.10826288,-0.0024029047
149,RWrist,298.4338,177.40936,0.6930616,-0.2882384,-0.09997712,0.07133793
149,LHip,348.99442,238.3052,0.79620194,-0.18244776,-0.009017758,-0.042484134
149,RHip,322.02875,238.3052,0.8026106,-0.24803966,-0.0091986805,0.04213104
149,LKnee,345.62372,305.29065,0.885693,-0.19330227,0.1485966,-0.15661311
149,RKnee,295.06308,299.20105,0.9385055,-0.31869912,0.14222038,-0.019772468
149,LAnkle,372.58936,372.27606,0.8784074,-0.12298374,0.31833765,-0.053083863
149,RAnkle,311.91663,372.27606,0.8135115,-0.27473673,0.3069528,0.07700873
149,Head,335.5116,92.155174,0.7613701,-0.2153575,-0.35630804,-0.084497936
149,Neck,332.14087,134.78227,0.85658205,-0.22345595,-0.24984176,-0.04600775
149,Hip,335.5116,238.3052,0.89391917,-0.21579525,-0.010291352,-0.0012069943
149,LBigToe,359.10654,396.6344,0.9115581,,,
149,RBigToe,288.3217,384.45523,0.63206625,,,
149,LSmallToe,362.47723,396.6344,0.81320274,,,
149,RSmallToe,288.3217,384.45523,0.74767125,,,
149,LHeel,382.7015,384.45523,0.8172216,,,
149,RHeel,318.65805,384.45523,0.83140725,,,
150,Nose,332.66626,124.69676,0.8889278,,,
150,LEye,336.02158,118.66401,0.8948044,,,
150,REye,325.9556,118.66401,0.8698443,,,
150,LEar,342.73227,124.69676,0.83894974,,,
150,REar,319.2449,118.66401,0.92457205,,,
150,LShoulder,356.1536,148.82777,0.7947833,-0.16951683,-0.2076139,-0.069179974
150,RShoulder,309.17892,142.79503,0.6693042,-0.27444816,-0.2287711,0.006912207
150,LElbow,399.77295,166.92604,0.71037173,-0.06720683,-0.1803149,0.012560507
150,RElbow,292.40225,160.89328,0.6417367,-0.31741402,-0.19324727,0.112298734
150,LWrist,376.2856,197.08981,0.7618566,-0.119222976,-0.10790156,9.063096e-05
150,RWrist,299.1129,191.05705,0.4625942,-0.29118472,-0.105828166,0.07740498
150,LHip,349.44293,239.31909,0.7733905,-0.18466398,-0.006038718,-0.042451676
150,RHip,319.2449,239.31909,0.7905723,-0.24889591,-0.0062890165,0.04259648
150,LKnee,339.37692,305.67938,0.872525,-0.19790278,0.1509279,-0.15837613
150,RKnee,292.40225,299.64664,0.8710946,-0.32046443,0.14391898,-0.02076009
150,LAnkle,376.2856,372.03967,0.8556995,-0.12302965,0.31726477,-0.051539265
150,RAnkle,312.53424,372.03967,0.84725696,-0.2740984,0.307142,0.07657123
150,Head,332.66626,94.53299,0.7807491,-0.2194975,-0.3527055,-0.083213426
150,Neck,329.3109,136.76227,0.8204878,-0.22591773,-0.24599947,-0.044911444
150,Hip,336.02158,239.31909,0.88609827,-0.21750565,-0.0070762187,-0.0009760298
150,LBigToe,359.50894,396.1707,0.88877106,,,
150,RBigToe,289.0469,384.1052,0.63513297,,,
150,LSmallToe,362.86426,396.1707,0.8053765,,,
150,RSmallToe,289.0469,384.1052,0.74809813,,,
150,LHeel,386.3516,384.1052,0.8143235,,,
150,RHeel,319.2449,384.1052,0.77658576,,,
151,Nose,327.97507,124.7786,0.90440434,,,
151,LEye,334.46262,118.75428,0.9251289,,,
151,REye,324.7313,112.72996,0.88323444,,,
151,LEar,340.95013,124.7786,0.8748643,,,
151,REar,318.24374,118.75428,0.91269284,,,
151,LShoulder,353.92523,154.9002,0.7792205,-0.17260921,-0.20545782,-0.0690155
151,RShoulder,311.75623,148.87589,0.6771182,-0.27561247,-0.22676776,0.009181231
151,LElbow,396.09424,166.94885,0.6892555,-0.07082288,-0.18006124,0.0142410025
151,RElbow,292.29358,160.92453,0.69642293,-0.31934056,-0.19736679,0.11543311
151,LWrist,373.38785,197.07048,0.7543184,-0.121530294,-0.10758428,0.0023489657
151,RWrist,302.0249,203.0948,0.65444946,-0.29501376,-0.11195539,0.08379071
151,LHip,347.43768,245.26506,0.76144505,-0.18718049,-0.0045639053,-0.042503774
151,RHip,321.48752,245.26506,0.78520644,-0.25042304,-0.0049052574,0.042928446
151,LKnee,340.95013,305.50827,0.84099174,-0.20161986,0.1524143,-0.15919137
151,RKnee,292.29358,299.48395,0.86382675,-0.32103515,0.14495054,-0.02200266
151,LAnkle,373.38785,371.77585,0.8708596,-0.12327525,0.31612608,-0.05023433
151,RAnkle,311.75623,371.77585,0.8430252,-0.27376932,0.30707303,0.07664453
151,Head,331.21884,94.65698,0.79604596,-0.22315423,-0.35057887,-0.081835166
151,Neck,327.97507,142.85156,0.840824,-0.22817385,-0.24362777,-0.043888114
151,Hip,334.46262,239.24074,0.8941032,-0.21960571,-0.0054770075,-0.00096053677
151,LBigToe,357.169,395.87314,0.8859719,,,
151,RBigToe,289.0498,389.84882,0.66976184,,,
151,LSmallToe,363.65656,395.87314,0.81749755,,,
151,RSmallToe,289.0498,383.8245,0.7732922,,,
151,LHeel,383.11917,383.8245,0.83423513,,,
151,RHeel,321.48752,383.8245,0.79510844,,,
152,Nose,328.1027,120.05137,0.81809413,,,
152,LEye,331.26962,114.05254,0.83214974,,,
152,REye,324.93576,114.05254,0.8699221,,,
152,LEar,340.77045,126.05019,0.84210134,,,
152,REar,318.6019,114.05254,0.7923808,,,
152,LShoulder,353.43817,150.0455,0.7424123,-0.17560157,-0.20694424,-0.0686808
152,RShoulder,312.26804,144.04668,0.67581993,-0.27727574,-0.22859734,0.010686134
152,LElbow,385.1075,168.04198,0.70268327,-0.07497134,-0.18186,0.01579733
152,RElbow,290.0995,150.0455,0.6193654,-0.32165447,-0.2028871,0.117444225
152,LWrist,369.27283,204.03493,0.730989,-0.12372899,-0.1082851,0.0059201475
152,RWrist,293.26642,180.03963,0.70454025,-0.29767907,-0.11768767,0.09002396
152,LHip,343.93738,240.02788,0.77146333,-0.189788,-0.0067498777,-0.042749256
152,RHip,318.6019,240.02788,0.78613204,-0.2526189,-0.006745085,0.042879038
152,LKnee,340.77045,306.01495,0.85146993,-0.20509183,0.15117598,-0.1580832
152,RKnee,293.26642,300.01614,0.87370116,-0.31998655,0.1444355,-0.022245416
152,LAnkle,372.43976,372.00204,0.8300703,-0.1232622,0.3142554,-0.04984053
152,RAnkle,312.26804,372.00204,0.8159548,-0.2735976,0.30667728,0.077019416
152,Head,331.26962,96.05606,0.66857475,-0.22616312,-0.3521296,-0.0814055
152,Neck,331.26962,138.04785,0.7824539,-0.23038049,-0.24527918,-0.043368947
152,Hip,331.26962,234.02905,0.86893547,-0.22197118,-0.007873012,-0.0011493119
152,LBigToe,359.77203,395.99734,0.86298937,,,
152,RBigToe,286.93256,389.99854,0.67247427,,,
152,LSmallToe,362.93896,395.99734,0.83488613,,,
152,RSmallToe,290.0995,383.9997,0.7777116,,,
152,LHeel,385.1075,383.9997,0.7906326,,,
152,RHeel,318.6019,383.9997,0.7724279,,,
153,Nose,328.11078,123.82811,0.7902262,,,
153,LEye,334.5382,117.77719,0.8517315,,,
153,REye,324.89706,111.726265,0.8169324,,,
153,LEar,340.96564,123.82811,0.8701938,,,
153,REar,318.46967,117.77719,0.9045664,,,
153,LShoulder,350.60678,154.08273,0.787035,-0.17853898,-0.20880811,-0.0684417
153,RShoulder,308.82852,141.98088,0.6651486,-0.27914315,-0.2306582,0.011910016
153,LElbow,385.95758,166.18459,0.6842115,-0.07825076,-0.1842456,0.017113958
153,RElbow,289.54626,154.08273,0.7628584,-0.32244626,-0.20661502,0.119823664
153,LWrist,373.10275,202.49013,0.60676837,-0.12574136,-0.10957727,0.007382064
153,RWrist,302.4011,202.49013,0.5467022,-0.30043173,-0.121860564,0.09564869
153,LHip,344.17935,238.79568,0.8011067,-0.19230512,-0.009054644,-0.042939503
153,RHip,315.25595,238.79568,0.78206253,-0.25491032,-0.008451492,0.042859703
153,LKnee,337.75192,305.35583,0.8813963,-0.20940025,0.1495389,-0.15720043
153,RKnee,292.75995,299.30493,0.9002422,-0.3186302,0.14358683,-0.022909695
153,LAnkle,373.10275,371.91602,0.87615603,-0.1228663,0.31128886,-0.04933031
153,RAnkle,312.04224,371.91602,0.79931706,-0.27363437,0.30621192,0.07760591
153,Head,331.3245,93.573494,0.77397704,-0.22890781,-0.35430184,-0.08087383
153,Neck,328.11078,135.92996,0.8662652,-0.23265874,-0.24722658,-0.0431466
153,Hip,331.3245,238.79568,0.8728713,-0.22435199,-0.010190486,-0.0012154111
153,LBigToe,360.2479,390.0688,0.8639815,,,
153,RBigToe,289.54626,384.01785,0.6849985,,,
153,LSmallToe,363.4616,390.0688,0.8099659,,,
153,RSmallToe,289.54626,384.01785,0.7711531,,,
153,LHeel,382.7439,384.01785,0.7989102,,,
153,RHeel,321.68335,384.01785,0.78443646,,,
154,Nose,324.67014,118.45178,0.8924093,,,
154,LEye,331.17072,112.42981,0.90696937,,,
154,REye,321.41986,112.42981,0.90889835,,,
154,LEar,337.67126,118.45178,0.91865355,,,
154,REar,314.91928,118.45178,0.90313536,,,
154,LShoulder,347.42212,148.56165,0.79024637,-0.18126029,-0.21236633,-0.0683968
154,RShoulder,305.16846,142.53967,0.7126798,-0.28129554,-0.2343321,0.012150665
154,LElbow,379.92493,160.60559,0.70448655,-0.08130584,-0.18784033,0.01814294
154,RElbow,288.91702,148.56165,0.75963235,-0.3236569,-0.20987724,0.12106013
154,LWrist,366.9238,196.73744,0.58045006,-0.1275326,-0.11180471,0.0085855555
154,RWrist,301.91815,202.75941,0.7263209,-0.3014038,-0.12322055,0.100912414
154,LHip,344.1718,238.89125,0.7846962,-0.19441521,-0.0138129,-0.043136682
154,RHip,314.91928,238.89125,0.80155146,-0.25724304,-0.012375903,0.042452883
154,LKnee,337.67126,305.13297,0.8764119,-0.21475378,0.14587083,-0.1559392
154,RKnee,292.1673,299.111,0.90429205,-0.31641456,0.14137655,-0.023379229
154,LAnkle,373.42438,371.37466,0.84944826,-0.12340313,0.3059296,-0.04813181
154,RAnkle,311.669,371.37466,0.8075993,-0.2739732,0.30542699,0.07802718
154,Head,327.9204,88.34192,0.8595895,-0.23145525,-0.35813925,-0.08125051
154,Neck,324.67014,136.5177,0.8938665,-0.23477978,-0.2510398,-0.0438758
154,Hip,331.17072,232.86928,0.8476672,-0.22642073,-0.014765407,-0.0014457668
154,LBigToe,357.17297,395.46255,0.87873155,,,
154,RBigToe,288.91702,383.4186,0.61835843,,,
154,LSmallToe,363.67352,395.46255,0.85047597,,,
154,RSmallToe,288.91702,383.4186,0.75933635,,,
154,LHeel,383.17523,377.39664,0.7909661,,,
154,RHeel,321.41986,383.4186,0.8078771,,,
155,Nose,324.7007,115.94305,0.8707064,,,
155,LEye,327.93878,109.887,0.8947487,,,
155,REye,321.46265,109.887,0.88515836,,,
155,LEar,337.65295,121.9991,0.91420794,,,
155,REar,314.98654,115.94305,0.8953225,,,
155,LShoulder,347.3671,146.2233,0.7648636,-0.18360975,-0.21610977,-0.06840874
155,RShoulder,302.03433,140.16725,0.6728959,-0.28347412,-0.23806994,0.011976791
155,LElbow,392.6999,164.39145,0.6202283,-0.08366897,-0.19165389,0.019319907
155,RElbow,289.0821,158.3354,0.63065696,-0.32522953,-0.21141392,0.12140014
155,LWrist,366.79544,194.67169,0.7050121,-0.1295858,-0.114553496,0.0088824285
155,RWrist,302.03433,206.7838,0.4515272,-0.30274394,-0.12490387,0.10612068
155,LHip,344.12906,237.06404,0.7449949,-0.19647032,-0.018748064,-0.043330338
155,RHip,311.74847,237.06404,0.77935517,-0.25948682,-0.016307293,0.041987177
155,LKnee,334.4149,303.68057,0.7859924,-0.22181423,0.14132142,-0.15551174
155,RKnee,295.5582,303.68057,0.8956542,-0.31402418,0.13866939,-0.023814041
155,LAnkle,373.27155,370.29712,0.8293775,-0.12501092,0.29816714,-0.04574605
155,RAnkle,311.74847,370.29712,0.8251716,-0.27456397,0.30452964,0.0781836
155,Head,324.7007,85.6628,0.8406212,-0.23375466,-0.36210367,-0.08167488
155,Neck,324.7007,134.11119,0.89778996,-0.23671773,-0.2549831,-0.0446897
155,Hip,327.93878,231.008,0.8375626,-0.22853465,-0.019381572,-0.0014621627
155,LBigToe,357.08127,394.52133,0.8553679,,,
155,RBigToe,289.0821,388.46527,0.62984324,,,
155,LSmallToe,363.55737,394.52133,0.84001863,,,
155,RSmallToe,289.0821,382.40924,0.7375291,,,
155,LHeel,382.98572,376.35318,0.8050301,,,
155,RHeel,321.46265,382.40924,0.8299213,,,
156,Nose,324.771,120.15578,0.86679304,,,
156,LEye,327.97144,108.01229,0.8692894,,,
156,REye,321.57056,108.01229,0.88808304,,,
156,LEar,337.57272,120.15578,0.9329193,,,
156,REar,311.96927,114.08404,0.8774487,,,
156,LShoulder,347.174,150.51448,0.74224985,-0.1855758,-0.21952966,-0.06874355
156,RShoulder,302.36798,144.44275,0.61920756,-0.28532654,-0.24154001,0.011413027
156,LElbow,385.57916,162.65797,0.61972296,-0.0868287,-0.19448914,0.01955258
156,RElbow,289.56628,162.65797,0.6443869,-0.32722974,-0.21311444,0.12051495
156,LWrist,366.3766,199.08842,0.62251484,-0.1318144,-0.11676717,0.009366271
156,RWrist,302.36798,205.16016,0.58268446,-0.30379865,-0.12572141,0.11030314
156,LHip,340.77316,229.44713,0.73267096,-0.1981278,-0.02339767,-0.04359378
156,RHip,311.96927,235.51888,0.740516,-0.2609934,-0.020333523,0.041693278
156,LKnee,334.37228,296.2363,0.7830116,-0.2303947,0.13621041,-0.15559685
156,RKnee,295.96713,296.2363,0.87724274,-0.31281433,0.13505672,-0.02426396
156,LAnkle,369.57703,363.02545,0.8469724,-0.1277247,0.28827956,-0.041364856
156,RAnkle,311.96927,369.0972,0.83138835,-0.27554977,0.3032907,0.07789885
156,Head,324.771,83.72533,0.8208295,-0.23538284,-0.36575255,-0.082015775
156,Neck,324.771,132.29926,0.8774083,-0.23834446,-0.2585257,-0.045868486
156,Hip,327.97144,229.44713,0.7873223,-0.23024455,-0.023913682,-0.001396283
156,LBigToe,356.7753,387.3124,0.8418502,,,
156,RBigToe,289.56628,387.3124,0.63521504,,,
156,LSmallToe,359.97574,387.3124,0.846886,,,
156,RSmallToe,289.56628,381.24066,0.7307161,,,
156,LHeel,379.1783,369.0972,0.72587824,,,
156,RHeel,321.57056,381.24066,0.82875836,,,
157,Nose,325.74774,117.94891,0.8784597,,,
157,LEye,328.82755,111.889854,0.83976805,,,
157,REye,319.58813,105.8308,0.88293576,,,
157,LEar,338.06696,117.94891,0.8496966,,,
157,REar,310.34872,111.889854,0.8565096,,,
157,LShoulder,344.22656,142.18512,0.7119452,-0.18732631,-0.2226278,-0.06898422
157,RShoulder,304.18912,136.12607,0.63383085,-0.28732365,-0.24482132,0.010083195
157,LElbow,378.1044,154.30324,0.82258147,-0.09017365,-0.19689278,0.020103863
157,RElbow,285.7103,154.30324,0.68302953,-0.32959002,-0.2140199,0.11816713
157,LWrist,396.58322,160.36229,0.7623448,-0.13482597,-0.1194807,0.011812392
157,RWrist,301.1093,202.77567,0.7786832,-0.30520818,-0.12625614,0.11316925
157,LHip,341.14676,227.01187,0.7580815,-0.19937691,-0.027733792,-0.04380091
157,RHip,313.42853,233.07092,0.72504497,-0.2623282,-0.024243286,0.041502524
157,LKnee,325.74774,299.72052,0.83533573,-0.2404013,0.13101836,-0.15599997
157,RKnee,294.9497,293.66147,0.88915616,-0.3121176,0.1311864,-0.024225311
157,LAnkle,368.865,360.31107,0.8106341,-0.13127905,0.27643976,-0.03569112
157,RAnkle,313.42853,366.37012,0.8217608,-0.27694052,0.30185887,0.077666275
157,Head,322.66794,81.59459,0.7515723,-0.23655424,-0.36918607,-0.08215938
157,Neck,322.66794,130.06702,0.7918492,-0.23959401,-0.26168123,-0.04721525
157,Hip,328.82755,227.01187,0.7953418,-0.23179446,-0.028081516,-0.0013226748
157,LBigToe,353.46597,384.54727,0.8528859,,,
157,RBigToe,288.7901,390.60632,0.6501934,,,
157,LSmallToe,359.62558,378.48822,0.85373485,,,
157,RSmallToe,288.7901,384.54727,0.7155104,,,
157,LHeel,378.1044,360.31107,0.7241808,,,
157,RHeel,319.58813,372.42917,0.8106213,,,
158,Nose,323.6869,115.96121,0.8985401,,,
158,LEye,329.58493,109.92292,0.90601236,,,
158,REye,320.73785,103.884636,0.89928085,,,
158,LEar,335.48297,115.96121,0.8951475,,,
158,REar,311.89078,109.92292,0.83944124,,,
158,LShoulder,344.33005,140.11438,0.6936565,-0.18843825,-0.22479202,-0.0693152
158,RShoulder,308.94177,134.0761,0.51821184,-0.28868294,-0.24693063,0.009160489
158,LElbow,376.7693,158.22925,0.7532182,-0.0922243,-0.1982723,0.021253351
158,RElbow,288.2986,146.15266,0.6495812,-0.33180106,-0.21272686,0.11579394
158,LWrist,397.41245,164.26755,0.60170484,-0.13681927,-0.12115295,0.011067867
158,RWrist,300.0947,206.53558,0.55809224,-0.3071205,-0.12330502,0.1137143
158,LHip,344.33005,230.68875,0.7720718,-0.20031038,-0.031194467,-0.043983534
158,RHip,314.8398,230.68875,0.64377004,-0.2633622,-0.027513232,0.041512154
158,LKnee,320.73785,297.10995,0.78350097,-0.2507474,0.12567373,-0.1570612
158,RKnee,297.14566,291.07166,0.8370737,-0.31189066,0.127714,-0.024257597
158,LAnkle,367.9222,351.45456,0.84030074,-0.13586715,0.2635779,-0.029189227
158,RAnkle,308.94177,363.53116,0.85451555,-0.27876312,0.3003922,0.07747365
158,Head,326.6359,79.73147,0.71364623,-0.2373085,-0.3718502,-0.08203999
158,Neck,323.6869,128.0378,0.7513615,-0.24050869,-0.26383615,-0.048152633
158,Hip,329.58493,224.65045,0.72422713,-0.2331183,-0.031272046,-0.001347367
158,LBigToe,353.1771,375.60773,0.84880394,,,
158,RBigToe,288.2986,387.68433,0.85578746,,,
158,LSmallToe,359.07516,375.60773,0.89726365,,,
158,RSmallToe,291.24762,381.64603,0.82521707,,,
158,LHeel,376.7693,357.49286,0.7922845,,,
158,RHeel,317.78882,375.60773,0.88677925,,,
159,Nose,323.97134,116.13368,0.8821485,,,
159,LEye,329.8136,110.12515,0.82297176,,,
159,REye,321.05023,104.11663,0.8983997,,,
159,LEar,335.65585,116.13368,0.7374284,,,
159,REar,309.36572,110.12515,0.87955755,,,
159,LShoulder,344.41922,140.16779,0.69372165,-0.18897477,-0.22592439,-0.06935664
159,RShoulder,303.52347,140.16779,0.60062325,-0.28959745,-0.24768142,0.008562133
159,LElbow,379.47275,158.19337,0.76151264,-0.093477815,-0.19875474,0.021768553
159,RElbow,285.9967,152.18484,0.67197335,-0.33356103,-0.20942493,0.1137756
159,LWrist,394.0784,164.2019,0.61389875,-0.13766637,-0.121988535,0.009635997
159,RWrist,294.76007,200.25307,0.56808746,-0.30984288,-0.11756605,0.11297768
159,LHip,341.4981,230.2957,0.7911562,-0.20141587,-0.03348054,-0.04420855
159,RHip,312.28683,230.2957,0.67792284,-0.26443788,-0.029698286,0.041582555
159,LKnee,312.28683,296.3895,0.8195261,-0.26022315,0.12046681,-0.15925159
159,RKnee,294.76007,290.38098,0.83023065,-0.3121357,0.124932066,-0.024604136
159,LAnkle,364.86713,344.4577,0.7800414,-0.14132217,0.2504525,-0.022062974
159,RAnkle,306.44458,362.4833,0.83691174,-0.2804641,0.29915932,0.07724502
159,Head,321.05023,80.08252,0.700171,-0.23748925,-0.37331513,-0.08149217
159,Neck,321.05023,128.15074,0.7051298,-0.24106441,-0.26476085,-0.04840429
159,Hip,329.8136,224.28717,0.7410982,-0.23438409,-0.033401985,-0.0013770163
159,LBigToe,353.18262,374.50034,0.8358768,,,
159,RBigToe,288.91782,386.5174,0.90697116,,,
159,LSmallToe,359.02487,368.49182,0.8055029,,,
159,RSmallToe,288.91782,380.50888,0.8343005,,,
159,LHeel,373.6305,350.46625,0.73938006,,,
159,RHeel,312.28683,374.50034,0.85029674,,,
160,Nose,323.34836,110.80302,0.8850091,,,
160,LEye,329.2771,104.806175,0.9188218,,,
160,REye,320.384,104.806175,0.9013588,,,
160,LEar,335.2058,116.799866,0.92192954,,,
160,REar,311.4909,110.80302,0.84751046,,,
160,LShoulder,347.06326,146.78409,0.772686,-0.18906659,-0.22583006,-0.069620825
160,RShoulder,305.5622,140.78723,0.65310234,-0.29004037,-0.2472081,0.007743409
160,LElbow,382.63562,158.77777,0.5667992,-0.09453432,-0.19795786,0.022711487
160,RElbow,287.77603,146.78409,0.70252293,-0.33523673,-0.20393278,0.11110652
160,LWrist,373.74252,194.75883,0.5953218,-0.13885602,-0.12126623,0.005889699
160,RWrist,290.7404,176.7683,0.5458411,-0.31278664,-0.10917255,0.10749728
160,LHip,341.13455,230.73988,0.7556791,-0.20261012,-0.034769386,-0.044440307
160,RHip,311.4909,230.73988,0.6911699,-0.26562962,-0.030863771,0.041702904
160,LKnee,308.52655,296.70517,0.8390914,-0.2676652,0.115432695,-0.16260198
160,RKnee,296.6691,290.7083,0.807305,-0.3125813,0.12284963,-0.025331201
160,LAnkle,361.88507,338.68307,0.76199436,-0.14740053,0.23735414,-0.014455099
160,RAnkle,305.5622,368.6673,0.8081572,-0.28157705,0.29826137,0.07689466
160,Head,326.31274,80.8188,0.7790274,-0.23728725,-0.37376133,-0.08097527
160,Neck,323.34836,134.79039,0.856484,-0.24116811,-0.26439384,-0.048673958
160,Hip,326.31274,224.74304,0.7817848,-0.23575222,-0.034528464,-0.0013926439
160,LBigToe,352.992,368.6673,0.873013,,,
160,RBigToe,287.77603,386.6578,0.8627754,,,
160,LSmallToe,358.92072,362.67044,0.78872496,,,
160,RSmallToe,290.7404,380.66098,0.8050643,,,
160,LHeel,370.77817,338.68307,0.64630234,,,
160,RHeel,311.4909,374.66412,0.8606377,,,
161,Nose,325.36533,111.21408,0.82448584,,,
161,LEye,328.30133,105.24071,0.78341544,,,
161,REye,319.49326,105.24071,0.871729,,,
161,LEar,337.10944,117.187454,0.7949557,,,
161,REar,310.68518,111.21408,0.8675274,,,
161,LShoulder,340.04544,147.05432,0.661171,-0.18922037,-0.2257292,-0.06975379
161,RShoulder,298.94107,141.08095,0.38250387,-0.29035246,-0.24678482,0.006770378
161,LElbow,375.27777,159.00107,0.68088055,-0.0953068,-0.19626997,0.023465065
161,RElbow,284.26093,176.92119,0.45560923,-0.33649817,-0.19830108,0.108496554
161,LWrist,369.4057,194.84131,0.46777582,-0.14043236,-0.120336205,0.0033101009
161,RWrist,293.06903,206.78806,0.48946646,-0.31709018,-0.10174042,0.10081776
161,LHip,340.04544,230.68155,0.6822558,-0.20352277,-0.03609041,-0.0446479
161,RHip,310.68518,224.70818,0.46499527,-0.26643062,-0.03209419,0.041953333
161,LKnee,307.74915,290.41528,0.71761745,-0.27333605,0.110323325,-0.16615951
161,RKnee,296.00504,290.41528,0.7623436,-0.31349853,0.1207626,-0.025471115
161,LAnkle,357.66162,332.2289,0.47831056,-0.15418917,0.22543527,-0.0072200615
161,RAnkle,307.74915,362.09576,0.73646694,-0.2822247,0.29711172,0.07759597
161,Head,325.36533,81.34721,0.5888811,-0.23671247,-0.37435,-0.08069995
161,Neck,322.4293,135.10757,0.64190847,-0.24105273,-0.26412028,-0.048941854
161,Hip,328.30133,224.70818,0.54151726,-0.23683505,-0.035637982,-0.0014167333
161,LBigToe,354.7256,362.09576,0.57274145,,,
161,RBigToe,293.06903,385.98926,0.83171046,,,
161,LSmallToe,354.7256,362.09576,0.56605506,,,
161,RSmallToe,290.133,385.98926,0.8025714,,,
161,LHeel,363.53366,326.25552,0.5351305,,,
161,RHeel,313.62122,374.0425,0.83359534,,,
162,Nose,325.27225,110.464485,0.8801516,,,
162,LEye,328.258,104.482994,0.8707348,,,
162,REye,322.28647,104.482994,0.8813918,,,
162,LEar,337.21533,116.44598,0.93863565,,,
162,REar,313.32913,110.464485,0.8154969,,,
162,LShoulder,346.17267,146.35342,0.74369687,-0.1890966,-0.22610512,-0.06968816
162,RShoulder,313.32913,146.35342,0.6435172,-0.29093832,-0.24667348,0.0060758116
162,LElbow,379.01617,158.31639,0.7423422,-0.0950346,-0.19504385,0.023421383
162,RElbow,286.45718,164.29788,0.56695455,-0.33771002,-0.19270718,0.105044134
162,LWrist,367.07306,194.20534,0.5894086,-0.14189878,-0.11951563,0.0010566197
162,RWrist,307.3576,134.39044,0.4413349,-0.3220517,-0.094176695,0.09125508
162,LHip,337.21533,230.09427,0.7267957,-0.2046331,-0.03728541,-0.044834517
162,RHip,313.32913,230.09427,0.62424463,-0.26751328,-0.03315475,0.04214967
162,LKnee,310.34335,283.92767,0.7179454,-0.27810097,0.105384156,-0.16988933
162,RKnee,295.4145,283.92767,0.8069689,-0.31468052,0.11906524,-0.024904363
162,LAnkle,310.34335,361.687,0.6634973,-0.15902609,0.2134976,-0.0009798326
162,RAnkle,307.3576,361.687,0.7360828,-0.28249395,0.2959871,0.07919023
162,Head,328.258,86.53853,0.73809093,-0.23599838,-0.37549782,-0.08040109
162,Neck,325.27225,134.39044,0.8487675,-0.24086948,-0.2644298,-0.049021453
162,Hip,325.27225,224.11278,0.7275665,-0.23805968,-0.03656361,-0.0014087355
162,LBigToe,289.44293,379.6315,0.37527132,,,
162,RBigToe,292.4287,385.61298,0.8084751,,,
162,LSmallToe,295.4145,379.6315,0.37474698,,,
162,RSmallToe,292.4287,379.6315,0.7722488,,,
162,LHeel,316.3149,373.65,0.56643337,,,
162,RHeel,316.3149,373.65,0.7940428,,,
163,Nose,325.36377,109.348656,0.87509215,,,
163,LEye,328.39062,103.34416,0.9096305,,,
163,REye,319.3101,103.34416,0.87518734,,,
163,LEar,337.47113,115.35314,0.90594065,,,
163,REar,310.22958,109.348656,0.8127178,,,
163,LShoulder,346.55164,145.3756,0.7573215,-0.18904813,-0.22728707,-0.06924776
163,RShoulder,307.20276,139.37111,0.69690174,-0.29188892,-0.24745364,0.005753522
163,LElbow,376.82004,157.38458,0.7257592,-0.093920894,-0.19387011,0.022266092
163,RElbow,282.98804,163.38907,0.5812336,-0.33845833,-0.18883926,0.102633215
163,LWrist,367.7395,199.41602,0.5769699,-0.14241186,-0.11855455,-0.003402605
163,RWrist,292.06854,205.4205,0.504598,-0.32668233,-0.08930372,0.088513695
163,LHip,337.47113,229.43846,0.7594907,-0.2053661,-0.038736198,-0.04487999
163,RHip,310.22958,229.43846,0.6291687,-0.26868936,-0.034565628,0.042108487
163,LKnee,310.22958,289.48337,0.6694419,-0.28173536,0.10055265,-0.17324597
163,RKnee,298.12222,289.48337,0.79926527,-0.31571046,0.11836691,-0.024019921
163,LAnkle,355.63217,319.50583,0.6733414,-0.16028619,0.20130248,0.0047000684
163,RAnkle,307.20276,361.53726,0.8155204,-0.28198743,0.29480994,0.08163446
163,Head,325.36377,79.326195,0.77792203,-0.23516715,-0.37758204,-0.080297574
163,Neck,325.36377,133.36661,0.8598995,-0.24108638,-0.26577213,-0.048924655
163,Hip,325.36377,223.43398,0.7742898,-0.23919222,-0.037811834,-0.00136886
163,LBigToe,361.68585,361.53726,0.35101077,,,
163,RBigToe,292.06854,385.55524,0.8521154,,,
163,LSmallToe,367.7395,355.53278,0.2820293,,,
163,RSmallToe,292.06854,385.55524,0.82528514,,,
163,LHeel,361.68585,313.50134,0.64804196,,,
163,RHeel,316.28326,373.54623,0.8780852,,,
164,Nose,324.96927,108.54243,0.87330973,,,
164,LEye,330.98492,102.53354,0.8463774,,,
164,REye,321.96146,102.53354,0.8564277,,,
164,LEar,337.00055,114.55131,0.9000921,,,
164,REar,309.93018,108.54243,0.8259215,,,
164,LShoulder,343.0162,144.59575,0.67195964,-0.18889096,-0.22890978,-0.0686624
164,RShoulder,306.92233,138.58685,0.42802525,-0.29267994,-0.24848351,0.005594245
164,LElbow,376.10226,156.61353,0.72970396,-0.09194808,-0.19271474,0.02109913
164,RElbow,282.85977,168.63129,0.60006785,-0.33936864,-0.18524541,0.0995337
164,LWrist,367.0788,192.66684,0.44197243,-0.14277104,-0.11760178,-0.008533927
164,RWrist,288.8754,204.68462,0.7409224,-0.3321132,-0.0845221,0.08268446
164,LHip,337.00055,228.72017,0.7432212,-0.20613441,-0.040301226,-0.044880904
164,RHip,309.93018,228.72017,0.60639995,-0.26980904,-0.03608968,0.0421388
164,LKnee,306.92233,288.80902,0.66726303,-0.28456175,0.09645717,-0.17557633
164,RKnee,294.89105,288.80902,0.81412494,-0.3167975,0.117783785,-0.023207877
164,LAnkle,355.0475,318.85345,0.7176505,-0.16326226,0.1943825,0.0073463004
164,RAnkle,309.93018,366.92456,0.8047459,-0.28066224,0.29352337,0.08491243
164,Head,327.9771,84.506874,0.6589765,-0.23419538,-0.38011053,-0.08001757
164,Neck,324.96927,132.57797,0.7513882,-0.24132097,-0.26760632,-0.048903637
164,Hip,324.96927,222.71127,0.7471012,-0.2403464,-0.039187048,-0.0013160666
164,LBigToe,352.03967,348.8979,0.5361336,,,
164,RBigToe,291.88324,384.95123,0.8585802,,,
164,LSmallToe,358.05533,348.8979,0.43751365,,,
164,RSmallToe,291.88324,384.95123,0.8350407,,,
164,LHeel,361.06314,312.84457,0.65453917,,,
164,RHeel,315.9458,372.93344,0.860599,,,
165,Nose,323.90778,111.23693,0.8970101,,,
165,LEye,329.9876,99.063354,0.8966646,,,
165,REye,320.8679,99.063354,0.92353714,,,
165,LEar,336.0674,111.23693,0.937421,,,
165,REar,311.74817,105.15015,0.82004976,,,
165,LShoulder,345.18713,147.75766,0.733267,-0.18860792,-0.23142307,-0.067817174
165,RShoulder,302.62845,141.67088,0.68067825,-0.29396623,-0.25035435,0.0054559093
165,LElbow,390.78574,166.01804,0.76557446,-0.088749245,-0.19174995,0.018913763
165,RElbow,281.3491,166.01804,0.73703855,-0.34050256,-0.18223298,0.09600196
165,LWrist,369.50638,190.36519,0.7090688,-0.14274028,-0.11674902,-0.013371823
165,RWrist,284.389,208.62555,0.7748947,-0.3379063,-0.07994811,0.07385185
165,LHip,336.0674,232.9727,0.6701914,-0.20686261,-0.041954674,-0.044874407
165,RHip,308.70825,232.9727,0.542737,-0.27098817,-0.037838012,0.042090215
165,LKnee,308.70825,281.66702,0.62340754,-0.28666493,0.09293465,-0.17748868
165,RKnee,293.50873,287.7538,0.74518764,-0.31774142,0.117463484,-0.02200655
165,LAnkle,354.30685,318.18774,0.46740618,-0.16649947,0.19115831,0.008552966
165,RAnkle,308.70825,360.7953,0.77395463,-0.27880913,0.2918724,0.09013832
165,Head,326.9477,74.7162,0.81669784,-0.2332321,-0.38363996,-0.07983762
165,Neck,323.90778,129.4973,0.8556077,-0.2417954,-0.2705229,-0.048816465
165,Hip,323.90778,226.88593,0.6798996,-0.24150449,-0.040753655,-0.0011581357
165,LBigToe,366.4665,318.18774,0.17460091,,,
165,RBigToe,293.50873,385.14243,0.8947977,,,
165,LSmallToe,366.4665,312.10095,0.17479761,,,
165,RSmallToe,290.4688,385.14243,0.79715747,,,
165,LHeel,360.38666,312.10095,0.319092,,,
165,RHeel,314.78806,372.96884,0.8397669,,,
166,Nose,326.64185,105.07393,0.88224083,,,
166,LEye,332.8555,99.00269,0.88100296,,,
166,REye,323.53503,99.00269,0.9017238,,,
166,LEar,335.96234,111.14517,0.9002781,,,
166,REar,314.21454,105.07393,0.7773972,,,
166,LShoulder,345.28284,141.50137,0.75938815,-0.18844858,-0.23547281,-0.066658236
166,RShoulder,304.89404,141.50137,0.63285553,-0.29555237,-0.25354895,0.005353016
166,LElbow,382.5648,159.71509,0.60591143,-0.086256,-0.19195946,0.017064635
166,RElbow,280.0394,165.78633,0.70277977,-0.34172982,-0.18075933,0.09266742
166,LWrist,363.9238,190.0713,0.49869394,-0.1427825,-0.116278455,-0.019370371
166,RWrist,283.14624,208.28502,0.7877347,-0.34374475,-0.0768477,0.06462269
166,LHip,335.96234,226.49873,0.7330625,-0.20782301,-0.045461796,-0.04481601
166,RHip,311.1077,226.49873,0.6445839,-0.27248597,-0.041021217,0.041858464
166,LKnee,304.89404,281.1399,0.7016653,-0.28797078,0.089968204,-0.17752269
166,RKnee,295.57355,287.21115,0.8399416,-0.3182209,0.1171097,-0.019208444
166,LAnkle,354.60333,317.56735,0.77483577,-0.16945875,0.19116035,0.008385284
166,RAnkle,308.0009,360.06604,0.682475,-0.27660573,0.28997335,0.095314525
166,Head,326.64185,74.71773,0.8340155,-0.23209238,-0.3882527,-0.07945087
166,Neck,323.53503,129.35889,0.8978073,-0.24244148,-0.27496317,-0.04857836
166,Hip,323.53503,220.4275,0.72936165,-0.24281794,-0.043930292,-0.0011170066
166,LBigToe,348.38965,353.99478,0.8202222,,,
166,RBigToe,292.46674,384.35098,0.8818975,,,
166,LSmallToe,351.4965,347.92355,0.8309741,,,
166,RSmallToe,292.46674,378.27975,0.8554491,,,
166,LHeel,363.9238,317.56735,0.6739267,,,
166,RHeel,317.32135,372.20853,0.77865773,,,
167,Nose,327.6527,104.003876,0.9050969,,,
167,LEye,330.85098,97.91506,0.91991305,,,
167,REye,321.25613,91.82625,0.88335353,,,
167,LEar,337.24756,104.003876,0.9303701,,,
167,REar,311.66125,104.003876,0.8132447,,,
167,LShoulder,346.8424,140.53676,0.79933685,-0.18810049,-0.23943223,-0.06491337
167,RShoulder,302.0664,134.44795,0.64451265,-0.29716986,-0.25653136,0.005676984
167,LElbow,391.61844,158.8032,0.7754926,-0.0834499,-0.19215758,0.014625046
167,RElbow,279.6784,170.98083,0.7014189,-0.3431182,-0.17996794,0.09065347
167,LWrist,366.03214,189.24728,0.7804268,-0.1420403,-0.11535983,-0.026233893
167,RWrist,279.6784,207.51372,0.7938847,-0.3498897,-0.07488279,0.05676536
167,LHip,337.24756,225.78017,0.79753226,-0.20872071,-0.048093826,-0.044581152
167,RHip,308.46298,225.78017,0.7138042,-0.2742315,-0.043486785,0.04157469
167,LKnee,302.0664,280.5795,0.7497475,-0.28833342,0.088446856,-0.17724785
167,RKnee,292.47156,286.6683,0.896963,-0.31837082,0.11756362,-0.016798709
167,LAnkle,350.0407,317.1124,0.7960183,-0.17264712,0.195461,0.0062365336
167,RAnkle,311.66125,359.73407,0.882619,-0.27365273,0.28831375,0.10125735
167,Head,327.6527,73.55981,0.86641926,-0.2307592,-0.39265108,-0.07826493
167,Neck,324.4544,128.35913,0.8896442,-0.24312814,-0.27927354,-0.04766493
167,Hip,324.4544,219.69135,0.80982745,-0.24415174,-0.046489164,-0.000981556
167,LBigToe,343.64413,353.64526,0.78590786,,,
167,RBigToe,292.47156,384.08936,0.9346332,,,
167,LSmallToe,346.8424,347.55646,0.83387715,,,
167,RSmallToe,292.47156,384.08936,0.85406035,,,
167,LHeel,362.83386,317.1124,0.58042943,,,
167,RHeel,318.05783,371.9117,0.8202265,,,
168,Nose,328.409,103.32469,0.91616255,,,
168,LEye,334.75012,97.212204,0.8941381,,,
168,REye,325.23843,97.212204,0.8824689,,,
168,LEar,337.92072,109.43718,0.87080055,,,
168,REar,315.72675,97.212204,0.85004574,,,
168,LShoulder,344.26184,139.99963,0.731072,-0.18776937,-0.24327743,-0.06260179
168,RShoulder,296.70337,133.88715,0.6024678,-0.29879394,-0.25928742,0.0062251287
168,LElbow,391.8203,158.3371,0.63171124,-0.08141133,-0.19200103,0.0132751465
168,RElbow,277.67996,170.56207,0.6749978,-0.3447473,-0.18010241,0.08937625
168,LWrist,366.45578,188.89954,0.72896177,-0.14074892,-0.11419654,-0.03381518
168,RWrist,277.67996,207.23701,0.7790355,-0.35584652,-0.0741979,0.050787807
168,LHip,337.92072,225.57448,0.7414937,-0.20988117,-0.050260916,-0.044299357
168,RHip,309.38562,225.57448,0.6674501,-0.2763775,-0.045509018,0.04118643
168,LKnee,306.21506,280.58688,0.801145,-0.28765047,0.08850306,-0.17650196
168,RKnee,293.5328,286.69937,0.89527357,-0.31741652,0.1188273,-0.014064526
168,LAnkle,350.60297,317.2618,0.7169382,-0.17622656,0.20373271,0.0024204466
168,RAnkle,312.55618,360.04922,0.7796716,-0.27053946,0.28711328,0.10733224
168,Head,328.409,72.762245,0.81467646,-0.22928694,-0.39667565,-0.07664553
168,Neck,322.06787,121.66216,0.87809515,-0.24367258,-0.28339455,-0.046252124
168,Hip,325.23843,219.46199,0.7681835,-0.24578698,-0.04861895,-0.0008849411
168,LBigToe,341.09128,347.82425,0.75912106,,,
168,RBigToe,293.5328,384.4992,0.87604964,,,
168,LSmallToe,347.4324,347.82425,0.75331014,,,
168,RSmallToe,293.5328,378.38672,0.8335446,,,
168,LHeel,360.11465,317.2618,0.620828,,,
168,RHeel,318.8973,372.27423,0.7690091,,,
169,Nose,328.8061,98.588905,0.90384334,,,
169,LEye,335.2481,92.39171,0.8651369,,,
169,REye,325.58508,92.39171,0.9030904,,,
169,LEar,338.4691,104.78611,0.91440034,,,
169,REar,315.92206,92.39171,0.81679887,,,
169,LShoulder,348.1321,135.77213,0.78890574,-0.18730085,-0.24686767,-0.06008969
169,RShoulder,296.59604,135.77213,0.6966604,-0.3003096,-0.26197633,0.006879053
169,LElbow,380.34216,154.36372,0.6568417,-0.08022742,-0.19182916,0.011994922
169,RElbow,277.27002,166.75813,0.84892815,-0.34652686,-0.1806541,0.088600256
169,LWrist,367.45813,191.54695,0.65555006,-0.13875164,-0.112703964,-0.042139005
169,RWrist,277.27002,216.33575,0.8795989,-0.36223578,-0.074498564,0.046129778
169,LHip,335.2481,222.53296,0.79157054,-0.2116786,-0.052055676,-0.043947183
169,RHip,306.25906,222.53296,0.7492972,-0.2792766,-0.04712306,0.0406575
169,LKnee,306.25906,278.30777,0.78506,-0.28587297,0.08963193,-0.1749992
169,RKnee,293.37503,290.70218,0.92286724,-0.3156729,0.12073074,-0.010796143
169,LAnkle,351.35312,327.8854,0.8425824,-0.18036397,0.21542385,-0.0031451362
169,RAnkle,312.70105,358.8714,0.8702897,-0.26730612,0.28609905,0.11357779
169,Head,332.0271,67.6029,0.7895682,-0.22778714,-0.40030792,-0.074946195
169,Neck,325.58508,123.377716,0.88685566,-0.2438539,-0.2871665,-0.04436618
169,Hip,322.36407,216.33575,0.8328687,-0.24796519,-0.050313856,-0.0008501315
169,LBigToe,341.6901,358.8714,0.83961475,,,
169,RBigToe,293.37503,383.66022,0.90998393,,,
169,LSmallToe,348.1321,358.8714,0.90386254,,,
169,RSmallToe,293.37503,383.66022,0.83813894,,,
169,LHeel,361.0161,327.8854,0.78262633,,,
169,RHeel,322.36407,371.2658,0.8526789,,,
170,Nose,330.667,103.133064,0.9028842,,,
170,LEye,333.92923,96.89295,0.909467,,,
170,REye,327.4048,90.65284,0.89014405,,,
170,LEar,337.19144,103.133064,0.8492287,,,
170,REar,314.35593,96.89295,0.87091607,,,
170,LShoulder,346.9781,134.33363,0.82462806,-0.18665525,-0.24939252,-0.057317983
170,RShoulder,294.78262,128.09352,0.7808756,-0.3015585,-0.26379362,0.0077897618
170,LElbow,379.60025,153.05397,0.64734226,-0.077818245,-0.19045784,0.0085551785
170,RElbow,278.47153,165.5342,0.8700445,-0.34833658,-0.18117689,0.08851366
170,LWrist,363.28918,196.73476,0.42753902,-0.13609062,-0.111306414,-0.05307042
170,RWrist,271.9471,209.21498,0.91610354,-0.3687995,-0.07585733,0.0423885
170,LHip,333.92923,221.6952,0.8084619,-0.21339697,-0.05249256,-0.043521248
170,RHip,307.83148,221.6952,0.792134,-0.28207898,-0.047697,0.0401564
170,LKnee,307.83148,277.85623,0.8008297,-0.2829185,0.09227304,-0.1727552
170,RKnee,294.78262,290.33646,0.8823961,-0.31329358,0.12329063,-0.007646608
170,LAnkle,350.2403,334.01724,0.8597603,-0.18508984,0.22999679,-0.009696933
170,RAnkle,314.35593,358.9777,0.82283354,-0.263825,0.2854586,0.12003496
170,Head,330.667,65.69239,0.8100633,-0.22613473,-0.40278587,-0.07265603
170,Neck,320.88037,115.61329,0.8605784,-0.24376827,-0.28974155,-0.042075686
170,Hip,320.88037,215.4551,0.84366024,-0.24977937,-0.0506777,-0.000830007
170,LBigToe,340.45364,365.2178,0.8165676,,,
170,RBigToe,291.52042,383.93814,0.800229,,,
170,LSmallToe,346.9781,358.9777,0.79764825,,,
170,RSmallToe,291.52042,377.69803,0.84511024,,,
170,LHeel,356.76474,334.01724,0.7374828,,,
170,RHeel,324.14258,371.45792,0.8131663,,,
171,Nose,330.1916,101.340034,0.8933977,,,
171,LEye,337.09546,95.08208,0.8882461,,,
171,REye,326.73965,88.82413,0.88142157,,,
171,LEar,340.5474,101.340034,0.8477608,,,
171,REar,312.93195,95.08208,0.8639129,,,
171,LShoulder,347.45123,132.62979,0.81829154,-0.18550864,-0.25016892,-0.05431363
171,RShoulder,295.67227,132.62979,0.754074,-0.3023405,-0.26420143,0.008862233
171,LElbow,392.32635,163.91954,0.7686662,-0.074392736,-0.1871407,0.0017751602
171,RElbow,278.4126,163.91954,0.81264246,-0.3504061,-0.18159421,0.08932466
171,LWrist,368.16284,195.20929,0.8235349,-0.13258769,-0.10990246,-0.066007845
171,RWrist,268.05682,207.7252,0.9149301,-0.3762985,-0.07810262,0.03903457
171,LHip,333.64352,220.2411,0.7655043,-0.2150655,-0.050154902,-0.042856745
171,RHip,306.02808,220.2411,0.7788724,-0.2850935,-0.04602342,0.039586417
171,LKnee,302.57614,282.82062,0.7253482,-0.2785386,0.09710646,-0.1699228
171,RKnee,299.1242,289.07855,0.62936413,-0.31018856,0.12728997,-0.0048339386
171,LAnkle,312.93195,357.91602,0.743575,-0.1919043,0.24910514,-0.018796204
171,RAnkle,347.45123,339.14218,0.77301556,-0.2604382,0.2860054,0.12684083
171,Head,330.1916,63.792324,0.84698373,-0.22433771,-0.40361455,-0.06978323
171,Neck,319.8358,113.855934,0.8679886,-0.24322835,-0.29057816,-0.03924022
171,Hip,319.8358,220.2411,0.841846,-0.2513569,-0.048400223,-0.00084615895
171,LBigToe,285.31647,382.9478,0.7096035,,,
171,RBigToe,337.09546,364.17398,0.7421378,,,
171,LSmallToe,292.22034,382.9478,0.7722008,,,
171,RSmallToe,337.09546,357.91602,0.7210551,,,
171,LHeel,323.28772,370.43192,0.80667883,,,
171,RHeel,357.80704,345.40012,0.8157262,,,
172,Nose,332.51028,97.27868,0.9133325,,,
172,LEye,336.03543,91.05667,0.905664,,,
172,REye,325.46,91.05667,0.9220211,,,
172,LEar,339.56058,103.500694,0.9010422,,,
172,REar,314.88452,91.05667,0.8678374,,,
172,LShoulder,350.13605,134.61075,0.8285513,-0.18426898,-0.24898249,-0.05177191
172,RShoulder,293.73364,128.38873,0.84130555,-0.3027966,-0.26318446,0.00961861
172,LElbow,392.43787,165.72081,0.8467773,-0.07216727,-0.18385853,-0.004767116
172,RElbow,276.10788,165.72081,0.8325532,-0.35268337,-0.18145324,0.090895735
172,LWrist,367.7618,196.83087,0.92971957,-0.12963699,-0.10785623,-0.07769249
172,RWrist,265.5324,203.05287,0.9323421,-0.38430345,-0.080684885,0.035875946
172,LHip,332.51028,221.71892,0.80211,-0.21685185,-0.04552953,-0.042132974
172,RHip,304.30908,227.94092,0.7947359,-0.28815418,-0.042455174,0.03885757
172,LKnee,307.83423,283.93903,0.84379137,-0.27328265,0.104396865,-0.16737406
172,RKnee,297.2588,296.38306,0.8672484,-0.3066834,0.13172638,-0.0013036944
172,LAnkle,346.6109,346.15915,0.877448,-0.19408415,0.26500097,-0.026107037
172,RAnkle,314.88452,358.60318,0.7604586,-0.2583813,0.28820488,0.13160825
172,Head,328.98514,66.168625,0.84875774,-0.22227813,-0.40268567,-0.06702153
172,Neck,321.93484,122.166725,0.89223015,-0.24246569,-0.28953364,-0.036673274
172,Hip,318.4097,221.71892,0.88349974,-0.2530592,-0.04441194,-0.0008319046
172,LBigToe,332.51028,371.04718,0.87564427,,,
172,RBigToe,293.73364,377.2692,0.57825595,,,
172,LSmallToe,336.03543,371.04718,0.8702696,,,
172,RSmallToe,293.73364,371.04718,0.66941094,,,
172,LHeel,357.18634,358.60318,0.8626386,,,
172,RHeel,321.93484,364.8252,0.67098856,,,
173,Nose,330.88702,98.17619,0.9381619,,,
173,LEye,338.08536,91.90307,0.9262098,,,
173,REye,327.28784,91.90307,0.9442142,,,
173,LEar,341.68454,98.17619,0.9422814,,,
173,REar,320.0895,91.90307,0.8707491,,,
173,LShoulder,348.88287,135.81497,0.8694854,-0.18314725,-0.24742612,-0.04962316
173,RShoulder,294.8953,129.54184,0.83866274,-0.3030977,-0.26193425,0.010476263
173,LElbow,395.67212,160.90749,0.8541534,-0.071038246,-0.18021001,-0.013222699
173,RElbow,276.89944,167.18062,0.8678015,-0.35508865,-0.18153283,0.09166227
173,LWrist,370.4779,192.27313,0.91404366,-0.12755524,-0.106213495,-0.09165384
173,RWrist,262.50275,204.8194,0.9307974,-0.39296538,-0.08383256,0.033335827
173,LHip,334.4862,223.6388,0.84093404,-0.21872026,-0.041621145,-0.041446015
173,RHip,302.09363,229.91191,0.82742554,-0.29097894,-0.039536692,0.03812918
173,LKnee,312.89117,286.3701,0.8684836,-0.26765,0.112500206,-0.1633369
173,RKnee,298.49448,298.91635,0.8959532,-0.3036965,0.13547786,0.0023290145
173,LAnkle,341.68454,355.3745,0.9043249,-0.19653383,0.28209335,-0.03264604
173,RAnkle,320.0895,361.64764,0.8155656,-0.25762236,0.2906436,0.13629541
173,Head,334.4862,66.81055,0.9150502,-0.22033232,-0.4015439,-0.06468749
173,Neck,323.6887,116.99558,0.8792111,-0.24170227,-0.28805456,-0.034575403
173,Hip,316.49033,223.6388,0.8701252,-0.255037,-0.0408916,-0.0007711884
173,LBigToe,327.28784,380.46704,0.8819422,,,
173,RBigToe,294.8953,380.46704,0.6552565,,,
173,LSmallToe,330.88702,380.46704,0.8015976,,,
173,RSmallToe,294.8953,374.1939,0.7504968,,,
173,LHeel,352.48206,367.92078,0.8787639,,,
173,RHeel,323.6887,374.1939,0.77333933,,,
174,Nose,331.12634,99.678734,0.9136041,,,
174,LEye,334.84418,93.275185,0.9077727,,,
174,REye,327.4085,93.275185,0.9179739,,,
174,LEar,342.27985,99.678734,0.92152387,,,
174,REar,316.25497,93.275185,0.88022643,,,
174,LShoulder,349.7155,138.10002,0.8520634,-0.18204923,-0.24513015,-0.047829732
174,RShoulder,293.94797,131.69647,0.8211305,-0.30305734,-0.2603533,0.011193066
174,LElbow,394.32956,163.7142,0.8638864,-0.07156974,-0.17464821,-0.021108782
174,RElbow,275.3588,163.7142,0.84393156,-0.35763723,-0.18146591,0.09165471
174,LWrist,372.02252,195.73195,0.84990627,-0.12631853,-0.10483433,-0.1066074
174,RWrist,256.7696,202.13548,0.9344696,-0.40179753,-0.08704798,0.031152522
174,LHip,331.12634,227.74968,0.79284847,-0.22015327,-0.03781338,-0.04069189
174,RHip,301.38364,227.74968,0.7923009,-0.29321614,-0.037427,0.03747032
174,LKnee,312.53714,291.78516,0.85227114,-0.2621213,0.12111229,-0.15858492
174,RKnee,301.38364,298.1887,0.88854426,-0.3018323,0.13817126,0.005376769
174,LAnkle,342.27985,368.62772,0.7957305,-0.19789359,0.29744104,-0.036395997
174,RAnkle,319.9728,362.22418,0.7913125,-0.25755602,0.29221794,0.14093538
174,Head,334.84418,67.660995,0.8554853,-0.21862106,-0.39983043,-0.062951155
174,Neck,323.69067,118.88937,0.88444024,-0.24087727,-0.28617355,-0.03298918
174,Hip,316.25497,221.34613,0.85053915,-0.2566598,-0.037730206,-0.00075568655
174,LBigToe,319.9728,387.83835,0.86919063,,,
174,RBigToe,293.94797,381.4348,0.6219031,,,
174,LSmallToe,327.4085,387.83835,0.8124272,,,
174,RSmallToe,297.6658,375.03128,0.62732214,,,
174,LHeel,349.7155,375.03128,0.85458714,,,
174,RHeel,323.69067,375.03128,0.7012521,,,
175,Nose,333.57385,99.712296,0.92584217,,,
175,LEye,337.2666,93.309525,0.9364057,,,
175,REye,329.8811,93.309525,0.9014144,,,
175,LEar,340.95938,99.712296,0.9269414,,,
175,REar,318.8028,93.309525,0.879311,,,
175,LShoulder,348.3449,138.12894,0.87387943,-0.1810826,-0.24202548,-0.0466654
175,RShoulder,296.64624,131.72617,0.83676106,-0.30278766,-0.2580554,0.011424869
175,LElbow,392.65805,170.1428,0.84575325,-0.0739866,-0.16747688,-0.029573122
175,RElbow,270.7969,163.74004,0.8525892,-0.3605065,-0.18097915,0.0910771
175,LWrist,370.50146,195.7539,0.89988494,-0.12650175,-0.10404174,-0.1231396
175,RWrist,252.33308,202.15668,0.91191643,-0.4110559,-0.09039813,0.02862732
175,LHip,329.8811,227.76778,0.77528405,-0.22111073,-0.03341622,-0.039935358
175,RHip,300.339,227.76778,0.81489277,-0.29474223,-0.03488272,0.037056282
175,LKnee,315.11005,291.79553,0.8401157,-0.25697333,0.12981014,-0.15425138
175,RKnee,304.03174,298.1983,0.87013507,-0.30155754,0.14036006,0.0071740355
175,LAnkle,340.95938,368.6288,0.8505622,-0.19789785,0.3088261,-0.035588264
175,RAnkle,318.8028,368.6288,0.80591655,-0.25850782,0.2935623,0.14535823
175,Head,333.57385,67.698425,0.8619235,-0.2170846,-0.39739212,-0.0617614
175,Neck,326.18832,118.920616,0.92011344,-0.24006912,-0.28353158,-0.031959705
175,Hip,315.11005,227.76778,0.8427592,-0.25793356,-0.03384883,-0.0006281326
175,LBigToe,318.8028,387.83713,0.8437349,,,
175,RBigToe,296.64624,375.0316,0.5959548,,,
175,LSmallToe,322.49557,394.2399,0.78364354,,,
175,RSmallToe,296.64624,375.0316,0.6766719,,,
175,LHeel,344.65213,381.43436,0.8283057,,,
175,RHeel,322.49557,375.0316,0.7519678,,,
176,Nose,333.38156,102.88181,0.9417494,,,
176,LEye,337.09964,96.53937,0.9396439,,,
176,REye,329.66348,90.19692,0.9103543,,,
176,LEar,344.5358,102.88181,0.9028786,,,
176,REar,318.50925,96.53937,0.8962373,,,
176,LShoulder,348.25388,140.93648,0.8748719,-0.18007213,-0.23867427,-0.046557683
176,RShoulder,296.20078,134.59402,0.8710394,-0.30235684,-0.25582406,0.010749973
176,LElbow,392.8708,172.6487,0.8550902,-0.07851234,-0.15992051,-0.039224688
176,RElbow,273.89233,166.30626,0.8660978,-0.36327255,-0.1803643,0.08930628
176,LWrist,370.56232,198.01848,0.87993914,-0.12859483,-0.10446648,-0.14098176
176,RWrist,251.58386,198.01848,0.9442558,-0.42016685,-0.09382641,0.025133356
176,LHip,333.38156,229.7307,0.8012499,-0.2209278,-0.029373426,-0.03908682
176,RHip,299.91885,229.7307,0.7987409,-0.29536504,-0.032870285,0.0365936
176,LKnee,318.50925,299.4976,0.8518756,-0.25270036,0.13683733,-0.15116003
176,RKnee,303.63693,299.4976,0.8844328,-0.30371302,0.14191604,0.0067838673
176,LAnkle,340.81772,375.6069,0.848284,-0.19684295,0.31408736,-0.03019319
176,RAnkle,318.50925,362.92203,0.78153,-0.2602167,0.29426923,0.1485052
176,Head,333.38156,71.169586,0.8925085,-0.21544859,-0.39486453,-0.061423235
176,Neck,325.9454,121.90914,0.9115923,-0.23928456,-0.28086266,-0.03195267
176,Hip,314.79117,229.7307,0.83743674,-0.2583267,-0.030565817,-0.00057338015
176,LBigToe,322.22733,388.2918,0.88045406,,,
176,RBigToe,292.4827,381.94937,0.7171954,,,
176,LSmallToe,325.9454,394.63425,0.82569665,,,
176,RSmallToe,292.4827,375.6069,0.735107,,,
176,LHeel,348.25388,381.94937,0.8512747,,,
176,RHeel,322.22733,375.6069,0.72375566,,,
177,Nose,330.37326,101.00149,0.8993911,,,
177,LEye,338.18573,94.639786,0.8950811,,,
177,REye,326.46704,94.639786,0.89619845,,,
177,LEar,345.99823,101.00149,0.9032304,,,
177,REar,318.65454,94.639786,0.8258816,,,
177,LShoulder,349.90445,139.17169,0.8782268,-0.17903677,-0.23615076,-0.047232974
177,RShoulder,295.21713,132.80998,0.8400141,-0.30189884,-0.254408,0.009160191
177,LElbow,388.96683,177.34189,0.7923733,-0.085546896,-0.15214996,-0.050017804
177,RElbow,271.7797,164.61848,0.8590398,-0.36632586,-0.18001172,0.085760206
177,LWrist,369.43564,196.42699,0.85924476,-0.13292456,-0.10654463,-0.15861356
177,RWrist,248.34227,196.42699,0.88064784,-0.42895424,-0.09683208,0.021316355
177,LHip,330.37326,234.59718,0.7921242,-0.21963392,-0.026714578,-0.037975643
177,RHip,303.0296,228.23547,0.7709489,-0.2953524,-0.031824257,0.035767898
177,LKnee,318.65454,298.21417,0.8428732,-0.2496821,0.1396745,-0.15026957
177,RKnee,299.12335,298.21417,0.898132,-0.30813524,0.14261426,0.005512436
177,LAnkle,342.09198,368.19287,0.85498524,-0.1954837,0.31267998,-0.023650067
177,RAnkle,314.74832,368.19287,0.8044806,-0.26293162,0.2943112,0.14964561
177,Head,338.18573,69.19299,0.8598993,-0.2136972,-0.3932029,-0.062106483
177,Neck,326.46704,120.086586,0.9393481,-0.2385543,-0.27904475,-0.032748595
177,Hip,314.74832,228.23547,0.86219877,-0.25796205,-0.02868655,-0.00057945517
177,LBigToe,318.65454,393.63965,0.89187706,,,
177,RBigToe,295.21713,380.91626,0.65054375,,,
177,LSmallToe,326.46704,393.63965,0.8575389,,,
177,RSmallToe,295.21713,374.55457,0.69677114,,,
177,LHeel,349.90445,380.91626,0.82739204,,,
177,RHeel,322.5608,374.55457,0.78119797,,,
178,Nose,334.2421,100.26268,0.9208481,,,
178,LEye,338.23315,93.88554,0.929292,,,
178,REye,330.25104,87.50839,0.92489445,,,
178,LEar,346.21527,100.26268,0.868597,,,
178,REar,318.27786,93.88554,0.90573144,,,
178,LShoulder,350.20633,138.52551,0.85828686,-0.17791833,-0.23390912,-0.04863228
178,RShoulder,294.3315,132.14838,0.84837085,-0.30135962,-0.25341755,0.006747688
178,LElbow,382.1348,176.78836,0.87091166,-0.09393953,-0.14481197,-0.06202235
178,RElbow,270.38516,164.03407,0.8624294,-0.3693339,-0.17977315,0.08085973
178,LWrist,366.17056,195.91977,0.863459,-0.13910946,-0.10985951,-0.17432499
178,RWrist,242.44777,195.91977,0.8897436,-0.43724275,-0.099408686,0.016832074
178,LHip,334.2421,234.18262,0.7999802,-0.21786919,-0.025273245,-0.03693783
178,RHip,302.31363,234.18262,0.8094493,-0.2951464,-0.030954046,0.035035115
178,LKnee,318.27786,297.954,0.84955156,-0.24697042,0.14057401,-0.15027711
178,RKnee,294.3315,297.954,0.9237052,-0.31309485,0.1423894,0.003954506
178,LAnkle,342.2242,374.4797,0.8563064,-0.19565083,0.31163082,-0.019456742
178,RAnkle,314.2868,368.10257,0.8731468,-0.26589888,0.2936338,0.1501018
178,Head,338.23315,68.376976,0.89701605,-0.21193829,-0.3917779,-0.06342653
178,Neck,322.26892,119.3941,0.9002021,-0.23762488,-0.27765355,-0.03438721
178,Hip,318.27786,227.80548,0.8886881,-0.2569107,-0.027763873,-0.00063469703
178,LBigToe,318.27786,393.6111,0.8976906,,,
178,RBigToe,290.34045,380.85684,0.74602,,,
178,LSmallToe,326.25998,393.6111,0.8814533,,,
178,RSmallToe,290.34045,380.85684,0.74314827,,,
178,LHeel,350.20633,380.85684,0.7859442,,,
178,RHeel,322.26892,374.4797,0.7821152,,,
179,Nose,333.24634,99.97495,0.9160911,,,
179,LEye,337.36276,93.573,0.908899,,,
179,REye,329.12994,93.573,0.91709375,,,
179,LEar,345.59558,106.3769,0.9192846,,,
179,REar,320.8971,93.573,0.90180075,,,
179,LShoulder,349.71198,138.38666,0.8517705,-0.17665257,-0.23201735,-0.05007525
179,RShoulder,296.19864,131.9847,0.8537555,-0.30061486,-0.2529604,0.004019662
179,LElbow,378.52686,183.2003,0.8726719,-0.10333659,-0.13810244,-0.07379197
179,RElbow,267.38376,163.99445,0.8469464,-0.3722416,-0.1795601,0.07534003
179,LWrist,362.06122,196.00421,0.8663583,-0.14708206,-0.114402115,-0.18734798
179,RWrist,238.56888,196.00421,0.90980506,-0.44492507,-0.10154745,0.012129804
179,LHip,333.24634,234.41591,0.8270976,-0.21591373,-0.024477482,-0.035785705
179,RHip,300.31506,234.41591,0.8273503,-0.2949065,-0.030748993,0.034067523
179,LKnee,320.8971,298.43542,0.8939937,-0.24438624,0.13991605,-0.15122722
179,RKnee,296.19864,298.43542,0.8957483,-0.31768256,0.14141874,0.0025504583
179,LAnkle,341.47916,375.25882,0.82782596,-0.19653298,0.30948582,-0.01655173
179,RAnkle,312.66428,362.45493,0.8629823,-0.26933208,0.29208806,0.15032342
179,Head,337.36276,74.36715,0.87376046,-0.20994082,-0.3905697,-0.06502087
179,Neck,325.01352,125.58275,0.9222868,-0.23633042,-0.27675503,-0.036208183
179,Hip,316.7807,228.01396,0.9136616,-0.25582743,-0.02756704,-0.0006654763
179,LBigToe,320.8971,388.0627,0.9375297,,,
179,RBigToe,287.96582,381.66077,0.778456,,,
179,LSmallToe,325.01352,388.0627,0.8652769,,,
179,RSmallToe,292.0822,375.25882,0.79904413,,,
179,LHeel,349.71198,388.0627,0.84064615,,,
179,RHeel,320.8971,375.25882,0.81177384,,,
180,Nose,335.48975,105.63972,0.92433524,,,
180,LEye,339.76688,99.235054,0.93536496,,,
180,REye,331.21262,92.83038,0.94562525,,,
180,LEar,344.04404,105.63972,0.8402781,,,
180,REar,318.3812,99.235054,0.9092551,,,
180,LShoulder,352.5983,144.06772,0.9062088,-0.17519103,-0.23091562,-0.05120659
180,RShoulder,296.99548,131.25838,0.8649047,-0.29976043,-0.25341788,0.0011789312
180,LElbow,373.98398,182.49571,0.84481984,-0.11350825,-0.13244388,-0.084860995
180,RElbow,267.05554,169.68639,0.88869256,-0.3746243,-0.17990781,0.06940176
180,LWrist,361.1526,188.90038,0.8796033,-0.15655662,-0.11995618,-0.19779986
180,RWrist,237.11555,195.30504,0.93421274,-0.45164627,-0.103545085,0.007852191
180,LHip,331.21262,233.73305,0.84733176,-0.21379949,-0.024534801,-0.0347012
180,RHip,301.27264,233.73305,0.8509716,-0.2945129,-0.03138868,0.03301655
180,LKnee,322.65833,297.7797,0.8866991,-0.24165449,0.13827033,-0.15213749
180,RKnee,292.71835,297.7797,0.903533,-0.32336962,0.13945067,0.0024947433
180,LAnkle,339.76688,368.23102,0.8381604,-0.19765343,0.30769268,-0.015431499
180,RAnkle,314.10406,361.82635,0.89724576,-0.27338547,0.28966543,0.15068334
180,Head,335.48975,73.61639,0.88296086,-0.20786197,-0.39026412,-0.066825025
180,Neck,326.93546,124.853714,0.91457754,-0.2349431,-0.2767996,-0.03793745
180,Hip,318.3812,227.32837,0.8939677,-0.25461605,-0.028200772,-0.0006489379
180,LBigToe,318.3812,387.44504,0.9233928,,,
180,RBigToe,292.71835,381.04037,0.86385834,,,
180,LSmallToe,326.93546,387.44504,0.88366795,,,
180,RSmallToe,292.71835,374.6357,0.8127421,,,
180,LHeel,348.32117,381.04037,0.8618368,,,
180,RHeel,322.65833,374.6357,0.8673904,,,
181,Nose,337.19128,98.75942,0.91375715,,,
181,LEye,341.311,98.75942,0.902686,,,
181,REye,333.07156,92.35184,0.9256393,,,
181,LEar,345.43073,105.167,0.8962254,,,
181,REar,320.7124,92.35184,0.9081218,,,
181,LShoulder,349.55045,137.20491,0.8288828,-0.1736743,-0.23005207,-0.051590618
181,RShoulder,295.99408,130.79732,0.86834323,-0.2988842,-0.2542816,-0.0017317866
181,LElbow,370.14905,182.05797,0.83732414,-0.123447865,-0.12796053,-0.09409737
181,RElbow,267.15604,162.83522,0.87318254,-0.37690243,-0.18138374,0.063446194
181,LWrist,353.67017,182.05797,0.8884386,-0.16690087,-0.12581322,-0.20525303
181,RWrist,234.19829,194.87314,0.89487225,-0.45732644,-0.105640694,0.004974926
181,LHip,337.19128,226.91104,0.8562418,-0.21170357,-0.024679609,-0.03370743
181,RHip,304.23352,226.91104,0.85817313,-0.29391587,-0.032231133,0.031966783
181,LKnee,324.83212,297.39444,0.85669345,-0.2387951,0.1368531,-0.15252827
181,RKnee,287.75464,290.98685,0.90753967,-0.32928926,0.13705033,0.0049705906
181,LAnkle,341.311,367.8778,0.8618642,-0.19909802,0.30717352,-0.015018234
181,RAnkle,312.47296,361.47025,0.8451862,-0.27849102,0.28710064,0.15130578
181,Head,337.19128,73.1291,0.8192634,-0.20562631,-0.3902096,-0.06843742
181,Neck,324.83212,117.98216,0.90301394,-0.2334621,-0.27706447,-0.03946654
181,Hip,320.7124,226.91104,0.93328184,-0.25339648,-0.028925924,-0.0006045408
181,LBigToe,320.7124,387.10056,0.8695748,,,
181,RBigToe,291.87436,380.69296,0.8113,,,
181,LSmallToe,328.95184,387.10056,0.8131221,,,
181,RSmallToe,291.87436,374.2854,0.799003,,,
181,LHeel,349.55045,380.69296,0.8855383,,,
181,RHeel,320.7124,367.8778,0.81813025,,,
182,Nose,337.18933,100.157074,0.9308494,,,
182,LEye,341.28857,93.777824,0.90801984,,,
182,REye,333.0901,93.777824,0.9038099,,,
182,LEar,349.4871,106.53632,0.8623678,,,
182,REar,320.79236,93.777824,0.871666,,,
182,LShoulder,353.58633,138.43259,0.84008694,-0.17186615,-0.22891742,-0.051937427
182,RShoulder,296.19684,132.05333,0.7968434,-0.29771602,-0.25497106,-0.004583819
182,LElbow,369.98334,183.08734,0.8373057,-0.13296963,-0.12414609,-0.10215636
182,RElbow,267.5021,163.94958,0.8090117,-0.37880096,-0.183201,0.05822752
182,LWrist,349.4871,183.08734,0.88471395,-0.17783919,-0.13183132,-0.21072197
182,RWrist,234.70811,195.84586,0.7962502,-0.46231493,-0.10807033,0.0034669188
182,LHip,337.18933,227.74211,0.82887983,-0.21015659,-0.024331229,-0.03247705
182,RHip,304.39536,227.74211,0.8375468,-0.29391757,-0.032576688,0.030751891
182,LKnee,324.8916,297.91388,0.84782904,-0.23578827,0.13616006,-0.15288216
182,RKnee,287.99835,291.53464,0.8991077,-0.33309725,0.13585521,0.006398417
182,LAnkle,341.28857,368.08566,0.8307378,-0.20089126,0.30692554,-0.014379183
182,RAnkle,308.4946,361.7064,0.81972635,-0.28456175,0.28539932,0.1524804
182,Head,341.28857,74.64007,0.8119661,-0.20330456,-0.3897846,-0.07000444
182,Neck,328.99084,119.29483,0.86580455,-0.23162305,-0.27689365,-0.04095188
182,Hip,320.79236,227.74211,0.91564256,-0.25265795,-0.029027995,-0.00058924337
182,LBigToe,320.79236,387.2234,0.83937484,,,
182,RBigToe,287.99835,380.84415,0.8453587,,,
182,LSmallToe,328.99084,387.2234,0.791447,,,
182,RSmallToe,287.99835,374.4649,0.85848606,,,
182,LHeel,349.4871,380.84415,0.8405232,,,
182,RHeel,316.69308,368.08566,0.7690382,,,
183,Nose,339.12103,99.55217,0.9136008,,,
183,LEye,343.16324,93.16539,0.8988968,,,
183,REye,335.07883,93.16539,0.8960996,,,
183,LEar,347.2054,105.93895,0.88170046,,,
183,REar,322.95224,93.16539,0.8786909,,,
183,LShoulder,355.2898,144.25961,0.83444244,-0.17003326,-0.22760314,-0.0519115
183,RShoulder,298.6991,131.48605,0.8484367,-0.29636645,-0.2556747,-0.0069843717
183,LElbow,367.41638,188.96704,0.87302655,-0.14132953,-0.12125689,-0.10820376
183,RElbow,262.31934,163.41994,0.8351388,-0.3801257,-0.18549828,0.054090217
183,LWrist,347.2054,182.58026,0.8483131,-0.18854375,-0.13754994,-0.21427283
183,RWrist,229.98177,195.35382,0.8820351,-0.46615002,-0.110974535,0.003302466
183,LHip,335.07883,227.2877,0.8270513,-0.20905825,-0.023919044,-0.031179221
183,RHip,302.74127,227.2877,0.8267785,-0.29426992,-0.032802206,0.029488768
183,LKnee,326.99445,297.54224,0.81156707,-0.23280038,0.1359808,-0.15295649
183,RKnee,286.5725,291.15546,0.88773614,-0.33479437,0.13551576,0.007953758
183,LAnkle,343.16324,367.79678,0.8458387,-0.20308153,0.30695072,-0.013550891
183,RAnkle,306.78348,355.02322,0.8468768,-0.29016602,0.28443202,0.15421954
183,Head,339.12103,74.005066,0.8110959,-0.20111871,-0.3892445,-0.071315184
183,Neck,326.99445,118.7125,0.8722634,-0.22960845,-0.27656686,-0.0421108
183,Hip,318.91006,227.2877,0.887125,-0.25223553,-0.02898441,-0.00058509805
183,LBigToe,322.95224,386.95712,0.8147088,,,
183,RBigToe,286.5725,380.57034,0.8411068,,,
183,LSmallToe,326.99445,386.95712,0.7969951,,,
183,RSmallToe,286.5725,374.18356,0.8137591,,,
183,LHeel,347.2054,380.57034,0.8603233,,,
183,RHeel,314.86786,361.41,0.7996423,,,
184,Nose,338.14484,100.83681,0.8949269,,,
184,LEye,346.27078,100.83681,0.91780347,,,
184,REye,338.14484,94.469955,0.94158906,,,
184,LEar,350.33377,107.20367,0.9098626,,,
184,REar,325.95593,94.469955,0.858774,,,
184,LShoulder,354.39673,145.40482,0.86695975,-0.16811271,-0.22629572,-0.051799424
184,RShoulder,301.5781,132.6711,0.8232309,-0.29479858,-0.25659746,-0.009495817
184,LElbow,362.52267,196.33968,0.9163604,-0.14915437,-0.119102314,-0.11298384
184,RElbow,265.01135,158.13853,0.8494705,-0.3809026,-0.18886001,0.050598774
184,LWrist,342.20782,183.60596,0.8968694,-0.19955313,-0.14329888,-0.21619289
184,RWrist,228.44461,189.97282,0.89843327,-0.46890727,-0.11484268,0.0036537198
184,LHip,338.14484,228.17397,0.7928815,-0.20811462,-0.023553444,-0.029752554
184,RHip,305.64108,228.17397,0.8420607,-0.294751,-0.033006705,0.028213391
184,LKnee,325.95593,291.84256,0.87245923,-0.22960961,0.13627961,-0.15248446
184,RKnee,285.32623,285.47568,0.8432783,-0.33402264,0.13609521,0.009792213
184,LAnkle,338.14484,374.6117,0.8424665,-0.20653814,0.30726352,-0.012463268
184,RAnkle,301.5781,361.878,0.8789615,-0.29629594,0.2848241,0.15626968
184,Head,346.27078,75.36938,0.9127262,-0.19882813,-0.3885869,-0.072481416
184,Neck,330.01892,119.937386,0.9361802,-0.22728091,-0.276096,-0.043274358
184,Hip,321.89297,228.17397,0.8871198,-0.25189176,-0.028897148,-0.00056555285
184,LBigToe,321.89297,387.3454,0.83250177,,,
184,RBigToe,285.32623,380.97855,0.8913161,,,
184,LSmallToe,330.01892,393.71228,0.78770655,,,
184,RSmallToe,285.32623,380.97855,0.84705937,,,
184,LHeel,346.27078,380.97855,0.8708438,,,
184,RHeel,309.70404,368.24484,0.9073099,,,
185,Nose,337.24033,101.0914,0.890397,,,
185,LEye,341.26788,101.0914,0.87257874,,,
185,REye,333.21274,94.71553,0.91994107,,,
185,LEar,349.32303,107.46727,0.8941579,,,
185,REar,321.13004,94.71553,0.83991534,,,
185,LShoulder,353.35062,145.72247,0.84654593,-0.16609898,-0.22494076,-0.05128233
185,RShoulder,300.99216,132.97073,0.84979665,-0.29310632,-0.2575073,-0.011475204
185,LElbow,357.37817,196.7294,0.8986306,-0.1561315,-0.11744501,-0.116453715
185,RElbow,264.744,158.4742,0.897517,-0.38083777,-0.19211282,0.04870953
185,LWrist,337.24033,177.6018,0.84429175,-0.21026343,-0.14897482,-0.21625915
185,RWrist,228.49583,190.35353,0.8815146,-0.47025335,-0.118643194,0.0053520855
185,LHip,333.21274,234.9846,0.81883377,-0.20764886,-0.022940597,-0.028045585
185,RHip,300.99216,228.60873,0.82972217,-0.29588693,-0.0329506,0.026595457
185,LKnee,329.18518,298.7433,0.85694087,-0.22646819,0.13710718,-0.15182571
185,RKnee,288.90942,292.3674,0.8618014,-0.33043516,0.13771538,0.00927737
185,LAnkle,337.24033,375.25366,0.8099235,-0.2101054,0.30713892,-0.011617966
185,RAnkle,296.9646,362.50195,0.8708,-0.30083382,0.2853072,0.1586169
185,Head,341.26788,75.58793,0.8572723,-0.19675118,-0.38777724,-0.073529966
185,Neck,329.18518,120.219,0.93281376,-0.22485921,-0.27539805,-0.04413569
185,Hip,317.10245,228.60873,0.884214,-0.2520765,-0.028646093,-0.00060022366
185,LBigToe,321.13004,388.0054,0.8185337,,,
185,RBigToe,280.85428,381.62955,0.8482392,,,
185,LSmallToe,329.18518,394.3813,0.7606248,,,
185,RSmallToe,280.85428,381.62955,0.8490958,,,
185,LHeel,341.26788,381.62955,0.81507707,,,
185,RHeel,305.01974,368.8778,0.8789663,,,
186,Nose,341.392,108.34645,0.87720513,,,
186,LEye,345.41412,101.971436,0.896416,,,
186,REye,337.36984,95.59643,0.9295279,,,
186,LEar,349.43625,108.34645,0.89066786,,,
186,REar,325.30347,95.59643,0.85346264,,,
186,LShoulder,353.45837,146.59651,0.8428342,-0.16404976,-0.22363892,-0.050876573
186,RShoulder,301.1707,133.8465,0.8571769,-0.29138806,-0.25842628,-0.013678703
186,LElbow,357.4805,191.22159,0.87815195,-0.16250665,-0.11641832,-0.11945805
186,RElbow,264.9715,159.34653,0.8917525,-0.38028264,-0.19542325,0.047103386
186,LWrist,333.34772,178.47157,0.7850224,-0.22045027,-0.15444784,-0.21522583
186,RWrist,228.77231,184.84657,0.8941373,-0.470552,-0.12221651,0.007696416
186,LHip,333.34772,235.84666,0.8230641,-0.20724553,-0.022382732,-0.026379006
186,RHip,301.1707,229.47165,0.80154645,-0.29706112,-0.032764096,0.025136555
186,LKnee,333.34772,299.59677,0.8377273,-0.22351456,0.13794439,-0.15126133
186,RKnee,293.1264,299.59677,0.8274388,-0.32570723,0.14067475,0.009181049
186,LAnkle,333.34772,369.7219,0.8688594,-0.21463864,0.30684516,-0.010760318
186,RAnkle,297.14853,363.3469,0.9152939,-0.30392945,0.28568465,0.16086748
186,Head,341.392,76.47139,0.86053634,-0.1947416,-0.38686326,-0.07478358
186,Neck,329.3256,121.096466,0.9321889,-0.22242002,-0.2746269,-0.045279145
186,Hip,317.2592,229.47165,0.8780593,-0.25228807,-0.028357886,-0.00059732166
186,LBigToe,321.28134,395.22192,0.84938973,,,
186,RBigToe,281.06003,382.47192,0.8957842,,,
186,LSmallToe,329.3256,395.22192,0.8228497,,,
186,RSmallToe,281.06003,382.47192,0.8839746,,,
186,LHeel,337.36984,382.47192,0.78769016,,,
186,RHeel,305.1928,369.7219,0.87600535,,,
187,Nose,341.56058,108.398094,0.8987202,,,
187,LEye,345.58517,102.03307,0.91530913,,,
187,REye,337.536,95.668045,0.93088996,,,
187,LEar,349.60977,108.398094,0.91095775,,,
187,REar,325.46222,95.668045,0.8720254,,,
187,LShoulder,353.63434,146.58824,0.84527606,-0.16205613,-0.22252579,-0.050432306
187,RShoulder,305.3393,127.493164,0.8451517,-0.28971693,-0.25932097,-0.015718555
187,LElbow,353.63434,191.1434,0.8208212,-0.16773395,-0.11583908,-0.12129667
187,RElbow,265.0934,152.95326,0.92796916,-0.37936485,-0.19848676,0.045521684
187,LWrist,333.5114,178.41336,0.74162,-0.22945239,-0.1595876,-0.21289504
187,RWrist,228.87213,184.77838,0.9070811,-0.47000423,-0.12434615,0.010010962
187,LHip,337.536,235.69858,0.7973346,-0.20709905,-0.021878026,-0.025029061
187,RHip,301.3147,229.33356,0.8021433,-0.29801905,-0.032625556,0.024019213
187,LKnee,333.5114,299.34882,0.8387374,-0.22098452,0.1385834,-0.15066433
187,RKnee,293.26553,299.34882,0.80849797,-0.32290024,0.14231399,0.009732211
187,LAnkle,329.48682,369.36407,0.8579924,-0.21920271,0.30647972,-0.010530324
187,RAnkle,297.29013,362.99905,0.8741856,-0.30590367,0.28558215,0.16214424
187,Head,345.58517,76.572975,0.8830938,-0.19284672,-0.3859122,-0.076050796
187,Neck,333.5114,121.12814,0.91089857,-0.2200817,-0.27388483,-0.04624767
187,Hip,317.41306,229.33356,0.8819194,-0.25252083,-0.028135117,-0.0006191756
187,LBigToe,325.46222,394.8242,0.8463401,,,
187,RBigToe,281.19177,382.09415,0.8915446,,,
187,LSmallToe,337.536,394.8242,0.8726237,,,
187,RSmallToe,281.19177,382.09415,0.9105374,,,
187,LHeel,325.46222,382.09415,0.7464308,,,
187,RHeel,301.3147,369.36407,0.8806259,,,
188,Nose,342.13245,110.19931,0.9236694,,,
188,LEye,346.1736,103.896416,0.9199447,,,
188,REye,338.09128,97.59353,0.9357301,,,
188,LEar,350.2148,110.19931,0.9058535,,,
188,REar,325.96777,97.59353,0.8422924,,,
188,LShoulder,358.29715,148.01663,0.84735745,-0.16005565,-0.22136773,-0.04987946
188,RShoulder,301.72076,129.10797,0.861125,-0.28806826,-0.25981814,-0.017415185
188,LElbow,350.2148,192.13686,0.8878234,-0.17184879,-0.11523336,-0.12235534
188,RElbow,265.35022,154.31952,0.88837534,-0.37807235,-0.20023023,0.044621617
188,LWrist,321.9266,166.9253,0.7750516,-0.23754965,-0.16432972,-0.20970294
188,RWrist,228.97968,185.83395,0.90328985,-0.46842104,-0.12509793,0.012295506
188,LHip,338.09128,236.25706,0.80111176,-0.20706622,-0.02129839,-0.023790311
188,RHip,301.72076,236.25706,0.8076212,-0.29905373,-0.032351352,0.023133967
188,LKnee,334.0501,305.58884,0.87935406,-0.21848601,0.13954861,-0.14946711
188,RKnee,293.6384,299.28595,0.85039103,-0.32078692,0.14330143,0.009926655
188,LAnkle,330.00894,374.9206,0.8822846,-0.2234095,0.30612323,-0.010098895
188,RAnkle,297.67957,362.31482,0.8916034,-0.30707523,0.2853023,0.16312464
188,Head,346.1736,78.68487,0.9055856,-0.19116816,-0.38475612,-0.07722177
188,Neck,334.0501,122.805084,0.9276002,-0.2178965,-0.2729841,-0.046885435
188,Hip,317.88544,229.95418,0.8642826,-0.25280267,-0.027855191,-0.0006494846
188,LBigToe,325.96777,393.82925,0.8621421,,,
188,RBigToe,281.5149,381.22348,0.8544489,,,
188,LSmallToe,338.09128,393.82925,0.8748077,,,
188,RSmallToe,281.5149,381.22348,0.90838027,,,
188,LHeel,325.96777,381.22348,0.77408844,,,
188,RHeel,301.72076,368.6177,0.8612825,,,
189,Nose,342.17624,104.47764,0.92741287,,,
189,LEye,346.20416,104.47764,0.90492904,,,
189,REye,338.14832,98.16424,0.9398722,,,
189,LEar,354.26004,110.79104,0.91279006,,,
189,REar,330.09247,98.16424,0.8630296,,,
189,LShoulder,358.28796,148.67146,0.85091126,-0.1583534,-0.22027402,-0.049094588
189,RShoulder,301.89694,129.73125,0.86727935,-0.2864712,-0.26026925,-0.018595057
189,LElbow,350.23212,192.86528,0.8988871,-0.17463464,-0.11430615,-0.122100346
189,RElbow,265.64557,154.98486,0.9229049,-0.37657896,-0.20091914,0.043831706
189,LWrist,318.00867,167.61166,0.7992014,-0.24364153,-0.16789807,-0.20525378
189,RWrist,229.39417,186.55188,0.90802354,-0.46603638,-0.12434207,0.014092342
189,LHip,338.14832,237.0591,0.79579693,-0.20719421,-0.020606406,-0.023040656
189,RHip,301.89694,230.7457,0.8026875,-0.2996049,-0.032611102,0.02241964
189,LKnee,334.1204,306.50653,0.8484318,-0.21663979,0.13976671,-0.14926508
189,RKnee,293.84106,300.1931,0.82350284,-0.31936255,0.1436386,0.010827357
189,LAnkle,326.0645,369.64056,0.8701871,-0.22803158,0.30532205,-0.0103133675
189,RAnkle,297.86902,363.32715,0.8915764,-0.30778587,0.28502312,0.16337332
189,Head,346.20416,79.22403,0.8917792,-0.1897462,-0.38368174,-0.07839652
189,Neck,334.1204,123.41785,0.958263,-0.21602026,-0.2722124,-0.047194928
189,Hip,318.00867,230.7457,0.8731301,-0.25312912,-0.027811255,-0.00066607795
189,LBigToe,330.09247,394.89417,0.86041605,,,
189,RBigToe,281.75726,382.26736,0.8834313,,,
189,LSmallToe,338.14832,394.89417,0.8881555,,,
189,RSmallToe,281.75726,382.26736,0.89046997,,,
189,LHeel,322.0366,382.26736,0.7747556,,,
189,RHeel,305.92487,369.64056,0.8619066,,,
190,Nose,342.64844,109.94095,0.93203646,,,
190,LEye,346.69485,103.59859,0.9247444,,,
190,REye,338.60202,97.25622,0.9362285,,,
190,LEar,350.74127,109.94095,0.88796645,,,
190,REar,326.46277,103.59859,0.86401117,,,
190,LShoulder,358.83414,147.99515,0.8962619,-0.1569126,-0.21924238,-0.048228014
190,RShoulder,306.23065,128.96805,0.84801507,-0.2850261,-0.26050764,-0.01952261
190,LElbow,350.74127,192.39172,0.88896894,-0.17648405,-0.1129998,-0.12106681
190,RElbow,265.76645,154.33752,0.9161178,-0.37490094,-0.20066829,0.043040477
190,LWrist,318.3699,167.02225,0.8545837,-0.24809927,-0.17053567,-0.2000461
190,RWrist,229.34865,186.04935,0.889619,-0.4629507,-0.12227918,0.015592077
190,LHip,334.5556,236.78828,0.8178419,-0.20739041,-0.0201457,-0.022548782
190,RHip,302.18423,230.44592,0.81597,-0.30012813,-0.033013612,0.02179965
190,LKnee,334.5556,306.55432,0.86819917,-0.21548405,0.13925476,-0.1495044
190,RKnee,294.0914,300.21194,0.8386039,-0.3189047,0.14332156,0.01183675
190,LAnkle,326.46277,369.978,0.90268874,-0.23193184,0.30450997,-0.011798479
190,RAnkle,298.13782,363.63562,0.91342175,-0.3081841,0.28438702,0.16309252
190,Head,342.64844,78.22912,0.9017589,-0.18865769,-0.3826311,-0.07966519
190,Neck,334.5556,122.62569,0.92243624,-0.21446115,-0.27147496,-0.047415804
190,Hip,318.3699,230.44592,0.8786701,-0.25345936,-0.027980031,-0.00070098066
190,LBigToe,326.46277,395.34744,0.9083304,,,
190,RBigToe,285.99854,382.66272,0.90069634,,,
190,LSmallToe,334.5556,395.34744,0.8726864,,,
190,RSmallToe,281.95212,382.66272,0.94798553,,,
190,LHeel,322.41632,376.32034,0.80108,,,
190,RHeel,302.18423,369.978,0.90147215,,,
191,Nose,343.6478,110.13063,0.9044523,,,
191,LEye,347.70554,103.83967,0.92161185,,,
191,REye,339.59006,97.5487,0.93160564,,,
191,LEar,351.76328,110.13063,0.9020598,,,
191,REar,327.41687,97.5487,0.8831653,,,
191,LShoulder,359.87872,147.87643,0.91242087,-0.1556718,-0.21798934,-0.04760791
191,RShoulder,307.12817,129.00354,0.8263935,-0.2837159,-0.2603708,-0.020416342
191,LElbow,347.70554,191.9132,0.8600523,-0.17754728,-0.11113632,-0.11963734
191,RElbow,266.55084,154.1674,0.89107025,-0.37305242,-0.1992804,0.0420042
191,LWrist,319.3014,166.74933,0.7665311,-0.25119558,-0.17205973,-0.19476639
191,RWrist,230.03122,191.9132,0.88283193,-0.45927566,-0.11882308,0.01636427
191,LHip,335.53232,235.94997,0.8408148,-0.20765229,-0.019863043,-0.022173973
191,RHip,299.01273,229.659,0.8036021,-0.30052307,-0.03365489,0.02128054
191,LKnee,335.53232,298.85962,0.8582635,-0.21483496,0.13788569,-0.15060838
191,RKnee,294.955,298.85962,0.8545583,-0.3193904,0.14244989,0.013038558
191,LAnkle,327.41687,368.06027,0.92575336,-0.23548737,0.303528,-0.014951846
191,RAnkle,299.01273,361.7693,0.9107817,-0.30842218,0.28346404,0.16236487
191,Head,347.70554,78.675804,0.9287426,-0.18759352,-0.38147137,-0.08107763
191,Neck,335.53232,122.71257,0.9434109,-0.21314536,-0.27055982,-0.04787907
191,Hip,319.3014,229.659,0.9094941,-0.2537989,-0.028351381,-0.0007711828
191,LBigToe,327.41687,393.22412,0.8903295,,,
191,RBigToe,286.8395,380.6422,0.8564958,,,
191,LSmallToe,335.53232,393.22412,0.87959266,,,
191,RSmallToe,282.78177,380.6422,0.9116793,,,
191,LHeel,323.35913,380.6422,0.80102134,,,
191,RHeel,303.07047,368.06027,0.8996247,,,
192,Nose,344.70456,110.00447,0.92022365,,,
192,LEye,348.72037,103.69476,0.94174504,,,
192,REye,340.68872,97.385056,0.9451081,,,
192,LEar,352.73618,110.00447,0.71082103,,,
192,REar,328.64127,103.69476,0.9001502,,,
192,LShoulder,360.76782,147.86272,0.9003648,-0.15465836,-0.21637426,-0.04657174
192,RShoulder,308.5622,128.9336,0.8388849,-0.28262874,-0.25966,-0.020903368
192,LElbow,348.72037,198.3404,0.8978327,-0.17780277,-0.1086303,-0.11744231
192,RElbow,268.404,154.17242,0.8417667,-0.3711048,-0.19669852,0.04134521
192,LWrist,316.5938,166.79184,0.8471257,-0.25300696,-0.17238043,-0.1889765
192,RWrist,232.26163,192.03069,0.79831815,-0.4550122,-0.114611074,0.016977124
192,LHip,332.6571,236.19864,0.8433319,-0.208094,-0.019408768,-0.021801429
192,RHip,300.53055,229.88893,0.8086133,-0.3009493,-0.034098856,0.020740358
192,LKnee,332.6571,299.29572,0.806369,-0.21405861,0.1366106,-0.15144148
192,RKnee,292.4989,292.98602,0.8501172,-0.32020217,0.14183888,0.0149947945
192,LAnkle,324.62546,362.3928,0.8920094,-0.23917736,0.30294907,-0.01877773
192,RAnkle,296.51474,356.0831,0.8859999,-0.30910158,0.28290373,0.16151388
192,Head,344.70456,72.146225,0.8742065,-0.18685254,-0.3799543,-0.08244578
192,Neck,332.6571,128.9336,0.92483705,-0.21195996,-0.26924804,-0.048083648
192,Hip,316.5938,229.88893,0.9375396,-0.25440976,-0.028511718,-0.0008459713
192,LBigToe,332.6571,393.94135,0.9118379,,,
192,RBigToe,284.4673,381.32193,0.86316884,,,
192,LSmallToe,340.68872,387.63162,0.9332489,,,
192,RSmallToe,280.45145,375.0122,0.8756296,,,
192,LHeel,320.60965,368.7025,0.85867846,,,
192,RHeel,304.54636,368.7025,0.85595775,,,
193,Nose,344.06494,109.06326,0.90206146,,,
193,LEye,351.91614,102.852104,0.90657765,,,
193,REye,340.13934,102.852104,0.91287315,,,
193,LEar,355.8417,109.06326,0.86381364,,,
193,REar,328.36258,102.852104,0.8704099,,,
193,LShoulder,359.7673,146.3302,0.8418651,-0.15398014,-0.21472506,-0.045805812
193,RShoulder,304.80905,127.69673,0.77399474,-0.28178483,-0.25867513,-0.021551302
193,LElbow,347.99054,196.01947,0.844472,-0.17778131,-0.10581255,-0.11541601
193,RElbow,265.55316,158.75252,0.79026145,-0.36913794,-0.19324283,0.04065339
193,LWrist,316.58582,164.96368,0.8481674,-0.25388,-0.17176552,-0.18342453
193,RWrist,234.14847,189.80832,0.8497481,-0.45025185,-0.10971305,0.01715637
193,LHip,332.28818,233.28642,0.8348108,-0.20858464,-0.019191626,-0.021385396
193,RHip,300.88348,227.07526,0.7765309,-0.30136472,-0.034575805,0.020137673
193,LKnee,336.21378,301.60916,0.8258905,-0.21347544,0.13503954,-0.15232347
193,RKnee,293.0323,295.39798,0.8038622,-0.3208485,0.14175008,0.016305383
193,LAnkle,324.437,369.9319,0.8982193,-0.24279965,0.30317208,-0.023398327
193,RAnkle,296.9579,357.50958,0.8647826,-0.30991852,0.2831125,0.15996046
193,Head,344.06494,78.00747,0.89697844,-0.18620619,-0.37837186,-0.08346974
193,Neck,336.21378,127.69673,0.9387996,-0.21113399,-0.26797006,-0.048733704
193,Hip,316.58582,227.07526,0.9479402,-0.25496176,-0.028935825,-0.0008897756
193,LBigToe,336.21378,394.77652,0.8603826,,,
193,RBigToe,285.18112,382.35422,0.8552816,,,
193,LSmallToe,340.13934,388.56537,0.8901843,,,
193,RSmallToe,281.25552,382.35422,0.8687223,,,
193,LHeel,316.58582,376.14304,0.83839667,,,
193,RHeel,304.80905,363.72073,0.8340293,,,
194,Nose,344.37122,114.94846,0.89936405,,,
194,LEye,348.37082,108.73142,0.9103917,,,
194,REye,340.37164,102.51438,0.92776406,,,
194,LEar,352.3704,114.94846,0.8520279,,,
194,REar,332.37244,102.51438,0.90364504,,,
194,LShoulder,360.36957,152.25072,0.8520017,-0.15342537,-0.21214467,-0.04509256
194,RShoulder,308.3749,133.5996,0.80327463,-0.28091013,-0.2566388,-0.022289243
194,LElbow,348.37082,195.77,0.8623481,-0.17734094,-0.10235557,-0.113586575
194,RElbow,268.379,158.46776,0.8835595,-0.36715305,-0.18907137,0.040075526
194,LWrist,316.37408,164.6848,0.86637264,-0.25398207,-0.17005269,-0.17810716
194,RWrist,236.3823,195.77,0.899574,-0.44530725,-0.103763655,0.016612897
194,LHip,332.37244,233.07227,0.85822964,-0.20909615,-0.017791174,-0.020949924
194,RHip,300.37573,226.85522,0.7884778,-0.30170366,-0.033739917,0.019714223
194,LKnee,336.37204,295.24268,0.830231,-0.21296448,0.13332418,-0.15383114
194,RKnee,292.37656,295.24268,0.84864706,-0.32129705,0.14259651,0.017118726
194,LAnkle,320.3737,369.84717,0.8613929,-0.24744415,0.30380285,-0.030073116
194,RAnkle,296.37613,357.4131,0.88338333,-0.31104496,0.2841095,0.1579104
194,Head,348.37082,83.86326,0.9140155,-0.18566193,-0.37606385,-0.08425111
194,Neck,336.37204,127.382545,0.94900984,-0.21050219,-0.265714,-0.049565554
194,Hip,316.37408,226.85522,0.9359213,-0.2554775,-0.027975839,-0.00090896175
194,LBigToe,336.37204,394.71536,0.8480996,,,
194,RBigToe,284.37738,382.28128,0.86225396,,,
194,LSmallToe,340.37164,394.71536,0.85568875,,,
194,RSmallToe,280.37778,376.06424,0.9039447,,,
194,LHeel,312.3745,376.06424,0.9252532,,,
194,RHeel,300.37573,369.84717,0.8062912,,,
195,Nose,344.7802,111.36648,0.926759,,,
195,LEye,348.81665,105.10318,0.89714646,,,
195,REye,340.74374,105.10318,0.9326912,,,
195,LEar,352.8531,111.36648,0.7928753,,,
195,REar,328.6344,105.10318,0.9026842,,,
195,LShoulder,360.926,148.94627,0.8553473,-0.15301839,-0.20917553,-0.044168174
195,RShoulder,308.45218,136.41968,0.82672083,-0.28021282,-0.25398844,-0.022583662
195,LElbow,352.8531,199.05266,0.85173655,-0.17660868,-0.098598346,-0.11171257
195,RElbow,268.08768,161.47287,0.8863163,-0.3651717,-0.1843728,0.04036565
195,LWrist,316.52505,167.73616,0.8495249,-0.2536434,-0.16762914,-0.17268223
195,RWrist,239.83255,192.78935,0.8698163,-0.43999344,-0.09789933,0.016645148
195,LHip,332.67087,230.36914,0.8147368,-0.20958127,-0.015513484,-0.020621425
195,RHip,300.37927,230.36914,0.7709221,-0.301963,-0.031995855,0.019416003
195,LKnee,336.7073,293.0021,0.8437817,-0.21270296,0.13230747,-0.15488634
195,RKnee,292.30637,299.2654,0.80627215,-0.32146546,0.14406037,0.01831993
195,LAnkle,316.52505,368.16168,0.7844654,-0.25237375,0.30552837,-0.037445195
195,RAnkle,296.34283,361.8984,0.8702758,-0.31259474,0.28565732,0.1560065
195,Head,344.7802,80.04999,0.8895417,-0.18551952,-0.37349004,-0.084777586
195,Neck,332.67087,130.15637,0.9619518,-0.2100009,-0.26293847,-0.049863677
195,Hip,316.52505,230.36914,0.93264216,-0.25586987,-0.026045572,-0.0009481085
195,LBigToe,336.7073,393.21487,0.5462244,,,
195,RBigToe,284.2335,386.9516,0.83630556,,,
195,LSmallToe,336.7073,386.9516,0.56051797,,,
195,RSmallToe,280.19702,380.6883,0.910768,,,
195,LHeel,312.48862,374.425,0.7375852,,,
195,RHeel,300.37927,368.16168,0.82024807,,,
196,Nose,347.59613,115.42076,0.8965664,,,
196,LEye,351.3094,109.18391,0.911797,,,
196,REye,340.16965,102.94706,0.8985662,,,
196,LEar,355.02264,115.42076,0.9134464,,,
196,REar,329.02988,109.18391,0.83226204,,,
196,LShoulder,358.7359,152.84186,0.8485889,-0.15270412,-0.20631346,-0.043982025
196,RShoulder,310.46362,134.1313,0.77474016,-0.2795828,-0.2514111,-0.023287032
196,LElbow,347.59613,202.73666,0.82477045,-0.17609961,-0.09511736,-0.11066037
196,RElbow,269.61786,165.31555,0.8478989,-0.36314136,-0.17999174,0.040510826
196,LWrist,321.60336,171.55241,0.76551145,-0.25326782,-0.16506234,-0.16846132
196,RWrist,239.91185,202.73666,0.8783444,-0.43464658,-0.091995835,0.016595349
196,LHip,336.4564,233.92091,0.8118863,-0.21024816,-0.01352441,-0.02017941
196,RHip,303.0371,227.68405,0.7145031,-0.30223465,-0.030261178,0.019124815
196,LKnee,336.4564,290.05255,0.81485116,-0.21285959,0.13227014,-0.15518619
196,RKnee,291.89737,296.2894,0.7057761,-0.32160032,0.14566515,0.019693987
196,LAnkle,314.17688,371.1316,0.704801,-0.25680575,0.30827624,-0.044780694
196,RAnkle,291.89737,364.89474,0.8932736,-0.31457338,0.28737703,0.15402058
196,Head,351.3094,84.23651,0.83730507,-0.18540615,-0.3709997,-0.08552417
196,Neck,336.4564,134.1313,0.9326199,-0.20961043,-0.26033297,-0.050804928
196,Hip,317.89014,227.68405,0.84880644,-0.25633812,-0.024153145,-0.00095158187
196,LBigToe,336.4564,396.079,0.37939683,,,
196,RBigToe,280.7576,383.60532,0.90127474,,,
196,LSmallToe,321.60336,383.60532,0.49378812,,,
196,RSmallToe,277.04437,383.60532,0.8685941,,,
196,LHeel,306.75037,377.36847,0.6986434,,,
196,RHeel,295.61063,371.1316,0.8447265,,,
197,Nose,343.69794,111.63894,0.9015999,,,
197,LEye,351.01456,111.63894,0.8849087,,,
197,REye,340.0396,105.44526,0.9201408,,,
197,LEar,354.67285,117.83262,0.91731864,,,
197,REar,332.723,105.44526,0.7911858,,,
197,LShoulder,361.98947,154.99469,0.84488547,-0.15239511,-0.20332211,-0.043499652
197,RShoulder,310.77316,136.41365,0.7279022,-0.2791241,-0.24856813,-0.023222813
197,LElbow,347.35623,204.54413,0.8630602,-0.17575127,-0.09197496,-0.11001844
197,RElbow,274.1901,167.38205,0.7956767,-0.3613359,-0.1765218,0.041927665
197,LWrist,318.08978,173.57573,0.7876468,-0.25326616,-0.16266817,-0.16459356
197,RWrist,244.92363,204.54413,0.90632397,-0.42975476,-0.08771385,0.017385598
197,LHip,336.38132,241.7062,0.76718473,-0.21096402,-0.010519961,-0.019771283
197,RHip,299.79825,229.31885,0.72369224,-0.30277836,-0.02764234,0.018887376
197,LKnee,336.38132,297.4493,0.76431334,-0.21314691,0.13358529,-0.15508671
197,RKnee,292.48163,303.64297,0.7527517,-0.32153934,0.1477063,0.021001587
197,LAnkle,310.77316,377.96713,0.7213048,-0.25993374,0.31170097,-0.05107939
197,RAnkle,292.48163,365.57977,0.8300872,-0.31605533,0.28918922,0.15294366
197,Head,351.01456,86.86423,0.82621074,-0.18565387,-0.3683788,-0.08547106
197,Neck,336.38132,136.41365,0.8979731,-0.20934378,-0.25750172,-0.050826125
197,Hip,318.08978,229.31885,0.8172091,-0.25684005,-0.021174708,-0.0010260066
197,LBigToe,336.38132,396.5482,0.44052354,,,
197,RBigToe,277.8484,390.3545,0.84759885,,,
197,LSmallToe,325.4064,390.3545,0.48782843,,,
197,RSmallToe,277.8484,384.16083,0.8734272,,,
197,LHeel,303.45654,390.3545,0.69470054,,,
197,RHeel,292.48163,377.96713,0.83248293,,,
198,Nose,345.46582,116.625755,0.9155865,,,
198,LEye,348.93195,110.41982,0.89467764,,,
198,REye,341.99973,104.21388,0.91051275,,,
198,LEar,352.39804,116.625755,0.8559508,,,
198,REar,328.13535,110.41982,0.8381876,,,
198,LShoulder,359.33023,153.86137,0.7541793,-0.15208983,-0.20029137,-0.04271326
198,RShoulder,310.80484,135.24358,0.6901269,-0.27877468,-0.24550234,-0.022509998
198,LElbow,348.93195,203.50888,0.8169953,-0.17544802,-0.08931716,-0.10958107
198,RElbow,272.67773,166.27325,0.8405542,-0.36010796,-0.17402019,0.04449357
198,LWrist,317.73703,172.47919,0.7846568,-0.25332266,-0.16069938,-0.1612762
198,RWrist,248.41501,203.50888,0.8856468,-0.42597833,-0.08516635,0.018466376
198,LHip,331.60144,246.95044,0.7217146,-0.21162196,-0.0065975245,-0.019632386
198,RHip,300.40652,234.53856,0.7451247,-0.303493,-0.024260279,0.018850941
198,LKnee,335.06754,296.59793,0.70727235,-0.21335256,0.1348851,-0.15553674
198,RKnee,293.47433,302.80386,0.7838269,-0.3217237,0.14963412,0.023376634
198,LAnkle,314.27094,377.27512,0.74826205,-0.2613295,0.3143406,-0.05530943
198,RAnkle,293.47433,364.86322,0.7967275,-0.31712595,0.2907593,0.15317765
198,Head,345.46582,85.59608,0.7620194,-0.18610537,-0.36583072,-0.08460774
198,Neck,335.06754,135.24358,0.9257345,-0.20913973,-0.2545381,-0.04992951
198,Hip,317.73703,234.53856,0.8237138,-0.25728914,-0.017181218,-0.0010723041
198,LBigToe,331.60144,395.8929,0.5214845,,,
198,RBigToe,279.60992,389.68698,0.8538237,,,
198,LSmallToe,331.60144,389.68698,0.54689354,,,
198,RSmallToe,276.14383,383.48105,0.91670567,,,
198,LHeel,307.3387,383.48105,0.7482719,,,
198,RHeel,293.47433,377.27512,0.79695743,,,
