frame,knee_valgus_L,knee_valgus_R,head_forward_angle,squat_depth_knee_deg,sagittal_flexion_trunk,hip_angle_L,hip_angle_R,hip_flexion_L,hip_flexion_R,knee_flexion_L,knee_flexion_R,ankle_dorsiflexion_proxy_L,ankle_dorsiflexion_proxy_R,lumbar_curvature_proxy
0,5.906890869140625,-11.882644653320312,-0.7733671069145203,9.300035679804935,-2.5908658504486084,158.35877392216818,171.4614380176213,3.97404422517414,0.4262231802522649,5.926883583051762,12.673187776558109,-357.9989318847656,1.2255096435546875,-2.5908658504486084
1,5.6272430419921875,-11.652053833007812,0.023650681599974632,9.486521293090917,-1.542043685913086,158.83478218355236,171.26083748533242,1.5535789942323674,-1.7053931737363826,5.859997673104459,13.113044913077374,-357.2112121582031,1.822052001953125,-1.542043685913086
2,5.402069091796875,-11.572601318359375,0.6773631572723389,10.297776979442645,-0.37665116786956787,159.136645433443,170.38613627825677,358.73497297521226,-4.022870042365838,6.751104163568726,13.844449795316564,-356.4336853027344,2.327728271484375,-0.37665116786956787
3,5.34063720703125,-11.575820922851562,1.157068133354187,11.72436609972489,1.041198492050171,158.94954664394595,168.9901553072176,355.41131582017533,-6.750640966934014,8.574277614475335,14.874454584974444,-355.6600799560547,2.8406982421875,1.041198492050171
4,5.255584716796875,-11.551254272460938,1.454563856124878,13.395399995332099,2.6400954723358154,158.19268786747105,167.12638196030284,351.6813611006319,-9.759602644485284,10.870783786384095,15.920016204280103,-354.962158203125,3.1247406005859375,2.6400954723358154
5,5.3251495361328125,-11.73944091796875,1.522993564605713,15.53300274712295,4.526489734649658,156.55894265518788,164.6216734339007,347.34655680413834,-13.243576862853814,13.77434307161198,17.29166242263392,-354.2008514404297,3.3597259521484375,4.526489734649658
6,5.3762664794921875,-12.29132080078125,1.3857195377349854,17.94702816301499,6.629703521728516,154.0257447464817,161.57587956746156,342.5867725824892,-17.113041260284234,16.82828703283778,19.065769293192204,-353.59336853027344,3.57855224609375,6.629703521728516
7,5.5277862548828125,-13.12237548828125,1.0882097482681274,20.65327703864466,8.96103572845459,150.55749933262572,158.0850507856345,337.36209931131,-21.37279448751812,20.175706929606747,21.130847147682573,-353.0084686279297,3.763885498046875,8.96103572845459
8,5.5625152587890625,-14.195648193359375,0.6608933210372925,23.456054779103553,11.42502498626709,146.4953253056169,154.3461880063414,331.91716828103654,-25.85509429220562,23.481390507530847,23.43071905067626,-352.5657501220703,3.96392822265625,11.42502498626709
9,5.5205535888671875,-15.492599487304688,0.21543680131435394,26.378962075768555,13.994895935058594,142.06186098053763,150.43617844115056,326.39286007638566,-30.534172394317437,26.758197952775134,25.999726198761977,-352.1431121826172,4.2540283203125,13.994895935058594
10,5.3337249755859375,-16.906219482421875,-0.30209341645240784,29.29208856603455,16.603042602539062,137.53423776614505,146.44802028603746,320.95628323312394,-35.28454623464947,29.887522175286364,28.696654956782737,-351.7508850097656,4.59637451171875,16.603042602539062
11,4.93292236328125,-18.755889892578125,-0.7249445915222168,32.34907141114053,19.010221481323242,133.04991071942732,142.4724171441703,315.85058750863664,-39.8662246251524,32.94204958926579,31.756093233015264,-351.30303955078125,5.085906982421875,19.010221481323242
12,4.486480712890625,-20.9447021484375,-1.064414143562317,35.56431115693097,21.26897621154785,128.6081774608297,138.5337957561407,311.0079704737245,-44.34464488272076,35.9841113378823,35.14451097597964,-350.77516174316406,5.7494659423828125,21.26897621154785
13,3.8055877685546875,-23.5509033203125,-1.2751848697662354,38.92763659945288,23.322397232055664,124.32128767915033,134.7061796842152,306.4914604639589,-48.638513901275445,39.000671047310846,38.85460215159492,-350.1558380126953,6.553924560546875,23.322397232055664
14,3.1849212646484375,-26.608612060546875,-1.3253544569015503,42.87310650333589,25.29233169555664,119.83966007411128,130.83982214206176,301.8106342768251,-53.10686145071392,42.56119597736185,43.18501702930993,-349.2625732421875,7.6680450439453125,25.29233169555664
15,2.452850341796875,-30.0885009765625,-1.239449143409729,47.23595520329266,27.10125732421875,115.28680551641055,126.92482956345717,297.1078335260927,-57.690780975860406,46.48407247342962,47.9878379331557,-348.20001220703125,8.9488525390625,27.10125732421875
16,1.550018310546875,-33.98876953125,-1.0292692184448242,52.00864881935694,28.747493743896484,110.67417916214295,122.97970433668735,292.3744694208681,-62.40456805471783,50.801022959967696,53.21627467874619,-346.94781494140625,10.367172241210938,28.747493743896484
17,0.242034912109375,-37.97705078125,-0.7303197383880615,56.91583688109932,30.160480499267578,106.15520972766286,119.19314251782374,287.7544971918642,-66.99199328665142,55.428399067693775,58.40327469450486,-345.517333984375,11.757843017578125,30.160480499267578
18,-1.178985595703125,-42.20068359375,-0.32949644327163696,62.000523445088255,31.396442413330078,101.67573636914703,115.54133754191248,283.1493336176454,-71.56395373587017,60.35584476966295,63.64520212051356,-343.96693420410156,13.123886108398438,31.396442413330078
19,-2.8829345703125,-46.301544189453125,-0.06282919645309448,66.78651516975879,32.352783203125,97.59312733062247,112.29514823905932,279.0027615046083,-75.73442111257916,65.06006215343257,68.51296818608499,-342.47630310058594,14.38836669921875,32.352783203125
20,-5.212158203125,-50.533355712890625,0.24871544539928436,71.61364787304333,33.292354583740234,93.4915995545001,108.97951741584662,274.79265179391496,-80.13743243460064,69.86872744569195,73.35856830039474,-340.98553466796875,15.552825927734375,33.292354583740234
21,-8.253448486328125,-54.85125732421875,0.5728899240493774,76.21625335868384,34.010860443115234,89.71017969697323,106.00850910350673,270.93703045602433,-84.20740924124127,74.49361526181518,77.9388914555525,-339.57847595214844,16.606033325195312,34.010860443115234
22,-11.4658203125,-59.30596923828125,0.7347053289413452,80.5424273765261,34.50008773803711,86.36380036099627,103.4421259888139,267.5248142695009,-87.9329799199522,78.8459513746932,82.23890337835901,-338.2428894042969,17.523651123046875,34.50008773803711
23,-15.25970458984375,-63.71881103515625,0.8817082643508911,84.50848902701696,34.89360427856445,83.35843868882017,101.20478899734752,264.46249737496964,-91.38485369924908,82.88300021059446,86.13397784343945,-336.99737548828125,18.242431640625,34.89360427856445
24,-19.50299072265625,-67.98114013671875,1.0896708965301514,88.12309774313945,35.24784469604492,80.52569860882276,99.31298533559377,261.5709339594423,-94.5608104253233,86.67797104861283,89.56822443766606,-335.88377380371094,18.740402221679688,35.24784469604492
25,-23.49346923828125,-72.05389404296875,1.2296168804168701,91.3653737422211,35.53963851928711,78.01224872455602,97.68796727632325,259.02466168161027,-97.42624316458111,90.0391670224847,92.69158046195749,-334.8966064453125,19.180267333984375,35.53963851928711
26,-27.29327392578125,-75.97409057617188,1.2871941328048706,94.2260761418062,35.802940368652344,75.82270549900862,96.2526214768665,256.77918209787003,-100.11150393728619,92.90003741334444,95.55211487026799,-334.1255798339844,19.52630615234375,35.802940368652344
27,-31.53314208984375,-79.24798583984375,1.2771306037902832,96.62827896689663,36.0032844543457,73.93774113226759,95.2281372815196,254.8581577753603,-102.29785571340923,95.40697516415412,97.84958276963914,-333.4775848388672,19.7830810546875,36.0032844543457
28,-35.168701171875,-82.50717163085938,1.1597832441329956,98.86093200320852,36.095367431640625,72.36976566359347,94.22751319666042,253.2049709772646,-104.38079867605572,97.60836015589416,100.11350385052289,-332.93162536621094,20.042434692382812,36.095367431640625
29,-38.70941162109375,-85.35818481445312,1.0905648469924927,100.714768898921,36.21438980102539,70.9387828027705,93.4359073320679,251.69322552438373,-106.16264758352642,99.46199824927434,101.96753954856764,-332.56053161621094,20.166229248046875,36.21438980102539
30,-41.565460205078125,-87.5166015625,0.933516263961792,102.13382883017718,36.37440872192383,69.75786284631647,92.82123942776869,250.39747967477436,-107.59232745413189,100.88201370927443,103.38564395107993,-332.33349609375,20.278884887695312,36.37440872192383
31,-43.43988037109375,-88.82867431640625,0.5821544528007507,103.11177377351228,36.32938003540039,69.03108113179147,92.42999768323243,249.67393841500873,-108.4377635503233,101.86825970739966,104.3552878396249,-332.1374053955078,20.468597412109375,36.32938003540039
32,-45.01861572265625,-89.82080078125,0.2526540458202362,103.74504680932597,36.311546325683594,68.48086167026729,92.2112557315503,249.1035839533388,-108.96900973562603,102.54198775791562,104.94810586073633,-332.0791320800781,20.458404541015625,36.311546325683594
33,-45.60418701171875,-90.14553833007812,-0.14228448271751404,103.91776565301831,36.332637786865234,68.17850481969757,92.24617032250771,248.75400128121967,-109.08690295462017,102.76281893322921,105.07271237280742,-332.18370056152344,20.394927978515625,36.332637786865234
34,-45.214111328125,-89.89324951171875,-0.7818653583526611,103.74626102219119,36.11949157714844,68.38072132767894,92.44504561233525,248.99045529122944,-108.66410098318462,102.59485587213159,104.8976661722508,-332.30352783203125,20.400100708007812,36.11949157714844
35,-43.950439453125,-88.739013671875,-1.45160973072052,103.12789048523916,35.92851638793945,68.84207637916637,92.81736394070373,249.46631970162983,-107.83379779104595,102.02902777201533,104.226753198463,-332.5417785644531,20.446884155273438,35.92851638793945
36,-41.86273193359375,-87.05136108398438,-1.9710947275161743,102.14458187557857,35.7696533203125,69.6088738758801,93.28802272177042,250.201530120331,-106.72148165945416,101.06584864586269,103.22331510529445,-332.87025451660156,20.483810424804688,35.7696533203125
37,-39.293792724609375,-84.33123779296875,-2.414623737335205,100.71516123401393,35.40432357788086,70.8551972851387,94.11920184744058,251.4948307489931,-104.8718226933897,99.73980412082534,101.69051834720253,-333.219970703125,20.642776489257812,35.40432357788086
38,-36.0074462890625,-81.00881958007812,-2.7836334705352783,98.9384879704653,34.90487289428711,72.6020612858938,95.21236070240627,253.26051678414936,-102.61881671194439,98.04563888770711,99.8313370532235,-333.58091735839844,20.863845825195312,34.90487289428711
39,-32.291961669921875,-77.02609252929688,-3.086699962615967,96.73889707087824,34.147010803222656,74.90985947106279,96.71962166915952,255.71005978341694,-99.69548068289166,95.92286838182575,97.55492575993073,-333.9402618408203,21.106430053710938,34.147010803222656
40,-28.415924072265625,-72.97946166992188,-3.2042887210845947,94.42956104371586,33.3976936340332,77.47703594734352,98.32924808463126,258.2478138422548,-96.81065783743267,93.61089399740777,95.24822809002397,-334.37303161621094,21.363235473632812,33.3976936340332
41,-24.55462646484375,-68.45803833007812,-3.277874231338501,91.75273797705199,32.50410842895508,80.53875391248367,100.33701243525816,261.2906071161806,-93.5151561284483,90.89997184651367,92.60550410759032,-334.84153747558594,21.626510620117188,32.50410842895508
42,-20.91192626953125,-63.540771484375,-3.382798433303833,88.7703328943274,31.431535720825195,84.04719607623285,102.91428716974288,264.78614582772843,-89.64148936514263,87.97329354805514,89.56737224059964,-335.2524871826172,21.878341674804688,31.431535720825195
43,-17.287322998046875,-58.3502197265625,-3.3792364597320557,85.48107761005774,30.147247314453125,88.00898785617129,105.84624052377575,268.7845913385927,-85.40914187673931,84.70729693009532,86.25485829002015,-335.69581604003906,22.107650756835938,30.147247314453125
44,-13.93463134765625,-53.298553466796875,-3.3160667419433594,82.07542634205876,28.687742233276367,92.20543080363299,109.08003945586051,273.0108810877382,-80.95117030386334,81.39927987782605,82.75157280629149,-336.1279602050781,22.209762573242188,28.687742233276367
45,-11.027587890625,-48.11322021484375,-3.26446533203125,78.30610954417841,26.882997512817383,96.96276303421755,112.82937216308589,277.8691154932558,-75.92585978750591,77.76117005996927,78.85104902838756,-336.62110900878906,22.20208740234375,26.882997512817383
46,-8.33843994140625,-43.3206787109375,-3.2369000911712646,74.47012088940424,25.058881759643555,101.84186755928728,116.70533320748915,282.7897659754335,-70.93450770620709,74.04263150488626,74.89761027392223,-337.1539001464844,22.052810668945312,25.058881759643555
47,-5.7921142578125,-38.892913818359375,-3.08453631401062,70.6422629913378,23.185138702392578,106.71612372964314,120.60138556127293,287.70937695260636,-66.0418895268858,70.34602320360655,70.93850277906905,-337.72483825683594,21.739944458007812,23.185138702392578
48,-3.663238525390625,-34.75860595703125,-2.9206995964050293,66.69786298056711,21.180971145629883,111.71764672812382,124.61352161839213,292.80644001718156,-61.064424850982476,66.55099445404343,66.84473150709078,-338.3730926513672,21.226226806640625,21.180971145629883
49,-1.85491943359375,-30.95806884765625,-2.759809732437134,62.86100183622021,19.216773986816406,116.60412905713243,128.4772051767147,297.78194393869035,-56.37081179861431,62.81079923804245,62.91120443439797,-339.06822204589844,20.644668579101562,19.216773986816406
50,-0.1425018310546875,-27.48333740234375,-2.5915350914001465,58.92230297246174,17.22469711303711,121.51289288491465,132.387117956378,302.82716717477433,-51.68465838674908,58.96168867752827,58.882917267395214,-339.8475646972656,19.869491577148438,17.22469711303711
51,1.397369384765625,-24.42059326171875,-2.3724570274353027,54.973396717551886,15.205552101135254,126.42218580098381,136.23967329831467,307.932448050934,-47.103577950042535,55.008903650244406,54.937889784859365,-340.7207489013672,18.976638793945312,15.205552101135254
52,2.727294921875,-21.633331298828125,-2.084238052368164,51.07100595941952,13.179939270019531,131.1987593215219,140.0458349033767,313.0112987970888,-42.59357486013775,51.099104177218635,51.04290774162041,-341.60862731933594,18.013626098632812,13.179939270019531
53,3.936492919921875,-19.360336303710938,-1.686806559562683,47.1881607811104,11.216293334960938,135.8078817419764,143.69453245012224,318.03082241769425,-38.26577792410259,47.120616709195275,47.25570485302552,-342.5926208496094,16.910720825195312,11.216293334960938
54,4.92425537109375,-17.434371948242188,-1.2492408752441406,43.38506196068364,9.368473052978516,140.09870383185236,147.17733371197033,322.8572193598329,-34.14236865286236,43.20654056506183,43.56358335630546,-343.6164855957031,15.740142822265625,9.368473052978516
55,5.847198486328125,-15.739166259765625,-0.8504898548126221,39.555771110393934,7.647554874420166,144.08971840364634,150.5689301640187,327.5532199358522,-30.139910557311822,39.28258836086877,39.828953859919096,-344.6961975097656,14.456558227539062,7.647554874420166
56,6.67413330078125,-14.1846923828125,-0.45875605940818787,35.58962925239038,6.02901554107666,147.79685004932352,153.953585411698,332.19298424478166,-26.17855201010113,35.23717988626535,35.94207861851541,-345.9025573730469,13.031997680664062,6.02901554107666
57,7.44097900390625,-12.780502319335938,-0.06521537899971008,31.531132809804973,4.570425510406494,151.04155453105236,157.338324457901,336.6315700029909,-22.278143742126275,31.22706453542881,31.835201084181136,-347.1839294433594,11.418960571289062,4.570425510406494
58,8.102325439453125,-11.581283569335938,0.22320885956287384,27.56405948614541,3.2602250576019287,153.76404326805547,160.59989442550977,340.8402232145845,-18.53593645338421,27.353765105989368,27.774353866301453,-348.48626708984375,9.765060424804688,3.2602250576019287
59,8.607025146484375,-10.50872802734375,0.5204563736915588,23.691591186272547,2.0583276748657227,155.9459390015479,163.74802574497048,344.84296288247697,-14.926888802093316,23.621056261495852,23.76212611104924,-349.8240966796875,8.073272705078125,2.0583276748657227
60,8.95648193359375,-9.483963012695312,0.7800374627113342,20.080505311479257,0.9924776554107666,157.51060885484893,166.68606538336667,348.4893182730257,-11.556320765060235,20.21886376354078,19.942146859417733,-351.13099670410156,6.452392578125,0.9924776554107666
61,9.18463134765625,-8.573532104492188,1.0139456987380981,16.7968760382835,0.04587553068995476,158.50253924804596,169.34284770219685,351.80954710673086,-8.453316052448798,17.180950546016987,16.412801530550013,-352.3857727050781,4.918121337890625,0.04587553068995476
62,9.35906982421875,-7.819732666015625,1.2349761724472046,13.987574130872005,-0.7767370939254761,159.01373193918528,171.62946960006784,354.7611422752916,-5.680736997169305,14.639816339972555,13.335331921771456,-353.5416717529297,3.549224853515625,-0.7767370939254761
63,9.388092041015625,-7.1996002197265625,1.4410651922225952,11.71244483770802,-1.4727061986923218,159.2525024693448,173.47210506055964,357.2670173859178,-3.2830009246290217,12.623825738574254,10.801063936841786,-354.57208251953125,2.3925323486328125,-1.4727061986923218
64,9.2430419921875,-6.660400390625,1.6174696683883667,9.864958660023703,-2.0440027713775635,159.33913968222737,174.79455171437405,359.4354208921968,-1.2374459290922175,10.966916355966163,8.763000964081243,-355.53273010253906,1.418548583984375,-2.0440027713775635
65,8.9876708984375,-6.2292633056640625,1.7268671989440918,8.44908604462077,-2.494879722595215,159.32991757034873,175.52472840671567,361.2555452799379,0.5083681559144964,9.711627707330194,7.186544381911347,-356.40380859375,0.52325439453125,-2.494879722595215
66,8.6693115234375,-5.9464874267578125,1.7733265161514282,7.518266483523746,-2.8540847301483154,159.28576787762873,175.6227884602555,2.8090557074129094,1.966663739639472,8.827860216369885,6.208672750677607,-357.2344207763672,-0.242462158203125,-2.8540847301483154
67,8.240280151367188,-5.7619171142578125,1.6693602800369263,7.006945590223154,-3.0473854541778564,159.2732873683851,175.42469826346684,3.9767827009737005,3.016318223434638,8.238832327763532,5.7750588526827755,-357.90240478515625,359.16819763183594,-3.0473854541778564
68,7.8378448486328125,-5.8192596435546875,1.4923324584960938,6.893813729739861,-3.141538381576538,159.29588883449637,175.06302655511067,4.79668941255207,3.7556737875520696,7.9288006238715525,5.85882683560817,-358.4344940185547,358.69847106933594,-3.141538381576538
69,7.4389495849609375,-5.894561767578125,1.2254884243011475,6.939414853681896,-3.1555469036102295,159.31695713893495,174.66630221969663,5.4264663672029485,-355.717805483383,7.779200405131064,6.099629302232728,-358.89710998535156,358.29052734375,-3.1555469036102295
70,7.0438995361328125,-6.0809173583984375,0.909348726272583,7.09752474533515,-3.105499267578125,159.38756957235674,174.34791905257444,5.856368682342719,-355.4063724065245,7.709557202106083,6.485492288564217,0.72265625,357.9405517578125,-3.105499267578125
71,6.6690521240234375,-6.2841033935546875,0.5837403535842896,7.255072813280734,-2.982525110244751,159.5161778284088,174.08931116778388,6.06612767930622,-355.29127893690475,7.646960404117493,6.863185222443974,0.4467926025390625,357.6558837890625,-2.982525110244751
72,6.237762451171875,-6.4934844970703125,0.27617883682250977,7.318604745594953,-2.796839714050293,159.69223246325814,173.89253361291233,6.073465964752387,-355.3355306172789,7.4529039631843546,7.184305528005552,0.30328369140625,357.470458984375,-2.796839714050293
73,5.9011383056640625,-6.7321319580078125,-0.039218902587890625,7.463498030320181,-2.6251330375671387,159.83156216408995,173.67528661567474,6.101420543152045,-355.39239964727767,7.396612980109467,7.530383080530896,0.122467041015625,357.2738494873047,-2.6251330375671387
74,5.52984619140625,-6.951171875,-0.30629172921180725,7.588707332783642,-2.46225905418396,159.95929990917935,173.48310873894005,6.134789845901679,-355.4937196755827,7.343554037236089,7.833860628331195,-0.0535430908203125,357.0885772705078,-2.46225905418396
75,5.2014007568359375,-7.0822296142578125,-0.5426197052001953,7.712165456565103,-2.3259475231170654,160.0597556694011,173.29615157887454,6.204685590225409,-355.5740009332121,7.393880125950744,8.030450787179461,-0.269989013671875,356.96435546875,-2.3259475231170654
76,4.82769775390625,-7.1797943115234375,-0.7345729470252991,7.818467701179287,-2.210728883743286,160.17759130347065,173.1370719884348,6.316853425461005,-355.6429091477812,7.480445576291402,8.156489826067173,-0.501129150390625,356.9212951660156,-2.210728883743286
77,4.5536346435546875,-7.2153167724609375,-0.8864868879318237,7.982626119896722,-2.1101553440093994,160.25723434554808,173.0281862121908,6.483537576156806,-355.7019787812651,7.736697797155614,8.22855444263783,-0.7746124267578125,356.87294006347656,-2.1101553440093994
78,4.15142822265625,-7.223419189453125,-0.9820808172225952,8.108675116886317,-2.0186612606048584,160.3534934019413,172.95390877598075,6.650817296463202,-355.76998958830245,7.9728954994357935,8.244454734336841,-1.0676422119140625,356.87632751464844,-2.0186612606048584
79,3.803497314453125,-7.1223602294921875,-1.0029428005218506,8.215620180930543,-1.9413609504699707,160.4363121715158,172.9390854635363,6.805877826172065,-355.8442076230467,8.287686727164356,8.14355363469673,-1.391693115234375,356.90496826171875,-1.9413609504699707
80,3.4510345458984375,-6.9269866943359375,-0.974173367023468,8.222254696109175,-1.8462536334991455,160.59219513655225,173.0026857477371,6.832123658615302,-355.96893224958785,8.5002256619361,7.944283730282251,-1.67437744140625,356.9360046386719,-1.8462536334991455
81,3.124267578125,-6.6687164306640625,-0.9003315567970276,8.05936729227328,-1.6934741735458374,160.86406737618623,173.15704943064856,6.629417440849494,-356.2304153228224,8.50392152163954,7.614813062907018,-1.8635711669921875,357.0489501953125,-1.6934741735458374
82,2.795135498046875,-6.433685302734375,-0.7592236995697021,7.732192893730854,-1.4756439924240112,161.26033687344085,173.39027749362342,6.16215183492298,-356.64172694925674,8.232395236450515,7.231990551011194,-1.944610595703125,357.2437744140625,-1.4756439924240112
83,2.5874176025390625,-6.249603271484375,-0.537727415561676,7.235733570072767,-1.1780017614364624,161.70270498793863,173.62913972364368,5.370689413505744,-357.2369308257521,7.637895623689502,6.833571516456033,-1.8783111572265625,357.50648498535156,-1.1780017614364624
84,2.4293212890625,-6.13983154296875,-0.3061385750770569,6.587464758082291,-0.790058434009552,162.22202695569842,173.9009170980037,4.241764030414771,-358.00674060825713,6.696970103118417,6.477959413046165,-1.669830322265625,357.8513488769531,-0.790058434009552
85,2.3181304931640625,-6.041595458984375,0.005585201550275087,5.736024241229103,-0.2626436650753021,162.74502684403407,174.14542359132145,2.638574114996146,0.9257140075742711,5.312641771952627,6.1594067105055785,-1.2795257568359375,358.2132263183594,-0.2626436650753021
86,2.286102294921875,-6.0232086181640625,0.3428480327129364,4.774349966032119,0.45209208130836487,163.0813760278749,174.18529972349776,0.47765611763591664,-0.5675709331453334,3.5261448010079732,6.022555131056265,-0.6232147216796875,358.6719970703125,0.45209208130836487
87,2.3421783447265625,-6.168548583984375,0.673797607421875,4.329823692840961,1.2738417387008667,163.02594499391856,173.74796437331932,357.9685285305559,-2.2910387301862727,2.3551785113265282,6.304468874355393,0.1331787109375,359.14646911621094,1.2738417387008667
88,2.3428497314453125,-6.448974609375,0.7935878038406372,5.294138695505012,2.333185911178589,162.4941602389353,172.78514755592445,354.90097512956254,-4.412989714187432,3.5533589001885844,7.03491849082144,-358.9447937011719,-0.3444976806640625,2.333185911178589
89,2.334625244140625,-6.8930816650390625,0.7863391041755676,7.389075473199128,3.580444574356079,161.28925079684063,171.2228207988015,351.3738397574007,-6.948029139083673,6.451510183701231,8.326640762697025,-357.8723449707031,0.3062591552734375,3.580444574356079
90,2.3397216796875,-7.6167449951171875,0.5782421827316284,10.11393016269632,5.019300937652588,159.38170142310233,169.0149855291658,347.4792796587526,-9.967665531677056,9.84666256592459,10.381197759468051,-356.7685089111328,1.208251953125,5.019300937652588
91,2.27020263671875,-8.61932373046875,0.19349044561386108,13.15538152581047,6.572412014007568,156.89913007123505,166.3157630843748,343.3978635286867,-13.315317013305474,13.348725114850112,12.962037936770827,-355.7002716064453,2.1573028564453125,6.572412014007568
92,1.986236572265625,-9.85296630859375,-0.3018829822540283,16.518488394136156,8.247902870178223,153.96680250855712,163.20830849268506,339.0601564859926,-17.024468758148004,16.96222433879953,16.074752449472783,-354.66932678222656,3.28021240234375,8.247902870178223
93,1.6507568359375,-11.60467529296875,-0.7978838682174683,20.259785251847916,10.020459175109863,150.60516725179423,159.5550637559304,334.5936151957094,-21.181424477142144,20.599243085861957,19.920327417833875,-353.6781768798828,4.5629119873046875,10.020459175109863
94,1.2330322265625,-13.777786254882812,-1.184598684310913,24.29661756952669,11.839424133300781,146.90698055288712,155.5526532180715,330.0356365656435,-25.654045441192437,24.265974219396526,24.32726091965685,-352.7215118408203,5.9946746826171875,11.839424133300781
95,0.81768798828125,-16.13427734375,-1.4097378253936768,28.487855430118174,13.619312286376953,143.00545677086058,151.4460423767894,325.5036274408876,-30.24618945364361,27.942263289481133,29.033447570755214,-351.7858428955078,7.5446319580078125,13.619312286376953
96,0.1184844970703125,-18.974319458007812,-1.4907350540161133,33.00380564644563,15.426570892333984,138.86279756043803,147.15600657732207,320.8526493525087,-35.0279506230772,31.827560489518703,34.18005080337255,-350.7431945800781,9.209197998046875,15.426570892333984
97,-0.64300537109375,-21.950653076171875,-1.5021864175796509,37.673473737363565,17.297380447387695,134.36784027841023,142.79188673119975,316.01815571542375,-39.96611247305279,35.90449346621429,39.44245400851284,-349.64239501953125,10.911895751953125,17.297380447387695
98,-1.35919189453125,-24.73541259765625,-1.5269495248794556,42.27765087483776,19.25625991821289,129.60597508755401,138.50743816522456,311.0719562983095,-44.91563830618267,40.09274942514625,44.46255232452927,-348.45973205566406,12.575515747070312,19.25625991821289
99,-2.15789794921875,-27.41461181640625,-1.5585559606552124,46.730386018815,21.248136520385742,124.73108719068678,134.38792252911534,306.0972763514101,-49.74465785269146,44.34213684947784,49.118635188152155,-347.2154235839844,14.068084716796875,21.248136520385742
100,-3.106903076171875,-29.97369384765625,-1.5635385513305664,51.10290115870928,23.320425033569336,119.66982139901093,130.2107673306729,300.97400822396867,-54.69150386099224,48.67669200260019,53.52911031481837,-345.9599304199219,15.372268676757812,23.320425033569336
101,-4.105224609375,-32.40191650390625,-1.5958330631256104,55.32574627073371,25.52045440673828,114.47381569507162,126.17091068229168,295.72737850900285,-59.63723025564556,53.03997432445618,57.61151821701124,-344.6711883544922,16.533920288085938,25.52045440673828
102,-5.1121826171875,-35.2193603515625,-1.5426058769226074,59.677962378256126,27.542144775390625,109.31685249516822,122.20700492288819,290.515868804413,-64.5298923039854,57.55566220992793,61.80026254658432,-343.3698272705078,17.614059448242188,27.542144775390625
103,-6.268096923828125,-38.120849609375,-1.4384586811065674,63.78921535813761,29.32305908203125,104.50664790065585,118.5661545217819,285.6966091608583,-69.05963168386822,61.90244505190988,65.67598566436534,-342.09068298339844,18.492706298828125,29.32305908203125
104,-7.9613037109375,-41.109771728515625,-1.3520078659057617,67.84560038764047,30.89211082458496,99.98463642590103,115.09529232279851,281.1474548792421,-73.37764582876568,66.20366005614743,69.48754071913353,-340.8249816894531,19.351638793945312,30.89211082458496
105,-9.708892822265625,-44.24029541015625,-1.1949448585510254,71.86890642836651,32.35666275024414,95.6301050357106,111.66066677015739,276.7275043940126,-77.68974719290142,70.49383291063643,73.2439799460966,-339.54359436035156,20.109100341796875,32.35666275024414
106,-11.45758056640625,-47.704925537109375,-1.1436870098114014,75.64450508407387,33.49513626098633,91.8829913670795,108.6762206703479,272.9405323481142,-81.5678905034483,74.41633945779567,76.87267071035207,-338.3193664550781,20.781936645507812,33.49513626098633
107,-13.733367919921875,-51.229278564453125,-0.919964611530304,79.20959185618578,34.2768669128418,88.60067060097082,106.09651008082223,269.71619000192277,-84.96726641897564,78.05343338602499,80.36575032634657,-337.20509338378906,21.475173950195312,34.2768669128418
108,-16.0955810546875,-54.5828857421875,-0.5908826589584351,82.3157036679008,34.93788146972656,85.83188994856825,104.00284688932544,266.978515288788,-87.9193423772276,81.23685545648937,83.39455187931223,-336.1840515136719,22.014068603515625,34.93788146972656
109,-18.5096435546875,-57.65081787109375,-0.14734601974487305,85.05917148773887,35.4770393371582,83.444394430694,102.3059987322756,264.62072338815324,-90.4879115605772,84.0639368151094,86.05440616036834,-335.26258850097656,22.503524780273438,35.4770393371582
110,-21.360595703125,-60.413818359375,0.4895644783973694,87.47976067277463,35.961788177490234,81.22192423790766,100.98220979837446,262.44288983102433,-92.6672328496397,86.69070184739759,88.26881949815166,-334.44537353515625,22.85400390625,35.961788177490234
111,-24.04827880859375,-63.05914306640625,1.0574384927749634,89.71607672446456,36.40652847290039,79.20792337647117,99.72599189460354,260.46493878121964,-94.83067736868267,89.0208965970422,90.4112568518869,-333.7527618408203,23.214828491210938,36.40652847290039
112,-26.1163330078125,-65.39642333984375,1.7421904802322388,91.53770657185424,36.70440673828125,77.70379172209601,98.91091795736185,259.0077206110536,-96.51075778250103,90.84619397626342,92.22921916744508,-333.1575469970703,23.56640625,36.70440673828125
113,-28.733856201171875,-67.4471435546875,2.496382474899292,93.18858821293763,37.02997589111328,76.21593614561083,98.16666588832413,257.555907866913,-98.01325259451275,92.5673899625333,93.80978646334196,-332.66944885253906,23.875244140625,37.02997589111328
114,-30.9041748046875,-69.207275390625,3.0412845611572266,94.57160475006899,37.200538635253906,75.11207474908625,97.67574251817459,256.487174651581,-99.160286285919,93.99362327183617,95.14958622830179,-332.2275848388672,24.159347534179688,37.200538635253906
115,-32.566680908203125,-70.78341674804688,3.4835798740386963,95.711531237309,37.31108856201172,74.30202604784535,97.26335458286249,255.71013607736225,-100.16078219656353,95.06297634968631,96.36008612493168,-331.888671875,24.429916381835938,37.31108856201172
116,-33.8131103515625,-71.7498779296875,3.776160478591919,96.48338745347792,37.3586311340332,73.80829507160634,97.03021912533497,255.23812451120014,-100.76841387991314,95.78383425247837,97.18294065447745,-331.6448516845703,24.680801391601562,37.3586311340332
117,-34.94036865234375,-72.32351684570312,4.072277069091797,97.01558792570397,37.381744384765625,73.50344699754636,96.97964829284413,254.9461132502138,-101.03385958914166,96.33781974856122,97.69335610284672,-331.4184112548828,24.89849853515625,37.381744384765625
118,-35.114959716796875,-72.38739013671875,4.062437057495117,97.12184670917912,37.33268356323242,73.5952709516802,97.03907152141967,255.0467106318056,-100.92831073049908,96.39320656797477,97.85048685038348,-331.3275146484375,25.064529418945312,37.33268356323242
119,-34.69219970703125,-71.9891357421875,4.084836959838867,96.83839341071563,37.25340270996094,73.99016389427693,97.27799154823298,255.4644466852724,-100.45405612234478,96.00119506446326,97.67559175696799,-331.38555908203125,25.226776123046875,37.25340270996094
120,-33.7076416015625,-70.96978759765625,3.9465572834014893,96.2025702335622,37.10166549682617,74.74372925909053,97.68940084395585,256.1976658320009,-99.57412371878033,95.319765847689,97.08537461943538,-331.46775817871094,25.343734741210938,37.10166549682617
121,-32.13055419921875,-69.32534790039062,3.759472608566284,95.15929783628593,36.86153793334961,75.90832012909456,98.3640666532639,257.3130527948915,-98.21278033499127,94.25737892432443,96.06121674824742,-331.61077880859375,25.440231323242188,36.86153793334961
122,-29.90911865234375,-67.13623046875,3.418215036392212,93.71732072196156,36.61606979370117,77.37083993766035,99.17003433342057,258.7072102045595,-96.56067309622173,92.79320307471879,94.64143836920432,-331.8478240966797,25.48883056640625,36.61606979370117
123,-27.3114013671875,-64.34521484375,2.8728339672088623,91.83682902832766,36.19144821166992,79.31938728081477,100.36019816052017,260.58405651803605,-94.3308070683897,90.91822067384275,92.75543738281254,-332.1809387207031,25.509201049804688,36.19144821166992
124,-24.96990966796875,-61.12078857421875,2.302658796310425,89.61005678451718,35.65798568725586,81.54980806954745,101.96380947285667,262.72363629098527,-91.54190478567486,88.81449638222225,90.40561718681212,-332.61366271972656,25.489486694335938,35.65798568725586
125,-22.22772216796875,-58.051422119140625,1.7359319925308228,87.09815829824231,35.03815460205078,84.15685340995108,103.72842137969407,265.2277370905458,-88.705452301544,86.25529379072482,87.94102280575981,-333.18983459472656,25.306686401367188,35.03815460205078
126,-19.0980224609375,-54.59857177734375,1.115556240081787,84.24517475996669,34.13089370727539,87.22782797090368,105.86630790789737,268.21693768258683,-85.42911944631939,83.36363373276521,85.12671578716817,-333.8645935058594,25.092788696289062,34.13089370727539
127,-16.320709228515625,-50.843841552734375,0.6126747131347656,81.1964454802521,33.003211975097656,90.58048599031501,108.33585240820854,271.5123058771669,-81.84413943533306,80.38011155574327,82.01277940476092,-334.5633239746094,24.817855834960938,33.003211975097656
128,-13.53326416015625,-46.789093017578125,0.09575501084327698,77.64532065671347,31.766904830932617,94.34691416690086,111.21056069848964,275.230561873871,-77.93591151480084,76.93985230629406,78.35078900713286,-335.40185546875,24.289993286132812,31.766904830932617
129,-10.73370361328125,-43.040771484375,-0.1965077966451645,74.06591938157692,30.29702377319336,98.36720867495545,114.32746421641949,279.2101932978212,-73.86332354788189,73.42264883249491,74.70918993065891,-336.2803039550781,23.716354370117188,30.29702377319336
130,-8.29803466796875,-39.005218505859375,-0.34953194856643677,70.03219812799432,28.623872756958008,102.86628643856918,117.97286547582227,283.69445576425187,-69.28982768301373,69.52320269122116,70.5411935647675,-337.2659149169922,22.990585327148438,28.623872756958008
131,-6.06182861328125,-35.06097412109375,-0.3318648636341095,65.96928118606061,26.7901668548584,107.50095912417707,121.62686536796119,288.3310028528749,-64.74335322622662,65.6042759027252,66.334286469396,-338.29173278808594,22.149795532226562,26.7901668548584
132,-4.298126220703125,-31.1826171875,-0.095438152551651,61.86899179285167,24.94321060180664,112.05187500075064,125.26959230138138,292.93488659616105,-60.301700928252984,61.717488665449366,62.02049492025398,-339.35943603515625,21.141708374023438,24.94321060180664
133,-2.69769287109375,-27.54119873046875,0.1851445436477661,57.471326670471754,22.919034957885742,116.95010093047925,129.26013956059467,297.95669712777726,-55.54069361929302,57.49987279687478,57.442780544068725,-340.5297393798828,19.931106567382812,22.919034957885742
134,-1.4697265625,-24.17364501953125,0.5770620703697205,53.017999537491974,20.818923950195312,121.90982745791871,133.3575593287769,303.1177059626161,-50.69720492605572,53.17390375743636,52.862095317547585,-341.76329040527344,18.65618896484375,20.818923950195312
135,-0.344970703125,-20.99285888671875,0.9839428067207336,48.39219383539549,18.716970443725586,126.93222465366149,137.45712028620477,308.4031158899843,-45.89729914907818,48.6475910911233,48.136796579667674,-343.08485412597656,17.164474487304688,18.716970443725586
136,0.6224365234375,-18.180068969726562,1.3548427820205688,43.795476685990494,16.646055221557617,131.80266980465643,141.55236571539496,313.65185703988664,-41.16587672476177,44.096339051859985,43.494614320121,-344.45103454589844,15.629653930664062,16.646055221557617
137,1.34222412109375,-15.662246704101562,1.605538010597229,39.016040682553296,14.564146041870117,136.69752144512634,145.81260658532213,319.0489365076601,-36.30198512319927,39.30756603179708,38.72451533330951,-345.9309387207031,13.98309326171875,14.564146041870117
138,2.1785736083984375,-13.423141479492188,1.8240625858306885,34.39162220867421,12.528387069702148,141.31194965543648,150.0163605679195,324.3548981165468,-31.543814041656304,34.648087836176416,34.135156581172,-347.35205078125,12.401214599609375,12.528387069702148
139,2.9771728515625,-11.32550048828125,2.018404960632324,29.769726135582403,10.50113296508789,145.70845175208132,154.25257129898253,329.6680561518251,-26.807514526885797,29.952320013874044,29.58713225729076,-348.8298645019531,10.826812744140625,10.50113296508789
140,3.7273101806640625,-9.53192138671875,2.197429895401001,25.38975525783873,8.50861930847168,149.6244857435322,158.42300068659435,334.7998520350038,-22.164564468902398,25.533687249615923,25.245823266061535,-350.2273864746094,9.327880859375,8.50861930847168
141,4.318023681640625,-7.90667724609375,2.365351676940918,21.2424579530136,6.50913667678833,153.09377499457176,162.51036860915778,339.81900324578874,-17.60619817022686,21.35208893932517,21.132826966702027,-351.555908203125,7.945220947265625,6.50913667678833
142,4.73565673828125,-6.5463104248046875,2.6303670406341553,17.42503337388179,4.504622936248779,155.9561880541821,166.48141624524928,344.6010896181642,-13.152618267577935,17.573231953439546,17.27683479432403,-352.77130126953125,6.642242431640625,4.504622936248779
143,5.0469207763671875,-5.419219970703125,2.78848934173584,14.05138836352576,2.652100086212158,158.02492147207326,170.00129040265213,348.91938700433366,-9.113449909728814,14.27244897513458,13.83032775191694,-353.8868865966797,5.4465789794921875,2.652100086212158
144,5.1325531005859375,-4.5784912109375,2.8741419315338135,11.191262775305617,1.0452769994735718,159.40980544177586,172.83111226214652,352.6478531574785,-5.670674064201165,11.433233411354223,10.949292139257011,-354.9107208251953,4.4088287353515625,1.0452769994735718
145,5.0652008056640625,-3.91363525390625,2.8351805210113525,8.736564242497607,-0.33554479479789734,160.22041680620885,174.90506980660513,355.93159853573434,-2.733883031648446,8.903731235857805,8.56939724913741,-355.91380310058594,3.5655364990234375,-0.33554479479789734
146,4.9001617431640625,-3.5214385986328125,2.765610456466675,6.766663460861423,-1.473138451576233,160.60013089876688,175.94275935940314,358.6974270557939,-0.3362643504560481,6.844297577551458,6.689029344171388,-356.8410339355469,2.8265380859375,-1.473138451576233
147,4.6348419189453125,-3.331329345703125,2.5583651065826416,5.268632890945227,-2.2942655086517334,160.72145768848978,175.94908736941267,361.001601598221,1.472854039627265,5.221121186928002,5.316144594962452,-357.74253845214844,2.2214508056640625,-2.2942655086517334
148,4.37603759765625,-3.28948974609375,2.3101563453674316,4.3827327075403275,-2.934337615966797,160.6646373824917,175.43283980496983,2.961482665497016,2.8723560785829534,4.379179904602154,4.386285510478501,-358.6674041748047,1.7003021240234375,-2.934337615966797
149,4.2318572998046875,-3.396575927734375,2.0341014862060547,4.2890908951527535,-3.2778799533843994,160.48659287144352,174.93701090665755,4.426576516586493,3.6769122099458684,4.5819755786413054,3.9962062116642016,0.5222625732421875,1.3397369384765625,-3.2778799533843994
150,4.0611419677734375,-3.59979248046875,1.7978711128234863,4.622835231923943,-3.389798879623413,160.29119112766426,174.50024851203852,5.49468745942707,4.07702388520832,5.322259799505247,3.92341066434264,-0.2105712890625,1.065582275390625,-3.389798879623413
151,3.926971435546875,-3.842254638671875,1.6284383535385132,5.175535488782458,-3.2882609367370605,160.16177600624383,174.19099930090727,6.202902934509467,-355.9004448438109,6.320464912504008,4.030606065060908,-0.9177093505859375,0.8366851806640625,-3.2882609367370605
152,3.748626708984375,-4.0258941650390625,1.574546217918396,5.662460287791589,-3.067289352416992,160.16179613260232,174.0795029374001,6.546720168548774,-356.1313956761778,7.162043050045838,4.16287752553734,-1.5058135986328125,0.664337158203125,-3.067289352416992
153,3.6786651611328125,-4.24127197265625,1.5365318059921265,6.124952329580665,-2.8618686199188232,160.18561935510226,173.9784865434133,6.711462399917792,3.5522827124177923,7.89620282812902,4.353701831032311,-2.0216827392578125,0.47723388671875,-2.8618686199188232
154,3.701324462890625,-4.468017578125,1.555908203125,6.523428994431228,-2.726680278778076,160.22747218851242,173.8147702153107,6.836222789245795,3.321452281433295,8.493915915791803,4.552942073070653,-2.42120361328125,0.2731781005859375,-2.726680278778076
155,3.8233489990234375,-4.5885467529296875,1.54505455493927,6.726036971496725,-2.6039621829986572,160.29683241914114,173.7144991480969,6.773288629013251,3.1334265684663762,8.79542290213351,4.656651040859941,-2.6377716064453125,0.1258392333984375,-2.6039621829986572
156,4.1003265380859375,-4.642730712890625,1.4520142078399658,6.816815678657534,-2.5318713188171387,160.3075622425197,173.62443261458753,6.65650477166767,3.03235926385517,8.938856088600232,4.694775268714835,-2.70489501953125,-0.001556396484375,-2.5318713188171387
157,4.29766845703125,-4.6118927001953125,1.2961740493774414,6.79460034145788,-2.5251071453094482,160.3232263122892,173.55493646600053,6.547232053238105,3.0679382299959173,8.944722554724422,4.644478128191338,-2.70916748046875,-0.112335205078125,-2.5251071453094482
158,4.471221923828125,-4.578369140625,1.0572891235351562,6.706578058110637,-2.5391030311584473,160.3596598966663,173.5036925540029,6.382745883423041,3.1261693453371038,8.8130050307484,4.6001510854728735,-2.6370849609375,-0.1735382080078125,-2.5391030311584473
159,4.5682373046875,-4.49676513671875,0.7956308126449585,6.573786138561161,-2.5923197269439697,160.43817862704802,173.45875109810189,6.276569268661689,3.2713660215913762,8.640724479583383,4.5068477975389385,-2.53558349609375,-0.2331085205078125,-2.5923197269439697
160,4.61865234375,-4.4332122802734375,0.4590145945549011,6.443573847181014,-2.6748569011688232,160.48026520478436,173.35394313567755,6.224539182144355,-356.53392944578536,8.45122024282108,4.435927451540948,-2.4125213623046875,-0.273193359375,-2.6748569011688232
161,4.5174560546875,-4.3722991943359375,0.1726645827293396,6.283958825422715,-2.7718183994293213,160.5183120314219,173.2939578493227,6.22724714036579,-356.33394060377486,8.195272539971484,4.372645110873947,-2.266265869140625,-0.2812347412109375,-2.7718183994293213
162,4.377471923828125,-4.326568603515625,-0.10717514902353287,6.147454441467119,-2.8980040550231934,160.59232874402753,173.20251525975726,6.316170833069037,-356.073233463806,7.967649437987006,4.327259444947231,-2.1222991943359375,-0.2801055908203125,-2.8980040550231934
163,4.1468658447265625,-4.2516632080078125,-0.30293136835098267,6.003842937627951,-3.040252685546875,160.69625552577332,173.1249934296705,6.4875790094911565,-355.7827609563292,7.751296213555321,4.256389661700581,-1.9837188720703125,-0.2604827880859375,-3.040252685546875
164,3.77996826171875,-4.1859588623046875,-0.4170841574668884,5.872977844308764,-3.200085163116455,160.78737289974487,173.01739056693,6.741924426513862,-355.46046815161117,7.545144203949889,4.200811484667639,-1.8697052001953125,-0.2586669921875,-3.200085163116455
165,3.378662109375,-4.1082611083984375,-0.40151965618133545,5.739645837315408,-3.3631591796875,160.88549811782786,172.89728544894913,7.0067135309755315,-355.1160434270323,7.337165600652298,4.142126073978517,-1.75,-0.261322021484375,-3.3631591796875
166,2.883636474609375,-4.0115814208984375,-0.21957629919052124,5.580243110154711,-3.497767210006714,160.99848561718426,172.80093628599948,7.22979202027912,-354.8154502892912,7.090330327856805,4.070155892452618,-1.624847412109375,-0.2623138427734375,-3.497767210006714
167,2.283843994140625,-3.8842620849609375,0.11694041639566422,5.388913123869841,-3.584027051925659,161.18100737542372,172.78626252673672,7.370296857315253,-354.5877872491301,6.806394616595782,3.9714316311439006,-1.5035858154296875,-0.2662506103515625,-3.584027051925659
168,1.5567626953125,-3.7524566650390625,0.5789299607276917,5.113041203661794,-3.5201659202575684,161.5190833634358,172.9310054872238,7.2263423418581,-354.62520489935287,6.384479873183352,3.841602534140236,-1.36187744140625,-0.234588623046875,-3.5201659202575684
169,0.9413909912109375,-3.674072265625,1.1302374601364136,4.725253032964957,-3.2438457012176514,161.9802327456164,173.30244423435832,6.63006057496662,-355.0175682092131,5.725670137951425,3.7248359279784893,-1.1359405517578125,-0.1318511962890625,-3.2438457012176514
170,0.30206298828125,-3.5643463134765625,1.67018723487854,4.291623885949647,-2.8472108840942383,162.57049047966785,173.78290176832857,5.765072486358832,-355.59826979879745,4.995124256833321,3.5881235150659734,-0.9406890869140625,-0.1059417724609375,-2.8472108840942383
171,-0.371826171875,-3.5011138916015625,2.0787343978881836,3.800925236147563,-2.2158615589141846,163.29812373285824,174.46434065308944,4.467051408249091,-356.55260191206344,4.0998310240971705,3.502019448197956,-0.7023162841796875,-0.086578369140625,-2.2158615589141846
172,-0.9272308349609375,-3.484375,2.3597543239593506,3.2176335631659185,-1.2609292268753052,164.03610510847568,175.2498889164145,2.529407284218024,1.9744756435930242,2.9234215633244958,3.5118455630073413,-0.3720855712890625,-0.05859375,-1.2609292268753052
173,-1.352325439453125,-3.5767974853515625,2.4392855167388916,2.7661413554406806,-3.362119684879872e-07,164.5387009426151,175.6802150845107,0.0,0.0,1.7654705973714613,3.7668121135099,0.0,0.0,-3.362119684879872e-07
174,-1.687652587890625,-3.753936767578125,2.3922882080078125,3.1290241648680137,1.554116129875183,164.4441602259502,175.11504629295854,356.89516331906907,-2.514275767844964,1.8908264366629908,4.367221893073037,0.441436767578125,0.1303253173828125,1.554116129875183
175,-1.9931488037109375,-4.1809539794921875,2.292057514190674,4.804722639718918,3.461357355117798,163.49125098347423,173.16284170682368,353.0235818838655,-5.772408106368829,3.9564628430203754,5.65298243641746,-358.9540710449219,0.411712646484375,3.461357355117798
176,-2.228179931640625,-4.8990936279296875,2.119436502456665,7.021136219923591,5.54071569442749,161.5398229052839,170.2464941088459,348.7368871187746,-9.447866299194146,6.594425244519925,7.447847195327256,-358.36859130859375,0.691680908203125,5.54071569442749
177,-2.314056396484375,-5.8530120849609375,1.9631110429763794,9.89828756888744,7.867221355438232,158.42418009324535,166.5612687251138,343.83163084741227,-13.773135998290826,9.806622155767087,9.989952982007793,-357.62013244628906,1.27703857421875,7.867221355438232
178,-2.410064697265625,-7.1761322021484375,1.6895220279693604,13.125050278784627,10.273592948913574,154.5342883944344,162.45219055658168,338.6395079111635,-18.391452171844293,13.266931748730997,12.983168808838258,-356.8869171142578,1.907623291015625,10.273592948913574
179,-2.65936279296875,-8.907699584960938,1.3751801252365112,16.853647343342175,12.680378913879395,150.09769812953937,158.12997586440835,333.2615152811586,-23.2078298116148,17.088670723983483,16.618623962700866,-356.0223388671875,2.8573150634765625,12.680378913879395
180,-3.12103271484375,-10.873153686523438,0.9781002402305603,20.791974572723703,15.082817077636719,145.27055499325988,153.72638458315325,327.78235592599503,-28.095253326934625,21.098965683713118,20.484983461734288,-355.11143493652344,3.881378173828125,15.082817077636719
181,-3.829620361328125,-13.071533203125,0.5304169058799744,25.268230945375862,17.57469940185547,139.99247699333307,149.04450824106266,321.9328075861513,-33.33844790701275,25.638843849434124,24.8976180413176,-353.98069763183594,5.177337646484375,17.57469940185547
182,-4.8453369140625,-15.8177490234375,0.05423206463456154,30.017002471164588,19.823688507080078,134.63508389114827,144.58189278595032,316.2726856684267,-38.28599963430767,30.383570416740525,29.65043452558865,-352.73472595214844,6.6392974853515625,19.823688507080078
183,-5.81304931640625,-18.752899169921875,-0.30817747116088867,34.871257635556134,22.0290584564209,129.2789447589667,140.15848574590234,310.74363102670304,-43.26358638052349,35.07056344716699,34.67195182394528,-351.4430389404297,8.28253173828125,22.0290584564209
184,-7.28924560546875,-21.9962158203125,-0.6030617952346802,40.1394025045376,24.180038452148438,123.6990525692466,135.65276718482565,305.0807339167177,-48.392929413360406,40.17368062042149,40.10512438865371,-349.9781494140625,10.107650756835938,24.180038452148438
185,-9.1190185546875,-25.25335693359375,-0.7783384323120117,45.31551795901676,26.15113067626953,118.39604944201511,131.42223957280638,299.7732464289247,-53.32039675955181,45.12737735411005,45.503658563923466,-348.52647399902344,11.977066040039062,26.15113067626953
186,-11.1929931640625,-28.9466552734375,-0.8785455226898193,50.784295786251874,27.85753631591797,113.248303437302,127.283926905335,294.69705929513566,-58.219642975372125,50.25547773943478,51.31311383306897,-346.9483184814453,14.005142211914062,27.85753631591797
187,-13.1807861328125,-32.9102783203125,-0.8534374237060547,56.258546681376444,29.28073501586914,108.48488733855778,123.34171394481392,290.01491894479386,-62.98723254446392,55.24003153859546,57.27706182415743,-345.3673553466797,16.088409423828125,29.28073501586914
188,-15.79638671875,-36.875396728515625,-0.7468502521514893,61.57396868464269,30.48442268371582,103.99122341816427,119.67893051370734,285.62147297616593,-67.5329612279356,60.21552825740437,62.932409111881014,-343.7947540283203,17.950332641601562,30.48442268371582
189,-18.66461181640625,-40.807891845703125,-0.5546762943267822,66.63269153915539,31.54442024230957,99.81332130750874,116.21386829272281,281.51576008554093,-71.96396098379498,65.02366112429561,68.24172195401515,-342.2572479248047,19.550186157226562,31.54442024230957
190,-21.704742431640625,-45.17413330078125,-0.33428457379341125,71.54765092375696,32.2576904296875,96.06380449460679,113.23340880913494,277.85838284249894,-75.96485934500103,69.76702966162985,73.32827218588407,-340.67210388183594,20.932998657226562,32.2576904296875
191,-24.42962646484375,-49.82794189453125,-0.0305743757635355,76.2603176232623,32.64082336425781,92.73814161488916,110.61964654129908,274.65162625070207,-79.65536532644634,74.32316750526664,78.19746774125795,-339.0642395019531,22.110336303710938,32.64082336425781
192,-27.79986572265625,-54.61822509765625,0.13776405155658722,80.68241344925504,32.8200569152832,89.82764792049478,108.49851538551725,271.84463085885636,-82.93489489797955,78.77145693023543,82.59336996827464,-337.4315490722656,22.985992431640625,32.8200569152832
193,-31.40509033203125,-59.248291015625,0.47924572229385376,84.84008556468322,32.83504104614258,87.18662244427713,106.66705065660457,269.2840992426454,-85.96171221975689,83.0800679753227,86.60010315404375,-335.85107421875,23.699600219726562,32.83504104614258
194,-35.261932373046875,-63.95538330078125,0.8110342025756836,88.88415511002597,32.72856521606445,84.69526579326543,104.99120537323346,266.7991520380556,-88.76676593069439,87.376694966449,90.39161525360296,-334.3031768798828,24.312744140625,32.72856521606445
195,-39.262451171875,-68.41940307617188,1.111398458480835,92.55663692349549,32.67045974731445,82.49944497899838,103.45087100479009,264.5615345453798,-91.51865802053814,91.24326744459249,93.87000640239849,-332.8999481201172,24.85797119140625,32.67045974731445
196,-43.055908203125,-72.41336059570312,1.5272597074508667,95.7211731951187,32.487205505371094,80.69666731641374,102.30269996203005,262.8087841486513,-93.75897250418072,94.53854196427764,96.90380442595973,-331.68896484375,25.3907470703125,32.487205505371094
197,-46.61895751953125,-76.19998168945312,1.9685938358306885,98.65195395661021,32.476097106933594,78.91254364873848,101.06368770204328,260.9895702814638,-96.07346377615337,97.51591634194261,99.7879915712778,-330.6438903808594,25.946395874023438,32.476097106933594
198,-50.5494384765625,-79.40283203125,2.391216993331909,101.17799718343983,32.544124603271484,77.25142346107278,99.95326469783868,259.27109112496964,-98.14077410940533,100.18500264022195,102.17099172665772,-329.7829284667969,26.366943359375,32.544124603271484
199,-53.76519775390625,-81.95294189453125,2.798124074935913,103.22135702352884,32.68242263793945,75.82366270306001,98.97751702997628,257.80641522164933,-99.95061145071392,102.2732522976876,104.16946174937009,-329.1263885498047,26.827667236328125,32.68242263793945
200,-56.5653076171875,-83.8668212890625,3.1810131072998047,104.78297965329575,32.85237503051758,74.63820826941118,98.25668094198026,256.5779148554384,-101.31576953176861,103.89275540219778,105.67320390439373,-328.66546630859375,27.218704223632812,32.85237503051758
201,-58.80731201171875,-85.27590942382812,3.656708002090454,105.90512388936342,33.07490158081055,73.75537952900045,97.74465548025701,255.67867626901264,-102.31556353811627,104.99567419168504,106.8145735870418,-328.35748291015625,27.610885620117188,33.07490158081055
202,-60.29779052734375,-86.11285400390625,4.122360706329346,106.58672097249723,33.41374588012695,73.02175139487888,97.23673539312092,254.87516369577045,-103.14914355520611,105.6025408103138,107.57090113468068,-328.2953186035156,27.9161376953125,33.41374588012695
203,-60.830902099609375,-86.02468872070312,4.373933792114258,106.8127511458857,33.4618034362793,72.84606970122066,97.19025433302009,254.74344219918842,-103.1494334721983,105.82992892348297,107.79557336828843,-328.18995666503906,28.277145385742188,33.4618034362793
204,-60.261138916015625,-85.4500732421875,4.501380920410156,106.5640163448018,33.517242431640625,73.00807681634117,97.27426900062451,254.8962551569521,-102.90175662283306,105.5025660085804,107.6254666810232,-328.2871856689453,28.50360107421875,33.517242431640625
205,-59.25909423828125,-84.2030029296875,4.621919631958008,106.00307431630031,33.58264923095703,73.30164728412964,97.47373988668923,255.1203762507021,-102.36934695486431,104.91497581477093,107.0911728178297,-328.5354919433594,28.742431640625,33.58264923095703
206,-57.251800537109375,-82.13626098632812,4.125094890594482,104.94630315532049,33.24129867553711,74.43616098579457,98.21491302686465,256.25268139596574,-100.8568309331358,103.89663667636627,105.99596963427472,-328.6892852783203,28.977294921875,33.24129867553711
207,-54.49163818359375,-79.2672119140625,3.4350435733795166,103.45684536492033,32.829185485839844,75.96713350065949,99.12363250949464,257.6799236750185,-98.94626651052837,102.48401666665777,104.42967406318287,-328.96575927734375,29.17901611328125,32.829185485839844
208,-50.75762939453125,-75.62564086914062,2.5982162952423096,101.54162280961239,32.23515319824219,77.99627499569824,100.39347438866214,259.6102825617372,-96.49462161306744,100.62387761697492,102.45936800224985,-329.2937774658203,29.445098876953125,32.23515319824219
209,-46.3165283203125,-71.5457763671875,1.6576974391937256,99.26917487397282,31.469371795654297,80.42901691199116,102.08865543083714,261.93918194528214,-93.49747119192486,98.48098150573747,100.05736824220816,-329.6071472167969,29.604141235351562,31.469371795654297
210,-41.502838134765625,-67.01565551757812,0.5819240808486938,96.54351137152588,30.416170120239258,83.47643886971078,104.38041836040475,264.89777149911515,-89.7802756810606,95.95194080078822,97.13508194226353,-329.95167541503906,29.638442993164062,30.416170120239258
211,-36.218780517578125,-62.25775146484375,-0.7721390724182129,93.46456965510035,28.971662521362305,87.20568484400582,107.24021986013281,268.57532658334367,-85.42594752554302,93.04887441533758,93.88026489486313,-330.2930908203125,29.636062622070312,28.971662521362305
212,-30.945404052734375,-57.38958740234375,-2.071749687194824,90.18166816499962,27.538694381713867,91.09257428817288,110.18978601852193,272.3194519495546,-81.07409510855084,89.91433062620675,90.44900570379251,-330.7659606933594,29.556137084960938,27.538694381713867
213,-25.98931884765625,-52.16937255859375,-3.2617459297180176,86.44865668934689,25.673952102661133,95.66516725226373,113.83633507048894,276.8761726831972,-75.89964518789654,86.41193783482187,86.48537554387191,-331.2657928466797,29.387680053710938,25.673952102661133
214,-21.26031494140625,-47.29815673828125,-4.322447776794434,82.6078229407207,23.819917678833008,100.34816810058994,117.58729282420606,281.4837013697206,-70.8156760716856,82.73154069407569,82.48410518736569,-331.8837890625,29.089736938476562,23.819917678833008
215,-16.9127197265625,-42.5250244140625,-5.329144477844238,78.31810547680966,21.788734436035156,105.54534158974391,121.71510005332088,286.6428905939638,-65.39618716482525,78.53631335840753,78.0998975952118,-332.6831512451172,28.560272216796875,21.788734436035156
216,-13.259521484375,-37.9869384765625,-6.195641040802002,73.9411456133489,19.850996017456055,110.63859616640646,125.77488641231771,291.7104202723085,-60.21212611441021,74.2331379136037,73.64915331309409,-333.6397399902344,27.867034912109375,19.850996017456055
217,-10.0675048828125,-33.65557861328125,-6.858680725097656,69.26442409962942,17.82065773010254,115.96292736394075,130.0224342512789,297.07216419931046,-54.903955795806695,69.61099432303324,68.91785387622562,-334.75347900390625,26.921371459960938,17.82065773010254
218,-7.48028564453125,-29.6282958984375,-7.272260665893555,64.51012158187426,15.9236421585083,121.14555699517672,134.1258364088338,302.3027216410219,-49.906583168548394,64.891843881667,64.12839928208152,-336.0056915283203,25.737136840820312,15.9236421585083
219,-5.274261474609375,-25.915878295898438,-7.436527729034424,59.65384065312232,14.116227149963379,126.16001373278739,138.11817432036,307.43543877359025,-45.12509284262066,60.10781352241901,59.19986778382564,-337.3573760986328,24.270751953125,14.116227149963379
220,-3.592987060546875,-22.386932373046875,-7.409094333648682,54.768565135890334,12.400208473205566,130.9804590557415,142.0386316579318,312.45931877847306,-40.53434882406597,55.31309006433099,54.224040207449676,-338.77162170410156,22.670303344726562,12.400208473205566
221,-2.1469268798828125,-19.34564208984375,-7.23426628112793,49.82283400616326,10.794648170471191,135.6304100227711,145.84273348451921,317.3650194620668,-36.12208686117535,50.49204494034993,49.1536230719766,-340.23814392089844,20.794052124023438,10.794648170471191
222,-0.8213348388671875,-16.746551513671875,-7.013002395629883,44.94223111643457,9.33532428741455,139.94510034224328,149.512366082154,322.04497017617814,-31.92530570272808,45.754358768449464,44.130103464419676,-341.71861267089844,18.796966552734375,9.33532428741455
223,0.575775146484375,-14.265899658203125,-6.560271263122559,39.8416551083742,7.9029083251953125,144.08188184013284,153.28958335685581,326.76287808175675,-27.638885834258843,40.896259588594205,38.78705062815419,-343.2793273925781,16.564590454101562,7.9029083251953125
224,1.817138671875,-12.137283325195312,-5.988025665283203,35.003469309411855,6.638358116149902,147.67349719591928,156.80075317766222,331.11483063455216,-23.69811187033062,36.291910888413156,33.715027730410554,-344.82354736328125,14.374908447265625,6.638358116149902
225,2.7008819580078125,-10.162872314453125,-5.3146233558654785,30.204144547266495,5.476350784301758,150.920916415212,160.2464095177715,335.3044258570253,-19.87571940664654,31.72987519398106,28.67841390055193,-346.4153289794922,12.180099487304688,5.476350784301758
226,3.4777984619140625,-8.456024169921875,-4.574886322021484,25.62171451930935,4.423733234405518,153.7230673415732,163.5160745607307,339.2791930651247,-16.291272022765924,27.30901759287633,23.93441144574237,-348.01190185546875,10.100250244140625,4.423733234405518
227,3.876922607421875,-7.0041656494140625,-3.7753543853759766,21.35927053461711,3.4976112842559814,156.09051798850257,166.45671934770553,342.97087898011796,-13.077048876327325,23.038136712569525,19.680404356664695,-349.6225280761719,8.233749389648438,3.4976112842559814
228,4.2824859619140625,-5.7700042724609375,-2.9054417610168457,17.387655751128122,2.650806427001953,157.9868231412482,169.1442743615317,346.46645703073136,-10.119510986846734,18.94087961265518,15.834431889601063,-351.2361297607422,6.564849853515625,2.650806427001953
229,4.430450439453125,-4.9085693359375,-1.9754726886749268,13.877075679452574,1.9409964084625244,159.4543948923624,171.3679859334458,349.5814641928255,-7.625475504440118,15.123014633914693,12.631136724990455,-352.8301086425781,5.1312103271484375,1.9409964084625244
230,4.4753875732421875,-4.28936767578125,-1.0390679836273193,10.866909350211941,1.3346174955368042,160.53519457057388,173.10471016715096,352.3335035061418,-5.533592441123773,11.69874708025975,10.035071620164132,-354.3458251953125,3.962982177734375,1.3346174955368042
231,4.2834625244140625,-3.946380615234375,-0.19244353473186493,8.301084954284818,0.8313053846359253,161.32885124258647,174.3429279901015,354.73893048520677,-3.782965877097894,8.636245277732428,7.965924630837208,-355.7654724121094,2.984375,0.8313053846359253
232,3.8202362060546875,-3.771209716796875,0.5771587491035461,6.086853880194425,0.4635244309902191,161.9415013597732,175.06993618269095,356.82665162439935,-2.3588189566553126,5.841001310750499,6.332706449638351,-357.13771057128906,2.14599609375,0.4635244309902191
233,3.4588470458984375,-3.76507568359375,1.1727488040924072,4.524835591897997,0.19016651809215546,162.26517326666172,175.2936810583518,358.590381241399,-1.238750838679124,3.843131413992353,5.206539769803641,-358.40025329589844,1.45013427734375,0.19016651809215546
234,3.2029266357421875,-3.8602447509765625,1.6787278652191162,3.8870287162750685,-0.014161682687699795,162.33107966184468,175.19763582457273,0.0803234558507313,-0.2930133361414562,3.2827083708992006,4.491349061650936,0.4835968017578125,0.845458984375,-0.014161682687699795
235,3.05828857421875,-3.8784027099609375,2.0945053100585938,4.097364658392394,-0.16686077415943146,162.30357855471624,174.96759674019717,1.3374689584552755,0.5024164682209005,4.142173354030518,4.052555962754269,-0.4923858642578125,0.3267974853515625,-0.16686077415943146
236,3.06475830078125,-3.8880767822265625,2.430821180343628,4.594448205703657,-0.27432742714881897,162.1834569678471,174.6964763640337,2.2391098057806005,-358.8522903407038,5.2915762803772,3.8973201310301135,-1.22247314453125,-0.07598876953125,-0.27432742714881897
237,3.1561737060546875,-3.916748046875,2.6369056701660156,5.096346908396413,-0.3143499493598938,162.10961524303556,174.46359725386256,2.833529910999488,-358.39095739368804,6.251753386794348,3.940940429998477,-1.7537841796875,-0.3870086669921875,-0.3143499493598938
238,3.348724365234375,-3.9673309326171875,2.7882511615753174,5.530539671953932,-0.33066657185554504,162.05124327381614,174.27799376881765,3.2081686770498266,-358.04279262666114,6.972489002915609,4.088590340992255,-2.116424560546875,359.3712921142578,-0.33066657185554504
239,3.6856842041015625,-4.084625244140625,2.8898277282714844,5.883311509786623,-0.29461681842803955,162.0058847139899,174.180346626633,3.3291471218645086,-357.84796164278396,7.454325564566744,4.312297455006501,-2.3240814208984375,359.19273376464844,-0.29461681842803955
240,4.019683837890625,-4.19329833984375,2.954237461090088,6.153380406551307,-0.24599747359752655,162.04442910294387,174.15386662695576,3.3324992125808706,-357.6976368958176,7.765665164067059,4.5410956490355545,-2.4373779296875,359.0180969238281,-0.24599747359752655
241,4.3954925537109375,-4.32110595703125,2.9579012393951416,6.3693589010838,-0.13736259937286377,162.14123666455515,174.23067975279645,3.1739528393327703,-357.67948649172195,7.962819042554997,4.775898759612602,-2.4826507568359375,358.8442687988281,-0.13736259937286377
242,4.779998779296875,-4.4096221923828125,3.0005855560302734,6.525573753951164,-0.04806498438119888,162.24898010604576,174.3739506873102,2.9852289548098554,-357.6891484865964,8.097060687581006,4.954086820321322,-2.4777984619140625,358.69349670410156,-0.04806498438119888
243,7.52667236328125,-4.4864349365234375,3.3049936294555664,7.058303448834224,-0.6068244576454163,157.2971701251057,172.1616807491563,3.4269229983865728,-357.353976049465,9.470273400449969,4.646333497218478,-1.82928466796875,-0.4547576904296875,-0.6068244576454163
244,7.4698638916015625,-4.5467681884765625,3.2736856937408447,7.059609139912084,-0.6842997670173645,157.1337904406858,172.02119755156335,3.594303092914771,-357.2846184158743,9.44254476857327,4.676673511250897,-1.769287109375,-0.3464813232421875,-0.6842997670173645
245,7.30474853515625,-4.6283416748046875,3.1906027793884277,7.04792586838667,-0.704105794429779,156.98530544682868,171.9128377911249,3.7283974504053106,-357.2844657087744,9.357715327810183,4.7381364089631575,-1.7291717529296875,-0.2831878662109375,-0.704105794429779
246,7.224029541015625,-4.6886444091796875,3.168177843093872,7.074798442808799,-0.7691347599029541,156.9511319504751,171.82634159237278,3.8948973631441106,-357.1650086427153,9.342054864384409,4.807542021233189,-1.7039031982421875,-0.2808685302734375,-0.7691347599029541
247,7.1657562255859375,-4.677337646484375,3.1911797523498535,7.0937624875276555,-0.8654212355613708,156.990223743212,171.82218708587757,4.09367712493534,-356.97323266510375,9.351664431823053,4.835860543232258,-1.688140869140625,-0.357513427734375,-0.8654212355613708
248,7.03826904296875,-4.6332550048828125,3.098914384841919,7.062535350398051,-0.8933947086334229,157.02012181759224,171.84122376929253,4.201820275741767,-356.8969651246489,9.298658306411568,4.826412394384533,-1.6767120361328125,-0.4373626708984375,-0.8933947086334229
249,6.85382080078125,-4.56939697265625,2.9628565311431885,6.9782587174616,-0.8649691939353943,157.06899079663395,171.95909307621207,4.207666001278113,-356.9658722067297,9.174510906503286,4.782006528419913,-1.6644744873046875,359.46385192871094,-0.8649691939353943
250,6.74371337890625,-4.4827728271484375,2.7695631980895996,6.894430870461861,-0.7798926830291748,157.18082908296586,172.18183976530733,4.092804334121894,-357.0995174432219,9.057552005386839,4.7313097355368825,-1.641357421875,359.31080627441406,-0.7798926830291748
251,6.7170562744140625,-4.4624176025390625,2.5009777545928955,6.8300814493653235,-0.6026210784912109,157.22375146668514,172.38753253347926,3.80634083505268,-357.4087623143614,8.936767847881754,4.723395050848893,-1.59747314453125,359.14659118652344,-0.6026210784912109
252,6.7587890625,-4.437042236328125,2.155296564102173,6.730646720813823,-0.307893842458725,157.2357163866378,172.6240010735543,3.278276196676444,-357.9309370601595,8.770776052384633,4.690517389243013,-1.5235595703125,358.9524688720703,-0.307893842458725
253,6.9526519775390625,-4.5723419189453125,1.7440989017486572,6.6665062173187835,0.13077287375926971,157.25641316445552,172.84916891245243,2.425409651356887,-358.71089711133845,8.58116958376175,4.751842850875818,-1.37335205078125,358.85325622558594,0.13077287375926971
254,7.3311614990234375,-4.74786376953125,1.2155143022537231,6.626180931672067,0.7248441576957703,157.14938651924328,172.95485540600885,1.1999144172250737,-359.78491834644683,8.435497444836642,4.8168644185074925,-1.140869140625,358.878173828125,0.7248441576957703
255,7.89520263671875,-5.00738525390625,0.5738729238510132,6.702171232009519,1.5321505069732666,156.90530211446986,172.84870254124797,-0.5325628304899226,-1.2916265511930476,8.395431053825291,5.008911410193747,-0.736236572265625,358.8904266357422,1.5321505069732666
256,8.445175170898438,-5.3157806396484375,-0.11403584480285645,6.94230993530077,2.48854923248291,156.56910918170732,172.37007377719402,-2.642068245452691,-3.0531552815855036,8.538078944891282,5.346540925710258,-0.2763214111328125,358.84031677246094,2.48854923248291
257,9.038436889648438,-5.7104644775390625,-0.8403930068016052,7.498844621857884,3.5584864616394043,155.9833851405839,171.41878464079565,354.88058485742204,-5.09399399999981,9.065119819708002,5.932569424007767,0.3123779296875,358.9551239013672,3.5584864616394043
258,9.550338745117188,-6.1927337646484375,-1.5578038692474365,8.443055022618097,4.733914852142334,155.1518619166149,170.0188309409911,352.0094777559816,-7.4043863797605525,10.045825610535388,6.840284434700806,-358.9398956298828,359.18199157714844,4.733914852142334
259,10.069229125976562,-6.8660736083984375,-2.292863607406616,9.99390363372801,6.037830352783203,153.90081033557135,168.09550265981133,348.69106640573136,-10.09720263723736,11.705263357758156,8.282543909697864,-358.06178283691406,-0.3943939208984375,6.037830352783203
260,10.38824462890625,-7.8896636962890625,-3.0256409645080566,12.035179264551843,7.466705322265625,152.35437786709116,165.71720689061507,345.021972320038,-13.108688690704156,13.828684736152553,10.241673792951133,-357.098876953125,0.023681640625,7.466705322265625
261,10.77752685546875,-9.024551391601562,-3.7695086002349854,14.636584237561522,9.004256248474121,150.25008918309862,162.89719116453767,340.97288574929826,-16.491057732147027,16.585838655063583,12.68732982005946,-356.0810546875,0.69451904296875,9.004256248474121
262,11.01531982421875,-10.280288696289062,-4.444563388824463,17.506480986779223,10.620726585388184,147.7656938422589,159.79083215133042,336.7383734201967,-20.121428825897027,19.568735580625372,15.444226392933075,-355.0838317871094,1.436614990234375,10.620726585388184
263,11.2314453125,-11.760650634765625,-5.075448036193848,20.797853224405884,12.392708778381348,144.71156953102377,156.22592635687593,332.14144005532853,-24.19106421713238,22.859625972000543,18.736080476811225,-354.12510681152344,2.3794097900390625,12.392708778381348
264,11.39459228515625,-13.41552734375,-5.63952112197876,24.406967388331154,14.316473007202148,141.14228959131754,152.31293970533883,327.232873580414,-28.635794022125054,26.363752381838736,22.45018239482357,-353.2030944824219,3.4893798828125,14.316473007202148
265,11.5458984375,-15.13641357421875,-6.083184719085693,28.2196428583472,16.40985679626465,137.0675785418381,148.0641415739046,322.05539860482804,-33.44489131216412,30.004393301072838,26.43489241562156,-352.33009338378906,4.695770263671875,16.40985679626465
266,11.664886474609375,-16.774383544921875,-6.43700647354126,32.14874606083872,18.738052368164062,132.43208564835726,143.52783073483357,316.5255581354677,-38.610214569610406,33.78630719534138,30.511184926336057,-351.4855041503906,5.947357177734375,18.738052368164062
267,11.596832275390625,-18.59771728515625,-6.637425422668457,36.08073786923042,21.18680763244629,127.47182294238651,138.92245386438455,310.8661400293886,-43.876734116119195,37.533654156969334,34.6278215814915,-350.6912841796875,7.169403076171875,21.18680763244629
268,11.2989501953125,-20.551223754882812,-6.61702823638916,40.06303253603643,23.651508331298828,122.35925883579368,134.3197244019996,305.199031493622,-49.14928088430767,41.34149503345466,38.7845700386182,-349.82798767089844,8.397613525390625,23.651508331298828
269,10.9459228515625,-22.65631103515625,-6.407977104187012,43.72254938632024,25.893089294433594,117.61612800939069,130.12520633932024,300.1047893976747,-53.955910065215875,44.762777962024956,42.68232081061552,-349.0596618652344,9.512527465820312,25.893089294433594
270,10.549530029296875,-24.780044555664062,-5.933461666107178,47.294938780106094,28.108245849609375,112.91688007720694,126.04702171070008,295.13291897531144,-58.70028720144634,48.114612095578195,46.47526546463399,-348.29913330078125,10.56915283203125,28.108245849609375
271,9.879852294921875,-26.8013916015625,-5.277697563171387,50.696836669071345,30.288192749023438,108.36428062454935,122.14187678696567,290.3551479792177,-63.35348544363384,51.28213572458097,50.11153761356172,-347.56459045410156,11.582107543945312,30.288192749023438
272,9.30133056640625,-29.1102294921875,-4.424534797668457,54.15983354988782,32.19019317626953,104.11152362397698,118.51046715603343,285.9473644709169,-67.78147158865337,54.433597049594795,53.88607005018085,-346.7965393066406,12.644119262695312,32.19019317626953
273,8.58978271484375,-31.635498046875,-3.3292839527130127,57.75212184275802,33.966270446777344,99.97339201446947,114.95979350247583,281.6364208674013,-72.20938906912212,57.7717705546424,57.73247313087364,-345.8804473876953,13.651870727539062,33.966270446777344
274,7.3675537109375,-34.131805419921875,-2.25714111328125,61.3046248812339,35.391658782958984,96.10673636983896,111.95847419048592,277.6707188105165,-76.06956134085064,61.25562256479145,61.353627197676346,-344.80848693847656,14.65771484375,35.391658782958984
275,5.931365966796875,-36.57861328125,-1.1751571893692017,64.53667696201555,36.57341766357422,92.7487121351854,109.45699907856283,274.25843014474503,-79.45619998220806,64.3936585358066,64.6796953882245,-343.796142578125,15.607452392578125,36.57341766357422
276,4.5228271484375,-39.5406494140625,-0.3744266629219055,68.01757960423029,37.40242004394531,89.63889980880636,107.17967264343201,271.14503445382707,-82.67146334890728,67.73128810261383,68.30387110584677,-342.6676483154297,16.636215209960938,37.40242004394531
277,3.72344970703125,-42.807861328125,0.28016507625579834,71.5331947993216,37.84923553466797,86.88070422685773,105.28141398762074,268.40531124826066,-85.52288089041119,71.18366301177566,71.88272658686755,-341.47239685058594,17.6041259765625,37.84923553466797
278,1.3473052978515625,-46.0836181640625,1.0113470554351807,75.080957891374,38.23728942871094,84.223645695381,103.48013515869216,265.7386166071474,-88.33264193777447,74.7161432132554,75.44577256949258,-340.1615295410156,18.598800659179688,38.23728942871094
279,-1.755462646484375,-49.39251708984375,1.573742389678955,78.45923911987296,38.32506561279297,81.94641012587817,102.1926224922475,263.5177685236513,-90.56841311697369,78.20876354806782,78.70971469167809,-338.7780303955078,19.531036376953125,38.32506561279297
280,-4.872833251953125,-52.7847900390625,2.0964910984039307,81.69239352263918,38.06829071044922,80.19310943165722,101.25876790767758,261.86800350900285,-92.41107974295025,81.48421907423258,81.90056797104579,-337.4244079589844,20.48388671875,38.06829071044922
281,-7.90673828125,-56.61529541015625,2.574431896209717,84.93904314133752,37.59774398803711,78.72518174622178,100.44394318818361,260.4966160273134,-94.22275958303814,84.62424329140241,85.25384299127263,-336.1656494140625,21.442626953125,37.59774398803711
282,-11.931610107421875,-60.073577880859375,2.9324607849121094,87.84449744393312,37.09090805053711,77.50187634049495,99.88324092693344,259.3766209101259,-95.70142779592877,87.50819784354623,88.18079704432002,-334.99139404296875,22.304489135742188,37.09090805053711
283,-16.0272216796875,-63.33111572265625,3.21730375289917,90.46583044280715,36.58176040649414,76.46595196219565,99.41457459136709,258.4539600824892,-97.06312213186627,90.07318156149174,90.85847932412256,-333.9696960449219,23.080841064453125,36.58176040649414
284,-19.21478271484375,-66.4952392578125,3.5601589679718018,92.70728096986545,36.110782623291016,75.6657396394402,99.0756441276041,257.7735477900087,-98.26848254446392,92.17092065411917,93.24364128561173,-333.11949157714844,23.693679809570312,36.110782623291016
285,-22.338104248046875,-69.21112060546875,3.7901008129119873,94.69208126735235,35.688621520996094,75.00094938435477,98.6739273410017,257.2270809626161,-99.35756716970806,93.98384179963938,95.40032073506532,-332.3763122558594,24.308517456054688,35.688621520996094
286,-24.96942138671875,-71.20046997070312,4.004787921905518,96.0937732173,35.388938903808594,74.50590050999887,98.50647907466022,256.7960430597841,-100.10213504080181,95.30249198942857,96.8850544451714,-331.8857879638672,24.710784912109375,35.388938903808594
287,-27.07958984375,-72.36581420898438,3.93031644821167,97.04934464457301,35.06974792480469,74.26540818247169,98.48575165033881,256.6278530573427,-100.41503176931744,96.24773531524313,97.8509539739029,-331.51422119140625,25.063079833984375,35.06974792480469
288,-28.32537841796875,-72.84225463867188,4.057092666625977,97.54809883879562,34.83325958251953,74.27202695509678,98.50168795411537,256.69920315499894,-100.47448764089947,96.68607771601837,98.41011996157287,-331.30377197265625,25.407638549804688,34.83325958251953
289,-28.430328369140625,-72.513671875,3.738914966583252,97.5280890606019,34.619781494140625,74.63549359317797,98.70155225319985,257.0718304132997,-100.08033786062603,96.61237771876735,98.44380040243647,-331.237548828125,25.707901000976562,34.619781494140625
290,-27.57684326171875,-71.24227905273438,2.926732063293457,96.96157661191216,34.37480163574219,75.4381318657349,99.14074473718347,257.81229367013566,-99.11980471853619,96.07471240274337,97.84844082108097,-331.2658386230469,25.940292358398438,34.37480163574219
291,-26.070404052734375,-68.89306640625,1.869792103767395,95.73659379839717,33.97890090942383,76.89817736612444,100.21540622877005,259.1435123896181,-97.20345721487408,95.07234471583116,96.40084288096317,-331.306396484375,26.0518798828125,33.97890090942383
292,-23.99310302734375,-65.83609008789062,0.6186700463294983,94.04252303070274,33.50809860229492,78.77970157549221,101.61882416693595,260.86011090036027,-94.74667010549908,93.67881632194532,94.40622973946014,-331.4068908691406,26.097091674804688,33.50809860229492
293,-21.5670166015625,-61.99359130859375,-0.6273754835128784,91.82427454390711,32.919307708740234,81.16090247780119,103.45808092327096,263.066104552704,-91.66000781301861,91.80909198257653,91.83945710523767,-331.60447692871094,26.138671875,32.919307708740234
294,-19.160400390625,-57.48834228515625,-1.7753820419311523,89.15591891001745,32.128517150878906,84.12074381687756,105.82291125820086,265.8579403376161,-87.91576419119244,89.53165447602181,88.7801833440131,-331.8264465332031,26.215835571289062,32.128517150878906
295,-16.561798095703125,-53.16400146484375,-2.8009207248687744,86.41674246723231,30.9902400970459,87.48549098424712,108.48445343387411,269.0733581995546,-83.88909754995709,87.13724000999834,85.69624492446628,-332.0679626464844,26.276718139648438,30.9902400970459
296,-13.272491455078125,-48.860595703125,-3.6454172134399414,83.36015943970821,29.473459243774414,91.45004151607573,111.4668564547275,272.93886341806046,-79.43418345693951,84.39722182992503,82.32309704949141,-332.3484344482422,26.166610717773438,29.473459243774414
297,-10.28973388671875,-44.9600830078125,-4.225899696350098,80.30254273889136,27.890043258666992,95.54492442310354,114.4644242140803,276.88455357308976,-75.12478480581646,81.55105444740033,79.05403103038239,-332.73756408691406,25.964675903320312,27.890043258666992
298,-7.38665771484375,-41.193359375,-4.646758556365967,77.21787811421494,26.18628692626953,99.78628219779965,117.6079612843319,280.99927487130753,-70.79038272146587,78.66447447069233,75.77128175773755,-333.1283416748047,25.72686767578125,26.18628692626953
299,-4.5057373046875,-37.39837646484375,-4.935241222381592,73.86878264398136,24.306766510009766,104.32973099965558,120.99687235955413,285.48586621041886,-66.26594958547955,75.44806067150554,72.28950461645718,-333.6693115234375,25.382308959960938,24.306766510009766
300,-1.4615478515625,-34.09124755859375,-5.062629222869873,70.50789333744535,22.29097557067871,108.92779350444052,124.42758457862016,290.1146637415468,-61.78107295278912,72.10912025299355,68.90666642189716,-334.3512878417969,24.917633056640625,22.29097557067871
301,1.13031005859375,-30.674911499023438,-5.0225300788879395,66.81786361329024,20.309080123901367,113.64359882870826,128.02310048204964,294.9174210047304,-57.23466334585552,68.38431949288204,65.25140773369844,-335.2561798095703,24.308319091796875,20.309080123901367
302,3.390350341796875,-27.264984130859375,-4.8616485595703125,62.71131506044215,18.233610153198242,118.67967505419213,131.9166986997709,300.1241928553163,-52.43626246694927,64.22750576186806,61.19512435901625,-336.32688903808594,23.440567016601562,18.233610153198242
303,5.0345458984375,-24.124847412109375,-4.541260719299316,58.3301165989424,16.174182891845703,123.76303426255954,135.9009225282582,305.47834362741105,-47.6129344487608,59.74500999210581,56.915223205779,-337.59068298339844,22.304473876953125,16.174182891845703
304,6.137725830078125,-21.20977783203125,-4.192141056060791,53.6133428799479,14.169572830200195,128.89046568134657,139.9902884526463,310.964749953705,-42.741716721099664,54.91044023983751,52.31624552005829,-339.0348358154297,20.86480712890625,14.169572830200195
305,7.12908935546875,-18.548629760742188,-3.746647596359253,48.683007678468115,12.192581176757812,133.9961283772467,144.12589290903588,316.58811917062394,-37.87423739675884,49.81521403519264,47.55080132174359,-340.61521911621094,19.221771240234375,12.192581176757812
306,7.98907470703125,-16.204116821289062,-3.316373109817505,43.536797774195676,10.340473175048828,138.86527381605987,148.267215782787,322.19424023385636,-33.07454333547955,44.473828506188596,42.59976704220276,-342.38514709472656,17.357269287109375,10.340473175048828
307,8.83489990234375,-14.122283935546875,-2.9522554874420166,38.25599193740537,8.592323303222656,143.40494234559785,152.41143603881306,327.7848583674013,-28.32624087576275,38.99673119709138,37.51525267771936,-344.2909240722656,15.35565185546875,8.592323303222656
308,9.5384521484375,-12.179061889648438,-2.5257673263549805,32.92259373795571,6.9807233810424805,147.43478521306216,156.47462808311042,333.2252241587221,-23.74703536276226,33.48426543580686,32.360922040104555,-346.34410095214844,13.240066528320312,6.9807233810424805
309,10.03778076171875,-10.287994384765625,-2.082590341567993,27.74148397412887,5.480207920074463,150.8792963020707,160.44414631335894,338.4518596148073,-19.360365726989556,28.16133595875735,27.32163198950039,-348.41729736328125,11.192672729492188,5.480207920074463
310,10.447235107421875,-8.495574951171875,-1.671684980392456,22.839751182534357,4.105461120605469,153.62147038101656,164.1975152995963,343.4054638361513,-15.260429718536187,23.15990003520929,22.519602329859424,-350.50775146484375,9.244171142578125,4.105461120605469
311,10.617156982421875,-6.933685302734375,-1.3325835466384888,18.591121603015353,2.933673858642578,155.5443449057216,167.50932866080248,347.71369518991105,-11.682026245635797,18.9113455203111,18.270897685719603,-352.42698669433594,7.5256805419921875,2.933673858642578
312,10.47998046875,-5.57000732421875,-1.0886799097061157,14.846288695448507,1.8872151374816895,156.86271279800778,170.4872712406157,351.5418769335329,-8.420952656310845,15.30980910055274,14.382768290344274,-354.17498779296875,5.9512939453125,1.8872151374816895
313,10.20037841796875,-4.5477447509765625,-0.8856334686279297,11.95854181306747,1.017971396446228,157.64082506956166,172.88313073904078,354.64015509839646,-5.713696219962884,12.663906894013138,11.253176732121801,-355.63629150390625,4.7123260498046875,1.017971396446228
314,9.726043701171875,-3.7431488037109375,-0.7735618948936462,9.668411408469382,0.31799086928367615,158.14680526994135,174.69248756503706,357.1905537163793,-3.4593791449487696,10.69166687781896,8.645155939119803,-356.8798065185547,3.678955078125,0.31799086928367615
315,9.142822265625,-3.1498260498046875,-0.7643671035766602,7.974172324421261,-0.21671773493289948,158.50698491914173,175.83171579899624,359.2279478674709,-1.6828339928806315,9.341886557133165,6.6064580917093565,-357.9209442138672,2.868194580078125,-0.21671773493289948
316,8.513671875,-2.7807464599609375,-0.7723707556724548,6.7857724590277115,-0.5919890403747559,158.80008693057974,176.31937318378857,0.7727443193971624,-0.30931744818096263,8.514053857486317,5.057491060569106,-358.7777099609375,2.2318267822265625,-0.5919890403747559
317,7.83831787109375,-2.53759765625,-0.8319984078407288,5.969425281065966,-0.8321723341941833,159.08177794302634,176.31724584334785,1.9425388192712774,0.7277713632165899,8.029790717524463,3.9090598446074694,0.491119384765625,1.7371368408203125,-0.8321723341941833
318,7.2213287353515625,-2.3803558349609375,-0.9359311461448669,5.4723309425598785,-0.969939112663269,159.360163004191,176.0862841356526,2.814619562584113,1.506239435630988,7.855453972276024,3.089207912843733,-0.12957763671875,1.3407745361328125,-0.969939112663269
319,6.6434173583984375,-2.343353271484375,-1.0652326345443726,5.228816468928301,-1.0031962394714355,159.67644515589623,175.8119821087899,3.4005500292360296,-357.98410878424056,7.827243192283078,2.630389745573524,-0.62701416015625,1.01666259765625,-1.0031962394714355
320,6.1640472412109375,-2.381103515625,-1.1929970979690552,5.187642725184915,-0.9883888363838196,159.9378250615202,175.53805339884178,3.8232731437265386,-357.635589160961,7.9308799738397795,2.4444054765300507,-1.0428314208984375,0.7166595458984375,-0.9883888363838196
321,5.66748046875,-2.4566192626953125,-1.314649224281311,5.22841435490399,-0.9414567947387695,160.24382291384646,175.32571460888965,4.107441565948676,-357.40896163229354,7.999565342819039,2.45726336698894,-1.3677215576171875,0.4884796142578125,-0.9414567947387695
322,5.29876708984375,-2.557159423828125,-1.3971260786056519,5.328361057847161,-0.8875047564506531,160.45276939523575,175.14638786146273,4.287711939769935,-357.30426804069884,8.0871622088751,2.5695599068192223,-1.59771728515625,0.309906005859375,-0.8875047564506531
323,5.0109710693359375,-2.652008056640625,-1.4504685401916504,5.418916792493491,-0.8448804020881653,160.63355291380012,175.00934904524,4.399033508259009,-357.24726776127227,8.143698285897472,2.6941352990895098,-1.7537689208984375,0.1795501708984375,-0.8448804020881653
324,4.79962158203125,-2.713348388671875,-1.4912399053573608,5.482683160443187,-0.8375638723373413,160.76480341343589,174.90276299122144,4.513802549797248,-357.18521783594497,8.184988308170404,2.780378012715971,-1.8422393798828125,0.1115570068359375,-0.8375638723373413
325,4.655670166015625,-2.7771453857421875,-1.494923710823059,5.536872270980425,-0.8844819068908691,160.84338819287825,174.8023492919112,4.662954471069526,-357.0763491177977,8.217451456387835,2.8562930855730144,-1.8812103271484375,0.1092681884765625,-0.8844819068908691
326,4.556610107421875,-2.8114013671875,-1.4622924327850342,5.57950577890351,-0.9893732070922852,160.88176483768376,174.67222043271587,4.870033881622504,-356.8724893117369,8.253523558666416,2.905487999140604,-1.8894500732421875,0.13909912109375,-0.9893732070922852
327,4.4544525146484375,-2.7735748291015625,-1.400658130645752,5.582174135411947,-1.1587936878204346,160.8869999703701,174.53072745104043,5.162730119186591,-356.55531797651656,8.278939678186958,2.885408592636935,-1.8631744384765625,0.2211151123046875,-1.1587936878204346
328,4.3882598876953125,-2.7093658447265625,-1.2847657203674316,5.578386502081429,-1.3930058479309082,160.81765773282922,174.3574975556154,5.53027357812519,-356.1498869443358,8.310778484608335,2.845994519554523,-1.8094024658203125,0.3122100830078125,-1.3930058479309082
329,4.2991485595703125,-2.5771331787109375,-1.1570461988449097,5.543167620322933,-1.6626750230789185,160.73799378800507,174.14763368934138,5.9491584515153875,-355.65684435610183,8.327371780748308,2.758963459897558,-1.734344482421875,0.416748046875,-1.6626750230789185
330,4.1397552490234375,-2.322998046875,-1.0125294923782349,5.405904689563926,-1.9229999780654907,160.7110959518472,173.98483813178973,6.322840950447272,-355.1851241374434,8.260443481162895,2.5513658979649563,-1.6371307373046875,0.55572509765625,-1.9229999780654907
331,3.9810943603515625,-2.019775390625,-0.8768061995506287,5.256030134625462,-2.1826910972595215,160.67099211184657,173.86154043973082,6.7082492327272405,-354.73626981024154,8.190024150040045,2.3220361192108783,-1.5202178955078125,0.6535797119140625,-2.1826910972595215
332,3.77496337890625,-1.7095489501953125,-0.7298231720924377,5.0429647548871515,-2.376296281814575,160.67461396846954,173.83171935977074,6.964430711227607,-354.42212019209273,8.012536445106718,2.0733930646675844,-1.36724853515625,0.7480010986328125,-2.376296281814575
333,3.623382568359375,-1.4596405029296875,-0.6133493185043335,4.77926760017354,-2.4586853981018066,160.67214773307532,173.9620685012588,7.008138797241401,-354.3505495572508,7.740527459091425,1.8180077412556557,-1.1776885986328125,0.832977294921875,-2.4586853981018066
334,3.5509490966796875,-1.312103271484375,-0.5297016501426697,4.44161650069654,-2.3798410892486572,160.70076023283667,174.32055681904222,6.726856133896064,-354.59211359266646,7.3120125153886875,1.5712204860043926,-0.9309844970703125,0.8990631103515625,-2.3798410892486572
335,3.63775634765625,-1.380035400390625,-0.4983806610107422,4.092154235184083,-2.0695011615753174,160.73262168044383,174.9234847770681,5.998776338058661,-355.2714720750273,6.730301040009778,1.4540074303583879,-0.617919921875,0.9503936767578125,-2.0695011615753174
336,3.7551422119140625,-1.6081390380859375,-0.5611060261726379,3.7491324304470908,-1.4849015474319458,160.91300838126892,175.7456354049949,4.681968471962165,-356.4782945895613,5.8741296910106655,1.624135169883516,-0.2012939453125,1.0414581298828125,-1.4849015474319458
337,3.8980255126953125,-1.834503173828125,-0.7213623523712158,3.5309255037749665,-0.6140713691711426,161.04003370908217,176.54209020696143,2.7770196413576116,-358.1997564816893,4.900009786608308,2.161841220941625,0.317962646484375,1.1367950439453125,-0.6140713691711426
338,4.1082000732421875,-2.140380859375,-0.9865203499794006,3.6984966311867,0.543053925037384,160.9271540721864,176.45806548638245,0.18425591941470998,-0.4717957163274775,4.1960534555954325,3.200939806777967,-358.9943084716797,1.3011474609375,0.543053925037384
339,4.21405029296875,-2.6124725341796875,-1.289390206336975,4.6809880484286595,2.0307528972625732,160.46017081196592,174.853149397529,356.86031427140824,-3.3797522569120417,4.578126469918686,4.783849626938633,-358.1752014160156,1.5657806396484375,2.0307528972625732
340,4.1192474365234375,-3.2110595703125,-1.6294820308685303,6.7086421870686195,3.8648204803466797,159.42395867414822,172.08557160606293,352.74597325082414,-6.962904312652398,6.517131976371047,6.900152397766192,-357.1792755126953,1.9919586181640625,3.8648204803466797
341,3.742889404296875,-3.9647369384765625,-1.9359689950942993,9.7171831918388,6.051939010620117,157.5891182728484,168.4165446364904,347.715425155121,-11.318952896636773,9.793078706662385,9.641287677015214,-356.0076904296875,2.6026611328125,6.051939010620117
342,3.090789794921875,-4.8863983154296875,-2.2363295555114746,13.480340351171549,8.428019523620605,154.69446892863863,164.1315227208624,342.07021012063615,-16.199153282684136,13.96724011705004,12.993440585293058,-354.6936950683594,3.4740753173828125,8.428019523620605
343,2.301513671875,-6.0813751220703125,-2.495771884918213,17.762754357815936,10.91938304901123,150.90779322902338,159.52684708061653,336.0840651011049,-21.40597090963726,18.661150599613592,16.86435811601828,-353.28575134277344,4.5969085693359375,10.91938304901123
344,1.2382354736328125,-7.3751220703125,-2.813413143157959,22.230766572783907,13.376093864440918,146.65324831079207,154.8610440984515,330.1505171274721,-26.67298445944195,23.400357632765775,21.061175512802038,-351.9182434082031,5.94964599609375,13.376093864440918
345,0.05462646484375,-8.768386840820312,-3.102271556854248,26.79283541217282,15.698951721191406,142.1576325170499,150.23832258796105,324.5132519220888,-31.849769928497125,28.001094637727135,25.584576186618506,-350.6088409423828,7.5923309326171875,15.698951721191406
346,-1.238525390625,-10.4019775390625,-3.2210795879364014,31.50541292772631,17.812578201293945,137.60474194762847,145.6560303804073,319.20472492929093,-36.9300559544981,32.547426262046116,30.463399593406507,-349.2904815673828,9.447982788085938,17.812578201293945
347,-2.60089111328125,-12.326980590820312,-3.206022262573242,36.087165801403515,19.619203567504883,133.22717498644926,141.43597385622252,314.42721333261125,-41.5869163060606,36.84396811565665,35.33036348715038,-348.0352325439453,11.336944580078125,19.619203567504883
348,-3.989013671875,-14.46185302734375,-2.821366310119629,40.8516777795311,21.24803352355957,128.7287944934952,137.35202099183684,309.76888813729875,-46.13865885977154,41.310402730097906,40.3929528289643,-346.6888427734375,13.334793090820312,21.24803352355957
349,-5.48388671875,-16.861892700195312,-2.0020129680633545,45.68352369816243,22.659109115600586,124.26642517357243,133.51594165443208,305.28045048471085,-50.48343501333599,45.91843589561634,45.44861150070852,-345.2647247314453,15.270614624023438,22.659109115600586
350,-7.010986328125,-19.546783447265625,-1.0431444644927979,50.44232290579619,23.842519760131836,119.95008895443944,130.07148469497713,301.0148102259218,-54.49014888052349,50.59842187564465,50.28622393594773,-343.77452087402344,17.040283203125,23.842519760131836
351,-8.3927001953125,-22.488662719726562,-0.02137075364589691,55.098955014762645,24.90536880493164,115.69010228752616,126.82129240073562,296.872615477997,-58.407108643096734,55.21252904136864,54.98538098815665,-342.3234558105469,18.620346069335938,24.90536880493164
352,-9.70379638671875,-25.830886840820312,0.981838583946228,59.80401234691352,25.98948097229004,111.29153534826513,123.58690697096648,292.5648247217714,-62.425318100494195,59.98120392018201,59.62682077364502,-340.8372344970703,20.012893676757812,25.98948097229004
353,-11.11431884765625,-29.341156005859375,1.8734911680221558,64.4495963812377,27.043354034423828,106.79875718108586,120.35606468681895,288.19729199166886,-66.51237902883892,64.78930179770316,64.10989096477223,-339.3928985595703,21.184722900390625,27.043354034423828
354,-12.9725341796875,-33.4718017578125,2.7414534091949463,69.22039140655835,28.158729553222656,102.10615800822062,117.03426639656298,283.5842968439638,-70.91722903494244,69.77765535694131,68.6631274561754,-337.9723663330078,22.136032104492188,28.158729553222656
355,-15.156768798828125,-38.3875732421875,3.547884225845337,74.05148982543267,29.434343338012695,97.22096893961842,113.41307135814661,278.73202290292375,-75.82199321035748,74.7368211401448,73.36615851072055,-336.6631774902344,22.817214965820312,29.434343338012695
356,-18.007110595703125,-43.54925537109375,4.2967143058776855,78.5603439287689,30.590072631835938,92.6489930253369,110.03860858032165,274.20557369943253,-80.60485873464947,79.37291873429012,77.74776912324766,-335.510986328125,23.226348876953125,30.590072631835938
357,-21.05072021484375,-48.8248291015625,5.010788440704346,82.82646309540314,31.58260154724121,88.42907920614756,106.94380143804545,270.02991642709367,-85.29189906362896,83.69394597280952,81.95898021799678,-334.4752502441406,23.572235107421875,31.58260154724121
358,-25.47650146484375,-53.6197509765625,5.821596622467041,86.64493751922475,32.66802978515625,84.2948858395427,104.23645351125721,265.8746868586122,-89.6555484319151,87.80909168700138,85.48078335144814,-333.6219024658203,23.697723388671875,32.66802978515625
359,-29.4129638671875,-58.47186279296875,6.690636157989502,90.11346932410768,33.432559967041016,81.00528607233669,101.89814795486122,262.565860412079,-93.66939959768658,91.20830050625545,89.01863814195993,-332.9064636230469,23.980392456054688,33.432559967041016
360,-33.80157470703125,-62.50189208984375,7.5634660720825195,93.02074961397057,33.924598693847656,78.25390376213875,100.31322183267218,259.9380108332216,-96.80714450125103,94.13403791545949,91.90746131248163,-332.2967071533203,24.309326171875,33.924598693847656
361,-37.902191162109375,-65.828125,8.306512832641602,95.33680003360222,34.0755500793457,76.1813492654328,99.53503763882091,258.1178852533876,-98.89397082571392,96.50188437631999,94.17171569088444,-331.77061462402344,24.665771484375,34.0755500793457
362,-42.217926025390625,-68.51504516601562,9.092808723449707,97.37475294922591,34.27220153808594,74.28769933607005,98.91334292260308,256.40515866037003,-100.70795474295025,98.63639232617942,96.1131135722724,-331.3454895019531,25.076278686523438,34.27220153808594
363,-45.71319580078125,-70.84130859375,9.925707817077637,98.9883901592878,34.38849639892578,72.82871134645433,98.59324328838345,255.1059719538271,-102.09594760183697,100.25891302098408,97.71786729759154,-331.05621337890625,25.44024658203125,34.38849639892578
364,-49.176025390625,-72.79901123046875,10.668087005615234,100.37032109622311,34.511661529541016,71.59127943576985,98.45738543925481,253.98807110543842,-103.15095935110455,101.71792223839928,99.02271995404693,-330.7594757080078,25.766891479492188,34.511661529541016
365,-51.94927978515625,-74.11297607421875,11.314697265625,101.40236343772295,34.61827087402344,70.6113958527421,98.35035026902975,253.1015545343935,-103.94387088064556,102.86355582771205,99.94117104773386,-330.5235900878906,26.010162353515625,34.61827087402344
366,-54.036865234375,-75.26419067382812,11.739287376403809,102.22871424632284,34.73345947265625,69.84206914161905,98.2061031357162,252.38423886056538,-104.65828738455181,103.72822802574031,100.72920046690537,-330.35520935058594,26.192825317382812,34.73345947265625
367,-55.51751708984375,-75.97216796875,12.013686180114746,102.77445811888657,34.82746505737305,69.27906795519263,98.12681684241727,251.86396374459858,-105.08834491018658,104.29811702002247,101.25079921775068,-330.27978515625,26.358901977539062,34.82746505737305
368,-56.3580322265625,-76.09701538085938,12.140420913696289,102.98113190925685,34.90379333496094,68.94267995326734,98.08654834056674,251.54409756417866,-105.25212130789166,104.54836873711935,101.41389508139433,-330.3174743652344,26.476959228515625,34.90379333496094
369,-56.56414794921875,-76.0723876953125,12.147464752197266,103.00339117957144,34.96477127075195,68.88740072288702,97.98895866746305,251.47237744088764,-105.32233844046002,104.52989396578813,101.47688839335474,-330.3728942871094,26.559524536132812,34.96477127075195
370,-56.227752685546875,-75.43887329101562,12.100150108337402,102.75580695587077,34.99735641479492,69.06822737740642,97.96177713293267,251.60951580758686,-105.08457598928814,104.28155976237174,101.23005414936979,-330.45982360839844,26.646286010742188,34.99735641479492
371,-55.44073486328125,-74.35845947265625,11.898880004882812,102.29859134867428,34.9976806640625,69.43290963971616,97.99380823846988,251.9025036310732,-104.58426699880962,103.84217461013384,100.75500808721472,-330.5934753417969,26.76165771484375,34.9976806640625
372,-53.88751220703125,-72.62460327148438,11.62527847290039,101.51618004319675,34.87551498413086,70.23087197824573,98.28435611685053,252.62313427682514,-103.56905017141705,103.06159295458185,99.97076713181164,-330.7400817871094,26.9786376953125,34.87551498413086
373,-51.742828369140625,-70.54214477539062,11.156307220458984,100.49320443542973,34.66845703125,71.41590324417001,98.73289951890241,253.68511929269428,-102.2492984319151,102.00164149667859,98.98476737418089,-330.8923645019531,27.220123291015625,34.66845703125
374,-48.87713623046875,-67.51901245117188,10.544577598571777,99.04931899779744,34.240386962890625,73.11060566742434,99.61170877414624,255.2730862116396,-100.19116244558697,100.58690865345434,97.51172934214054,-331.06382751464844,27.523681640625,34.240386962890625
375,-45.62762451171875,-64.00125122070312,9.755636215209961,97.36198310623374,33.66377258300781,75.1608381179017,100.79335600930999,257.1911922907411,-97.68241153005962,98.96701863629978,95.75694757616769,-331.2354736328125,27.866683959960938,33.66377258300781
376,-41.74932861328125,-60.053436279296875,8.615513801574707,95.25590162965955,32.689456939697266,77.99388596859748,102.5606970983791,259.96139874215714,-94.39811358694439,96.84736967428381,93.66443358503528,-331.433837890625,28.27001953125,32.689456939697266
377,-37.308013916015625,-55.774658203125,7.297399997711182,92.77753626764819,31.377391815185547,81.47271640753372,104.88922036344779,263.4195133661806,-90.38239703421002,94.28399280228881,91.27107973300757,-331.6748962402344,28.725448608398438,31.377391815185547
378,-32.849365234375,-51.03656005859375,6.00465726852417,89.82484569091542,29.577531814575195,85.77624893856738,107.99481180271741,267.80223622079484,-85.42701945547466,91.29973275705922,88.34995862477165,-331.9034118652344,29.154251098632812,29.577531814575195
379,-28.82037353515625,-46.2900390625,4.9743170738220215,86.78009495624272,27.771528244018555,90.27197859388757,111.20479668096439,272.279992721039,-80.54084620718365,88.24857357892532,85.31161633356012,-332.11097717285156,29.472610473632812,27.771528244018555
380,-24.842193603515625,-41.5322265625,4.079946517944336,83.39757095215815,25.722604751586914,95.34741720683182,114.87126152359437,277.31483235116593,-75.22356639150982,84.82151833927922,81.97362356503707,-332.3607635498047,29.678573608398438,25.722604751586914
381,-21.38671875,-36.85127258300781,3.3837361335754395,79.73110676246337,23.60784912109375,100.74014527733976,118.75830128560298,282.6212917780458,-69.82255587820416,81.1021459852541,78.36006753967264,-332.72198486328125,29.678237915039062,23.60784912109375
382,-18.089019775390625,-32.33497619628906,2.8112947940826416,75.84030929708842,21.5242977142334,106.16951044897469,122.78102180830868,287.92934574838273,-64.4837554479063,77.20682642071503,74.4737921734618,-333.2033233642578,29.388870239257812,21.5242977142334
383,-14.94464111328125,-28.140274047851562,2.4139983654022217,71.81305134126569,19.48635482788086,111.4727023421521,126.8397798857175,293.13417401071183,-59.289013245147515,73.21031253254036,70.41579014999103,-333.8308563232422,28.819061279296875,19.48635482788086
384,-11.99444580078125,-24.21185302734375,2.2233777046203613,67.63992465896324,17.503957748413086,116.68544448225562,130.86907540173416,298.2880798792421,-54.29047236685162,69.03410203142865,66.24574728649783,-334.6375732421875,28.006393432617188,17.503957748413086
385,-9.26397705078125,-20.73565673828125,2.0912210941314697,63.10637459431592,15.532740592956543,121.88442939686077,135.09260076670344,303.5134626841127,-49.167155602020074,64.57456707923008,61.63818210940177,-335.6599426269531,26.788711547851562,15.532740592956543
386,-6.4423828125,-17.5802001953125,2.0225679874420166,58.1715880722627,13.588611602783203,127.10222783886444,139.59117653111375,308.8590656733095,-43.89865527395611,59.77011220430309,56.57306394022231,-336.8782958984375,25.209121704101562,13.588611602783203
387,-3.6240234375,-15.068466186523438,1.9536442756652832,53.00652022556571,11.724247932434082,132.12694443423044,144.05223738463837,314.1788736795961,-38.715672829192926,54.7330888855669,51.27995156556452,-338.30250549316406,23.268707275390625,11.724247932434082
388,-1.00213623046875,-12.81646728515625,1.812000036239624,47.71299806763086,9.959916114807129,136.84588635185193,148.45904781046198,319.44442620034806,-33.64657721762066,49.56677343000814,45.859222705253586,-339.8730163574219,21.162689208984375,9.959916114807129
389,1.40704345703125,-10.900100708007812,1.6818169355392456,42.41489095949184,8.293225288391113,141.20498512939596,152.73498512186566,324.6134668802797,-28.757962563079644,44.39226530148687,40.43751661749681,-341.5391845703125,18.938125610351562,8.293225288391113
390,3.9141082763671875,-9.320938110351562,1.5432610511779785,36.9024885687119,6.731358051300049,145.15660653427955,156.9078706313246,329.8498031115114,-23.947880604308892,38.97797704719261,34.827000090231195,-343.4114532470703,16.498764038085938,6.731358051300049
391,6.0382232666015625,-7.828216552734375,1.2943105697631836,31.683499681445866,5.361598491668701,148.33094433710954,160.7298275121345,334.73384489770524,-19.535838940185357,33.90543313764206,29.46156622524967,-345.2725830078125,14.126007080078125,5.361598491668701
392,7.90032958984375,-6.459686279296875,1.0306980609893799,26.615650442756447,4.0642170906066895,150.97748947791507,164.31644813774588,339.60402598138444,-15.358330585998345,28.91771396962386,24.313586915889033,-347.21568298339844,11.812957763671875,4.0642170906066895
393,9.3035888671875,-5.2229461669921875,0.7412467002868652,22.063629561273075,2.885647773742676,152.9197567100901,167.4002925526016,344.1605097269594,-11.653149941009332,24.363637260851704,19.763621861694446,-349.1325378417969,9.773727416992188,2.885647773742676
394,10.418853759765625,-4.1438751220703125,0.4264092743396759,17.979606893719662,1.7601816654205322,154.34408191533666,170.1005770776345,348.5535234427034,-8.2657972360075,20.241272840677624,15.7179409467617,-351.0447082519531,7.979736328125,1.7601816654205322
395,11.0526123046875,-3.2812042236328125,0.1815883219242096,14.562422127830246,0.7337549924850464,155.25623948234488,172.2118226909685,352.584619305092,-5.329076983970452,16.741780800519678,12.383063455140814,-352.85400390625,6.545440673828125,0.7337549924850464
396,11.25146484375,-2.6426849365234375,-0.09220070391893387,11.75840093853951,-0.19154086709022522,155.82363601873934,173.6654051852982,356.22250061388604,-2.7452575648248683,13.945873308084487,9.570928568994532,-354.5198516845703,5.3620147705078125,-0.19154086709022522
397,11.0157470703125,-2.23095703125,-0.34478917717933655,9.566494269923638,-1.033307433128357,156.15805139285038,174.3089736034472,359.464367887932,-0.49029824976329905,11.847777298471613,7.285211241375663,-356.0384521484375,4.430694580078125,-1.033307433128357
398,10.437164306640625,-2.0024566650390625,-0.5436212420463562,7.93861399658519,-1.821397304534912,156.38827829827105,174.21114422346665,2.358246943908881,1.5377971148073186,10.477731652084032,5.399496341086348,-357.3867645263672,3.681640625,-1.821397304534912
399,9.68841552734375,-1.91278076171875,-0.6917911767959595,6.915912696449951,-2.522026300430298,156.51967230964917,173.6149366376368,4.801734826523017,3.256416223007392,9.870119522366053,3.961705870533848,-358.5167236328125,3.0984344482421875,-2.522026300430298
400,8.803558349609375,-2.0006256103515625,-0.836830735206604,6.379610271979928,-3.1625661849975586,156.55323439481995,172.69389309900458,6.945509574371528,-355.23692450765975,9.857440479655196,2.90178006430466,0.4306640625,2.5444793701171875,-3.1625661849975586
401,7.9443359375,-2.2440948486328125,-0.9337983131408691,6.332277796293866,-3.6792140007019043,156.5351654516404,171.79230280435482,8.585936686950873,-354.1020668530882,10.14041625648963,2.524139336098102,-0.316986083984375,2.177886962890625,-3.6792140007019043
402,7.1738433837890625,-2.53472900390625,-0.9764443039894104,6.51147835815209,-4.078066825866699,156.53481381236384,171.05117099316914,9.801668784576606,-353.25715384725936,10.44647420723669,2.576482509067489,-0.792266845703125,1.904876708984375,-4.078066825866699
403,6.591583251953125,-2.87139892578125,-0.99636310338974,6.815131602767579,-4.37981653213501,156.47580025633818,170.44294565351126,10.667886874633979,-352.69991097692855,10.760568978246852,2.8696942272883064,-1.13824462890625,1.64447021484375,-4.37981653213501
404,6.2423858642578125,-3.1063079833984375,-1.0199306011199951,7.092963428279845,-4.599792003631592,156.46762186038865,170.00136907999135,11.258498332458686,-352.3042305493773,11.05136130852884,3.1345655480308494,-1.38037109375,1.387298583984375,-4.599792003631592
405,6.0313262939453125,-3.3363189697265625,-1.0877941846847534,7.352763178986649,-4.745039939880371,156.48503411625163,169.72867395922538,11.667418143707465,-352.10501227621444,11.298151344589286,3.407375013384012,-1.5496368408203125,1.161102294921875,-4.745039939880371
406,5.9290618896484375,-3.5470123291015625,-1.158125400543213,7.504098083782779,-4.8281941413879395,156.5163640118501,169.60164568407697,11.894630572754096,-352.0525740170897,11.373607912411757,3.634588255153801,-1.5569915771484375,1.024444580078125,-4.8281941413879395
407,5.8776397705078125,-3.6348114013671875,-1.2009286880493164,7.5553008375337924,-4.83499002456665,156.58741770797215,169.65346596492347,11.974638125854682,-352.13842950109847,11.380775094341033,3.7298265807265523,-1.522857666015625,0.8883819580078125,-4.83499002456665
408,5.8748931884765625,-3.7315673828125,-1.2752970457077026,7.555552953599928,-4.768249034881592,156.75372392544645,169.7687226566295,11.89634623284931,-352.3411263013304,11.290356785414644,3.8207491217852123,-1.4292449951171875,0.771148681640625,-4.768249034881592
409,5.8477020263671875,-3.6899566650390625,-1.3008575439453125,7.4332845380626935,-4.612483501434326,156.95918437296837,170.054597068194,11.668543956237983,-352.68602452520736,11.107979293796859,3.758589782328528,-1.302947998046875,0.69598388671875,-4.612483501434326
