frame,joint,x_2d,y_2d,score_2d,x_3d,y_3d,z_3d
0,Nose,374.168,109.4574,0.9136268,,,
0,LEye,379.7266,102.50377,0.9611296,,,
0,REye,374.168,102.50377,0.9333849,,,
0,LEar,396.40244,109.4574,0.9593712,,,
0,REar,396.40244,109.4574,0.7891401,,,
0,LShoulder,401.96103,158.13284,0.8435988,-0.06164833,-0.1879092,-0.13100183
0,RShoulder,401.96103,151.1792,0.6778984,-0.065741956,-0.2032323,0.035136297
0,LElbow,346.37494,178.99374,0.9182271,-0.1816323,-0.13481092,-0.21334557
0,RElbow,340.81635,178.99374,0.8583017,-0.19805133,-0.13610774,0.10990115
0,LWrist,279.67163,185.94737,0.7578664,-0.3271689,-0.12796885,-0.25577828
0,RWrist,279.67163,185.94737,0.66708136,-0.3357238,-0.12035695,0.10870824
0,LHip,396.40244,276.3446,0.7527086,-0.06310336,0.08060792,-0.07022095
0,RHip,401.96103,276.3446,0.7199602,-0.05471778,0.072569594,0.06974631
0,LKnee,407.51965,359.7882,0.8656752,-0.04688555,0.29134962,0.0029590859
0,RKnee,401.96103,352.8346,0.8394715,-0.057487797,0.26733384,0.18500093
0,LAnkle,407.51965,443.23184,0.95745254,-0.032792367,0.4921799,0.05011236
0,RAnkle,407.51965,415.4173,0.8301262,-0.04555849,0.41745648,0.2365767
0,Head,396.40244,74.68923,0.93159735,-0.06571672,-0.38272956,-0.08015175
0,Neck,396.40244,137.27194,0.90933955,-0.060095333,-0.24239658,-0.05897668
0,Hip,401.96103,276.3446,0.84585404,-0.057869487,0.07859126,-0.001536519
0,LBigToe,374.168,464.09274,0.78874093,,,
0,RBigToe,379.7266,422.37094,0.9118374,,,
0,LSmallToe,379.7266,464.09274,0.75560683,,,
0,RSmallToe,385.28522,415.4173,0.8616723,,,
0,LHeel,413.07825,450.18546,0.906115,,,
0,RHeel,418.63687,429.32455,0.7112,,,
1,Nose,373.78745,109.24181,0.9145272,,,
1,LEye,379.3522,102.28411,0.96042484,,,
1,REye,373.78745,102.28411,0.93683255,,,
1,LEar,396.04648,109.24181,0.95881224,,,
1,REar,396.04648,109.24181,0.78286606,,,
1,LShoulder,401.61124,157.94572,0.8360754,-0.06530218,-0.18983057,-0.13180815
1,RShoulder,401.61124,150.98802,0.7112114,-0.06743385,-0.20572306,0.034210287
1,LElbow,345.96368,178.81883,0.9350231,-0.18349767,-0.1360535,-0.2149697
1,RElbow,345.96368,178.81883,0.85712445,-0.1976557,-0.13849194,0.11024197
1,LWrist,279.1866,185.77654,0.7319172,-0.329653,-0.12888391,-0.25622764
1,RWrist,284.75137,185.77654,0.65630627,-0.3353505,-0.12289609,0.11067484
1,LHip,401.61124,276.22665,0.77554053,-0.060820572,0.07958998,-0.07122364
1,RHip,401.61124,276.22665,0.73982126,-0.052381296,0.07131323,0.07018725
1,LKnee,407.176,359.7191,0.8657271,-0.049842864,0.29126567,0.0016180126
1,RKnee,401.61124,352.76138,0.85295624,-0.059139382,0.26678538,0.18453994
1,LAnkle,412.74075,443.2115,0.95326203,-0.032921594,0.4920238,0.049544252
1,RAnkle,407.176,415.38068,0.8123412,-0.04548473,0.41778064,0.23648599
1,Head,396.04648,74.45331,0.92503154,-0.07097612,-0.3839188,-0.0794141
1,Neck,396.04648,130.11491,0.9115599,-0.06338844,-0.24445008,-0.059598006
1,Hip,401.61124,269.26895,0.8680125,-0.05518015,0.07722747,-0.001723185
1,LBigToe,373.78745,457.1269,0.79435116,,,
1,RBigToe,379.3522,422.33838,0.89525634,,,
1,LSmallToe,384.91696,464.0846,0.74640095,,,
1,RSmallToe,384.91696,415.38068,0.86653835,,,
1,LHeel,412.74075,450.1692,0.872312,,,
1,RHeel,418.3055,429.29608,0.685973,,,
2,Nose,366.88657,109.206985,0.94749486,,,
2,LEye,377.99014,102.24863,0.9566861,,,
2,REye,372.43835,102.24863,0.93017465,,,
2,LEar,394.6455,109.206985,0.9634621,,,
2,REar,394.6455,109.206985,0.8157755,,,
2,LShoulder,394.6455,157.9155,0.8648103,-0.06898511,-0.19038363,-0.13253202
2,RShoulder,405.74908,150.95714,0.7838162,-0.06965395,-0.20632522,0.033793613
2,LElbow,344.6794,178.79057,0.9082957,-0.18610229,-0.13675886,-0.21677378
2,RElbow,339.12762,178.79057,0.81138426,-0.19849578,-0.14004801,0.11044207
2,LWrist,278.05795,185.74893,0.77234614,-0.3326285,-0.12948853,-0.2562469
2,RWrist,283.60974,185.74893,0.6062677,-0.33606333,-0.12468025,0.111033686
2,LHip,400.1973,276.20758,0.76534796,-0.057356823,0.07980184,-0.07166248
2,RHip,405.74908,276.20758,0.7407245,-0.049536087,0.07100065,0.07043661
2,LKnee,400.1973,359.7079,0.88180345,-0.05275468,0.2913986,0.00027108123
2,RKnee,400.1973,352.74954,0.8363479,-0.060564652,0.2667718,0.1841897
2,LAnkle,411.30087,443.2082,0.95974386,-0.033034727,0.4920049,0.0485963
2,RAnkle,405.74908,415.37476,0.80355287,-0.045424663,0.41854134,0.2363748
2,Head,389.09372,74.41519,0.9226638,-0.0760766,-0.3831186,-0.078586616
2,Neck,394.6455,130.08206,0.9184834,-0.06692864,-0.24479336,-0.059827894
2,Hip,400.1973,276.20758,0.8462514,-0.052052215,0.077068046,-0.0018678599
2,LBigToe,372.43835,457.1249,0.79137564,,,
2,RBigToe,383.54193,422.33313,0.8792951,,,
2,LSmallToe,383.54193,464.08328,0.7741817,,,
2,RSmallToe,383.54193,415.37476,0.8542355,,,
2,LHeel,416.85266,450.16656,0.86497355,,,
2,RHeel,416.85266,429.29147,0.6849179,,,
3,Nose,365.028,109.577484,0.9553271,,,
3,LEye,376.19034,102.62612,0.94996226,,,
3,REye,370.60916,102.62612,0.9227084,,,
3,LEar,392.9338,109.577484,0.96719396,,,
3,REar,392.9338,109.577484,0.80180305,,,
3,LShoulder,392.9338,158.23706,0.85446095,-0.07292456,-0.190196,-0.1336862
3,RShoulder,404.09613,151.28569,0.7321374,-0.07194163,-0.20630474,0.033206362
3,LElbow,342.70334,179.09117,0.905359,-0.18921426,-0.13724825,-0.21876572
3,RElbow,337.1222,179.09117,0.8399814,-0.19974545,-0.14102472,0.110241055
3,LWrist,275.7294,186.04254,0.7997463,-0.3362326,-0.12970987,-0.25620282
3,RWrist,286.89172,179.09117,0.6054059,-0.33733162,-0.12597825,0.110237695
3,LHip,404.09613,276.4103,0.7855052,-0.05288551,0.080175936,-0.072207436
3,RHip,404.09613,276.4103,0.7298545,-0.046025425,0.07078062,0.07078522
3,LKnee,404.09613,359.82675,0.87161,-0.05561105,0.2913753,-0.0011489845
3,RKnee,398.51498,352.87537,0.85822445,-0.061908446,0.26663873,0.18375465
3,LAnkle,409.6773,443.24316,0.9741155,-0.033067465,0.49206248,0.04718759
3,RAnkle,409.6773,415.43768,0.8142357,-0.04523121,0.41927245,0.23594709
3,Head,387.35266,74.82065,0.9267169,-0.08096693,-0.3812007,-0.07784816
3,Neck,392.9338,130.4316,0.92177063,-0.07073398,-0.24437839,-0.060254894
3,Hip,404.09613,276.4103,0.84154123,-0.04776974,0.077075586,-0.0019955283
3,LBigToe,376.19034,457.1459,0.79123425,,,
3,RBigToe,381.77148,422.38907,0.88433444,,,
3,LSmallToe,381.77148,464.09726,0.7844686,,,
3,RSmallToe,387.35266,415.43768,0.869661,,,
3,LHeel,415.25848,450.19452,0.8594887,,,
3,RHeel,415.25848,429.34042,0.6466193,,,
4,Nose,364.0121,110.3665,0.9591151,,,
4,LEye,369.64505,103.430016,0.9595147,,,
4,REye,369.64505,103.430016,0.9111354,,,
4,LEar,392.17685,110.3665,0.9695942,,,
4,REar,392.17685,110.3665,0.80933386,,,
4,LShoulder,392.17685,158.92188,0.85011786,-0.076982886,-0.18952997,-0.13512953
4,RShoulder,403.44275,151.98538,0.7762512,-0.07455612,-0.20568214,0.03257412
4,LElbow,341.4803,179.73131,0.8838351,-0.19284359,-0.13766275,-0.22068802
4,RElbow,341.4803,172.79483,0.78566617,-0.20160845,-0.14169842,0.10982355
4,LWrist,273.88483,186.66779,0.68827647,-0.34057182,-0.12976672,-0.25568885
4,RWrist,296.41666,179.73131,0.5576216,-0.3390841,-0.12666506,0.10867412
4,LHip,403.44275,276.84204,0.81390715,-0.04748798,0.080256134,-0.07278023
4,RHip,403.44275,276.84204,0.71863955,-0.041958258,0.0702579,0.07114261
4,LKnee,403.44275,360.07983,0.8764314,-0.058351964,0.29092517,-0.0030008669
4,RKnee,397.8098,353.14334,0.85578626,-0.06306209,0.266155,0.18302092
4,LAnkle,409.0757,443.3176,0.9791831,-0.033198737,0.49208322,0.045220938
4,RAnkle,409.0757,415.57166,0.8029511,-0.045441706,0.41996548,0.2352049
4,Head,386.54388,75.6841,0.94104195,-0.0856978,-0.3784088,-0.07738938
4,Neck,392.17685,131.17595,0.9273294,-0.07486397,-0.24330325,-0.06080831
4,Hip,403.44275,269.90558,0.85195434,-0.042863198,0.07677786,-0.0020541486
4,LBigToe,375.27798,464.12704,0.80706686,,,
4,RBigToe,380.91095,422.50815,0.8813444,,,
4,LSmallToe,380.91095,464.12704,0.7897406,,,
4,RSmallToe,386.54388,415.57166,0.8769859,,,
4,LHeel,414.70865,450.2541,0.86754954,,,
4,RHeel,414.70865,429.44464,0.6385645,,,
5,Nose,365.83856,111.2357,0.96285397,,,
5,LEye,371.49136,104.31563,0.97336453,,,
5,REye,365.83856,104.31563,0.9320604,,,
5,LEar,388.4497,111.2357,0.97633964,,,
5,REar,388.4497,111.2357,0.8492539,,,
5,LShoulder,388.4497,159.67627,0.83525735,-0.080959074,-0.18745111,-0.13650775
5,RShoulder,399.7553,152.7562,0.7598324,-0.0779821,-0.20340735,0.031873547
5,LElbow,337.57465,180.43651,0.86986876,-0.19674668,-0.13711412,-0.22255638
5,RElbow,337.57465,173.51643,0.82710975,-0.20400715,-0.14062372,0.10916182
5,LWrist,275.39398,187.3566,0.7431585,-0.345516,-0.12924117,-0.2551266
5,RWrist,286.6996,180.43651,0.60027546,-0.34177548,-0.12606364,0.10600607
5,LHip,405.40808,277.31766,0.80826545,-0.040937558,0.08125991,-0.07323455
5,RHip,405.40808,277.31766,0.7165309,-0.037080467,0.07046211,0.07152549
5,LKnee,399.7553,360.3586,0.89582103,-0.061052084,0.29053584,-0.004987969
5,RKnee,399.7553,353.43854,0.8723809,-0.06405772,0.26575378,0.18232213
5,LAnkle,411.06085,443.3996,0.957319,-0.033008303,0.492327,0.04265872
5,RAnkle,405.40808,415.71927,0.80788225,-0.045616567,0.4207387,0.23412009
5,Head,388.4497,76.6353,0.9310302,-0.09030284,-0.37394097,-0.077109344
5,Neck,388.4497,131.99594,0.88280076,-0.07941991,-0.24045561,-0.061484337
5,Hip,411.06085,270.39758,0.85478115,-0.036862537,0.07742536,-0.0021472198
5,LBigToe,377.14417,457.23975,0.7945113,,,
5,RBigToe,382.79694,422.63934,0.9427647,,,
5,LSmallToe,382.79694,464.15985,0.7861452,,,
5,RSmallToe,382.79694,415.71927,0.9121744,,,
5,LHeel,411.06085,457.23975,0.84616315,,,
5,RHeel,416.71365,429.55942,0.69391376,,,
6,Nose,361.60654,113.18472,0.9657489,,,
6,LEye,367.42667,106.301414,0.97049075,,,
6,REye,361.60654,106.301414,0.94330084,,,
6,LEar,390.70718,113.18472,0.96491677,,,
6,REar,390.70718,113.18472,0.89090186,,,
6,LShoulder,390.70718,161.36787,0.8396533,-0.08491436,-0.18392675,-0.1379866
6,RShoulder,396.5273,154.48457,0.77004087,-0.0825842,-0.19963382,0.030735882
6,LElbow,338.32605,182.01779,0.8381015,-0.20130514,-0.13563459,-0.2242141
6,RElbow,338.32605,175.13449,0.7901974,-0.20763859,-0.13833976,0.10734522
6,LWrist,274.30463,188.90111,0.7323114,-0.3511697,-0.12796576,-0.25487396
6,RWrist,274.30463,182.01779,0.6030944,-0.345112,-0.12473817,0.10175512
6,LHip,408.16757,278.3841,0.8108003,-0.033474453,0.082836166,-0.07371684
6,RHip,408.16757,278.3841,0.7287893,-0.031631667,0.07100594,0.07180634
6,LKnee,396.5273,360.98376,0.898542,-0.06346252,0.29005566,-0.007376194
6,RKnee,396.5273,354.10046,0.85754824,-0.06507445,0.26531878,0.18174246
6,LAnkle,408.16757,443.58347,0.9909939,-0.033041783,0.49268904,0.03965393
6,RAnkle,408.16757,416.05023,0.82135516,-0.045833707,0.4215085,0.23236844
6,Head,384.88705,85.6515,0.91375285,-0.09482606,-0.36781746,-0.0768405
6,Neck,390.70718,133.83464,0.89066064,-0.08437476,-0.23599228,-0.06238883
6,Hip,413.9877,271.5008,0.85182875,-0.030242903,0.07861246,-0.0021307396
6,LBigToe,373.2468,464.2334,0.845698,,,
6,RBigToe,379.06693,422.93353,0.96289295,,,
6,LSmallToe,379.06693,464.2334,0.8040276,,,
6,RSmallToe,384.88705,416.05023,0.8749204,,,
6,LHeel,413.9877,450.46677,0.9390322,,,
6,RHeel,413.9877,429.81686,0.7370572,,,
7,Nose,358.02814,116.35117,0.94536096,,,
7,LEye,370.01892,109.52761,0.955951,,,
7,REye,364.02353,109.52761,0.96347827,,,
7,LEar,388.0051,116.35117,0.9835897,,,
7,REar,388.0051,116.35117,0.86091495,,,
7,LShoulder,388.0051,157.29256,0.84386086,-0.08890574,-0.1788303,-0.13946918
7,RShoulder,394.0005,157.29256,0.7333987,-0.08818147,-0.1942655,0.029269276
7,LElbow,340.04196,177.76324,0.8722772,-0.2064244,-0.1329954,-0.22584115
7,RElbow,340.04196,177.76324,0.860406,-0.2124183,-0.13495265,0.104461946
7,LWrist,274.09262,191.41037,0.627685,-0.35724092,-0.12560898,-0.25454822
7,RWrist,298.0742,184.5868,0.6833487,-0.34827438,-0.12304452,0.09626927
7,LHip,411.9867,280.11667,0.7721885,-0.025159407,0.0849095,-0.07423738
7,RHip,411.9867,280.11667,0.66225535,-0.025711654,0.07201387,0.071981214
7,LKnee,399.99588,355.17587,0.89384305,-0.06571432,0.2894387,-0.0099517545
7,RKnee,399.99588,355.17587,0.850304,-0.06612018,0.26469532,0.18118325
7,LAnkle,411.9867,443.88217,0.97187847,-0.032948438,0.4930823,0.03617812
7,RAnkle,405.99127,416.58792,0.88941675,-0.046160985,0.42209607,0.23013929
7,Head,382.0097,89.05692,0.94278175,-0.0991942,-0.36016175,-0.07705877
7,Neck,388.0051,136.82187,0.93604374,-0.08953519,-0.22995645,-0.06354306
7,Hip,417.9821,273.29312,0.83361435,-0.022807334,0.08035995,-0.0021196494
7,LBigToe,376.0143,464.35287,0.86156476,,,
7,RBigToe,382.0097,423.4115,1.0104586,,,
7,LSmallToe,382.0097,464.35287,0.855849,,,
7,RSmallToe,382.0097,416.58792,0.9451718,,,
7,LHeel,417.9821,450.70575,0.910065,,,
7,RHeel,411.9867,423.4115,0.76387644,,,
8,Nose,360.42596,120.243904,0.9652716,,,
8,LEye,366.53214,113.49379,0.97108066,,,
8,REye,360.42596,113.49379,0.9788203,,,
8,LEar,384.8507,120.243904,0.9668852,,,
8,REar,384.8507,120.243904,0.8771893,,,
8,LShoulder,384.8507,160.7446,0.80299234,-0.09284049,-0.17193927,-0.1408293
8,RShoulder,384.8507,160.7446,0.71534574,-0.094528034,-0.18711746,0.027004642
8,LElbow,336.0012,180.99495,0.7820591,-0.2119643,-0.12834403,-0.22698513
8,RElbow,336.0012,180.99495,0.80085915,-0.21779108,-0.13001396,0.10089655
8,LWrist,268.83313,187.74506,0.7337497,-0.3640562,-0.121963575,-0.2549304
8,RWrist,287.1517,187.74506,0.5075866,-0.35226107,-0.11983062,0.0903318
8,LHip,415.38165,282.24667,0.7565391,-0.016409447,0.08725953,-0.074682996
8,RHip,415.38165,275.49655,0.6309071,-0.019703468,0.07331093,0.07198479
8,LKnee,397.06308,356.49792,0.8393709,-0.06766555,0.28885528,-0.012977257
8,RKnee,397.06308,349.7478,0.8125794,-0.06734349,0.26415214,0.18046024
8,LAnkle,409.27548,444.24942,0.9386644,-0.03310425,0.4932737,0.032151226
8,RAnkle,403.16928,417.24896,0.78716516,-0.04661689,0.4226929,0.22708638
8,Head,378.74454,86.49333,0.9106382,-0.10335969,-0.35062292,-0.07789845
8,Neck,384.8507,140.49425,0.8884496,-0.09478964,-0.22228748,-0.06512084
8,Hip,415.38165,275.49655,0.8283051,-0.015107606,0.082556665,-0.0020797907
8,LBigToe,372.63834,464.49976,0.89260083,,,
8,RBigToe,378.74454,423.99908,0.9570835,,,
8,LSmallToe,384.8507,464.49976,0.90324104,,,
8,RSmallToe,384.8507,417.24896,0.94930273,,,
8,LHeel,415.38165,450.99954,0.91899973,,,
8,RHeel,409.27548,423.99908,0.68853754,,,
9,Nose,354.03174,124.31887,0.9550094,,,
9,LEye,360.40216,117.645645,0.965442,,,
9,REye,360.40216,117.645645,0.92670757,,,
9,LEar,385.8838,124.31887,0.94750845,,,
9,REar,379.5134,124.31887,0.86069024,,,
9,LShoulder,385.8838,164.35825,0.83058035,-0.096586816,-0.16346623,-0.14228675
9,RShoulder,379.5134,164.35825,0.74485976,-0.10123424,-0.17843272,0.023774043
9,LElbow,334.9205,184.37793,0.8049861,-0.21777463,-0.12217829,-0.2278435
9,RElbow,334.9205,184.37793,0.7942179,-0.22349396,-0.12417278,0.09643528
9,LWrist,264.846,191.05116,0.8032662,-0.3709343,-0.11697227,-0.25534263
9,RWrist,277.58682,191.05116,0.5585362,-0.35672104,-0.11543597,0.08408854
9,LHip,417.73584,277.80313,0.73773235,-0.007545336,0.08972868,-0.07508201
9,RHip,417.73584,277.80313,0.6455632,-0.01358814,0.074973896,0.07197251
9,LKnee,398.6246,357.88187,0.83379203,-0.069299564,0.2883822,-0.016132208
9,RKnee,398.6246,351.20865,0.8095756,-0.068680756,0.26356062,0.17974332
9,LAnkle,411.36545,444.63385,0.9097672,-0.033021975,0.4934822,0.028025141
9,RAnkle,404.99503,417.94095,0.7804074,-0.0469025,0.42330238,0.22358288
9,Head,379.5134,97.62595,0.9415018,-0.107188925,-0.33936122,-0.07887659
9,Neck,379.5134,144.33856,0.8682763,-0.09973071,-0.21321866,-0.06708523
9,Hip,424.10626,277.80313,0.80557495,-0.0069712102,0.085020155,-0.0021715246
9,LBigToe,373.14297,464.65353,0.8872608,,,
9,RBigToe,379.5134,424.61417,0.958403,,,
9,LSmallToe,385.8838,464.65353,0.8879358,,,
9,RSmallToe,379.5134,417.94095,0.9692943,,,
9,LHeel,417.73584,451.3071,0.9037479,,,
9,RHeel,411.36545,424.61417,0.67627543,,,
10,Nose,350.86807,128.94922,0.9391299,,,
10,LEye,363.61926,122.36335,0.95816505,,,
10,REye,357.24368,122.36335,0.94773084,,,
10,LEar,382.74606,128.94922,0.95506316,,,
10,REar,376.37045,128.94922,0.84075433,,,
10,LShoulder,382.74606,175.05026,0.8475164,-0.1002262,-0.15341295,-0.14393649
10,RShoulder,376.37045,168.4644,0.77597016,-0.107925266,-0.16811012,0.019514997
10,LElbow,331.7413,188.22198,0.81623036,-0.22371182,-0.11422506,-0.22852215
10,RElbow,331.7413,188.22198,0.7423015,-0.22949542,-0.117249295,0.09106534
10,LWrist,261.60974,194.80786,0.6379652,-0.37754285,-0.11003812,-0.2556292
10,RWrist,299.8633,188.22198,0.5243517,-0.36115146,-0.109772995,0.07753093
10,LHip,420.99963,280.42407,0.7336631,0.00077754096,0.09226596,-0.07533388
10,RHip,420.99963,280.42407,0.6210843,-0.0077806655,0.07688485,0.07189789
10,LKnee,395.49725,352.8686,0.89161366,-0.07090719,0.28801122,-0.019637123
10,RKnee,395.49725,346.2827,0.8746656,-0.07031437,0.2628779,0.17885974
10,LAnkle,408.24844,445.07068,0.91357255,-0.03306075,0.4935532,0.023428187
10,RAnkle,401.87283,418.72723,0.75789475,-0.047321435,0.42380223,0.21963166
10,Head,376.37045,102.60576,0.9399151,-0.11077615,-0.3266531,-0.0805633
10,Neck,382.74606,148.7068,0.91346425,-0.10454525,-0.20254628,-0.0695925
10,Hip,427.3752,273.83823,0.80953366,0.00071900873,0.08736062,-0.002324126
10,LBigToe,369.99487,464.82828,0.84123087,,,
10,RBigToe,382.74606,425.31308,0.90483886,,,
10,LSmallToe,382.74606,464.82828,0.8855462,,,
10,RSmallToe,382.74606,418.72723,0.9574016,,,
10,LHeel,414.62402,451.65656,0.8595817,,,
10,RHeel,414.62402,425.31308,0.65662277,,,
11,Nose,351.53357,134.04987,0.9762423,,,
11,LEye,358.11835,127.56024,0.964796,,,
11,REye,358.11835,127.56024,0.9331124,,,
11,LEar,377.87268,134.04987,0.9487694,,,
11,REar,377.87268,134.04987,0.8776189,,,
11,LShoulder,384.45746,179.47725,0.8243621,-0.103563815,-0.14173687,-0.14571294
11,RShoulder,377.87268,172.98763,0.7792436,-0.11373659,-0.15604381,0.0150422
11,LElbow,331.77924,192.4565,0.8093076,-0.22912581,-0.104647785,-0.22868161
11,RElbow,325.19446,192.4565,0.7278084,-0.23490453,-0.109068185,0.08601808
11,LWrist,259.3467,198.94612,0.7905059,-0.38352633,-0.101460665,-0.25546852
11,RWrist,272.51627,198.94612,0.5005207,-0.3653522,-0.102270156,0.072372444
11,LHip,423.9661,283.31125,0.73219997,0.0083380025,0.09569511,-0.07532432
11,RHip,423.9661,276.82162,0.6572377,-0.0024696204,0.07975018,0.07164111
11,LKnee,397.627,354.6971,0.92728466,-0.07258055,0.28823054,-0.023414101
11,RKnee,397.627,348.2075,0.8892445,-0.072405405,0.2625732,0.17841083
11,LAnkle,410.79657,445.55188,0.9367754,-0.033038165,0.49374327,0.018685093
11,RAnkle,404.2118,413.10376,0.7434588,-0.047761116,0.42457741,0.21548271
11,Head,377.87268,108.09137,0.95453775,-0.11413893,-0.31260428,-0.082267255
11,Neck,377.87268,153.51875,0.89507324,-0.108876735,-0.19018717,-0.072153054
11,Hip,430.55087,276.82162,0.83393735,0.0069859065,0.090336055,-0.002370638
11,LBigToe,371.2879,465.02075,0.8807327,,,
11,RBigToe,377.87268,419.59338,0.890648,,,
11,LSmallToe,384.45746,465.02075,0.91145134,,,
11,RSmallToe,384.45746,419.59338,0.9313074,,,
11,LHeel,417.38132,452.0415,0.8735831,,,
11,RHeel,410.79657,426.083,0.6504118,,,
12,Nose,348.69016,138.53174,0.95351666,,,
12,LEye,355.2555,132.12668,0.9431545,,,
12,REye,355.2555,132.12668,0.93981695,,,
12,LEar,374.95157,144.9368,0.936881,,,
12,REar,374.95157,138.53174,0.8313328,,,
12,LShoulder,381.51694,183.36717,0.8835278,-0.1065528,-0.1289685,-0.1475986
12,RShoulder,374.95157,183.36717,0.7405362,-0.11893234,-0.1428253,0.010516222
12,LElbow,328.99408,196.17729,0.8009038,-0.23401883,-0.09387885,-0.22839314
12,RElbow,322.4287,196.17729,0.74788,-0.23984909,-0.10014528,0.08084943
12,LWrist,256.77515,202.58235,0.8469903,-0.38884816,-0.09170672,-0.25549856
12,RWrist,269.90585,202.58235,0.5312008,-0.36919153,-0.09415533,0.06736425
12,LHip,427.47443,279.44308,0.7664909,0.015073231,0.09973222,-0.07509769
12,RHip,427.47443,279.44308,0.6846803,0.002385148,0.08346704,0.07131044
12,LKnee,394.64764,356.30383,0.9003841,-0.07451658,0.28887928,-0.027012117
12,RKnee,394.64764,349.89877,0.88263273,-0.07491352,0.26253644,0.17835513
12,LAnkle,407.77835,445.9747,0.9392509,-0.03307358,0.4938616,0.014068756
12,RAnkle,401.213,413.94937,0.76145023,-0.04816373,0.425144,0.21125199
12,Head,374.95157,112.91149,0.9090348,-0.11727536,-0.2975298,-0.08357304
12,Neck,374.95157,164.152,0.90733767,-0.11275684,-0.17659304,-0.07475377
12,Hip,434.0398,279.44308,0.82388455,0.0121463835,0.093862936,-0.0023949153
12,LBigToe,374.95157,458.78482,0.87311137,,,
12,RBigToe,381.51694,420.35443,0.9270064,,,
12,LSmallToe,381.51694,465.18988,0.9418989,,,
12,RSmallToe,388.08228,420.35443,0.88639295,,,
12,LHeel,414.34372,452.37976,0.9000097,,,
12,RHeel,407.77835,426.75952,0.646856,,,
13,Nose,351.2317,145.96696,0.9392836,,,
13,LEye,357.84265,139.7022,0.9661342,,,
13,REye,351.2317,139.7022,0.93648577,,,
13,LEar,377.67563,145.96696,0.94571584,,,
13,REar,377.67563,145.96696,0.8161882,,,
13,LShoulder,377.67563,189.82039,0.8864849,-0.10918019,-0.11499795,-0.1497016
13,RShoulder,377.67563,183.55562,0.7689032,-0.12357339,-0.12841533,0.00597314
13,LElbow,324.78772,202.34995,0.8204979,-0.2382473,-0.081566155,-0.22759603
13,RElbow,324.78772,202.34995,0.782419,-0.24410652,-0.09016608,0.07600612
13,LWrist,258.67786,202.34995,0.7877419,-0.39338094,-0.080454245,-0.25494638
13,RWrist,271.89984,202.34995,0.63568485,-0.3723201,-0.0852651,0.06254044
13,LHip,430.5635,283.792,0.78838706,0.020764735,0.104552284,-0.074769884
13,RHip,430.5635,283.792,0.72228014,0.0066067195,0.08799066,0.0710525
13,LKnee,397.50858,358.9693,0.88320845,-0.07680467,0.2900631,-0.030976733
13,RKnee,397.50858,352.70453,0.8531633,-0.07784541,0.26267925,0.17867178
13,LAnkle,410.73056,446.67612,0.94311684,-0.03319738,0.49415156,0.009292381
13,RAnkle,404.11957,415.35226,0.78426653,-0.04862534,0.42554054,0.20667544
13,Head,377.67563,120.907875,0.9338517,-0.120319806,-0.28151736,-0.085083246
13,Neck,377.67563,171.02606,0.8833772,-0.116247885,-0.16179563,-0.07755289
13,Hip,430.5635,277.52722,0.8284992,0.01582702,0.098087385,-0.002402454
13,LBigToe,377.67563,459.2057,0.85303855,,,
13,RBigToe,377.67563,421.61703,0.9386257,,,
13,LSmallToe,384.28662,465.47046,0.92502016,,,
13,RSmallToe,384.28662,415.35226,0.86377454,,,
13,LHeel,417.34155,452.94092,0.9051108,,,
13,RHeel,410.73056,427.8818,0.63775885,,,
14,Nose,345.26627,151.52806,0.91491365,,,
14,LEye,352.02338,145.36823,0.9107256,,,
14,REye,352.02338,145.36823,0.90778804,,,
14,LEar,372.2948,157.68791,0.9349037,,,
14,REar,372.2948,151.52806,0.7592216,,,
14,LShoulder,379.0519,194.647,0.8834237,-0.11107185,-0.1002793,-0.1516167
14,RShoulder,372.2948,194.647,0.7721844,-0.12731549,-0.113285705,0.0021121362
14,LElbow,324.99487,206.96669,0.8122965,-0.24173795,-0.06857382,-0.22649306
14,RElbow,318.23773,206.96669,0.81417936,-0.2476477,-0.07961689,0.07177114
14,LWrist,257.42352,213.12654,0.83885044,-0.3973049,-0.06794369,-0.2537475
14,RWrist,264.18066,206.96669,0.71416813,-0.37467,-0.07552117,0.058245372
14,LHip,433.10898,287.0447,0.7776183,0.026094593,0.11080755,-0.07429687
14,RHip,426.35184,287.0447,0.71237123,0.010521041,0.09367773,0.07074254
14,LKnee,392.5662,354.80304,0.86561567,-0.08001217,0.2917501,-0.034589708
14,RKnee,392.5662,348.6432,0.85796475,-0.0816791,0.2630646,0.17959996
14,LAnkle,412.8376,447.20078,0.93377215,-0.03330679,0.49453613,0.004954522
14,RAnkle,406.08044,416.40152,0.820587,-0.04911479,0.4259616,0.20243925
14,Head,372.2948,126.88868,0.95251966,-0.12297328,-0.26503393,-0.086113766
14,Neck,372.2948,176.16747,0.88009566,-0.119002074,-0.1464686,-0.079960555
14,Hip,433.10898,280.88486,0.840663,0.019780315,0.10377754,-0.0023604867
14,LBigToe,372.2948,459.52045,0.8534334,,,
14,RBigToe,379.0519,422.56137,0.9785402,,,
14,LSmallToe,385.80905,465.6803,0.9012485,,,
14,RSmallToe,385.80905,416.40152,0.8761517,,,
14,LHeel,419.59473,453.3606,0.9281639,,,
14,RHeel,412.8376,422.56137,0.6787772,,,
15,Nose,343.25632,163.68832,0.9175352,,,
15,LEye,350.31342,157.64388,0.917775,,,
15,REye,350.31342,151.59941,0.9045895,,,
15,LEar,371.48465,163.68832,0.9297164,,,
15,REar,371.48465,157.64388,0.71766335,,,
15,LShoulder,378.54172,199.95506,0.88294005,-0.11244825,-0.08538831,-0.15322605
15,RShoulder,371.48465,199.95506,0.71744347,-0.13026053,-0.09786998,-0.0011913953
15,LElbow,315.02798,218.08842,0.8234998,-0.24461631,-0.05509462,-0.2254281
15,RElbow,315.02798,212.04396,0.82283866,-0.2501723,-0.068944424,0.06834819
15,LWrist,258.57132,218.08842,0.8864679,-0.40053672,-0.05525083,-0.2519396
15,RWrist,265.62842,212.04396,0.7573554,-0.37616676,-0.065804675,0.05450075
15,LHip,434.99838,290.6219,0.7647617,0.031082345,0.1181127,-0.07373048
15,RHip,427.9413,290.6219,0.7113856,0.014392938,0.10050437,0.07034092
15,LKnee,392.65588,357.1109,0.8642609,-0.08384006,0.2936928,-0.03815979
15,RKnee,392.65588,351.06644,0.87546635,-0.08602716,0.26345357,0.18086244
15,LAnkle,406.77005,447.7777,0.93653876,-0.033485994,0.49488506,0.0010209901
15,RAnkle,406.77005,417.55545,0.8096332,-0.049633622,0.4263762,0.19839038
15,Head,371.48465,133.46605,0.9430842,-0.12525825,-0.2485554,-0.087039195
15,Neck,371.48465,181.82169,0.8753007,-0.12110765,-0.13102353,-0.08215173
15,Hip,434.99838,284.57742,0.8492857,0.023631273,0.11059816,-0.0023310438
15,LBigToe,371.48465,459.86664,0.8483192,,,
15,RBigToe,378.54172,423.5999,1.0562716,,,
15,LSmallToe,385.59882,465.9111,0.91591835,,,
15,RSmallToe,385.59882,417.55545,0.9197148,,,
15,LHeel,420.88422,453.82217,0.9004688,,,
15,RHeel,413.82715,423.5999,0.6966366,,,
16,Nose,345.28473,170.61186,0.9373979,,,
16,LEye,352.295,164.70055,0.9312351,,,
16,REye,345.28473,158.78925,0.8981749,,,
16,LEar,373.3259,170.61186,0.95179456,,,
16,REar,373.3259,164.70055,0.7501786,,,
16,LShoulder,380.33618,206.07973,0.88178235,-0.113299996,-0.06996347,-0.1546326
16,RShoulder,373.3259,206.07973,0.7355751,-0.13254745,-0.08188479,-0.004153247
16,LElbow,317.24356,223.81366,0.85229194,-0.247127,-0.041190166,-0.22382522
16,RElbow,317.24356,211.99103,0.8292769,-0.25187624,-0.05785985,0.06547563
16,LWrist,254.15094,223.81366,0.8842455,-0.40368223,-0.042060293,-0.24970356
16,RWrist,268.17154,211.99103,0.7895491,-0.37702185,-0.055568352,0.051136777
16,LHip,436.4185,294.7494,0.7703184,0.035607908,0.12650697,-0.07316672
16,RHip,429.4082,294.7494,0.7246943,0.018018888,0.108371526,0.069931306
16,LKnee,394.35675,359.7738,0.835428,-0.088373184,0.29591945,-0.042001706
16,RKnee,387.34647,347.95117,0.87420356,-0.09102215,0.26372012,0.1823751
16,LAnkle,408.37735,448.44345,0.97085905,-0.03372275,0.49533537,-0.0029014933
16,RAnkle,401.36703,418.8869,0.846982,-0.050350305,0.42683965,0.19446343
16,Head,373.3259,141.05531,0.9519635,-0.12720323,-0.23154189,-0.08793537
16,Neck,373.3259,188.3458,0.90183187,-0.12262699,-0.11506197,-0.08432377
16,Hip,436.4185,288.83807,0.84929645,0.02718447,0.11854024,-0.0023262564
16,LBigToe,373.3259,460.26608,0.86496985,,,
16,RBigToe,380.33618,424.79822,1.0470318,,,
16,LSmallToe,387.34647,466.17737,0.88415855,,,
16,RSmallToe,380.33618,418.8869,0.96094155,,,
16,LHeel,415.38763,454.35477,0.90105224,,,
16,RHeel,408.37735,424.79822,0.7420376,,,
17,Nose,348.19608,176.07231,0.93517995,,,
17,LEye,355.06088,170.26602,0.93520945,,,
17,REye,348.19608,170.26602,0.9342555,,,
17,LEar,375.65536,176.07231,0.93423736,,,
17,REar,368.79056,176.07231,0.71546876,,,
17,LShoulder,382.5202,210.91013,0.8913377,-0.11365494,-0.05502855,-0.15580395
17,RShoulder,368.79056,210.91013,0.7483503,-0.1341098,-0.066712655,-0.00659167
17,LElbow,320.73676,228.32903,0.8078696,-0.24926442,-0.02775113,-0.22193967
17,RElbow,320.73676,216.71643,0.77213293,-0.25285012,-0.046726644,0.06325703
17,LWrist,252.08847,228.32903,0.86005217,-0.40629274,-0.029263005,-0.24769112
17,RWrist,265.8181,216.71643,0.8189488,-0.37717694,-0.04522878,0.048489053
17,LHip,437.43884,298.00464,0.7600738,0.039665572,0.13542794,-0.072597645
17,RHip,430.574,298.00464,0.72353566,0.021519983,0.11664881,0.06952718
17,LKnee,389.38504,361.87396,0.83048546,-0.09348363,0.29824427,-0.046352074
17,RKnee,389.38504,350.26135,0.88330257,-0.09603152,0.26382205,0.18410337
17,LAnkle,409.97952,448.9685,0.956113,-0.03391812,0.49572888,-0.006717257
17,RAnkle,403.1147,414.13068,0.8638611,-0.051143713,0.42715642,0.19127938
17,Head,368.79056,147.0408,0.97010195,-0.12869897,-0.21483721,-0.08853328
17,Neck,375.65536,193.49123,0.9128255,-0.123530224,-0.099558845,-0.08639292
17,Hip,437.43884,292.19836,0.83223605,0.030379387,0.12705173,-0.0023467469
17,LBigToe,375.65536,460.5811,0.844258,,,
17,RBigToe,375.65536,425.7433,1.0141944,,,
17,LSmallToe,382.5202,466.3874,0.894929,,,
17,RSmallToe,382.5202,419.93698,0.98027796,,,
17,LHeel,416.84433,454.77478,0.88553464,,,
17,RHeel,409.97952,419.93698,0.73713255,,,
18,Nose,346.7723,181.58615,0.9581119,,,
18,LEye,353.64215,175.88588,0.9430117,,,
18,REye,346.7723,175.88588,0.95021737,,,
18,LEar,374.25168,181.58615,0.9190173,,,
18,REar,367.38184,181.58615,0.6838618,,,
18,LShoulder,381.12152,215.78775,0.86739224,-0.113586195,-0.040094815,-0.15646318
18,RShoulder,367.38184,215.78775,0.79149085,-0.13485497,-0.051639803,-0.008486073
18,LElbow,319.29297,232.88855,0.8367913,-0.2511782,-0.014364614,-0.21986702
18,RElbow,319.29297,221.488,0.82090557,-0.25321805,-0.035422087,0.061720457
18,LWrist,250.59454,232.88855,0.878378,-0.40841824,-0.016670316,-0.24543506
18,RWrist,264.33423,221.488,0.8252577,-0.37656593,-0.03475773,0.04653544
18,LHip,442.95007,306.992,0.82705843,0.043435864,0.1451732,-0.07200853
18,RHip,429.21042,301.29175,0.733974,0.024830189,0.12557471,0.069062226
18,LKnee,387.99136,363.99466,0.8137474,-0.0990001,0.30061105,-0.05076008
18,RKnee,387.99136,352.59415,0.8860478,-0.101051226,0.26368782,0.18574233
18,LAnkle,408.6009,449.49866,0.9725989,-0.03411816,0.49602744,-0.010543967
18,RAnkle,401.73105,415.29706,0.84610915,-0.05199167,0.42726228,0.18820564
18,Head,367.38184,153.08482,0.9524482,-0.12969378,-0.1980627,-0.08896052
18,Neck,374.25168,204.3872,0.91347337,-0.123763084,-0.08426997,-0.0882543
18,Hip,442.95007,295.5915,0.8168541,0.033689015,0.13638705,-0.002393827
18,LBigToe,374.25168,460.8992,0.86767256,,,
18,RBigToe,374.25168,426.6976,0.9967619,,,
18,LSmallToe,381.12152,466.59946,0.89548934,,,
18,RSmallToe,381.12152,420.99734,0.9739757,,,
18,LHeel,415.47073,455.19894,0.8854788,,,
18,RHeel,415.47073,420.99734,0.73083276,,,
19,Nose,345.28647,188.13725,0.93399554,,,
19,LEye,351.91006,182.56296,0.95068085,,,
19,REye,345.28647,182.56296,0.94934833,,,
19,LEar,371.7808,188.13725,0.94198817,,,
19,REar,371.7808,193.71153,0.7315928,,,
19,LShoulder,385.02792,221.58295,0.87739825,-0.11335845,-0.025946273,-0.15687126
19,RShoulder,365.1572,221.58295,0.79401386,-0.13501088,-0.037570976,-0.00976855
19,LElbow,312.1686,238.3058,0.8554072,-0.25303847,-0.0016135387,-0.21804497
19,RElbow,312.1686,227.15723,0.81086963,-0.2531386,-0.024641646,0.06103912
19,LWrist,259.18,238.3058,0.8945024,-0.41005105,-0.0045558624,-0.24364871
19,RWrist,265.80356,227.15723,0.8221838,-0.3753503,-0.024630554,0.0453897
19,LHip,444.64014,310.77148,0.83881116,0.046412893,0.15487024,-0.07148824
19,RHip,424.7694,305.1972,0.76256126,0.02736528,0.1344567,0.0685982
19,LKnee,385.02792,360.94003,0.82425964,-0.10436071,0.30290565,-0.055364482
19,RKnee,385.02792,349.79147,0.8557868,-0.10594453,0.26343945,0.18727717
19,LAnkle,411.52225,450.12857,0.9489108,-0.034365036,0.49634674,-0.014314678
19,RAnkle,404.89865,416.6829,0.8715874,-0.052945778,0.42737746,0.18574274
19,Head,371.7808,160.26582,0.9767369,-0.1302103,-0.18230547,-0.089231856
19,Neck,371.7808,210.43439,0.9856609,-0.12379527,-0.06992021,-0.08998764
19,Hip,438.01654,299.62292,0.8302258,0.036057856,0.14574876,-0.0025044729
19,LBigToe,371.7808,461.27716,0.8682627,,,
19,RBigToe,378.40436,422.25717,1.0099849,,,
19,LSmallToe,385.02792,466.85144,0.8807979,,,
19,RSmallToe,378.40436,422.25717,0.9687189,,,
19,LHeel,418.1458,455.70285,0.8758356,,,
19,RHeel,418.1458,416.6829,0.7164031,,,
20,Nose,342.7139,194.025,0.9337306,,,
20,LEye,349.4762,188.56393,0.92259884,,,
20,REye,349.4762,188.56393,0.9438383,,,
20,LEar,369.76312,199.48605,0.90378964,,,
20,REar,369.76312,199.48605,0.71844774,,,
20,LShoulder,383.28772,232.2524,0.8931013,-0.11264974,-0.012206538,-0.15684403
20,RShoulder,369.76312,226.79134,0.84083533,-0.13467246,-0.023783663,-0.010647401
20,LElbow,315.66467,243.17451,0.8455302,-0.25477266,0.011186212,-0.21531507
20,RElbow,322.42697,232.2524,0.8985526,-0.2525441,-0.013832385,0.06014373
20,LWrist,254.80394,243.17451,0.90193975,-0.4120459,0.007174831,-0.24139316
20,RWrist,275.09085,232.2524,0.81380713,-0.37399247,-0.014349392,0.044044077
20,LHip,444.14847,314.16827,0.82907957,0.049513727,0.16477358,-0.070895225
20,RHip,430.62384,308.7072,0.7279832,0.030075707,0.14359602,0.06813495
20,LKnee,383.28772,363.31778,0.78653866,-0.10959269,0.30510095,-0.060571186
20,RKnee,383.28772,346.9346,0.82916135,-0.11077008,0.26268005,0.18843669
20,LAnkle,410.33694,445.23364,0.9390572,-0.03451862,0.4964231,-0.018141659
20,RAnkle,403.57465,412.46732,0.86773044,-0.053962167,0.42737675,0.18328285
20,Head,369.76312,166.7197,0.9744715,-0.13035858,-0.1665348,-0.08944783
20,Neck,369.76312,215.86922,0.95716536,-0.12339176,-0.055632178,-0.09173098
20,Hip,444.14847,303.24615,0.83367604,0.03887781,0.15533139,-0.0025595792
20,LBigToe,369.76312,461.61682,0.8404777,,,
20,RBigToe,376.52542,423.38943,0.9789877,,,
20,LSmallToe,383.28772,467.07788,0.8827895,,,
20,RSmallToe,383.28772,417.92838,0.8999055,,,
20,LHeel,417.09924,456.15576,0.86125636,,,
20,RHeel,417.09924,417.92838,0.72726095,,,
21,Nose,340.92072,205.28423,0.9139398,,,
21,LEye,354.04007,199.93686,0.92256665,,,
21,REye,347.48038,194.5895,0.9725349,,,
21,LEar,373.7191,205.28423,0.9620708,,,
21,REar,367.15942,205.28423,0.7442687,,,
21,LShoulder,380.27878,237.36844,0.8656307,-0.11198295,0.0011267997,-0.15685117
21,RShoulder,367.15942,232.02107,0.80927306,-0.13398397,-0.010590677,-0.011248518
21,LElbow,314.682,248.06317,0.8084848,-0.25647262,0.024046574,-0.21270552
21,RElbow,314.682,237.36844,0.8921421,-0.25156748,-0.0032485984,0.059827898
21,LWrist,249.08524,248.06317,0.8502744,-0.41434234,0.018609684,-0.23908983
21,RWrist,268.76425,237.36844,0.8495456,-0.37229824,-0.004104499,0.04384107
21,LHip,445.87555,317.57895,0.7925572,0.051971093,0.17475761,-0.070296995
21,RHip,432.7562,306.88422,0.6851522,0.032153834,0.15265295,0.067647226
21,LKnee,380.27878,365.70526,0.8416084,-0.1145798,0.30732015,-0.06629919
21,RKnee,380.27878,349.66318,0.8118653,-0.11543495,0.26190495,0.18947133
21,LAnkle,406.5175,445.9158,0.896127,-0.034703646,0.4965823,-0.021844506
21,RAnkle,399.9578,413.83157,0.8997011,-0.055056833,0.42751792,0.18080431
21,Head,367.15942,173.20001,0.9545452,-0.13021453,-0.15121,-0.08968917
21,Neck,373.7191,221.32632,0.97907627,-0.12269065,-0.041724212,-0.09333602
21,Hip,445.87555,306.88422,0.82876104,0.04091086,0.16499181,-0.0026170884
21,LBigToe,373.7191,461.9579,0.880003,,,
21,RBigToe,373.7191,424.5263,0.92627996,,,
21,LSmallToe,380.27878,467.30527,0.8943475,,,
21,RSmallToe,380.27878,419.17896,0.8357135,,,
21,LHeel,419.63684,456.61053,0.8780252,,,
21,RHeel,413.07715,413.83157,0.82843655,,,
22,Nose,343.81598,210.11386,0.9379141,,,
22,LEye,350.5617,204.86119,0.9413223,,,
22,REye,343.81598,199.60854,0.9085868,,,
22,LEar,370.79886,210.11386,0.94989663,,,
22,REar,370.79886,210.11386,0.7758715,,,
22,LShoulder,384.2903,241.62988,0.8620274,-0.11147857,0.013947319,-0.15679312
22,RShoulder,370.79886,236.37721,0.81530005,-0.1330904,0.0019872412,-0.011610508
22,LElbow,316.8331,252.13522,0.73314375,-0.2581902,0.036601756,-0.21015406
22,RElbow,323.57883,241.62988,0.94511,-0.2501943,0.006928822,0.05973011
22,LWrist,249.37593,252.13522,0.8295822,-0.41637295,0.029679637,-0.23687363
22,RWrist,269.61307,241.62988,0.8471467,-0.37061545,0.0057296865,0.04411877
22,LHip,445.00177,320.41992,0.7527264,0.053562157,0.18503879,-0.069786005
22,RHip,431.51035,309.91458,0.6892591,0.03339233,0.1619289,0.067201726
22,LKnee,377.5446,367.69394,0.84236634,-0.11914662,0.30972686,-0.071636654
22,RKnee,377.5446,346.68326,0.82990986,-0.119708344,0.2610391,0.19062677
22,LAnkle,411.27316,446.48398,0.91095793,-0.034808114,0.4967663,-0.025127785
22,RAnkle,397.78174,414.96796,0.8746367,-0.056049313,0.42778337,0.17879555
22,Head,370.79886,178.59785,0.940647,-0.12981583,-0.13682997,-0.090036735
22,Neck,377.5446,225.87187,0.93004006,-0.12204027,-0.028486973,-0.0947995
22,Hip,445.00177,315.16727,0.8029581,0.042110693,0.17485216,-0.0025065944
22,LBigToe,370.79886,462.242,0.8674761,,,
22,RBigToe,377.5446,425.4733,0.9191113,,,
22,LSmallToe,384.2903,467.49466,0.8820565,,,
22,RSmallToe,384.2903,420.22064,0.8270515,,,
22,LHeel,418.0189,456.98932,0.8615377,,,
22,RHeel,411.27316,414.96796,0.7935229,,,
23,Nose,343.2482,215.41553,0.92752296,,,
23,LEye,350.38773,210.26682,0.93007314,,,
23,REye,350.38773,205.1181,0.9073998,,,
23,LEar,371.80637,215.41553,0.9228034,,,
23,REar,371.80637,215.41553,0.7006829,,,
23,LShoulder,386.08542,246.30782,0.8497153,-0.110957086,0.026282739,-0.1568271
23,RShoulder,371.80637,241.1591,0.77873033,-0.13205731,0.013945896,-0.0120431995
23,LElbow,314.69003,261.75397,0.79061383,-0.25989103,0.049341317,-0.20776184
23,RElbow,321.8296,241.1591,0.94578123,-0.24872938,0.016862698,0.06000759
23,LWrist,243.29463,256.60526,0.858522,-0.41842797,0.040675383,-0.23491815
23,RWrist,271.85278,241.1591,0.9124433,-0.3686713,0.015454281,0.04467903
23,LHip,443.20175,328.68726,0.7415953,0.05479885,0.19497113,-0.069192015
23,RHip,436.0622,313.24112,0.6856758,0.034319047,0.17098548,0.0667659
23,LKnee,378.9459,369.87698,0.81397915,-0.12317462,0.31235027,-0.07696502
23,RKnee,378.9459,344.13342,0.86991686,-0.123260245,0.26022533,0.19168723
23,LAnkle,407.50406,447.1077,0.95759904,-0.03482999,0.49691632,-0.028038846
23,RAnkle,400.3645,416.21542,0.8710084,-0.056941908,0.4280164,0.17697293
23,Head,371.80637,184.52324,0.9233992,-0.12934013,-0.1228355,-0.090483315
23,Neck,371.80637,230.86168,0.9212967,-0.1213669,-0.015893785,-0.096339785
23,Hip,443.20175,318.38983,0.7930499,0.042964045,0.18439056,-0.0024784238
23,LBigToe,371.80637,462.55386,0.8821463,,,
23,RBigToe,378.9459,426.51285,0.8684068,,,
23,LSmallToe,386.08542,467.70258,0.8783973,,,
23,RSmallToe,378.9459,421.36414,0.8114846,,,
23,LHeel,421.78314,452.25644,0.8876924,,,
23,RHeel,414.6436,416.21542,0.7854266,,,
24,Nose,342.41434,219.48718,0.9240189,,,
24,LEye,349.29538,214.4183,0.93306726,,,
24,REye,342.41434,209.34943,0.879485,,,
24,LEar,369.93854,219.48718,0.925901,,,
24,REar,369.93854,219.48718,0.74882334,,,
24,LShoulder,383.70062,254.96933,0.8579831,-0.11054502,0.03764774,-0.1573
24,RShoulder,369.93854,244.83157,0.8163689,-0.13106453,0.025003873,-0.0127764065
24,LElbow,308.00912,265.1071,0.80964684,-0.26154703,0.061757993,-0.20573603
24,RElbow,321.7712,249.90045,0.9597838,-0.24709088,0.026492458,0.06027024
24,LWrist,246.07974,260.0382,0.8226305,-0.41968548,0.051491003,-0.23288807
24,RWrist,273.6039,249.90045,0.86183596,-0.36661103,0.02495657,0.04531537
24,LHip,445.63,331.0025,0.74989784,0.056084067,0.20438182,-0.06859047
24,RHip,431.86792,320.86475,0.71577305,0.034942854,0.17942365,0.06635014
24,LKnee,376.81958,371.55356,0.84871596,-0.1266928,0.31470802,-0.08213168
24,RKnee,376.81958,346.20914,0.8386427,-0.12605938,0.25933203,0.19258435
24,LAnkle,411.2248,447.58673,0.89658016,-0.034810655,0.49691966,-0.030485837
24,RAnkle,397.4627,412.10458,0.86741793,-0.057757486,0.4281991,0.17520186
24,Head,369.93854,189.07391,0.9364255,-0.12881835,-0.109647185,-0.09119413
24,Neck,376.81958,239.7627,0.91374534,-0.120555915,-0.0041246396,-0.097787894
24,Hip,445.63,320.86475,0.82712114,0.043900866,0.19340208,-0.0025175444
24,LBigToe,369.93854,457.7245,0.87062377,,,
24,RBigToe,376.81958,427.31122,0.86577696,,,
24,LSmallToe,383.70062,467.86224,0.8759671,,,
24,RSmallToe,383.70062,422.24234,0.79422873,,,
24,LHeel,418.10583,452.6556,0.8637032,,,
24,RHeel,411.2248,417.17346,0.8930405,,,
25,Nose,341.5123,223.76967,0.9173295,,,
25,LEye,348.36536,218.78476,0.9200938,,,
25,REye,348.36536,218.78476,0.90509844,,,
25,LEar,368.9245,223.76967,0.9133978,,,
25,REar,368.9245,223.76967,0.7365626,,,
25,LShoulder,382.63058,258.66403,0.86668015,-0.11022818,0.048180785,-0.15770382
25,RShoulder,368.9245,248.69421,0.77619886,-0.13005418,0.03519158,-0.013282722
25,LElbow,307.24704,273.61874,0.85628307,-0.26296735,0.0736461,-0.20365664
25,RElbow,320.95316,253.67912,0.97964144,-0.2453865,0.03549576,0.060733553
25,LWrist,245.5696,263.64893,0.85209036,-0.42122588,0.06198181,-0.23075405
25,RWrist,272.98178,248.69421,0.88627154,-0.3646503,0.033777077,0.04614351
25,LHip,451.1611,333.43765,0.73380625,0.057154622,0.21324624,-0.067984186
25,RHip,430.60193,323.46783,0.67776066,0.035344902,0.187405,0.065945484
25,LKnee,375.77753,368.332,0.85736454,-0.12964359,0.3171011,-0.086422265
25,RKnee,375.77753,348.39236,0.80865717,-0.12840742,0.25880423,0.19332264
25,LAnkle,410.0428,448.09055,0.90717775,-0.034801837,0.49692276,-0.032733455
25,RAnkle,403.18973,413.1962,0.8198234,-0.058414213,0.4284573,0.17327459
25,Head,368.9245,198.84512,0.9406065,-0.12841266,-0.09750421,-0.09185883
25,Neck,375.77753,243.7093,0.9438204,-0.11999056,0.006613221,-0.099232905
25,Hip,444.30804,323.46783,0.8022227,0.04450447,0.20176962,-0.0024814282
25,LBigToe,368.9245,463.0453,0.83518344,,,
25,RBigToe,375.77753,423.16602,0.8622797,,,
25,LSmallToe,382.63058,468.03018,0.85500675,,,
25,RSmallToe,382.63058,423.16602,0.7964646,,,
25,LHeel,416.89584,453.07547,0.862375,,,
25,RHeel,410.0428,418.1811,0.87338394,,,
26,Nose,344.3061,227.46564,0.95978755,,,
26,LEye,350.7094,222.55319,0.9441846,,,
26,REye,344.3061,217.64076,0.9207031,,,
26,LEar,369.9193,227.46564,0.93775135,,,
26,REar,369.9193,227.46564,0.8117902,,,
26,LShoulder,382.72595,261.8527,0.89651513,-0.10995159,0.057518657,-0.15808369
26,RShoulder,369.9193,256.94028,0.7410114,-0.12900215,0.044064675,-0.013673767
26,LElbow,305.88623,276.59003,0.88137347,-0.2639025,0.08442089,-0.20112926
26,RElbow,325.09616,256.94028,0.9239221,-0.243653,0.04356658,0.0609797
26,LWrist,235.44984,271.67758,0.84239537,-0.42266384,0.07251698,-0.22816673
26,RWrist,273.8697,256.94028,0.9053256,-0.3625952,0.04241773,0.0472015
26,LHip,453.16232,335.53928,0.72866225,0.058214806,0.22136159,-0.06749279
26,RHip,433.9524,325.71442,0.6639164,0.03569019,0.19483113,0.0655602
26,LKnee,376.32263,374.83878,0.78582996,-0.13176413,0.319284,-0.0900064
26,RKnee,376.32263,345.36417,0.8679626,-0.13035905,0.2582527,0.19395228
26,LAnkle,408.33917,448.52536,0.87309676,-0.034815557,0.49684438,-0.034485243
26,RAnkle,395.53256,414.1383,0.8255143,-0.058932453,0.4287884,0.17131096
26,Head,369.9193,202.90344,0.9522808,-0.12791975,-0.086891636,-0.0926825
26,Neck,376.32263,247.11539,0.9503718,-0.11947675,0.016049154,-0.10060009
26,Hip,446.75903,330.62683,0.76235276,0.045372456,0.20946918,-0.0023636802
26,LBigToe,369.9193,458.35025,0.85451245,,,
26,RBigToe,376.32263,423.96317,0.8487547,,,
26,LSmallToe,382.72595,468.1751,0.8353764,,,
26,RSmallToe,376.32263,423.96317,0.79076385,,,
26,LHeel,421.14578,453.4378,0.87559426,,,
26,RHeel,414.7425,419.05075,0.9193978,,,
27,Nose,341.8505,231.28133,0.9327434,,,
27,LEye,348.354,226.44371,0.90678674,,,
27,REye,348.354,226.44371,0.92733884,,,
27,LEar,374.36807,231.28133,0.9171523,,,
27,REar,367.86456,231.28133,0.7445058,,,
27,LShoulder,380.87158,265.14468,0.861322,-0.10983132,0.0657455,-0.15863065
27,RShoulder,374.36807,255.46944,0.7382949,-0.1280663,0.051689122,-0.014322022
27,LElbow,309.33292,279.65753,0.81565404,-0.26450476,0.09462154,-0.19895308
27,RElbow,322.33994,260.30704,0.9062456,-0.24202406,0.05081972,0.061245024
27,LWrist,244.29778,274.81992,0.83190346,-0.42294702,0.08246629,-0.22565304
27,RWrist,270.31183,260.30704,0.945001,-0.36074728,0.050308604,0.04819736
27,LHip,452.41025,337.70898,0.7472998,0.058913805,0.22835998,-0.06714591
27,RHip,426.39618,328.03375,0.6775034,0.035549268,0.20127216,0.065260015
27,LKnee,374.36807,376.40994,0.7804298,-0.13351366,0.32110754,-0.09380892
27,RKnee,374.36807,347.38422,0.8279569,-0.13176197,0.25798604,0.19437009
27,LAnkle,406.88565,448.97427,0.86104953,-0.03476558,0.49676135,-0.03596708
27,RAnkle,393.8786,415.11093,0.8089563,-0.05937051,0.42893478,0.16974266
27,Head,367.86456,207.09322,0.9328838,-0.12758237,-0.07762571,-0.09368374
27,Neck,374.36807,250.6318,0.95170873,-0.11923727,0.024160113,-0.10210716
27,Hip,445.90674,328.03375,0.79503757,0.045935985,0.21628965,-0.0024037266
27,LBigToe,367.86456,458.6495,0.8641635,,,
27,RBigToe,374.36807,424.78616,0.8514792,,,
27,LSmallToe,380.87158,468.32477,0.8312269,,,
27,RSmallToe,374.36807,419.94855,0.7538178,,,
27,LHeel,419.89267,453.8119,0.8825289,,,
27,RHeel,413.38916,419.94855,0.9046561,,,
28,Nose,343.4134,234.46945,0.93358415,,,
28,LEye,350.09213,229.69435,0.94140375,,,
28,REye,343.4134,229.69435,0.9233977,,,
28,LEar,370.12836,234.46945,0.9217468,,,
28,REar,370.12836,234.46945,0.7316523,,,
28,LShoulder,383.4858,267.89523,0.8981703,-0.10962817,0.07294208,-0.15894657
28,RShoulder,370.12836,263.12012,0.83412707,-0.1270902,0.058200542,-0.014540268
28,LElbow,310.0197,282.22055,0.91372526,-0.26468688,0.10381593,-0.19700867
28,RElbow,323.3772,263.12012,0.9338494,-0.24004321,0.05726504,0.06170324
28,LWrist,243.23238,277.44543,0.8142385,-0.4233346,0.09174541,-0.22333874
28,RWrist,269.94733,263.12012,0.89604974,-0.358604,0.057104234,0.04915258
28,LHip,450.27316,339.52185,0.7960323,0.05948709,0.23513614,-0.06689678
28,RHip,423.55823,329.97162,0.7402515,0.035510868,0.20765443,0.06507957
28,LKnee,376.80707,377.72272,0.77577937,-0.13470453,0.32286248,-0.09664487
28,RKnee,370.12836,349.07205,0.78237903,-0.13298258,0.25776997,0.1947767
28,LAnkle,410.20074,449.34933,0.90032876,-0.034620017,0.49664202,-0.03722331
28,RAnkle,396.8433,415.92358,0.8505998,-0.059621975,0.42911008,0.16819003
28,Head,370.12836,210.59392,0.94811165,-0.1269368,-0.06973715,-0.09450801
28,Neck,376.80707,253.56989,0.9625424,-0.11886212,0.031135015,-0.10309356
28,Hip,443.59442,334.74673,0.82784766,0.046603777,0.22278114,-0.0021955909
28,LBigToe,370.12836,463.67468,0.89179933,,,
28,RBigToe,376.80707,425.47382,0.86589164,,,
28,LSmallToe,383.4858,468.44977,0.84716177,,,
28,RSmallToe,376.80707,420.6987,0.7718582,,,
28,LHeel,416.8795,454.12445,0.90192074,,,
28,RHeel,410.20074,420.6987,0.8995614,,,
29,Nose,341.26797,236.73734,0.91564316,,,
29,LEye,348.03275,232.0067,0.9162702,,,
29,REye,348.03275,232.0067,0.9412025,,,
29,LEar,368.32703,236.73734,0.8875916,,,
29,REar,375.0918,236.73734,0.72077703,,,
29,LShoulder,381.85657,269.8518,0.8898122,-0.109414905,0.079039976,-0.159161
29,RShoulder,375.0918,260.39053,0.77401984,-0.12623072,0.06350796,-0.014838213
29,LElbow,307.44412,288.77438,0.89766437,-0.2644918,0.11221802,-0.19561715
29,RElbow,327.73843,265.1212,0.9477048,-0.23801711,0.06287432,0.062043983
29,LWrist,239.79645,284.04373,0.8379266,-0.42340854,0.100907266,-0.22125605
29,RWrist,273.62027,265.1212,0.90585244,-0.3563859,0.06304079,0.049700964
29,LHip,449.50424,345.54205,0.7917186,0.06025176,0.24079768,-0.06658255
29,RHip,429.20996,336.08078,0.7047107,0.03564568,0.21304475,0.06483764
29,LKnee,375.0918,378.65656,0.7518506,-0.13548449,0.32405826,-0.09910936
29,RKnee,375.0918,345.54205,0.7895415,-0.13362989,0.25760552,0.19527966
29,LAnkle,408.91565,449.61615,0.9108355,-0.034497738,0.49651358,-0.038140405
29,RAnkle,395.3861,416.50168,0.81865317,-0.059820823,0.42917958,0.1668903
29,Head,368.32703,213.08414,0.94986784,-0.12641773,-0.06318694,-0.09539621
29,Neck,375.0918,255.6599,0.9541585,-0.11851907,0.036930468,-0.10400648
29,Hip,442.7395,336.08078,0.81969774,0.04750401,0.22824757,-0.0021146138
29,LBigToe,368.32703,459.07742,0.8763271,,,
29,RBigToe,375.0918,425.96295,0.82979006,,,
29,LSmallToe,381.85657,468.53873,0.84012455,,,
29,RSmallToe,375.0918,421.2323,0.7288407,,,
29,LHeel,422.4452,454.3468,0.8859697,,,
29,RHeel,415.68042,421.2323,0.88987976,,,
30,Nose,342.07437,238.81844,0.9092054,,,
30,LEye,348.75296,234.1286,0.90713024,,,
30,REye,348.75296,234.1286,0.9505663,,,
30,LEar,375.46738,243.50827,0.87854165,,,
30,REar,375.46738,238.81844,0.70842993,,,
30,LShoulder,382.14597,271.64728,0.88238657,-0.10906825,0.083837554,-0.1592573
30,RShoulder,375.46738,262.2676,0.7837483,-0.1253892,0.06741695,-0.015161673
30,LElbow,315.35995,290.40662,0.8999946,-0.2637492,0.1190228,-0.1944015
30,RElbow,328.71716,266.95746,0.90495396,-0.23612396,0.067150086,0.062219154
30,LWrist,241.89534,285.7168,0.84225,-0.42277727,0.10873349,-0.21931224
30,RWrist,275.28836,266.95746,0.90807563,-0.35432798,0.06773031,0.050093427
30,LHip,448.932,346.68463,0.76167005,0.06111194,0.24506934,-0.066429935
30,RHip,428.89618,337.30496,0.7006321,0.035913132,0.21706532,0.06470532
30,LKnee,375.46738,379.5135,0.7616848,-0.13595663,0.3246834,-0.10101195
30,RKnee,375.46738,346.68463,0.77891517,-0.1340036,0.25750023,0.19551568
30,LAnkle,408.86038,449.861,0.9123943,-0.03441091,0.49633315,-0.03898351
30,RAnkle,395.50317,417.03217,0.81001407,-0.05988486,0.4290435,0.16568509
30,Head,368.7888,215.36928,0.9527405,-0.12571548,-0.058375042,-0.09619766
30,Neck,375.46738,257.5778,0.9542057,-0.1181204,0.04127259,-0.10474153
30,Hip,448.932,337.30496,0.8193826,0.048824556,0.23242705,-0.0020289638
30,LBigToe,368.7888,459.24066,0.8693136,,,
30,RBigToe,375.46738,426.41183,0.820478,,,
30,LSmallToe,382.14597,468.62033,0.8412543,,,
30,RSmallToe,375.46738,421.722,0.71194154,,,
30,LHeel,422.2176,454.55084,0.9090251,,,
30,RHeel,415.53897,421.722,0.8736482,,,
31,Nose,343.78714,240.22888,0.9199088,,,
31,LEye,350.3891,240.22888,0.930943,,,
31,REye,350.3891,235.5667,0.9396811,,,
31,LEar,370.19498,244.89105,0.9190958,,,
31,REar,376.79694,240.22888,0.73112345,,,
31,LShoulder,383.39893,272.86414,0.8844703,-0.10892827,0.08729264,-0.15929903
31,RShoulder,376.79694,263.53976,0.7922898,-0.1249218,0.07001923,-0.015416546
31,LElbow,310.7773,291.51285,0.8425326,-0.26327625,0.124302104,-0.19348347
31,RElbow,330.5832,268.20193,0.9069465,-0.23460072,0.07023075,0.062350363
31,LWrist,244.75768,291.51285,0.8844414,-0.42190146,0.11584598,-0.21758541
31,RWrist,277.7675,268.20193,0.92278516,-0.35267162,0.07124032,0.050502174
31,LHip,449.41855,347.45898,0.7898517,0.061388344,0.24828158,-0.06632134
31,RHip,429.61267,338.13464,0.70873207,0.03571189,0.21998964,0.06462437
31,LKnee,376.79694,380.09424,0.7329187,-0.13630286,0.3252955,-0.102116235
31,RKnee,370.19498,347.45898,0.75051916,-0.13444205,0.25755224,0.19531313
31,LAnkle,409.80676,450.02692,0.8833702,-0.034281466,0.49629775,-0.039670292
31,RAnkle,403.2048,417.39166,0.8179947,-0.059814543,0.42882714,0.16504073
31,Head,370.19498,216.91798,0.948707,-0.12489176,-0.05512533,-0.09685824
31,Neck,376.79694,258.8776,0.96959823,-0.117912464,0.0442552,-0.10528285
31,Hip,442.8166,338.13464,0.8325063,0.04886119,0.23544888,-0.0019525324
31,LBigToe,370.19498,459.3513,0.89035356,,,
31,RBigToe,376.79694,426.71603,0.8325884,,,
31,LSmallToe,383.39893,464.01346,0.83580565,,,
31,RSmallToe,376.79694,422.05386,0.7175443,,,
31,LHeel,416.40872,454.68912,0.8880607,,,
31,RHeel,416.40872,422.05386,0.88984,,,
32,Nose,342.4589,241.34666,0.9134118,,,
32,LEye,349.1143,236.7064,0.9196311,,,
32,REye,349.1143,236.7064,0.95111656,,,
32,LEar,369.08047,245.98692,0.8837478,,,
32,REar,375.73587,241.34666,0.7141661,,,
32,LShoulder,382.39127,273.8285,0.87700963,-0.108638756,0.089447066,-0.15919794
32,RShoulder,382.39127,264.54797,0.763185,-0.12453568,0.07144341,-0.015601877
32,LElbow,315.8373,292.38953,0.8453348,-0.26266384,0.12814064,-0.19291112
32,RElbow,329.1481,269.18823,0.9416291,-0.23341301,0.07211754,0.06232185
32,LWrist,242.62798,292.38953,0.89714605,-0.42138445,0.120606646,-0.21675828
32,RWrist,275.90494,269.18823,0.9213027,-0.35151088,0.07331848,0.05089832
32,LHip,448.94522,348.0727,0.77430844,0.06176781,0.25025728,-0.06627878
32,RHip,428.97903,338.79214,0.7087806,0.03579759,0.22185455,0.06458573
32,LKnee,375.73587,375.91425,0.7475238,-0.136459,0.32532236,-0.10307781
32,RKnee,369.08047,348.0727,0.74644995,-0.13437228,0.2575811,0.19535476
32,LAnkle,409.01285,450.15842,0.8999136,-0.03420884,0.49623075,-0.040039442
32,RAnkle,395.70206,417.6766,0.779331,-0.05977153,0.4289488,0.1643063
32,Head,369.08047,218.14536,0.9434378,-0.124111116,-0.053318985,-0.09726858
32,Neck,375.73587,259.9077,0.9478375,-0.117697686,0.045921322,-0.105640866
32,Hip,442.28983,338.79214,0.81766075,0.049233735,0.23738901,-0.0019231683
32,LBigToe,369.08047,459.43896,0.88542515,,,
32,RBigToe,375.73587,422.31686,0.84716016,,,
32,LSmallToe,382.39127,464.07922,0.8444949,,,
32,RSmallToe,382.39127,422.31686,0.70900476,,,
32,LHeel,422.32364,454.7987,0.9021372,,,
32,RHeel,415.66824,422.31686,0.8605991,,,
33,Nose,348.00275,241.77214,0.9019702,,,
33,LEye,354.75128,241.77214,0.9190288,,,
33,REye,348.00275,237.14021,0.9477637,,,
33,LEar,374.9969,246.40405,0.89958686,,,
33,REar,374.9969,241.77214,0.7178374,,,
33,LShoulder,381.74542,278.82748,0.8790838,-0.108346924,0.0901687,-0.1588991
33,RShoulder,381.74542,264.93173,0.75135934,-0.12425071,0.07149704,-0.015652789
33,LElbow,314.26007,297.35516,0.84904283,-0.26210827,0.13051775,-0.19258031
33,RElbow,327.75714,269.56366,0.9620112,-0.23258668,0.072646394,0.062318116
33,LWrist,246.77475,292.72324,0.93917155,-0.4204247,0.12396452,-0.2161487
33,RWrist,280.51743,269.56366,0.910742,-0.35066873,0.07417853,0.05122315
33,LHip,449.23074,348.30627,0.7498579,0.062319927,0.25091603,-0.06626137
33,RHip,428.98514,339.04242,0.7004119,0.035949927,0.22251996,0.0645631
33,LKnee,374.9969,376.09778,0.75240123,-0.13620514,0.324827,-0.10328175
33,RKnee,374.9969,348.30627,0.7418399,-0.13382635,0.25774232,0.19554424
33,LAnkle,408.73956,450.2085,0.9025761,-0.034127608,0.49617842,-0.040086977
33,RAnkle,395.2425,413.15314,0.7956044,-0.05957049,0.4288486,0.1641805
33,Head,368.24835,218.61253,0.9395637,-0.123154715,-0.05319177,-0.097560056
33,Neck,374.9969,260.2998,0.949424,-0.11740893,0.046169426,-0.10559351
33,Hip,449.23074,339.04242,0.8126509,0.049946412,0.23800467,-0.0018952705
33,LBigToe,368.24835,459.47232,0.8750534,,,
33,RBigToe,374.9969,422.41696,0.8716012,,,
33,LSmallToe,381.74542,468.73618,0.8306697,,,
33,RSmallToe,381.74542,417.78506,0.7349082,,,
33,LHeel,422.23663,454.8404,0.91076076,,,
33,RHeel,415.4881,422.41696,0.8733251,,,
34,Nose,342.2035,241.66142,0.8863192,,,
34,LEye,348.92096,241.66142,0.90373623,,,
34,REye,348.92096,237.02733,0.9444883,,,
34,LEar,375.7909,246.29552,0.89400697,,,
34,REar,375.7909,241.66142,0.731934,,,
34,LShoulder,382.50836,274.10004,0.86759704,-0.10821307,0.089404255,-0.15851787
34,RShoulder,375.7909,264.83188,0.766964,-0.12425661,0.0701493,-0.015375167
34,LElbow,315.33356,297.2705,0.85178643,-0.26168025,0.13076396,-0.19258672
34,RElbow,328.76852,269.46597,0.9593317,-0.2322527,0.07182683,0.06258902
34,LWrist,248.15877,292.6364,0.91786903,-0.4198751,0.1255518,-0.21605194
34,RWrist,281.74615,269.46597,0.9122723,-0.3504785,0.0735946,0.05180475
34,LHip,449.68317,352.87958,0.7688098,0.062149145,0.2505211,-0.06621778
34,RHip,429.53073,338.9773,0.70293814,0.035860248,0.22244118,0.06458212
34,LKnee,375.7909,376.05002,0.77554405,-0.13596134,0.32430628,-0.10283926
34,RKnee,375.7909,348.24548,0.7164051,-0.13342226,0.25815007,0.19569865
34,LAnkle,409.3783,450.19547,0.90098065,-0.03404583,0.49628523,-0.03993224
34,RAnkle,395.94333,413.12274,0.79957926,-0.0593426,0.42879376,0.16458468
34,Head,369.0734,218.49097,0.9492745,-0.12195489,-0.054912332,-0.09754539
34,Neck,375.7909,260.19778,0.95256966,-0.117281616,0.044813577,-0.1052114
34,Hip,442.96567,338.9773,0.8121158,0.04958753,0.2376859,-0.0018494327
34,LBigToe,369.0734,459.46365,0.8917873,,,
34,RBigToe,375.7909,422.39093,0.87305886,,,
34,LSmallToe,382.50836,464.09772,0.8468809,,,
34,RSmallToe,382.50836,422.39093,0.71768254,,,
34,LHeel,422.81323,454.82956,0.90246266,,,
34,RHeel,416.09576,422.39093,0.85678405,,,
35,Nose,347.97787,240.80609,0.9240738,,,
35,LEye,354.74323,236.15523,0.91536707,,,
35,REye,347.97787,236.15523,0.9548988,,,
35,LEar,375.0393,245.45695,0.88490576,,,
35,REar,375.0393,240.80609,0.7195796,,,
35,LShoulder,381.80466,278.01297,0.8506604,-0.10800915,0.086984485,-0.15821934
35,RShoulder,381.80466,264.0604,0.74871516,-0.12430559,0.067481324,-0.0151185
35,LElbow,314.15112,296.61642,0.85198444,-0.26126903,0.12878828,-0.1926906
35,RElbow,327.68182,268.71127,0.9534925,-0.23239025,0.06960471,0.06252859
35,LWrist,239.73224,296.61642,0.90493584,-0.42023867,0.12549086,-0.21640143
35,RWrist,273.559,268.71127,0.9188004,-0.35092914,0.07155663,0.052096516
35,LHip,449.45816,347.7759,0.7588705,0.06219589,0.24877535,-0.06623658
35,RHip,429.1621,338.47418,0.68960387,0.035790227,0.2207731,0.06463595
35,LKnee,375.0393,375.68106,0.7059863,-0.13547961,0.3233427,-0.101873115
35,RKnee,375.0393,347.7759,0.68838096,-0.13308084,0.25850463,0.19545554
35,LAnkle,408.86606,450.09485,0.9106607,-0.034019552,0.4963409,-0.039521843
35,RAnkle,395.33536,412.88794,0.8071589,-0.05905171,0.42857513,0.16539165
35,Head,375.0393,217.55179,0.9441023,-0.12060051,-0.058471914,-0.09748278
35,Neck,375.0393,259.40955,0.9524062,-0.117053285,0.041890834,-0.10469782
35,Hip,442.6928,338.47418,0.81282324,0.04954551,0.23592629,-0.0018099833
35,LBigToe,368.27393,459.39655,0.8860438,,,
35,RBigToe,375.0393,422.18967,0.859513,,,
35,LSmallToe,381.80466,468.69827,0.8290428,,,
35,RSmallToe,381.80466,417.53882,0.72392124,,,
35,LHeel,422.39676,454.7457,0.90401125,,,
35,RHeel,415.6314,422.18967,0.8566066,,,
36,Nose,348.5777,239.48407,0.9213371,,,
36,LEye,355.3372,234.80728,0.91800207,,,
36,REye,348.5777,234.80728,0.95388734,,,
36,LEar,375.6157,239.48407,0.87643,,,
36,REar,375.6157,239.48407,0.703168,,,
36,LShoulder,382.37518,272.22156,0.87095267,-0.1077784,0.08313839,-0.1578464
36,RShoulder,375.6157,262.86798,0.7648094,-0.12433502,0.06347963,-0.014622664
36,LElbow,314.78024,295.60547,0.8055168,-0.26063067,0.12491873,-0.19318047
36,RElbow,328.29922,267.54477,0.94055045,-0.23270673,0.06607373,0.062627584
36,LWrist,240.42581,295.60547,0.9080825,-0.42012084,0.12337227,-0.21743959
36,RWrist,274.22327,267.54477,0.9295261,-0.3515452,0.06828353,0.05242416
36,LHip,449.9701,351.72687,0.77179253,0.06231828,0.24576376,-0.0662723
36,RHip,429.69162,337.6965,0.71155286,0.03599756,0.21804138,0.064666234
36,LKnee,375.6157,375.11078,0.7400235,-0.1347928,0.3221148,-0.100394376
36,RKnee,375.6157,347.05008,0.7111019,-0.13260436,0.25891703,0.19515917
36,LAnkle,409.41315,449.9393,0.9162833,-0.03402914,0.4964203,-0.038895454
36,RAnkle,395.89417,412.52502,0.8140627,-0.058722418,0.42824546,0.16642958
36,Head,375.6157,216.10016,0.92831933,-0.11941917,-0.063587636,-0.097190745
36,Neck,375.6157,258.1912,0.9533306,-0.11675686,0.037524465,-0.10385991
36,Hip,449.9701,337.6965,0.82235634,0.05003732,0.23312084,-0.0018139959
36,LBigToe,368.85617,459.29288,0.8787109,,,
36,RBigToe,375.6157,421.8786,0.8649729,,,
36,LSmallToe,382.37518,463.96967,0.83594877,,,
36,RSmallToe,375.6157,417.2018,0.71599203,,,
36,LHeel,422.93213,454.6161,0.89915127,,,
36,RHeel,416.17264,421.8786,0.88496554,,,
37,Nose,347.7307,237.18518,0.9404528,,,
37,LEye,354.54785,232.46332,0.933515,,,
37,REye,347.7307,232.46332,0.92902005,,,
37,LEar,374.9993,241.90704,0.888015,,,
37,REar,374.9993,237.18518,0.73052156,,,
37,LShoulder,381.81647,270.2382,0.862518,-0.10752148,0.07732329,-0.15768218
37,RShoulder,381.81647,260.79446,0.75546443,-0.12456977,0.057885524,-0.014005257
37,LElbow,313.645,289.12564,0.82070935,-0.25997603,0.118654266,-0.19421789
37,RElbow,327.27927,265.51633,0.9362626,-0.23339152,0.060993437,0.062842235
37,LWrist,245.47351,293.8475,0.9303266,-0.41950676,0.11850409,-0.21969494
37,RWrist,279.55923,265.51633,0.92209893,-0.35234538,0.06339355,0.052591167
37,LHip,449.9879,345.78793,0.75639385,0.062077265,0.24147744,-0.06640433
37,RHip,429.5365,331.62238,0.6816778,0.035657525,0.2138029,0.06484374
37,LKnee,374.9993,374.1191,0.7722051,-0.13409306,0.3208216,-0.09873818
37,RKnee,374.9993,350.5098,0.74225855,-0.13241702,0.25965783,0.19450052
37,LAnkle,409.08505,449.66885,0.909528,-0.03408178,0.49649945,-0.038004167
37,RAnkle,395.45074,416.61584,0.8097222,-0.058401227,0.42787424,0.16793424
37,Head,374.9993,213.57588,0.9591103,-0.118410096,-0.07067333,-0.09680944
37,Neck,374.9993,256.07263,0.9545159,-0.116517745,0.031254407,-0.10285669
37,Hip,449.9879,336.34424,0.7995392,0.049593143,0.22891282,-0.0018006072
37,LBigToe,368.18216,459.11255,0.8603685,,,
37,RBigToe,374.9993,421.33768,0.85336065,,,
37,LSmallToe,381.81647,468.55627,0.8204334,,,
37,RSmallToe,381.81647,421.33768,0.72378904,,,
37,LHeel,415.9022,454.39072,0.88633394,,,
37,RHeel,415.9022,421.33768,0.8730759,,,
38,Nose,346.52185,229.6194,0.8977869,,,
38,LEye,353.4203,229.6194,0.9427151,,,
38,REye,353.4203,224.84285,0.8916121,,,
38,LEar,374.11557,234.39595,0.89499915,,,
38,REar,374.11557,234.39595,0.6938009,,,
38,LShoulder,381.014,267.8318,0.8847496,-0.10715571,0.069785625,-0.15763465
38,RShoulder,381.014,258.2787,0.77462757,-0.12476815,0.050591458,-0.013257762
38,LElbow,312.02972,286.938,0.84005904,-0.25917745,0.11056332,-0.19588348
38,RElbow,325.82657,263.05524,0.92493564,-0.23439132,0.054567378,0.06299525
38,LWrist,243.04546,286.938,0.93067473,-0.4192888,0.1110567,-0.22295102
38,RWrist,277.5376,263.05524,0.9192749,-0.35368717,0.057050776,0.052697163
38,LHip,449.99826,344.2566,0.7684058,0.061323397,0.23618115,-0.06654164
38,RHip,429.30298,329.92694,0.72506905,0.034976367,0.20865677,0.06502984
38,LKnee,374.11557,372.9159,0.8317588,-0.13333067,0.31951705,-0.096377924
38,RKnee,374.11557,349.03314,0.7612724,-0.13227838,0.26039132,0.19378486
38,LAnkle,408.6077,449.3407,0.9157725,-0.034147434,0.4965702,-0.036754742
38,RAnkle,401.7093,415.90485,0.8779116,-0.057989813,0.4272734,0.1701481
38,Head,374.11557,205.73665,0.93885636,-0.117438555,-0.07960488,-0.09633002
38,Neck,374.11557,253.50215,0.93209743,-0.116204485,0.02332012,-0.10158323
38,Hip,449.99826,334.7035,0.80810726,0.048864048,0.2236772,-0.0017762219
38,LBigToe,374.11557,458.8938,0.8653612,,,
38,RBigToe,374.11557,420.6814,0.8707608,,,
38,LSmallToe,387.9124,468.4469,0.8379447,,,
38,RSmallToe,381.014,420.6814,0.7567675,,,
38,LHeel,422.40457,454.11725,0.9100164,,,
38,RHeel,415.50613,420.6814,0.91045105,,,
39,Nose,347.84558,225.78242,0.91108537,,,
39,LEye,354.67578,225.78242,0.940431,,,
39,REye,347.84558,220.93208,0.894934,,,
39,LEar,375.16635,230.63277,0.9024806,,,
39,REar,375.16635,230.63277,0.6959087,,,
39,LShoulder,381.99655,264.58514,0.8442045,-0.1067435,0.06073234,-0.15795547
39,RShoulder,375.16635,254.88446,0.7824331,-0.12516113,0.041959655,-0.0126382
39,LElbow,320.52484,283.98648,0.81287843,-0.25796813,0.10073133,-0.19869976
39,RElbow,327.355,259.7348,0.9008494,-0.23549798,0.04700936,0.06288652
39,LWrist,245.39275,283.98648,0.9213355,-0.4186846,0.102557465,-0.22697335
39,RWrist,279.5437,259.7348,0.9217673,-0.3553272,0.049504098,0.05258526
39,LHip,450.29843,337.3402,0.7779888,0.059844844,0.22982015,-0.066753246
39,RHip,429.80786,327.63953,0.7220385,0.033632077,0.20244618,0.065252565
39,LKnee,375.16635,371.29257,0.8415968,-0.1324066,0.31839654,-0.09355586
39,RKnee,375.16635,347.04086,0.78003794,-0.13224094,0.26144585,0.19273286
39,LAnkle,409.3173,448.89798,0.90873754,-0.034162715,0.49664417,-0.035268407
39,RAnkle,402.48712,414.94562,0.8409255,-0.05758285,0.42703417,0.17226166
39,Head,375.16635,201.53073,0.9354373,-0.11661141,-0.09007391,-0.09564047
39,Neck,375.16635,245.18378,0.9006546,-0.11592156,0.013977129,-0.10039347
39,Hip,443.46823,327.63953,0.8148681,0.046696506,0.21726315,-0.0018821808
39,LBigToe,368.33615,458.59866,0.85604715,,,
39,RBigToe,375.16635,424.64627,0.878272,,,
39,LSmallToe,381.99655,468.29932,0.8265444,,,
39,RSmallToe,381.99655,419.79596,0.7779661,,,
39,LHeel,422.9777,453.74832,0.8877978,,,
39,RHeel,416.1475,419.79596,0.8757206,,,
40,Nose,347.58246,226.09203,0.9033889,,,
40,LEye,354.44775,221.15266,0.94707996,,,
40,REye,347.58246,216.21329,0.8826223,,,
40,LEar,375.04373,226.09203,0.9031409,,,
40,REar,375.04373,226.09203,0.72177786,,,
40,LShoulder,381.90906,260.66763,0.85209006,-0.106158465,0.050434817,-0.15815412
40,RShoulder,375.04373,250.7889,0.80527705,-0.12540492,0.032219972,-0.011783502
40,LElbow,313.25583,280.4251,0.8180242,-0.25666848,0.08867982,-0.20165066
40,RElbow,326.98648,255.72826,0.9168757,-0.23648548,0.038082864,0.06286877
40,LWrist,244.60262,280.4251,0.91070545,-0.4182072,0.09221032,-0.2311446
40,RWrist,278.92923,255.72826,0.9313085,-0.35709244,0.04043318,0.05273445
40,LHip,450.5623,334.7582,0.75115544,0.058401637,0.22301088,-0.06700905
40,RHip,429.9663,324.87946,0.69684565,0.032338712,0.19600202,0.065569036
40,LKnee,375.04373,369.33383,0.82795376,-0.1312395,0.3169978,-0.09014345
40,RKnee,375.04373,349.57632,0.8148795,-0.1321017,0.26233307,0.19161008
40,LAnkle,409.37036,448.36377,0.9001252,-0.03423097,0.49648973,-0.03339445
40,RAnkle,395.6397,413.78818,0.85317534,-0.057054304,0.42656025,0.17445888
40,Head,375.04373,201.39517,0.9470493,-0.115702406,-0.10181941,-0.094900884
40,Neck,375.04373,245.84952,0.90418196,-0.11524849,0.0032549836,-0.09885586
40,Hip,443.69696,329.81885,0.79754126,0.04569363,0.21050172,-0.0017632993
40,LBigToe,368.1784,458.24252,0.86217594,,,
40,RBigToe,375.04373,423.6669,0.8661519,,,
40,LSmallToe,381.90906,468.12125,0.82543725,,,
40,RSmallToe,381.90906,418.72754,0.7657312,,,
40,LHeel,423.10098,453.30313,0.8929189,,,
40,RHeel,409.37036,418.72754,0.8925675,,,
41,Nose,345.1254,221.75429,0.89916617,,,
41,LEye,351.80533,216.72986,0.91278934,,,
41,REye,351.80533,211.70544,0.926264,,,
41,LEar,378.52512,221.75429,0.90308464,,,
41,REar,371.84518,221.75429,0.7054092,,,
41,LShoulder,385.20508,251.90085,0.8509884,-0.10552887,0.038796104,-0.15852782
41,RShoulder,371.84518,246.87642,0.8263789,-0.12546542,0.020970762,-0.011296038
41,LElbow,311.72565,271.99854,0.8551502,-0.25466353,0.07543968,-0.2052683
41,RElbow,325.08554,251.90085,0.9347966,-0.23719293,0.028243694,0.062490255
41,LWrist,244.92618,277.02298,0.88421875,-0.4171366,0.08085589,-0.23550734
41,RWrist,271.64597,251.90085,0.9159121,-0.35866475,0.030511856,0.052747775
41,LHip,452.00455,337.31607,0.7478414,0.056262143,0.21513066,-0.06734718
41,RHip,431.9647,322.2428,0.69442827,0.030437166,0.18867661,0.06584119
41,LKnee,378.52512,372.48706,0.8386324,-0.12988362,0.31552538,-0.086493246
41,RKnee,371.84518,347.36493,0.8524221,-0.13189942,0.26320747,0.19014442
41,LAnkle,405.2449,447.85345,0.88177174,-0.034258276,0.49628857,-0.031453773
41,RAnkle,398.56497,412.68246,0.8519358,-0.056527868,0.42585313,0.1767505
41,Head,371.84518,191.60774,0.9404862,-0.114727035,-0.11502296,-0.09435161
41,Neck,378.52512,236.82756,0.9316373,-0.11443485,-0.008681741,-0.09747664
41,Hip,445.3246,327.26724,0.8069999,0.044197235,0.20291696,-0.0017351543
41,LBigToe,371.84518,457.90228,0.88109744,,,
41,RBigToe,378.52512,422.73132,0.8559793,,,
41,LSmallToe,385.20508,462.92673,0.8512049,,,
41,RSmallToe,378.52512,417.70688,0.7351749,,,
41,LHeel,418.6048,452.87787,0.87994736,,,
41,RHeel,411.92487,417.70688,0.9159803,,,
42,Nose,348.59525,216.58241,0.92132694,,,
42,LEye,355.0774,211.45657,0.931137,,,
42,REye,348.59525,206.33073,0.90821284,,,
42,LEar,374.52383,216.58241,0.94625986,,,
42,REar,374.52383,216.58241,0.764623,,,
42,LShoulder,387.48813,247.33742,0.86281806,-0.10468481,0.0257474,-0.15909068
42,RShoulder,368.0417,242.21158,0.808879,-0.12553807,0.008496713,-0.011073161
42,LElbow,309.70236,267.84076,0.8042573,-0.25224578,0.0610809,-0.20952302
42,RElbow,322.66666,247.33742,0.9177409,-0.2377988,0.017397787,0.061900217
42,LWrist,244.88087,272.96658,0.8881117,-0.4157318,0.06793432,-0.24107994
42,RWrist,277.29163,247.33742,0.9230184,-0.36002487,0.019441966,0.052575167
42,LHip,445.82745,329.35077,0.75292945,0.053480312,0.20652592,-0.0678559
42,RHip,426.381,324.22495,0.68029976,0.027691022,0.18042283,0.066183634
42,LKnee,374.52383,370.35745,0.8286082,-0.12858626,0.31411555,-0.082756475
42,RKnee,374.52383,349.85413,0.8215884,-0.13149333,0.26432487,0.18853231
42,LAnkle,406.93457,447.245,0.8950739,-0.03422209,0.49593106,-0.029473329
42,RAnkle,400.45242,416.49,0.86280596,-0.05592459,0.42521247,0.17891255
42,Head,374.52383,185.8274,0.9559287,-0.11368394,-0.12953205,-0.09409662
42,Neck,374.52383,231.95992,0.9382242,-0.11361766,-0.022033364,-0.096317165
42,Hip,445.82745,324.22495,0.77966154,0.041913755,0.19438879,-0.0017378351
42,LBigToe,374.52383,457.49667,0.87216645,,,
42,RBigToe,374.52383,426.74164,0.8630944,,,
42,LSmallToe,387.48813,467.74832,0.84623075,,,
42,RSmallToe,381.00598,421.6158,0.7466408,,,
42,LHeel,419.89886,452.37082,0.8830662,,,
42,RHeel,413.41672,416.49,0.8918876,,,
43,Nose,352.0761,206.0232,0.93131524,,,
43,LEye,358.7021,200.79288,0.92360157,,,
43,REye,352.0761,200.79288,0.9270741,,,
43,LEar,378.5801,211.25351,0.90714294,,,
43,REar,378.5801,211.25351,0.66476834,,,
43,LShoulder,385.2061,242.63545,0.8638502,-0.10361867,0.011629574,-0.1594963
43,RShoulder,371.9541,237.40514,0.8212545,-0.12515542,-0.005038809,-0.010757383
43,LElbow,312.3201,263.55676,0.66396403,-0.24913752,0.045813125,-0.21321517
43,RElbow,325.5721,242.63545,0.95467913,-0.2379208,0.005942501,0.061228894
43,LWrist,239.43413,263.55676,0.87641364,-0.41329086,0.05359933,-0.24768107
43,RWrist,272.56412,242.63545,0.8902002,-0.36097455,0.0077452697,0.05249853
43,LHip,444.8401,326.32062,0.74556094,0.050048463,0.19722919,-0.0684052
43,RHip,424.9621,315.86,0.6574071,0.024486387,0.17159285,0.06650494
43,LKnee,378.5801,368.1632,0.870728,-0.12708075,0.31267115,-0.078560576
43,RKnee,371.9541,347.2419,0.7957387,-0.13095845,0.2654173,0.1865604
43,LAnkle,411.71008,446.61807,0.8794514,-0.034155924,0.4954941,-0.02745797
43,RAnkle,398.4581,415.2361,0.85215133,-0.055239722,0.42458278,0.18109356
43,Head,378.5801,179.87158,0.9350525,-0.11250403,-0.1448665,-0.093977064
43,Neck,378.5801,226.94449,0.95813555,-0.112463936,-0.03628887,-0.095355734
43,Hip,444.8401,315.86,0.7978252,0.038874418,0.1853017,-0.0018128853
43,LBigToe,371.9541,457.0787,0.8566702,,,
43,RBigToe,378.5801,425.69678,0.89546794,,,
43,LSmallToe,385.2061,467.53937,0.8555539,,,
43,RSmallToe,378.5801,420.46643,0.783755,,,
43,LHeel,418.3361,451.8484,0.84500265,,,
43,RHeel,418.3361,420.46643,0.8247005,,,
44,Nose,352.43967,200.70319,0.9536562,,,
44,LEye,359.01666,195.37056,0.9420933,,,
44,REye,352.43967,195.37056,0.9263643,,,
44,LEar,378.7476,200.70319,0.90468717,,,
44,REar,378.7476,200.70319,0.671288,,,
44,LShoulder,385.32455,238.0316,0.86555475,-0.10248743,-0.0029068068,-0.15968555
44,RShoulder,372.1706,232.69897,0.7827719,-0.12448275,-0.01913843,-0.010094315
44,LElbow,319.55478,254.0295,0.6193061,-0.24539934,0.030080065,-0.21698889
44,RElbow,326.13177,238.0316,0.9766864,-0.23770198,-0.005832469,0.061050933
44,LWrist,240.63107,259.36212,0.8761155,-0.4093199,0.03857087,-0.25447384
44,RWrist,273.51596,238.0316,0.8809092,-0.36144546,-0.0042036194,0.052795634
44,LHip,444.51733,318.02106,0.74348336,0.045961745,0.18810463,-0.0690028
44,RHip,424.7864,312.68845,0.66418976,0.020766007,0.16289054,0.06686339
44,LKnee,378.7476,366.01474,0.8743739,-0.1256568,0.31119964,-0.07410536
44,RKnee,372.1706,350.01685,0.809808,-0.13007008,0.2664651,0.18477419
44,LAnkle,405.05548,446.0042,0.8776596,-0.034140266,0.49499312,-0.0251701
44,RAnkle,398.47852,414.00842,0.8335951,-0.05456787,0.42401952,0.18365687
44,Head,378.7476,174.04002,0.94114876,-0.111301474,-0.16053668,-0.09370739
44,Neck,378.7476,222.0337,0.93331856,-0.111178376,-0.050991885,-0.09416541
44,Hip,444.51733,312.68845,0.7934371,0.0351355,0.17623551,-0.001805289
44,LBigToe,372.1706,456.66946,0.85595775,,,
44,RBigToe,378.7476,424.67368,0.89313084,,,
44,LSmallToe,385.32455,467.33475,0.85058653,,,
44,RSmallToe,378.7476,419.34106,0.80704373,,,
44,LHeel,418.20944,451.33685,0.84652936,,,
44,RHeel,411.63245,414.00842,0.7910681,,,
45,Nose,355.4707,194.18314,0.9312986,,,
45,LEye,361.84973,188.72513,0.93450546,,,
45,REye,355.4707,188.72513,0.94366866,,,
45,LEar,380.9868,194.18314,0.89329326,,,
45,REar,374.60776,194.18314,0.6619593,,,
45,LShoulder,387.3658,232.38925,0.85307896,-0.10139327,-0.018239247,-0.15980735
45,RShoulder,374.60776,226.93124,0.7731778,-0.12332344,-0.034279067,-0.00888929
45,LElbow,323.57556,248.7633,0.6507041,-0.24107885,0.013802983,-0.22184733
45,RElbow,323.57556,232.38925,0.9278653,-0.23705354,-0.018124266,0.061591804
45,LWrist,247.02728,254.22131,0.8639042,-0.40383142,0.022077609,-0.2617799
45,RWrist,272.54337,232.38925,0.81646013,-0.36135504,-0.016526686,0.053675726
45,LHip,444.77704,314.2595,0.7145205,0.04061596,0.1786873,-0.06962902
45,RHip,425.63995,308.80148,0.66248775,0.016055036,0.15402582,0.067266114
45,LKnee,380.9868,368.83966,0.8553352,-0.12401907,0.30965573,-0.06968817
45,RKnee,374.60776,352.4656,0.8430409,-0.12887737,0.26755252,0.18294041
45,LAnkle,406.5029,445.2519,0.8959889,-0.034104034,0.4945077,-0.022692773
45,RAnkle,400.12387,412.5038,0.7868912,-0.053900626,0.4235625,0.18669246
45,Head,380.9868,166.89305,0.9309663,-0.109907426,-0.17711139,-0.09328512
45,Neck,380.9868,216.0152,0.9323831,-0.10972334,-0.06649168,-0.0927521
45,Hip,438.398,308.80148,0.78230417,0.029815067,0.16697757,-0.0017612244
45,LBigToe,374.60776,461.62595,0.846413,,,
45,RBigToe,374.60776,423.41983,0.93897426,,,
45,LSmallToe,380.9868,467.08395,0.84537035,,,
45,RSmallToe,380.9868,423.41983,0.8583248,,,
45,LHeel,419.26093,450.70993,0.84995204,,,
45,RHeel,419.26093,417.96182,0.77662253,,,
46,Nose,351.07812,188.21422,0.9329283,,,
46,LEye,357.59576,182.64142,0.91596127,,,
46,REye,357.59576,177.06862,0.8899686,,,
46,LEar,383.66635,188.21422,0.91411644,,,
46,REar,377.1487,188.21422,0.67111254,,,
46,LShoulder,390.184,221.65105,0.86066955,-0.100266986,-0.033519067,-0.15954298
46,RShoulder,370.63107,221.65105,0.8116347,-0.12158348,-0.04956068,-0.007099608
46,LElbow,331.5252,238.36945,0.79783624,-0.23669438,-0.0019222852,-0.22654876
46,RElbow,325.00757,227.22385,1.0031434,-0.23571736,-0.030288327,0.06266451
46,LWrist,253.31349,243.94226,0.78484327,-0.39777836,0.0056120753,-0.26958585
46,RWrist,272.86642,227.22385,0.8362235,-0.3605869,-0.02882189,0.05527675
46,LHip,435.8075,310.8159,0.7282696,0.03492164,0.16941755,-0.07023002
46,RHip,422.77222,305.2431,0.683064,0.011125168,0.14537144,0.06762355
46,LKnee,377.1487,366.54395,0.86525005,-0.12228319,0.3080149,-0.06516102
46,RKnee,370.63107,355.39832,0.8793554,-0.12733078,0.2683088,0.18118405
46,LAnkle,409.73694,444.56317,0.92911834,-0.034093097,0.49401644,-0.020249708
46,RAnkle,403.21927,416.69916,0.7929172,-0.053205423,0.4230871,0.18962725
46,Head,377.1487,160.3502,0.94931436,-0.10821501,-0.19352804,-0.09262798
46,Neck,377.1487,204.93263,0.90453243,-0.10802492,-0.08195273,-0.09082443
46,Hip,435.8075,305.2431,0.81305695,0.024524309,0.15785246,-0.0017698461
46,LBigToe,370.63107,461.2816,0.8305414,,,
46,RBigToe,377.1487,422.27197,0.91026014,,,
46,LSmallToe,383.66635,466.8544,0.85859305,,,
46,RSmallToe,377.1487,422.27197,0.86531377,,,
46,LHeel,416.25458,455.7088,0.8324095,,,
46,RHeel,416.25458,422.27197,0.7798103,,,
47,Nose,353.94916,182.33617,0.9473482,,,
47,LEye,360.26736,176.65033,0.9288765,,,
47,REye,353.94916,170.96448,0.91581744,,,
47,LEar,379.222,182.33617,0.9293785,,,
47,REar,379.222,182.33617,0.6749588,,,
47,LShoulder,385.5402,216.45122,0.8785591,-0.09918424,-0.048885714,-0.1587991
47,RShoulder,379.222,216.45122,0.76617426,-0.11899504,-0.064925104,-0.0046446174
47,LElbow,328.67633,233.50876,0.841115,-0.232514,-0.01713173,-0.23035145
47,RElbow,328.67633,222.13707,0.9060981,-0.23398481,-0.04249183,0.06432009
47,LWrist,259.176,239.1946,0.796239,-0.3920541,-0.010282276,-0.27625415
47,RWrist,278.13065,222.13707,0.79218537,-0.359294,-0.04082813,0.05746397
47,LHip,436.08588,307.4247,0.74248564,0.029250795,0.16030195,-0.07084865
47,RHip,423.44946,301.73886,0.6779262,0.0063969526,0.13693622,0.06798356
47,LKnee,379.222,364.28314,0.82291096,-0.1205059,0.30615687,-0.060369067
47,RKnee,372.90378,352.91147,0.8887586,-0.12547764,0.2686846,0.1795393
47,LAnkle,410.81305,443.88495,0.9187532,-0.03410369,0.4934943,-0.017421573
47,RAnkle,404.49484,415.45572,0.73345685,-0.052538995,0.42265925,0.19259065
47,Head,379.222,153.90695,0.9522736,-0.106196545,-0.2098379,-0.09208252
47,Neck,379.222,199.39369,0.9256722,-0.1057731,-0.097351626,-0.08858471
47,Hip,436.08588,301.73886,0.81420195,0.019451806,0.14897563,-0.0017999655
47,LBigToe,372.90378,460.94247,0.8282875,,,
47,RBigToe,379.222,426.82742,0.8684428,,,
47,LSmallToe,385.5402,466.62833,0.8463367,,,
47,RSmallToe,379.222,421.14157,0.93724453,,,
47,LHeel,417.13126,455.25662,0.8531376,,,
47,RHeel,417.13126,421.14157,0.6990942,,,
48,Nose,354.3917,175.8103,0.9394509,,,
48,LEye,360.62564,169.99896,0.9169391,,,
48,REye,354.3917,164.18762,0.9209933,,,
48,LEar,379.32748,175.8103,0.92334944,,,
48,REar,379.32748,175.8103,0.6535083,,,
48,LShoulder,385.56143,210.67834,0.8861811,-0.098222144,-0.063911706,-0.15783697
48,RShoulder,379.32748,210.67834,0.7403447,-0.11565587,-0.08019127,-0.0016987761
48,LElbow,329.45587,228.11237,0.84113806,-0.22893284,-0.03176773,-0.23339382
48,RElbow,329.45587,216.48969,0.9017524,-0.23171738,-0.05434242,0.066833265
48,LWrist,260.8824,233.9237,0.84628737,-0.38706794,-0.025626902,-0.2824029
48,RWrist,279.58426,216.48969,0.7777642,-0.35747734,-0.052285194,0.06058715
48,LHip,435.43307,303.6598,0.738569,0.023193961,0.15144955,-0.071430735
48,RHip,416.7312,297.84845,0.66249007,0.0016039948,0.12875699,0.068355694
48,LKnee,379.32748,361.7732,0.81565803,-0.11853844,0.30424225,-0.05566193
48,RKnee,373.09354,355.96185,0.84618944,-0.123234004,0.26876804,0.17811687
48,LAnkle,410.49725,443.13196,0.89722824,-0.034164876,0.4930263,-0.014109679
48,RAnkle,404.2633,414.07526,0.7144989,-0.05194319,0.4223427,0.19585375
48,Head,379.32748,146.7536,0.95355034,-0.10379679,-0.22598894,-0.09114557
48,Neck,379.32748,193.24432,0.91540587,-0.103109375,-0.11250353,-0.085980274
48,Hip,429.19913,297.84845,0.8246784,0.013892977,0.14032596,-0.0018140783
48,LBigToe,373.09354,460.56598,0.80636543,,,
48,RBigToe,379.32748,425.69794,0.8774907,,,
48,LSmallToe,385.56143,466.37732,0.83299375,,,
48,RSmallToe,379.32748,419.8866,0.95875204,,,
48,LHeel,416.7312,454.75464,0.86115366,,,
48,RHeel,416.7312,419.8866,0.72053504,,,
49,Nose,352.95145,164.86967,0.9108477,,,
49,LEye,365.40125,164.86967,0.9090922,,,
49,REye,359.17633,158.96155,0.92892873,,,
49,LEar,384.07593,170.7778,0.9300331,,,
49,REar,377.85104,164.86967,0.65378976,,,
49,LShoulder,390.3008,206.22652,0.8662871,-0.097337775,-0.07824252,-0.15659025
49,RShoulder,377.85104,206.22652,0.7128833,-0.111642405,-0.094845146,0.00133272
49,LElbow,328.05188,223.95087,0.81771946,-0.2258415,-0.04534832,-0.23564327
49,RElbow,328.05188,212.13463,0.8866082,-0.22890718,-0.0655812,0.069824666
49,LWrist,265.80292,229.859,0.83399725,-0.38259643,-0.039744895,-0.2876304
49,RWrist,272.0278,218.04276,0.7786139,-0.3552871,-0.06265023,0.06477282
49,LHip,433.8751,300.7564,0.73575395,0.017158903,0.143029,-0.07198311
49,RHip,421.4253,294.8483,0.6500526,-0.0028741334,0.12114461,0.06873606
49,LKnee,377.85104,365.74573,0.82100004,-0.116451845,0.30221292,-0.05103192
49,RKnee,377.85104,353.9295,0.83004224,-0.12087285,0.26851657,0.17678264
49,LAnkle,408.97552,448.4594,0.91926783,-0.034204256,0.49262413,-0.010370426
49,RAnkle,402.7506,418.9188,0.7574247,-0.051337898,0.42192784,0.19925837
49,Head,377.85104,141.2372,0.9503692,-0.10101886,-0.2415864,-0.090150796
49,Neck,384.07593,188.50215,0.8900251,-0.100066505,-0.12697671,-0.0832682
49,Hip,427.6502,294.8483,0.8198027,0.008719326,0.13220714,-0.0018124434
49,LBigToe,371.62613,460.27563,0.77615035,,,
49,RBigToe,377.85104,424.82693,0.9513283,,,
49,LSmallToe,384.07593,466.18375,0.8294944,,,
49,RSmallToe,377.85104,418.9188,0.9611328,,,
49,LHeel,421.4253,454.36752,0.86780024,,,
49,RHeel,415.2004,424.82693,0.6729337,,,
50,Nose,356.6436,158.36095,0.96681416,,,
50,LEye,362.90146,152.33003,0.9491954,,,
50,REye,362.90146,152.33003,0.91699034,,,
50,LEar,381.67514,164.39188,0.92468476,,,
50,REar,381.67514,158.36095,0.7944931,,,
50,LShoulder,381.67514,200.57742,0.8526786,-0.09627675,-0.092196494,-0.15499327
50,RShoulder,381.67514,194.54651,0.68125015,-0.10684497,-0.10928039,0.004363636
50,LElbow,331.61203,212.63928,0.80180067,-0.22289193,-0.057958823,-0.23728588
50,RElbow,325.35416,206.60835,0.8675763,-0.22555307,-0.07619688,0.07308825
50,LWrist,262.77527,218.67021,0.84451467,-0.37844294,-0.05262865,-0.29176685
50,RWrist,275.29105,212.63928,0.7170308,-0.35266536,-0.07259247,0.06926077
50,LHip,431.73822,297.07224,0.757028,0.011009495,0.13487999,-0.07250215
50,RHip,419.22247,291.04132,0.6581235,-0.0071498007,0.1137584,0.069083296
50,LKnee,381.67514,363.4124,0.80207455,-0.11404766,0.3001479,-0.046276763
50,RKnee,375.41724,351.35056,0.8741396,-0.11799671,0.2680057,0.17570801
50,LAnkle,406.7067,447.84537,0.938452,-0.03423063,0.49229488,-0.006503557
50,RAnkle,400.4488,417.69073,0.77439654,-0.050720315,0.42154753,0.20280793
50,Head,381.67514,134.23724,0.9112386,-0.09793621,-0.25692177,-0.08927006
50,Neck,381.67514,182.48465,0.8913592,-0.0966965,-0.14118594,-0.08065743
50,Hip,425.48035,291.04132,0.8211429,0.0036042074,0.124461785,-0.001826585
50,LBigToe,375.41724,459.90723,0.78856266,,,
50,RBigToe,375.41724,423.72168,0.98453915,,,
50,LSmallToe,387.933,465.93814,0.81124026,,,
50,RSmallToe,381.67514,417.69073,0.96813536,,,
50,LHeel,419.22247,453.8763,0.89028937,,,
50,RHeel,412.96457,423.72168,0.6575488,,,
51,Nose,359.23978,152.5423,0.9488304,,,
51,LEye,365.58133,146.4016,0.9474881,,,
51,REye,359.23978,146.4016,0.93027824,,,
51,LEar,384.60602,158.68301,0.96029496,,,
51,REar,384.60602,152.5423,0.8120818,,,
51,LShoulder,384.60602,195.52728,0.85596305,-0.09510185,-0.10543871,-0.15349115
51,RShoulder,384.60602,189.38657,0.6946158,-0.10161233,-0.123129144,0.007283232
51,LElbow,327.53198,213.94942,0.8070373,-0.21983938,-0.069410816,-0.23864192
51,RElbow,327.53198,207.8087,0.800251,-0.22159566,-0.085901976,0.076559834
51,LWrist,264.1164,213.94942,0.80239487,-0.3741545,-0.06428281,-0.29472938
51,RWrist,276.79953,207.8087,0.6395028,-0.34985787,-0.08147849,0.07394188
51,LHip,428.99692,293.77866,0.74456847,0.0046834787,0.12716658,-0.07297873
51,RHip,416.3138,293.77866,0.64168036,-0.01120651,0.10688321,0.069437675
51,LKnee,378.26447,361.32648,0.86145043,-0.111316994,0.29804447,-0.041518006
51,RKnee,378.26447,355.18576,0.8926802,-0.114874154,0.26722863,0.17499343
51,LAnkle,409.97226,447.29645,0.94112355,-0.0342472,0.49209085,-0.0024035547
51,RAnkle,403.6307,416.5929,0.8040495,-0.050126668,0.42118225,0.20652923
51,Head,384.60602,127.979454,0.9308801,-0.09464363,-0.27189922,-0.08822415
51,Neck,384.60602,177.10515,0.8899322,-0.09299137,-0.15488066,-0.078176565
51,Hip,422.65536,287.63794,0.831614,-0.0015049616,0.11723663,-0.0018482103
51,LBigToe,378.26447,459.57788,0.8232278,,,
51,RBigToe,378.26447,422.7336,0.94409233,,,
51,LSmallToe,384.60602,465.71857,0.86780626,,,
51,RSmallToe,378.26447,422.7336,0.92730665,,,
51,LHeel,416.3138,453.43716,0.89387137,,,
51,RHeel,416.3138,422.7336,0.6748125,,,
52,Nose,358.44318,146.26094,0.95559466,,,
52,LEye,364.7283,140.00171,0.9512354,,,
52,REye,364.7283,140.00171,0.92942435,,,
52,LEar,383.5836,152.52016,0.94174415,,,
52,REar,383.5836,146.26094,0.7642038,,,
52,LShoulder,383.5836,190.07553,0.84595436,-0.09352949,-0.11795916,-0.15206826
52,RShoulder,383.5836,183.8163,0.72142816,-0.09604714,-0.13631582,0.010220267
52,LElbow,333.30276,208.85321,0.808527,-0.21650949,-0.07970759,-0.23952644
52,RElbow,327.01767,196.33476,0.8245029,-0.2170991,-0.09472528,0.080241434
52,LWrist,270.45172,208.85321,0.7873203,-0.36945164,-0.07447815,-0.29620227
52,RWrist,276.73682,202.59398,0.6623172,-0.34675077,-0.08904293,0.07894915
52,LHip,421.29422,290.22318,0.73713106,-0.001626957,0.11985259,-0.07338041
52,RHip,415.00912,283.96396,0.6202141,-0.015065573,0.10038872,0.06976501
52,LKnee,383.5836,359.07468,0.83586645,-0.10846669,0.29601538,-0.036843427
52,RKnee,377.2985,352.81546,0.8875941,-0.111501835,0.26635185,0.17447492
52,LAnkle,408.72403,446.70386,0.9438188,-0.034208253,0.49197808,0.0018817175
52,RAnkle,402.4389,415.4077,0.8017597,-0.04947899,0.42081866,0.210316
52,Head,383.5836,121.22402,0.9349371,-0.09124091,-0.28638697,-0.08716228
52,Neck,383.5836,171.29785,0.86914366,-0.089015275,-0.16801904,-0.07581315
52,Hip,421.29422,283.96396,0.837668,-0.00661372,0.11046448,-0.0018368342
52,LBigToe,377.2985,459.22232,0.8173648,,,
52,RBigToe,377.2985,421.66696,0.90227807,,,
52,LSmallToe,383.5836,465.48154,0.8696614,,,
52,RSmallToe,377.2985,421.66696,0.9067413,,,
52,LHeel,415.00912,452.9631,0.8850666,,,
52,RHeel,415.00912,421.66696,0.6920713,,,
53,Nose,359.83182,141.18054,0.95657593,,,
53,LEye,365.91125,134.82545,0.95481485,,,
53,REye,365.91125,134.82545,0.9208108,,,
53,LEar,390.229,141.18054,0.92674243,,,
53,REar,384.14957,141.18054,0.78537935,,,
53,LShoulder,384.14957,185.66612,0.8336932,-0.09167355,-0.12972088,-0.15063271
53,RShoulder,390.229,179.31105,0.71604335,-0.09019182,-0.1487294,0.013251798
53,LElbow,329.43466,204.73138,0.8025336,-0.21311533,-0.088966146,-0.23969081
53,RElbow,329.43466,192.02121,0.82893103,-0.21203692,-0.102547735,0.0843848
53,LWrist,262.56085,211.08647,0.8898002,-0.36481243,-0.08287173,-0.29607925
53,RWrist,280.79916,198.3763,0.6534098,-0.3429791,-0.09545368,0.08427142
53,LHip,420.6262,287.34747,0.7332717,-0.007888084,0.113032445,-0.0737072
53,RHip,414.54675,287.34747,0.58596504,-0.018519972,0.09443456,0.07010841
53,LKnee,384.14957,357.2534,0.8301085,-0.10522126,0.29397076,-0.03220257
53,RKnee,378.07013,350.89832,0.8299664,-0.107761845,0.26521853,0.17447445
53,LAnkle,408.46732,446.22458,0.92716795,-0.03412623,0.49198678,0.006265615
53,RAnkle,402.38788,414.44916,0.79480666,-0.048836295,0.42045507,0.21412537
53,Head,390.229,115.7602,0.92879325,-0.08797653,-0.30043516,-0.08596649
53,Neck,384.14957,166.60088,0.85353136,-0.084913224,-0.18041883,-0.07363755
53,Hip,420.6262,280.9924,0.83089864,-0.011519458,0.1042753,-0.0018385609
53,LBigToe,371.9907,465.28983,0.83115035,,,
53,RBigToe,371.9907,427.15933,0.87415767,,,
53,LSmallToe,384.14957,465.28983,0.86951584,,,
53,RSmallToe,378.07013,420.80423,0.91232306,,,
53,LHeel,414.54675,452.57965,0.8616251,,,
53,RHeel,414.54675,420.80423,0.6811366,,,
54,Nose,359.60385,136.36562,0.95051324,,,
54,LEye,371.57062,129.91968,0.9613796,,,
54,REye,365.58722,129.91968,0.93778676,,,
54,LEar,389.52075,136.36562,0.95250386,,,
54,REar,389.52075,136.36562,0.80162054,,,
54,LShoulder,383.53738,181.48714,0.83047605,-0.089540936,-0.14044881,-0.14937223
54,RShoulder,395.50415,175.0412,0.7258671,-0.08445898,-0.16002153,0.01625354
54,LElbow,329.68692,200.82492,0.78120893,-0.20944792,-0.09703602,-0.23965377
54,RElbow,329.68692,194.379,0.73258454,-0.20660096,-0.10901651,0.088681236
54,LWrist,263.8697,207.27086,0.87706524,-0.35976914,-0.09024574,-0.2954489
54,RWrist,287.80322,194.379,0.41153744,-0.33870977,-0.100495785,0.08936066
54,LHip,419.43768,284.62204,0.7170623,-0.013880178,0.106798455,-0.0739452
54,RHip,413.4543,284.62204,0.5778416,-0.021678692,0.08906835,0.07042197
54,LKnee,383.53738,361.97324,0.84811723,-0.101713374,0.29207516,-0.027923074
54,RKnee,377.554,355.52728,0.8345652,-0.103744105,0.26401553,0.17485797
54,LAnkle,407.47092,445.77036,0.9137261,-0.03398063,0.49209693,0.010450186
54,RAnkle,401.48755,413.54068,0.81668293,-0.048149265,0.420023,0.21805838
54,Head,389.52075,110.58188,0.93380827,-0.08488422,-0.31345597,-0.084718265
54,Neck,389.52075,162.14934,0.8422416,-0.080860004,-0.19171546,-0.07170927
54,Hip,419.43768,284.62204,0.8484917,-0.016201766,0.098607615,-0.0018652237
54,LBigToe,371.57062,465.10812,0.84629786,,,
54,RBigToe,371.57062,426.43256,0.87343585,,,
54,LSmallToe,383.53738,465.10812,0.8711284,,,
54,RSmallToe,377.554,419.9866,0.92248005,,,
54,LHeel,419.43768,452.21628,0.856836,,,
54,RHeel,413.4543,426.43256,0.6867625,,,
55,Nose,365.33267,130.97011,0.93323034,,,
55,LEye,371.21933,124.42238,0.9768982,,,
55,REye,365.33267,124.42238,0.9503852,,,
55,LEar,388.8792,130.97011,0.95067215,,,
55,REar,388.8792,130.97011,0.8110629,,,
55,LShoulder,388.8792,176.80424,0.81875074,-0.087251164,-0.15033327,-0.14824012
55,RShoulder,394.76584,170.25652,0.70032364,-0.07888603,-0.1702287,0.018978128
55,LElbow,335.89954,196.44745,0.8173311,-0.20555528,-0.10430755,-0.2391272
55,RElbow,335.89954,196.44745,0.643979,-0.20088264,-0.11479227,0.09295502
55,LWrist,271.1466,202.99518,0.6992956,-0.3542336,-0.096789345,-0.2944484
55,RWrist,288.8065,202.99518,0.25488496,-0.33407792,-0.1043475,0.094743855
55,LHip,418.31235,288.11572,0.715891,-0.019758806,0.100836426,-0.074071914
55,RHip,412.42572,281.568,0.60135174,-0.024707794,0.083933905,0.07066517
55,LKnee,388.8792,360.14078,0.8233377,-0.09791511,0.29018274,-0.02371137
55,RKnee,377.10596,353.59305,0.82706344,-0.099410936,0.2628301,0.17519674
55,LAnkle,406.5391,445.26132,0.903995,-0.033795312,0.49221304,0.014473385
55,RAnkle,400.65247,412.52267,0.7555102,-0.047505427,0.419661,0.22150153
55,Head,388.8792,104.779175,0.94619745,-0.081998385,-0.32562283,-0.08337145
55,Neck,388.8792,157.16104,0.8706461,-0.077056095,-0.20210929,-0.0700373
55,Hip,418.31235,281.568,0.8518164,-0.02076818,0.09320925,-0.0018759721
55,LBigToe,371.21933,464.90454,0.85077333,,,
55,RBigToe,377.10596,425.61813,0.9006148,,,
55,LSmallToe,382.99258,464.90454,0.8682476,,,
55,RSmallToe,377.10596,419.0704,0.9023075,,,
55,LHeel,418.31235,451.80905,0.87265664,,,
55,RHeel,418.31235,425.61813,0.66378444,,,
56,Nose,362.97192,127.335976,0.9406802,,,
56,LEye,374.7863,120.71967,0.95994526,,,
56,REye,368.8791,120.71967,0.957546,,,
56,LEar,392.5078,127.335976,0.9728469,,,
56,REar,392.5078,127.335976,0.8312596,,,
56,LShoulder,386.60062,173.6501,0.856831,-0.08480382,-0.15941165,-0.14701784
56,RShoulder,398.41498,167.0338,0.74596894,-0.07346089,-0.17928554,0.021297699
56,LElbow,339.34323,193.49901,0.8406204,-0.20176132,-0.11102842,-0.23831633
56,RElbow,339.34323,193.49901,0.7075088,-0.19527404,-0.119960085,0.09710534
56,LWrist,274.3643,200.11531,0.8213104,-0.3487612,-0.1023961,-0.29270607
56,RWrist,286.17865,193.49901,0.34809777,-0.32935208,-0.1077375,0.10011452
56,LHip,416.1365,279.51093,0.73576105,-0.02544309,0.0951294,-0.07415734
56,RHip,416.1365,279.51093,0.6330768,-0.027681867,0.07910235,0.07082001
56,LKnee,386.60062,358.90656,0.8429577,-0.093566455,0.28835347,-0.01968968
56,RKnee,386.60062,352.29025,0.7871826,-0.09461689,0.2616661,0.17555921
56,LAnkle,410.22934,444.9185,0.91829956,-0.033581536,0.49241462,0.018273894
56,RAnkle,404.32214,418.45328,0.73798275,-0.046865884,0.41927448,0.22481446
56,Head,386.60062,100.870766,0.919873,-0.07927255,-0.33695704,-0.08208328
56,Neck,392.5078,147.18489,0.86512667,-0.07339347,-0.21161638,-0.06862234
56,Hip,416.1365,279.51093,0.85870427,-0.025193145,0.08809817,-0.0018913217
56,LBigToe,374.7863,464.7674,0.82639384,,,
56,RBigToe,380.69345,425.06958,0.8971077,,,
56,LSmallToe,380.69345,464.7674,0.88090944,,,
56,RSmallToe,380.69345,418.45328,0.93153954,,,
56,LHeel,416.1365,451.5348,0.8566812,,,
56,RHeel,416.1365,425.06958,0.6835877,,,
57,Nose,366.9922,122.82347,0.9745645,,,
57,LEye,372.84274,116.12203,0.9665651,,,
57,REye,366.9922,116.12203,0.95498174,,,
57,LEar,396.24496,122.82347,0.96497124,,,
57,REar,390.3944,122.82347,0.86479765,,,
57,LShoulder,390.3944,169.73358,0.82206255,-0.082454294,-0.16731305,-0.14570712
57,RShoulder,402.09552,163.03214,0.73846465,-0.06869134,-0.18689425,0.02321267
57,LElbow,343.58997,189.8379,0.7927242,-0.19833475,-0.1169022,-0.23723954
57,RElbow,343.58997,183.13647,0.7561363,-0.19012445,-0.1245462,0.10089389
57,LWrist,273.38327,196.53935,0.7850452,-0.34415036,-0.10699944,-0.29128873
57,RWrist,285.08438,189.8379,0.37995088,-0.32478064,-0.11005245,0.10533468
57,LHip,413.79663,276.9567,0.7319775,-0.030795062,0.090038136,-0.07416889
57,RHip,413.79663,276.9567,0.6500313,-0.030646881,0.07481186,0.07094998
57,LKnee,384.54385,357.37402,0.85184985,-0.08879273,0.28672028,-0.01583275
57,RKnee,384.54385,350.67258,0.7818534,-0.08928503,0.2607526,0.17609069
57,LAnkle,407.94608,444.49277,0.90701556,-0.033351928,0.4925041,0.021803277
57,RAnkle,407.94608,410.98557,0.70425904,-0.046306282,0.41903326,0.22811939
57,Head,390.3944,96.0177,0.95510066,-0.07689653,-0.34684882,-0.08088168
57,Neck,390.3944,142.92781,0.89944685,-0.07005642,-0.21985553,-0.06745853
57,Hip,413.79663,276.9567,0.86337155,-0.029322794,0.08350283,-0.001911957
57,LBigToe,372.84274,464.5971,0.8360466,,,
57,RBigToe,378.6933,424.38846,0.89142567,,,
57,LSmallToe,378.6933,464.5971,0.8589152,,,
57,RSmallToe,384.54385,417.687,0.92519295,,,
57,LHeel,419.64722,451.1942,0.8548078,,,
57,RHeel,419.64722,424.38846,0.6959581,,,
58,Nose,365.98196,118.75274,0.94778705,,,
58,LEye,377.63217,111.97449,0.9414157,,,
58,REye,371.80707,111.97449,0.9631047,,,
58,LEar,395.1075,118.75274,0.97730106,,,
58,REar,395.1075,118.75274,0.852612,,,
58,LShoulder,389.2824,166.20049,0.81689835,-0.080205694,-0.17415433,-0.14421901
58,RShoulder,400.93262,159.42224,0.7774732,-0.064590916,-0.19330299,0.024860062
58,LElbow,342.68152,186.53523,0.844946,-0.1952168,-0.12195292,-0.23593146
58,RElbow,348.50662,186.53523,0.76122195,-0.18548948,-0.12833975,0.104151756
58,LWrist,272.78018,193.31349,0.7370236,-0.339907,-0.110866636,-0.28966114
58,RWrist,313.55597,186.53523,0.42947787,-0.3199525,-0.11224651,0.109737016
58,LHip,406.75775,274.6525,0.6991931,-0.035814643,0.08560099,-0.07412277
58,RHip,412.58286,274.6525,0.6486904,-0.03357977,0.07107608,0.071015246
58,LKnee,389.2824,355.9915,0.8587304,-0.08375971,0.28536585,-0.0123084495
58,RKnee,389.2824,349.21326,0.80756277,-0.083777994,0.25998753,0.17658964
58,LAnkle,406.75775,444.10873,0.89550436,-0.03301908,0.49264565,0.024967015
58,RAnkle,406.75775,410.2175,0.71314055,-0.045719277,0.41883615,0.23098665
58,Head,389.2824,91.63973,0.94890374,-0.07470907,-0.35551134,-0.07973031
58,Neck,395.1075,139.0875,0.9288449,-0.067123584,-0.22695188,-0.06650133
58,Hip,412.58286,274.6525,0.8613348,-0.033223413,0.079484135,-0.0019311144
58,LBigToe,371.80707,464.4435,0.8532912,,,
58,RBigToe,377.63217,423.774,0.90099514,,,
58,LSmallToe,383.4573,464.4435,0.8616866,,,
58,RSmallToe,383.4573,416.99576,0.91614515,,,
58,LHeel,418.40796,450.887,0.87894666,,,
58,RHeel,418.40796,423.774,0.6500041,,,
59,Nose,369.41287,115.876656,0.96278614,,,
59,LEye,375.25162,109.04414,0.9724435,,,
59,REye,369.41287,109.04414,0.9602317,,,
59,LEar,392.76794,115.876656,0.9651839,,,
59,REar,398.6067,115.876656,0.90440416,,,
59,LShoulder,392.76794,163.70427,0.86498016,-0.07807977,-0.17991205,-0.14267236
59,RShoulder,404.44547,156.87175,0.797779,-0.061127372,-0.19858183,0.026205441
59,LElbow,340.21902,184.20181,0.85614073,-0.19230512,-0.12652086,-0.23455417
59,RElbow,346.0578,184.20181,0.7930223,-0.1817036,-0.13174139,0.1074815
59,LWrist,275.99255,197.86685,0.7681923,-0.33631486,-0.11429772,-0.28860226
59,RWrist,311.02518,184.20181,0.4441797,-0.31626952,-0.11372064,0.11390328
59,LHip,410.28424,273.02454,0.70931906,-0.04046057,0.08175008,-0.0740582
59,RHip,410.28424,273.02454,0.66772443,-0.036412727,0.0678155,0.0710426
59,LKnee,392.76794,355.0147,0.8652391,-0.078495294,0.28422597,-0.009211924
59,RKnee,392.76794,348.1822,0.83160555,-0.07812993,0.2594591,0.17699343
59,LAnkle,410.28424,443.83743,0.91614944,-0.03265822,0.49275675,0.027845921
59,RAnkle,404.44547,416.50735,0.7415104,-0.04513699,0.41868636,0.23340988
59,Head,392.76794,88.54659,0.9478451,-0.07273482,-0.36295357,-0.07887461
59,Neck,392.76794,136.3742,0.907888,-0.06438641,-0.23304655,-0.06570471
59,Hip,410.28424,273.02454,0.86895096,-0.036864303,0.07595688,-0.0019627528
59,LBigToe,375.25162,464.33496,0.85390574,,,
59,RBigToe,381.0904,423.33987,0.94074583,,,
59,LSmallToe,381.0904,464.33496,0.86742085,,,
59,RSmallToe,381.0904,416.50735,0.966494,,,
59,LHeel,416.12302,450.66992,0.87848485,,,
59,RHeel,416.12302,423.33987,0.7227182,,,
60,Nose,368.35132,113.522964,0.96352416,,,
60,LEye,374.1589,106.646034,0.9439622,,,
60,REye,374.1589,106.646034,0.92787987,,,
60,LEar,397.38928,113.522964,0.97795844,,,
60,REar,397.38928,113.522964,0.9033546,,,
60,LShoulder,391.5817,161.66144,0.86485696,-0.07606202,-0.18456964,-0.14103541
60,RShoulder,403.1969,154.78452,0.79163164,-0.058339298,-0.20277108,0.027308866
60,LElbow,339.31332,182.29222,0.8524841,-0.18988356,-0.13027158,-0.23298696
60,RElbow,345.1209,182.29222,0.7825664,-0.17854345,-0.13452698,0.11038447
60,LWrist,275.42978,196.04607,0.8140781,-0.33342087,-0.117373005,-0.28773746
60,RWrist,281.23737,189.16914,0.3818681,-0.3135157,-0.11452022,0.1176664
60,LHip,409.0045,271.69223,0.693134,-0.04452151,0.07856245,-0.07391026
60,RHip,409.0045,271.69223,0.63349897,-0.039140947,0.065154925,0.07102386
60,LKnee,391.5817,354.21533,0.8639198,-0.073255084,0.28332034,-0.006598916
60,RKnee,391.5817,347.3384,0.79757535,-0.07261176,0.25922778,0.17717776
60,LAnkle,409.0045,443.6154,0.938871,-0.032284588,0.4927136,0.030324263
60,RAnkle,409.0045,416.10767,0.76578516,-0.044496138,0.4185946,0.23544508
60,Head,391.5817,86.01526,0.9237629,-0.07098457,-0.3690397,-0.0782972
60,Neck,397.38928,134.15373,0.898075,-0.061965436,-0.2380099,-0.06505344
60,Hip,409.0045,271.69223,0.84275365,-0.040176965,0.07309677,-0.0019977049
60,LBigToe,374.1589,464.24615,0.8762521,,,
60,RBigToe,379.9665,422.9846,0.9833116,,,
60,LSmallToe,385.7741,464.24615,0.87137616,,,
60,RSmallToe,385.7741,416.10767,0.9588674,,,
60,LHeel,414.81207,450.4923,0.87580496,,,
60,RHeel,414.81207,422.9846,0.74606204,,,
61,Nose,373.39,111.32904,0.95043427,,,
61,LEye,379.15854,104.41072,0.9607486,,,
61,REye,373.39,104.41072,0.9361063,,,
61,LEar,396.46402,111.32904,0.9811649,,,
61,REar,396.46402,111.32904,0.86676395,,,
61,LShoulder,390.69553,159.75728,0.85117966,-0.074241504,-0.18818377,-0.13943791
61,RShoulder,408.001,152.83896,0.7799734,-0.056189496,-0.20604958,0.028296227
61,LElbow,344.54755,180.51224,0.900969,-0.18786252,-0.13329475,-0.23135996
61,RElbow,344.54755,180.51224,0.83202356,-0.17619252,-0.13682489,0.112918414
61,LWrist,281.0941,194.34888,0.83664256,-0.33082676,-0.120251656,-0.28674158
61,RWrist,286.86258,187.43056,0.5293108,-0.31113958,-0.11562671,0.12063744
61,LHip,402.2325,277.3687,0.6860716,-0.048145346,0.07600184,-0.07371772
61,RHip,408.001,270.4504,0.6574716,-0.04173913,0.06301379,0.07098786
61,LKnee,396.46402,353.47025,0.8457334,-0.06817588,0.28261843,-0.004369976
61,RKnee,396.46402,346.5519,0.8079432,-0.067375846,0.25913423,0.17719194
61,LAnkle,408.001,443.4084,0.9486235,-0.031904325,0.49266532,0.032569688
61,RAnkle,408.001,415.7351,0.83911264,-0.0438592,0.4186121,0.23704775
61,Head,396.46402,83.65576,0.9029385,-0.06950337,-0.37385464,-0.077995785
61,Neck,396.46402,132.084,0.89876115,-0.05988735,-0.24196385,-0.064477816
61,Hip,408.001,270.4504,0.8524663,-0.043252327,0.070794955,-0.0020113199
61,LBigToe,373.39,464.16336,0.87539274,,,
61,RBigToe,379.15854,422.65344,1.0246738,,,
61,LSmallToe,384.92703,464.16336,0.87571996,,,
61,RSmallToe,384.92703,415.7351,0.9595753,,,
61,LHeel,419.538,450.32672,0.92160356,,,
61,RHeel,413.7695,422.65344,0.75261086,,,
62,Nose,372.67868,109.77814,0.9675768,,,
62,LEye,378.389,102.83056,0.9734752,,,
62,REye,372.67868,102.83056,0.940229,,,
62,LEar,395.51996,109.77814,0.9805583,,,
62,REar,395.51996,109.77814,0.83615357,,,
62,LShoulder,395.51996,158.41121,0.8565238,-0.072692715,-0.19076627,-0.1380701
62,RShoulder,406.9406,151.46364,0.8105622,-0.054480813,-0.20847583,0.029105958
62,LElbow,344.12704,179.25397,0.8766654,-0.18637472,-0.13563205,-0.22986993
62,RElbow,349.83737,179.25397,0.77339876,-0.17447004,-0.13873364,0.1150768
62,LWrist,281.31348,186.20154,0.814035,-0.32921204,-0.122765034,-0.2860564
62,RWrist,309.8651,179.25397,0.44019392,-0.3086741,-0.11738232,0.12298442
62,LHip,401.2303,276.5201,0.7186632,-0.0512887,0.07401897,-0.07355227
62,RHip,406.9406,269.57254,0.6931635,-0.044177704,0.06139535,0.070873134
62,LKnee,401.2303,352.9435,0.84224766,-0.06339911,0.28210297,-0.0025046098
62,RKnee,401.2303,345.99594,0.8317589,-0.062641665,0.25913075,0.177169
62,LAnkle,412.65094,443.2621,0.9687663,-0.03146194,0.49267766,0.034470517
62,RAnkle,406.9406,415.47177,0.8416905,-0.043237098,0.41852713,0.23832063
62,Head,395.51996,81.98781,0.9090675,-0.06827816,-0.3775384,-0.07782193
62,Neck,395.51996,130.62088,0.9013926,-0.058093082,-0.24490355,-0.06419013
62,Hip,406.9406,269.57254,0.85752803,-0.04598815,0.06902863,-0.0020179471
62,LBigToe,372.67868,464.10483,0.87286925,,,
62,RBigToe,378.389,422.41934,1.0286276,,,
62,LSmallToe,384.0993,464.10483,0.8655797,,,
62,RSmallToe,384.0993,415.47177,0.95419717,,,
62,LHeel,418.36127,450.20966,0.9380339,,,
62,RHeel,418.36127,429.3669,0.7610427,,,
63,Nose,372.23376,109.56088,0.9670894,,,
63,LEye,377.8342,102.60921,0.9767586,,,
63,REye,372.23376,102.60921,0.9256135,,,
63,LEar,400.23596,109.56088,0.96888834,,,
63,REar,394.6355,109.56088,0.84244764,,,
63,LShoulder,394.6355,158.22266,0.8302026,-0.07121307,-0.19255765,-0.13670865
63,RShoulder,405.8364,151.27098,0.7860851,-0.053258594,-0.21017523,0.029689746
63,LElbow,344.23157,179.0777,0.8660972,-0.18535596,-0.13738188,-0.22834179
63,RElbow,349.832,179.0777,0.7879639,-0.17346647,-0.14007096,0.11672398
63,LWrist,282.62677,186.02939,0.8533012,-0.32822114,-0.124551535,-0.2844303
63,RWrist,316.2294,179.0777,0.44810322,-0.3072026,-0.1182936,0.124774456
63,LHip,400.23596,276.40125,0.7205008,-0.053881705,0.07246482,-0.0732904
63,RHip,405.8364,269.44955,0.6873172,-0.04638408,0.06018569,0.07065054
63,LKnee,400.23596,352.86972,0.8870974,-0.059164084,0.28166997,-0.0011752716
63,RKnee,400.23596,345.91806,0.8249621,-0.05852616,0.25932354,0.17696527
63,LAnkle,411.43683,443.2416,0.98365813,-0.031122645,0.49245623,0.035907954
63,RAnkle,405.8364,415.43488,0.8521225,-0.04261341,0.41832888,0.23897833
63,Head,394.6355,74.80248,0.9365556,-0.06726329,-0.38022104,-0.07796308
63,Neck,400.23596,130.41592,0.95261234,-0.056552105,-0.24697913,-0.064104535
63,Hip,405.8364,269.44955,0.85881865,-0.04831308,0.06772861,-0.0020149846
63,LBigToe,372.23376,464.09665,0.8268859,,,
63,RBigToe,383.43463,422.38654,0.9967342,,,
63,LSmallToe,383.43463,464.09665,0.79228497,,,
63,RSmallToe,383.43463,415.43488,0.9273277,,,
63,LHeel,417.03726,450.19327,0.93446076,,,
63,RHeel,417.03726,422.38654,0.77239794,,,
64,Nose,371.94336,108.87686,0.9669983,,,
64,LEye,377.53598,101.91228,0.9727811,,,
64,REye,371.94336,101.91228,0.9160817,,,
64,LEar,399.9065,108.87686,0.9676378,,,
64,REar,399.9065,108.87686,0.8342622,,,
64,LShoulder,394.31387,157.62898,0.84461755,-0.06991517,-0.19361174,-0.13558084
64,RShoulder,411.09177,150.66438,0.78982264,-0.05252903,-0.21123022,0.030237097
64,LElbow,343.9802,178.52274,0.83700013,-0.18478578,-0.13863575,-0.22696039
64,RElbow,349.5728,178.52274,0.65837103,-0.17307922,-0.14109477,0.11803772
64,LWrist,282.46124,185.48732,0.869432,-0.32802522,-0.12602954,-0.28300452
64,RWrist,321.60968,178.52274,0.40338057,-0.30651855,-0.11914873,0.12616545
64,LHip,399.9065,276.02698,0.71197355,-0.056047156,0.071297154,-0.0730027
64,RHip,405.49915,269.06238,0.6709036,-0.04838995,0.059380006,0.07041953
64,LKnee,399.9065,352.63742,0.8838826,-0.055229954,0.28144234,-0.00034282287
64,RKnee,399.9065,352.63742,0.81375676,-0.05500476,0.2597107,0.1768083
64,LAnkle,411.09177,443.17706,0.9739417,-0.030823244,0.49236414,0.037110083
64,RAnkle,405.49915,415.31873,0.8271033,-0.042039447,0.41809902,0.23952264
64,Head,394.31387,74.053925,0.9268433,-0.06654915,-0.38191983,-0.07824176
64,Neck,399.9065,129.77063,0.93905383,-0.055396013,-0.24829316,-0.06415973
64,Hip,405.49915,269.06238,0.85436743,-0.050352626,0.066793814,-0.0020023838
64,LBigToe,371.94336,464.07083,0.8284419,,,
64,RBigToe,377.53598,422.2833,0.9545533,,,
64,LSmallToe,383.1286,464.07083,0.80121595,,,
64,RSmallToe,383.1286,415.31873,0.90386033,,,
64,LHeel,416.68442,450.14166,0.9404793,,,
64,RHeel,416.68442,429.2479,0.7590596,,,
65,Nose,372.18994,108.77181,0.9617775,,,
65,LEye,377.764,101.805244,0.9661654,,,
65,REye,377.764,101.805244,0.9156857,,,
65,LEar,400.06036,108.77181,0.9705425,,,
65,REar,400.06036,108.77181,0.81587166,,,
65,LShoulder,394.48627,157.5378,0.8347905,-0.06870595,-0.1940586,-0.13454023
65,RShoulder,405.63446,150.57123,0.7850919,-0.05199722,-0.21184762,0.030760447
65,LElbow,344.3195,178.43752,0.79264385,-0.18443847,-0.13946313,-0.22563449
65,RElbow,349.8936,178.43752,0.5965037,-0.17280293,-0.14184572,0.11942888
65,LWrist,277.43045,185.40408,0.8938155,-0.3285541,-0.12706658,-0.28174797
65,RWrist,322.02313,178.43752,0.3240242,-0.3063803,-0.120067626,0.1272931
65,LHip,400.06036,275.96948,0.7124327,-0.05772116,0.07047559,-0.07266155
65,RHip,405.63446,269.0029,0.67753696,-0.050066795,0.05890998,0.07019916
65,LKnee,400.06036,352.60175,0.86522114,-0.051619783,0.28137437,0.00017230562
65,RKnee,405.63446,352.60175,0.8145155,-0.05178582,0.2600705,0.1767234
65,LAnkle,411.20853,443.16714,0.9767714,-0.030517621,0.49231294,0.038161222
65,RAnkle,405.63446,415.30087,0.8107732,-0.041511394,0.41782168,0.24000657
65,Head,394.48627,73.938965,0.9274805,-0.06593209,-0.38277343,-0.07831565
65,Neck,400.06036,129.67152,0.9407697,-0.054507162,-0.24898997,-0.06424925
65,Hip,405.63446,269.0029,0.8373886,-0.051995948,0.06620236,-0.0019679416
65,LBigToe,372.18994,464.06686,0.84439313,,,
65,RBigToe,377.764,422.26746,0.9198789,,,
65,LSmallToe,383.3381,464.06686,0.8227072,,,
65,RSmallToe,383.3381,415.30087,0.8689293,,,
65,LHeel,416.78262,450.13373,0.9403444,,,
65,RHeel,416.78262,429.234,0.7456329,,,
66,Nose,371.77225,108.822556,0.94990784,,,
66,LEye,377.3985,101.85695,0.9525486,,,
66,REye,377.3985,101.85695,0.9297906,,,
66,LEar,399.9034,108.822556,0.9744306,,,
66,REar,399.9034,108.822556,0.8081105,,,
66,LShoulder,399.9034,157.58185,0.81840235,-0.0677561,-0.19400749,-0.1337003
66,RShoulder,405.52963,150.61623,0.76557904,-0.051846016,-0.2121145,0.03125553
66,LElbow,343.6411,178.47868,0.8023399,-0.18438715,-0.14000182,-0.22460377
66,RElbow,349.26733,171.51306,0.6222922,-0.17312679,-0.14245908,0.120508894
66,LWrist,276.12637,185.44429,0.9025549,-0.32907414,-0.12787208,-0.28030202
66,RWrist,321.1362,178.47868,0.2851289,-0.3066979,-0.12062472,0.1282937
66,LHip,399.9034,269.03165,0.7094837,-0.059063606,0.069876894,-0.072281726
66,RHip,405.52963,269.03165,0.65550077,-0.051564083,0.058672998,0.069841586
66,LKnee,405.52963,352.619,0.8497455,-0.048309013,0.28143767,0.00044591888
66,RKnee,405.52963,352.619,0.82949245,-0.049109492,0.2604608,0.17677417
66,LAnkle,411.15585,443.17194,0.98652124,-0.030360809,0.4923077,0.03900236
66,RAnkle,405.52963,415.30948,0.77579063,-0.04112855,0.4174569,0.2404218
66,Head,394.27716,73.9945,0.9331049,-0.065478146,-0.3830199,-0.07838138
66,Neck,399.9034,129.71939,0.9415634,-0.05394584,-0.24927348,-0.06436334
66,Hip,399.9034,269.03165,0.8466602,-0.05345739,0.065721735,-0.0019357076
66,LBigToe,371.77225,464.0688,0.82203656,,,
66,RBigToe,377.3985,422.27512,0.89439577,,,
66,LSmallToe,383.02472,464.0688,0.81174123,,,
66,RSmallToe,383.02472,415.30948,0.85794437,,,
66,LHeel,416.78207,450.13754,0.947421,,,
66,RHeel,416.78207,429.24072,0.71953267,,,
67,Nose,371.88974,109.07262,0.9418431,,,
67,LEye,383.16397,102.111725,0.9527774,,,
67,REye,377.52686,102.111725,0.92925066,,,
67,LEar,400.0753,109.07262,0.973436,,,
67,REar,400.0753,109.07262,0.8103678,,,
67,LShoulder,400.0753,157.79887,0.8234008,-0.06695845,-0.19365077,-0.1328278
67,RShoulder,405.7124,150.83798,0.75792706,-0.05188825,-0.21204075,0.03184203
67,LElbow,343.7042,178.68155,0.8488383,-0.18442842,-0.14020099,-0.22368899
67,RElbow,349.3413,178.68155,0.73892957,-0.17399105,-0.14249314,0.121057644
67,LWrist,276.05884,185.64246,0.83926934,-0.32937726,-0.1284144,-0.27885434
67,RWrist,281.69595,185.64246,0.44121766,-0.30799162,-0.120839596,0.12868316
67,LHip,400.0753,276.13406,0.717905,-0.060063764,0.06967084,-0.07190361
67,RHip,400.0753,269.1732,0.6576298,-0.052562352,0.058659416,0.069602765
67,LKnee,405.7124,352.70392,0.8622381,-0.045487158,0.28162244,0.0003401374
67,RKnee,405.7124,352.70392,0.8464891,-0.046836708,0.2609362,0.17690742
67,LAnkle,411.34952,443.19553,0.98127884,-0.030084347,0.49236026,0.039674185
67,RAnkle,411.34952,422.31284,0.7826748,-0.04061322,0.41712138,0.24066961
67,Head,394.4382,81.22904,0.92601746,-0.06508957,-0.38272718,-0.07851912
67,Neck,400.0753,129.95529,0.93999845,-0.053814538,-0.24910451,-0.064438306
67,Hip,400.0753,269.1732,0.8645853,-0.054416854,0.06557627,-0.0018793538
67,LBigToe,371.88974,464.07822,0.81164104,,,
67,RBigToe,383.16397,422.31284,0.90046465,,,
67,LSmallToe,383.16397,464.07822,0.79065895,,,
67,RSmallToe,383.16397,415.35196,0.8467584,,,
67,LHeel,416.98663,450.15643,0.9532886,,,
67,RHeel,416.98663,429.27374,0.7467161,,,
68,Nose,371.8384,109.15867,0.9393665,,,
68,LEye,383.10852,102.199394,0.95192003,,,
68,REye,377.47348,102.199394,0.9300195,,,
68,LEar,400.01373,109.15867,0.97181416,,,
68,REar,400.01373,109.15867,0.80740386,,,
68,LShoulder,400.01373,157.87357,0.82659453,-0.066387214,-0.19328174,-0.13196991
68,RShoulder,405.6488,150.91429,0.7667614,-0.051995058,-0.21194164,0.032417927
68,LElbow,343.66306,178.75137,0.8661386,-0.18454838,-0.14016038,-0.222843
68,RElbow,349.29813,178.75137,0.76105684,-0.17475387,-0.14273123,0.12192596
68,LWrist,276.04227,185.71065,0.8445578,-0.3294078,-0.12845214,-0.2775897
68,RWrist,281.6773,185.71065,0.5430432,-0.3087015,-0.12125969,0.12898588
68,LHip,400.01373,276.18115,0.7240367,-0.06067644,0.06950767,-0.07154638
68,RHip,400.01373,269.2219,0.67126244,-0.05331724,0.058748003,0.06931673
68,LKnee,405.6488,359.6924,0.86645496,-0.043231174,0.2818139,0.0001609826
68,RKnee,405.6488,352.73312,0.8317469,-0.045131195,0.26122567,0.17718305
68,LAnkle,411.28387,443.20364,0.9894623,-0.029861366,0.49235252,0.040184565
68,RAnkle,411.28387,415.36658,0.801605,-0.040274806,0.41705883,0.24076721
68,Head,394.37866,74.36231,0.9269549,-0.064726025,-0.3823265,-0.078430355
68,Neck,400.01373,130.03648,0.9380914,-0.053882666,-0.2489267,-0.064513765
68,Hip,400.01373,269.2219,0.87359524,-0.055017866,0.06554596,-0.0018362475
68,LBigToe,371.8384,464.08145,0.80905145,,,
68,RBigToe,383.10852,422.32584,0.9118775,,,
68,LSmallToe,383.10852,464.08145,0.7929534,,,
68,RSmallToe,383.10852,415.36658,0.85508674,,,
68,LHeel,416.91895,450.16293,0.95010257,,,
68,RHeel,416.91895,429.2851,0.72885686,,,
69,Nose,377.20996,109.31095,0.9215574,,,
69,LEye,382.82492,102.35455,0.9611789,,,
69,REye,377.20996,102.35455,0.93647355,,,
69,LEar,399.66983,109.31095,0.9697317,,,
69,REar,399.66983,109.31095,0.790334,,,
69,LShoulder,399.66983,158.00574,0.82504106,-0.0660258,-0.19278951,-0.13104174
69,RShoulder,405.2848,151.04933,0.74927354,-0.052193895,-0.21174437,0.032975458
69,LElbow,343.52017,178.87492,0.84339434,-0.18469839,-0.13995744,-0.22195518
69,RElbow,349.13513,178.87492,0.7525294,-0.1756552,-0.14304557,0.12273415
69,LWrist,276.14056,185.83133,0.7905335,-0.3292564,-0.12839125,-0.27653965
69,RWrist,321.0603,178.87492,0.44716716,-0.30969435,-0.121900246,0.12942915
69,LHip,399.66983,269.30807,0.71000147,-0.061104804,0.06946193,-0.0711789
69,RHip,399.66983,269.30807,0.6620068,-0.053822506,0.05893405,0.068958886
69,LKnee,405.2848,352.78485,0.84237164,-0.04121363,0.2820832,3.464031e-05
69,RKnee,405.2848,352.78485,0.8065875,-0.04368874,0.2614824,0.1775555
69,LAnkle,410.89975,443.21802,0.9910685,-0.02961967,0.49232504,0.040795904
69,RAnkle,410.89975,415.39243,0.83649486,-0.04002158,0.41686466,0.24105892
69,Head,394.05487,81.48537,0.926026,-0.06441006,-0.3815258,-0.07843254
69,Neck,399.66983,130.18015,0.92998564,-0.054229904,-0.2485837,-0.064507596
69,Hip,399.66983,269.30807,0.86139256,-0.055445917,0.06559135,-0.0017970179
69,LBigToe,377.20996,464.08722,0.79850906,,,
69,RBigToe,382.82492,422.34882,0.91031414,,,
69,LSmallToe,382.82492,464.08722,0.78900766,,,
69,RSmallToe,382.82492,415.39243,0.86263424,,,
69,LHeel,416.51474,450.1744,0.9451823,,,
69,RHeel,416.51474,422.34882,0.7355657,,,
70,Nose,376.663,109.48108,0.9314525,,,
70,LEye,382.25723,102.52789,0.9764835,,,
70,REye,376.663,102.52789,0.9410834,,,
70,LEar,399.03998,109.48108,0.9642799,,,
70,REar,399.03998,109.48108,0.8092097,,,
70,LShoulder,399.03998,158.1534,0.83611536,-0.06587745,-0.19226,-0.13026452
70,RShoulder,404.63422,151.20021,0.7449155,-0.052548368,-0.21145774,0.033474166
70,LElbow,348.69177,179.01295,0.821405,-0.18463503,-0.13958344,-0.2212076
70,RElbow,348.69177,179.01295,0.7748713,-0.17699379,-0.1429415,0.12308975
70,LWrist,281.5608,185.96614,0.7775105,-0.328448,-0.12808403,-0.27529427
70,RWrist,281.5608,185.96614,0.4778939,-0.31093198,-0.121948436,0.12944338
70,LHip,399.03998,269.4044,0.7095001,-0.06133285,0.06959632,-0.07083917
70,RHip,399.03998,269.4044,0.648793,-0.05395487,0.059151683,0.06863285
70,LKnee,410.2285,352.84262,0.8253023,-0.039528977,0.28242612,-0.0002007212
70,RKnee,404.63422,352.84262,0.81389105,-0.04245794,0.26163736,0.17798196
70,LAnkle,410.2285,443.23407,0.993323,-0.029398618,0.49234638,0.041270863
70,RAnkle,410.2285,415.42133,0.836856,-0.039795037,0.41677266,0.24123251
70,Head,393.44574,81.668335,0.9255182,-0.06407352,-0.38070473,-0.07845728
70,Neck,399.03998,130.34064,0.9261558,-0.054665294,-0.24819931,-0.06452327
70,Hip,399.03998,269.4044,0.849325,-0.055604845,0.06575933,-0.0017450012
70,LBigToe,376.663,464.09363,0.79659593,,,
70,RBigToe,382.25723,422.3745,0.91333646,,,
70,LSmallToe,382.25723,464.09363,0.773656,,,
70,RSmallToe,387.8515,415.42133,0.87291104,,,
70,LHeel,415.82272,450.18726,0.92975277,,,
70,RHeel,415.82272,422.3745,0.7349114,,,
71,Nose,376.38898,109.715126,0.92445534,,,
71,LEye,381.9831,102.76636,0.9680261,,,
71,REye,376.38898,102.76636,0.932853,,,
71,LEar,398.7654,109.715126,0.961728,,,
71,REar,398.7654,109.715126,0.80592144,,,
71,LShoulder,398.7654,158.35652,0.8321671,-0.06599647,-0.19176231,-0.1294092
71,RShoulder,404.35953,151.40776,0.7623109,-0.053045698,-0.21114843,0.034004956
71,LElbow,348.41843,179.20284,0.8277627,-0.18488118,-0.13909605,-0.22046295
71,RElbow,348.41843,172.25407,0.7490051,-0.17834008,-0.14308804,0.123586796
71,LWrist,281.28915,186.15161,0.7741624,-0.32825005,-0.12751926,-0.27437243
71,RWrist,281.28915,186.15161,0.55204815,-0.3121041,-0.1219767,0.12944481
71,LHip,398.7654,269.53687,0.7191091,-0.06139162,0.06978917,-0.07044413
71,RHip,404.35953,269.53687,0.64718586,-0.053825077,0.059418526,0.068360426
71,LKnee,409.9536,352.92212,0.83787227,-0.03824892,0.2828088,-0.0004759219
71,RKnee,404.35953,352.92212,0.79913074,-0.04144287,0.261776,0.17848739
71,LAnkle,409.9536,443.25613,0.9929942,-0.029187439,0.49234977,0.041574497
71,RAnkle,409.9536,415.46106,0.8693378,-0.03959355,0.4167149,0.2415227
71,Head,393.1713,81.920044,0.9185346,-0.06384744,-0.3798569,-0.0782795
71,Neck,398.7654,130.56145,0.91855055,-0.055227198,-0.24779402,-0.06437566
71,Hip,398.7654,269.53687,0.84587026,-0.055475287,0.066011965,-0.001727527
71,LBigToe,376.38898,464.10245,0.79504335,,,
71,RBigToe,381.9831,422.40982,0.91705585,,,
71,LSmallToe,381.9831,464.10245,0.7819834,,,
71,RSmallToe,387.57718,415.46106,0.8950874,,,
71,LHeel,415.54773,450.20493,0.9204989,,,
71,RHeel,415.54773,422.40982,0.75624937,,,
72,Nose,375.8406,110.11969,0.9329732,,,
72,LEye,381.4549,103.17855,0.9746579,,,
72,REye,375.8406,103.17855,0.93949616,,,
72,LEar,403.91202,110.11969,0.9355159,,,
72,REar,398.29773,110.11969,0.817679,,,
72,LShoulder,398.29773,158.70766,0.85712004,-0.066286825,-0.19125901,-0.12856758
72,RShoulder,403.91202,151.76651,0.777011,-0.05355548,-0.21079631,0.0345164
72,LElbow,347.7692,179.53107,0.8511989,-0.18520829,-0.13843396,-0.21962076
72,RElbow,353.38348,172.58994,0.74937165,-0.17932692,-0.1431749,0.12423305
72,LWrist,280.39783,186.47221,0.6460591,-0.32823646,-0.1267222,-0.27366874
72,RWrist,314.08353,179.53107,0.56407934,-0.31259292,-0.12231687,0.12968922
72,LHip,398.29773,269.76587,0.7254504,-0.0612944,0.07006435,-0.07013071
72,RHip,403.91202,269.76587,0.6932614,-0.053515386,0.05976944,0.06822205
72,LKnee,409.5263,360.00064,0.8547899,-0.037356056,0.28329408,-0.0009050884
72,RKnee,409.5263,353.0595,0.804515,-0.04062655,0.2618925,0.1791148
72,LAnkle,409.5263,443.2943,0.9856585,-0.028874533,0.4923891,0.041893765
72,RAnkle,409.5263,415.52975,0.8809227,-0.039305314,0.41674516,0.24202058
72,Head,398.29773,82.35514,0.9202714,-0.06378286,-0.3789918,-0.07798766
72,Neck,398.29773,130.9431,0.90455776,-0.055899773,-0.24732193,-0.06413006
72,Hip,403.91202,269.76587,0.8474429,-0.055103175,0.06641495,-0.0016900403
72,LBigToe,375.8406,464.11774,0.7904334,,,
72,RBigToe,381.4549,422.4709,0.9159381,,,
72,LSmallToe,381.4549,464.11774,0.78066236,,,
72,RSmallToe,387.06918,415.52975,0.8997213,,,
72,LHeel,415.1406,450.23544,0.90403473,,,
72,RHeel,415.1406,422.4709,0.7771982,,,
73,Nose,375.50418,110.222435,0.9319156,,,
73,LEye,381.12674,103.28323,0.9761175,,,
73,REye,375.50418,103.28323,0.9373612,,,
73,LEar,397.9944,110.222435,0.93954754,,,
73,REar,397.9944,110.222435,0.801955,,,
73,LShoulder,397.9944,158.79683,0.8555408,-0.06663163,-0.19078209,-0.1278649
73,RShoulder,403.6169,151.85764,0.77110773,-0.054293126,-0.21037635,0.03488033
73,LElbow,347.39142,179.61443,0.83273685,-0.1854924,-0.13778616,-0.21878341
73,RElbow,347.39142,172.67523,0.7522298,-0.1807453,-0.1429769,0.12428462
73,LWrist,279.92084,186.55362,0.6539145,-0.3282157,-0.1259136,-0.27291366
73,RWrist,313.65613,179.61443,0.5558032,-0.31359482,-0.12195425,0.12941839
73,LHip,397.9944,269.824,0.7229239,-0.061222747,0.07035996,-0.06980697
73,RHip,403.6169,269.824,0.69016135,-0.053172488,0.0600917,0.067989446
73,LKnee,409.23947,360.0336,0.84034646,-0.036471784,0.28373152,-0.0012100835
73,RKnee,409.23947,353.09442,0.8141984,-0.03987944,0.2620056,0.17972934
73,LAnkle,409.23947,443.30402,0.96209866,-0.028697839,0.49244282,0.042106573
73,RAnkle,414.86203,415.5472,0.8884766,-0.039115973,0.41676143,0.24245706
73,Head,397.9944,82.46564,0.9224865,-0.06366995,-0.37824303,-0.07778082
73,Neck,397.9944,131.04004,0.90530187,-0.05653529,-0.24688365,-0.06387588
73,Hip,403.6169,269.824,0.8437362,-0.05477265,0.06675421,-0.0016570531
73,LBigToe,375.50418,464.1216,0.7803053,,,
73,RBigToe,381.12674,422.48642,0.93244016,,,
73,LSmallToe,381.12674,464.1216,0.7644683,,,
73,RSmallToe,386.74927,415.5472,0.92427576,,,
73,LHeel,414.86203,450.2432,0.89575213,,,
73,RHeel,414.86203,422.48642,0.77770424,,,
74,Nose,375.44122,110.25819,0.9296725,,,
74,LEye,381.05573,103.31966,0.9763349,,,
74,REye,375.44122,103.31966,0.9376972,,,
74,LEar,397.89917,110.25819,0.94219065,,,
74,REar,397.89917,110.25819,0.8040712,,,
74,LShoulder,397.89917,158.82785,0.8554683,-0.06702507,-0.19035207,-0.12725517
74,RShoulder,403.51367,151.88933,0.78456056,-0.055082537,-0.20992082,0.035209846
74,LElbow,347.3688,179.64343,0.84119713,-0.18578675,-0.13712268,-0.21800894
74,RElbow,352.98328,172.70491,0.7582086,-0.18203296,-0.14258622,0.1240737
74,LWrist,279.99496,186.58195,0.64300805,-0.32827032,-0.12516858,-0.27223942
74,RWrist,319.2964,179.64343,0.5514316,-0.31446162,-0.121362716,0.12901881
74,LHip,397.89917,269.84427,0.7265158,-0.06116166,0.070696235,-0.069544934
74,RHip,403.51367,269.84427,0.70544976,-0.052841112,0.06045572,0.067810334
74,LKnee,409.12814,360.04507,0.85158414,-0.035615124,0.28416637,-0.0016359652
74,RKnee,409.12814,353.10657,0.82091284,-0.039349735,0.26211762,0.18029958
74,LAnkle,409.12814,443.30737,0.9695928,-0.028531807,0.4924895,0.04228676
74,RAnkle,409.12814,415.55328,0.8842718,-0.03911148,0.41675344,0.24286023
74,Head,397.89917,82.50408,0.9207271,-0.063624136,-0.37763074,-0.07754001
74,Neck,397.89917,131.07376,0.9140913,-0.05711511,-0.2464252,-0.06357722
74,Hip,403.51367,269.84427,0.846049,-0.054434225,0.06714788,-0.0016287684
74,LBigToe,375.44122,464.12296,0.7797042,,,
74,RBigToe,381.05573,422.4918,0.93375325,,,
74,LSmallToe,381.05573,464.12296,0.7672631,,,
74,RSmallToe,386.6702,415.55328,0.91419387,,,
74,LHeel,414.74265,450.2459,0.8985235,,,
74,RHeel,414.74265,422.4918,0.770071,,,
75,Nose,375.14795,110.287025,0.93088746,,,
75,LEye,380.75558,103.349045,0.97599214,,,
75,REye,375.14795,103.349045,0.9361269,,,
75,LEar,397.57852,110.287025,0.94375426,,,
75,REar,397.57852,110.287025,0.7939387,,,
75,LShoulder,397.57852,158.85289,0.86377805,-0.06736085,-0.19007052,-0.12675923
75,RShoulder,403.18616,151.91492,0.7834694,-0.055919617,-0.20953189,0.03546896
75,LElbow,347.10977,179.66684,0.8512671,-0.18606241,-0.13659789,-0.21733384
75,RElbow,352.7174,172.72885,0.7630735,-0.18328692,-0.14224216,0.12389338
75,LWrist,279.81808,186.60481,0.68512195,-0.32858366,-0.124654055,-0.27198187
75,RWrist,319.07156,179.66684,0.54020673,-0.31550673,-0.12103276,0.12859285
75,LHip,397.57852,269.8606,0.7196148,-0.061039485,0.0709942,-0.06930873
75,RHip,403.18616,269.8606,0.6963114,-0.05260444,0.06080624,0.067682974
75,LKnee,408.7938,360.05432,0.84734416,-0.03466078,0.28454363,-0.002049032
75,RKnee,408.7938,353.11636,0.8180853,-0.038928784,0.26227793,0.18082193
75,LAnkle,408.7938,443.3101,0.96823967,-0.028409699,0.49256703,0.042367302
75,RAnkle,408.7938,415.55817,0.8875007,-0.03904769,0.41676784,0.24339889
75,Head,397.57852,82.5351,0.92278135,-0.063595004,-0.3772596,-0.077309385
75,Neck,397.57852,131.10097,0.91048205,-0.057635117,-0.24608177,-0.06322426
75,Hip,403.18616,269.8606,0.83776224,-0.054181866,0.06748016,-0.0016025612
75,LBigToe,375.14795,464.12405,0.77848154,,,
75,RBigToe,380.75558,422.49615,0.9369615,,,
75,LSmallToe,380.75558,464.12405,0.76147825,,,
75,RSmallToe,386.36322,415.55817,0.92414707,,,
75,LHeel,414.40143,450.24808,0.89808327,,,
75,RHeel,414.40143,422.49615,0.765198,,,
76,Nose,374.92105,110.27416,0.9359038,,,
76,LEye,380.52792,103.33594,0.9739245,,,
76,REye,374.92105,103.33594,0.93188643,,,
76,LEar,402.95538,110.27416,0.95118177,,,
76,REar,397.3485,110.27416,0.80372924,,,
76,LShoulder,397.3485,158.84172,0.86592275,-0.06764468,-0.18992452,-0.12634858
76,RShoulder,402.95538,151.9035,0.7806258,-0.05676564,-0.2091846,0.035686005
76,LElbow,346.88675,179.65639,0.8513527,-0.18628997,-0.13617414,-0.21675017
76,RElbow,352.49362,172.71817,0.7554498,-0.18437794,-0.14193031,0.12376441
76,LWrist,273.99753,186.59462,0.7476798,-0.3292384,-0.12434395,-0.27222928
76,RWrist,318.85242,179.65639,0.5278599,-0.31671107,-0.120878026,0.1281485
76,LHip,397.3485,269.8533,0.7258517,-0.06089916,0.07129116,-0.06909928
76,RHip,402.95538,269.8533,0.7009885,-0.052461796,0.061133426,0.06762745
76,LKnee,408.56226,353.11197,0.84527665,-0.03360784,0.28487435,-0.0026601187
76,RKnee,408.56226,353.11197,0.84165007,-0.038632046,0.26246405,0.18128085
76,LAnkle,414.1691,443.30887,0.96124977,-0.028238555,0.49274865,0.04230135
76,RAnkle,414.1691,415.556,0.90159935,-0.038876604,0.41684386,0.24389595
76,Head,397.3485,82.52126,0.9311977,-0.06360942,-0.3770766,-0.0771294
76,Neck,397.3485,131.08882,0.902142,-0.058092844,-0.24580902,-0.06286127
76,Hip,402.95538,269.8533,0.84134245,-0.053982675,0.06784095,-0.0015827885
76,LBigToe,374.92105,464.12357,0.74914634,,,
76,RBigToe,380.52792,422.4942,0.9810778,,,
76,LSmallToe,386.1348,464.12357,0.74425274,,,
76,RSmallToe,386.1348,415.556,0.9373933,,,
76,LHeel,414.1691,450.2471,0.89775324,,,
76,RHeel,414.1691,422.4942,0.7796022,,,
77,Nose,374.83688,110.25421,0.93627024,,,
77,LEye,380.44272,103.31561,0.9785538,,,
77,REye,374.83688,103.31561,0.9338216,,,
77,LEar,402.86612,110.25421,0.9477483,,,
77,REar,397.26028,110.25421,0.8086433,,,
77,LShoulder,397.26028,158.8244,0.86006343,-0.067889184,-0.18990283,-0.12602994
77,RShoulder,402.86612,151.8858,0.7802931,-0.057814166,-0.20879959,0.03586158
77,LElbow,346.80762,179.64021,0.8699624,-0.18641478,-0.1360002,-0.21637264
77,RElbow,346.80762,179.64021,0.7590422,-0.18576615,-0.141494,0.12321816
77,LWrist,279.5374,186.57881,0.78637785,-0.32932124,-0.12457381,-0.2725883
77,RWrist,279.5374,186.57881,0.4755195,-0.3189088,-0.120536074,0.12734276
77,LHip,397.26028,276.7806,0.7192913,-0.060818925,0.07164797,-0.06883819
77,RHip,402.86612,269.842,0.68985415,-0.05240068,0.06146882,0.06763036
77,LKnee,408.472,360.0438,0.8472183,-0.03246932,0.28519395,-0.0030836652
77,RKnee,408.472,353.1052,0.8426967,-0.03842829,0.26268306,0.18158674
77,LAnkle,414.07782,443.307,0.9649712,-0.028131483,0.4928613,0.04216384
77,RAnkle,414.07782,415.5526,0.8853994,-0.038814902,0.41696838,0.24428779
77,Head,397.26028,82.49981,0.93476033,-0.06372073,-0.37718034,-0.07710084
77,Neck,397.26028,131.07,0.90590054,-0.058549363,-0.24559656,-0.062547065
77,Hip,402.86612,269.842,0.84192884,-0.053863887,0.06820893,-0.0015704457
77,LBigToe,374.83688,464.1228,0.7604783,,,
77,RBigToe,380.44272,422.4912,0.96980035,,,
77,LSmallToe,386.04858,464.1228,0.74655926,,,
77,RSmallToe,386.04858,415.5526,0.9254335,,,
77,LHeel,414.07782,450.2456,0.903125,,,
77,RHeel,414.07782,422.4912,0.7594353,,,
78,Nose,374.7899,110.063965,0.9355777,,,
78,LEye,380.3987,103.12178,0.977326,,,
78,REye,374.7899,103.12178,0.9352225,,,
78,LEar,397.22513,110.063965,0.94176584,,,
78,REar,397.22513,110.063965,0.79936266,,,
78,LShoulder,397.22513,158.65929,0.85561275,-0.06818103,-0.19010808,-0.12589803
78,RShoulder,402.83392,151.7171,0.7751552,-0.058759857,-0.20874949,0.035938445
78,LElbow,346.74585,179.48586,0.86448956,-0.1867411,-0.1362231,-0.21610057
78,RElbow,346.74585,179.48586,0.75437623,-0.18655238,-0.1415786,0.12282942
78,LWrist,279.44016,186.42805,0.7874775,-0.32986757,-0.12517712,-0.27284226
78,RWrist,313.09302,179.48586,0.48941097,-0.31867605,-0.121391356,0.12755337
78,LHip,397.22513,276.6765,0.7221075,-0.060644142,0.07184808,-0.06876437
78,RHip,402.83392,269.7343,0.6904911,-0.052468505,0.06167751,0.06764955
78,LKnee,408.44275,359.9828,0.8497481,-0.031245241,0.2855246,-0.003775853
78,RKnee,408.44275,353.0406,0.84338915,-0.038415816,0.26282358,0.18178555
78,LAnkle,414.05154,443.28906,0.96279407,-0.028023198,0.4929097,0.042100936
78,RAnkle,414.05154,415.5203,0.88896173,-0.038797066,0.4170815,0.2445943
78,Head,397.22513,82.29521,0.93360794,-0.06392921,-0.37749535,-0.07714439
78,Neck,397.22513,130.89053,0.907071,-0.058973614,-0.24557741,-0.06230984
78,Hip,402.83392,269.7343,0.85020745,-0.05376419,0.06845501,-0.0015572766
78,LBigToe,374.7899,457.17343,0.7480334,,,
78,RBigToe,380.3987,422.4625,0.9769121,,,
78,LSmallToe,386.0075,464.11563,0.74458516,,,
78,RSmallToe,386.0075,415.5203,0.9294896,,,
78,LHeel,414.05154,450.23123,0.8969377,,,
78,RHeel,414.05154,422.4625,0.75793886,,,
79,Nose,374.65112,110.00873,0.93255687,,,
79,LEye,380.2535,103.0655,0.9774618,,,
79,REye,374.65112,103.0655,0.9374313,,,
79,LEar,397.06067,110.00873,0.9437553,,,
79,REar,397.06067,110.00873,0.7976937,,,
79,LShoulder,397.06067,158.61134,0.8566568,-0.06842175,-0.19063018,-0.1259897
79,RShoulder,402.66302,151.66812,0.7790806,-0.059757344,-0.20898311,0.035939887
79,LElbow,346.63922,179.44104,0.853041,-0.18709145,-0.13703123,-0.21612793
79,RElbow,346.63922,179.44104,0.7577254,-0.18777108,-0.14221247,0.12219278
79,LWrist,279.41064,186.38428,0.78519374,-0.3307805,-0.12649673,-0.27351773
79,RWrist,313.02493,179.44104,0.48322642,-0.31963837,-0.12277411,0.12752546
79,LHip,397.06067,276.64627,0.72125334,-0.060314372,0.071907446,-0.068781875
79,RHip,402.66302,269.70306,0.68866026,-0.052639693,0.061753403,0.067691475
79,LKnee,413.8678,359.96506,0.8497786,-0.02995943,0.2857961,-0.0043989643
79,RKnee,408.2654,353.02182,0.842314,-0.03857297,0.262915,0.18178941
79,LAnkle,413.8678,443.28384,0.9596543,-0.027963102,0.49292603,0.042031422
79,RAnkle,413.8678,415.51093,0.8967848,-0.038883157,0.41717768,0.24488898
79,Head,397.06067,82.2358,0.9313139,-0.064233005,-0.37809873,-0.07736991
79,Neck,397.06067,130.83842,0.91117084,-0.05932173,-0.2458065,-0.06217522
79,Hip,402.66302,269.70306,0.85679036,-0.053668216,0.06852606,-0.0015619001
79,LBigToe,374.65112,464.11353,0.7480431,,,
79,RBigToe,380.2535,422.45416,0.96942896,,,
79,LSmallToe,385.8559,464.11353,0.7506174,,,
79,RSmallToe,385.8559,415.51093,0.9311381,,,
79,LHeel,413.8678,450.22708,0.89309067,,,
79,RHeel,413.8678,422.45416,0.7691007,,,
80,Nose,374.85794,110.047325,0.92685705,,,
80,LEye,380.48163,103.10482,0.9725832,,,
80,REye,374.85794,103.10482,0.93330556,,,
80,LEar,397.35272,110.047325,0.95710206,,,
80,REar,397.35272,110.047325,0.8075745,,,
80,LShoulder,397.35272,158.64485,0.85960335,-0.06867707,-0.19141698,-0.12637569
80,RShoulder,402.9764,151.70235,0.75538075,-0.06096281,-0.20944925,0.035832405
80,LElbow,346.73944,179.47237,0.87772375,-0.18748587,-0.13845098,-0.21649918
80,RElbow,346.73944,172.52986,0.8068236,-0.18961124,-0.1434786,0.12115511
80,LWrist,273.63138,186.41486,0.8222194,-0.3319819,-0.12853017,-0.27428487
80,RWrist,279.2551,186.41486,0.6131515,-0.32195836,-0.12453359,0.12708354
80,LHip,397.35272,276.66742,0.7184526,-0.059740663,0.07186198,-0.06885561
80,RHip,402.9764,269.7249,0.6892578,-0.052800655,0.06167638,0.06772478
80,LKnee,414.22382,359.97745,0.8590069,-0.028859863,0.28601333,-0.0050805137
80,RKnee,408.60013,353.03494,0.8255757,-0.038830183,0.26297674,0.1815663
80,LAnkle,408.60013,443.28748,0.969818,-0.027935298,0.49286935,0.04192431
80,RAnkle,408.60013,415.51746,0.8776708,-0.039066352,0.4172757,0.2450768
80,Head,391.72903,82.27731,0.9291335,-0.06461866,-0.37898517,-0.077751555
80,Neck,397.35272,130.87483,0.92261565,-0.05963494,-0.2462589,-0.062162653
80,Hip,402.9764,269.7249,0.8467789,-0.05343835,0.06846365,-0.0015762197
80,LBigToe,374.85794,464.115,0.78205806,,,
80,RBigToe,380.48163,422.45996,0.9372957,,,
80,LSmallToe,380.48163,464.115,0.7583758,,,
80,RSmallToe,386.10532,415.51746,0.9247886,,,
80,LHeel,414.22382,450.22998,0.90974236,,,
80,RHeel,414.22382,422.45996,0.74774647,,,
81,Nose,374.75964,109.9953,0.9314945,,,
81,LEye,380.3813,103.05182,0.9705468,,,
81,REye,374.75964,103.05182,0.9346895,,,
81,LEar,397.24625,109.9953,0.94748086,,,
81,REar,397.24625,109.9953,0.7997959,,,
81,LShoulder,397.24625,158.5997,0.85556936,-0.069097444,-0.19250546,-0.12699153
81,RShoulder,402.86792,151.6562,0.7581328,-0.062160358,-0.21022323,0.03558115
81,LElbow,346.65137,179.43015,0.84613204,-0.18801963,-0.14044333,-0.21716294
81,RElbow,346.65137,172.48666,0.755737,-0.19110581,-0.14503713,0.120261975
81,LWrist,273.56985,186.37364,0.80005634,-0.33312494,-0.1312765,-0.27545774
81,RWrist,279.1915,186.37364,0.6417392,-0.32324064,-0.1274149,0.12720717
81,LHip,397.24625,276.63895,0.7152442,-0.058845654,0.07169627,-0.069003284
81,RHip,402.86792,269.69547,0.67518604,-0.052806113,0.0615117,0.06778284
81,LKnee,414.1112,359.96075,0.8681519,-0.028108215,0.28616297,-0.0059086094
81,RKnee,408.48956,353.01727,0.8251664,-0.039226934,0.2629952,0.18115446
81,LAnkle,414.1112,443.28256,0.96535856,-0.027902653,0.49284074,0.041555285
81,RAnkle,408.48956,415.50864,0.8964922,-0.03915742,0.41742733,0.24517734
81,Head,397.24625,75.27788,0.92763937,-0.06524047,-0.38004556,-0.07812562
81,Neck,397.24625,130.82576,0.9165026,-0.060077883,-0.24692133,-0.06220509
81,Hip,402.86792,269.69547,0.8536486,-0.05301239,0.06830907,-0.0015790847
81,LBigToe,374.75964,464.11304,0.7548731,,,
81,RBigToe,380.3813,422.45212,0.9646594,,,
81,LSmallToe,386.00293,464.11304,0.7478651,,,
81,RSmallToe,386.00293,415.50864,0.942874,,,
81,LHeel,414.1112,450.22607,0.9097408,,,
81,RHeel,414.1112,422.45212,0.77776945,,,
82,Nose,374.42737,109.83919,0.93328375,,,
82,LEye,380.0455,102.89275,0.9720124,,,
82,REye,374.42737,102.89275,0.9377022,,,
82,LEar,396.8999,109.83919,0.94587845,,,
82,REar,396.8999,109.83919,0.80577713,,,
82,LShoulder,396.8999,158.4642,0.864327,-0.06966437,-0.1937704,-0.12812233
82,RShoulder,402.51804,151.51776,0.7706167,-0.06346341,-0.21125077,0.03511396
82,LElbow,346.33667,179.3035,0.8232674,-0.18886846,-0.14308068,-0.21829227
82,RElbow,346.33667,172.35706,0.7549215,-0.19269013,-0.1472715,0.11925753
82,LWrist,273.30084,186.24992,0.81133014,-0.33444628,-0.13496238,-0.2772524
82,RWrist,278.919,186.24992,0.5728312,-0.32451278,-0.13160123,0.1274861
82,LHip,396.8999,276.55353,0.72621864,-0.05760099,0.07147935,-0.06922095
82,RHip,402.51804,269.6071,0.68633735,-0.05265818,0.061283324,0.067833774
82,LKnee,413.75433,359.91068,0.8771941,-0.027784526,0.2863552,-0.0067929067
82,RKnee,408.1362,352.96426,0.8309639,-0.039788455,0.2630308,0.18067345
82,LAnkle,413.75433,443.26785,0.96896744,-0.027899032,0.49280682,0.041165013
82,RAnkle,408.1362,415.48212,0.90665466,-0.039173495,0.4177321,0.24514574
82,Head,396.8999,75.10703,0.9318172,-0.06609067,-0.38118985,-0.07892615
82,Neck,396.8999,130.67848,0.91743606,-0.06059797,-0.24768467,-0.062439695
82,Hip,402.51804,269.6071,0.85837215,-0.052300345,0.06807707,-0.0015946811
82,LBigToe,374.42737,464.10715,0.747088,,,
82,RBigToe,380.0455,422.42856,0.9731141,,,
82,LSmallToe,385.66364,464.10715,0.7515078,,,
82,RSmallToe,385.66364,415.48212,0.946461,,,
82,LHeel,413.75433,450.21426,0.90595555,,,
82,RHeel,413.75433,422.42856,0.79558814,,,
83,Nose,373.92163,109.77015,0.9364411,,,
83,LEye,379.54922,102.82241,0.9719358,,,
83,REye,373.92163,102.82241,0.9432716,,,
83,LEar,396.43204,109.77015,0.95095676,,,
83,REar,396.43204,109.77015,0.79609513,,,
83,LShoulder,396.43204,158.40428,0.8554429,-0.07043706,-0.19508363,-0.12976308
83,RShoulder,402.05966,151.45654,0.7608255,-0.064883985,-0.21238135,0.034375258
83,LElbow,345.78363,172.29974,0.8545701,-0.1900877,-0.14633597,-0.22000924
83,RElbow,345.78363,172.29974,0.7664404,-0.19455366,-0.14993514,0.11804151
83,LWrist,278.25238,179.24748,0.7577051,-0.33587354,-0.13954075,-0.2799674
83,RWrist,278.25238,179.24748,0.48715663,-0.32607877,-0.13659823,0.1275104
83,LHip,402.05966,269.568,0.7345754,-0.056012873,0.07125883,-0.06955035
83,RHip,402.05966,269.568,0.6888831,-0.052270964,0.061086077,0.067793585
83,LKnee,413.31485,359.88855,0.86926496,-0.028089372,0.28655276,-0.007500924
83,RKnee,407.68726,352.9408,0.83862334,-0.040517047,0.26306567,0.18023528
83,LAnkle,413.31485,443.26132,0.9645193,-0.027974239,0.49278584,0.040820405
83,RAnkle,407.68726,415.4704,0.8923609,-0.03915731,0.41817403,0.24518566
83,Head,396.43204,75.03148,0.9205633,-0.06726092,-0.38227704,-0.079931416
83,Neck,396.43204,130.61334,0.9183835,-0.061251536,-0.24848172,-0.06284643
83,Hip,402.05966,269.568,0.8575595,-0.05127198,0.06782228,-0.0016380895
83,LBigToe,373.92163,457.1568,0.7529214,,,
83,RBigToe,379.54922,422.41812,0.9792379,,,
83,LSmallToe,385.17685,464.10452,0.75266397,,,
83,RSmallToe,385.17685,415.4704,0.9410589,,,
83,LHeel,413.31485,450.20908,0.9022395,,,
83,RHeel,413.31485,422.41812,0.7735063,,,
84,Nose,373.23212,109.32878,0.940662,,,
84,LEye,378.88397,102.37272,0.9710102,,,
84,REye,373.23212,102.37272,0.9364267,,,
84,LEar,395.83957,109.32878,0.9367819,,,
84,REar,395.83957,109.32878,0.81018484,,,
84,LShoulder,395.83957,158.02121,0.8363981,-0.07143594,-0.1963752,-0.13146809
84,RShoulder,401.49146,151.06514,0.7520634,-0.06657368,-0.21345003,0.033552792
84,LElbow,344.9728,171.93333,0.7523033,-0.19158325,-0.14956598,-0.22175312
84,RElbow,344.9728,171.93333,0.7186035,-0.19676112,-0.15290144,0.116574295
84,LWrist,271.49857,178.88939,0.74775237,-0.33834666,-0.14406511,-0.28271076
84,RWrist,277.15042,178.88939,0.51718503,-0.3281761,-0.14186291,0.12688182
84,LHip,401.49146,269.31818,0.73526806,-0.054005504,0.07125488,-0.069836624
84,RHip,401.49146,269.31818,0.6927134,-0.051645927,0.06095435,0.06784212
84,LKnee,412.79517,359.74698,0.8886776,-0.028970877,0.2868198,-0.00822479
84,RKnee,407.1433,352.7909,0.8535204,-0.041325696,0.26323256,0.17979616
84,LAnkle,412.79517,443.2197,0.9886337,-0.028096238,0.4928209,0.04031551
84,RAnkle,412.79517,415.39545,0.88002783,-0.03896883,0.41883716,0.2449653
84,Head,395.83957,81.50454,0.9267571,-0.06869307,-0.38313454,-0.08101623
84,Neck,395.83957,130.19696,0.8987394,-0.0621522,-0.24922945,-0.06323715
84,Hip,401.49146,269.31818,0.8530923,-0.049970914,0.067689374,-0.0016667442
84,LBigToe,378.88397,457.1318,0.76628006,,,
84,RBigToe,378.88397,422.3515,0.9771364,,,
84,LSmallToe,384.53586,464.0879,0.7560626,,,
84,RSmallToe,384.53586,415.39545,0.9393068,,,
84,LHeel,418.44702,450.17575,0.90720737,,,
84,RHeel,412.79517,422.3515,0.76898086,,,
85,Nose,372.46896,108.88711,0.94072014,,,
85,LEye,378.1434,101.922714,0.9740465,,,
85,REye,372.46896,101.922714,0.9384266,,,
85,LEar,395.16678,108.88711,0.95945126,,,
85,REar,395.16678,108.88711,0.8119325,,,
85,LShoulder,395.16678,157.63786,0.8453401,-0.07291687,-0.19769888,-0.13345504
85,RShoulder,400.84122,150.67348,0.74670273,-0.06859343,-0.21454884,0.032424886
85,LElbow,338.42224,171.56665,0.7828057,-0.19339606,-0.15262711,-0.22375469
85,RElbow,344.09668,171.56665,0.7394644,-0.19946736,-0.15589137,0.11494214
85,LWrist,270.32877,178.53105,0.69890517,-0.34068656,-0.14853613,-0.28564724
85,RWrist,276.00323,178.53105,0.4235111,-0.33097377,-0.1467142,0.12527975
85,LHip,400.84122,269.06818,0.75068784,-0.051436055,0.0712641,-0.07018773
85,RHip,400.84122,269.06818,0.7149382,-0.050650947,0.060812194,0.06796473
85,LKnee,412.19012,359.6053,0.9036568,-0.030619329,0.28695405,-0.009063177
85,RKnee,406.5157,352.6409,0.8644054,-0.04237316,0.26331428,0.17925304
85,LAnkle,412.19012,443.17804,0.9912686,-0.02831143,0.49278685,0.039607286
85,RAnkle,412.19012,415.32047,0.88578606,-0.038957376,0.41953477,0.24458665
85,Head,395.16678,74.06513,0.92941093,-0.07070962,-0.38406673,-0.08199694
85,Neck,395.16678,129.78029,0.921389,-0.0634453,-0.25007474,-0.063578755
85,Hip,400.84122,269.06818,0.8685321,-0.048255716,0.06755693,-0.0016944078
85,LBigToe,378.1434,457.1068,0.76952726,,,
85,RBigToe,378.1434,422.28485,0.9633314,,,
85,LSmallToe,383.81787,464.0712,0.76174796,,,
85,RSmallToe,383.81787,415.32047,0.9334437,,,
85,LHeel,417.8646,450.14243,0.9011104,,,
85,RHeel,412.19012,422.28485,0.76552266,,,
86,Nose,371.22824,108.703064,0.9430413,,,
86,LEye,376.96378,101.7352,0.970112,,,
86,REye,371.22824,101.7352,0.9403318,,,
86,LEar,394.17047,108.703064,0.9663963,,,
86,REar,394.17047,108.703064,0.80047476,,,
86,LShoulder,394.17047,150.51027,0.8346525,-0.074855305,-0.19885527,-0.13565423
86,RShoulder,394.17047,150.51027,0.72141653,-0.071104035,-0.21533193,0.031087117
86,LElbow,342.5504,171.41386,0.83828515,-0.19555368,-0.1554756,-0.2260658
86,RElbow,342.5504,164.446,0.772249,-0.20283413,-0.15861818,0.11309573
86,LWrist,273.72363,171.41386,0.52253395,-0.34255576,-0.1532589,-0.28876033
86,RWrist,273.72363,171.41386,0.48247445,-0.3346041,-0.15102948,0.12271286
86,LHip,405.6416,275.93185,0.76372117,-0.048340075,0.07155235,-0.070646614
86,RHip,399.90604,268.964,0.71164393,-0.04912412,0.060756173,0.06817079
86,LKnee,411.37717,359.54626,0.90560925,-0.03320668,0.28702238,-0.009977257
86,RKnee,405.6416,352.5784,0.875654,-0.04380718,0.2633425,0.17871182
86,LAnkle,411.37717,443.16068,0.98226297,-0.028482726,0.4927105,0.038748607
86,RAnkle,411.37717,415.2892,0.8886227,-0.039035052,0.42021576,0.24401635
86,Head,394.17047,73.86373,0.936828,-0.07322823,-0.38450935,-0.082955375
86,Neck,394.17047,129.60667,0.92290837,-0.06519996,-0.250781,-0.06388771
86,Hip,405.6416,268.964,0.85276455,-0.045912124,0.06767835,-0.001728585
86,LBigToe,376.96378,457.0964,0.7815626,,,
86,RBigToe,382.69934,422.25708,0.9744365,,,
86,LSmallToe,388.4349,464.06427,0.77695096,,,
86,RSmallToe,382.69934,415.2892,0.9501174,,,
86,LHeel,417.11273,450.12854,0.89438415,,,
86,RHeel,411.37717,422.25708,0.7428225,,,
87,Nose,369.96426,108.03779,0.9457661,,,
87,LEye,375.7961,101.05737,0.97383267,,,
87,REye,369.96426,101.05737,0.93916,,,
87,LEar,393.29163,108.03779,0.9683627,,,
87,REar,393.29163,108.03779,0.81437695,,,
87,LShoulder,393.29163,156.90073,0.8282154,-0.077045776,-0.19940399,-0.13745695
87,RShoulder,393.29163,149.9203,0.73313934,-0.07413655,-0.21554776,0.02987597
87,LElbow,340.80505,170.86156,0.860913,-0.19834347,-0.15764296,-0.22840086
87,RElbow,340.80505,163.88113,0.82957137,-0.2064761,-0.1606345,0.11145919
87,LWrist,317.47766,170.86156,0.48516905,-0.3458529,-0.15712203,-0.2912457
87,RWrist,270.8229,170.86156,0.43150693,-0.33868402,-0.15428196,0.1191636
87,LHip,404.95532,268.58743,0.79170257,-0.04484154,0.07198107,-0.07105927
87,RHip,404.95532,268.58743,0.7464292,-0.047361586,0.06082889,0.06830198
87,LKnee,410.78717,359.3329,0.8957584,-0.036307428,0.28701967,-0.010782799
87,RKnee,404.95532,352.35245,0.869435,-0.045486894,0.26330617,0.1783542
87,LAnkle,410.78717,443.0979,0.98071843,-0.02879241,0.49262586,0.037845258
87,RAnkle,410.78717,415.17624,0.88196754,-0.039295975,0.42078674,0.24335803
87,Head,393.29163,73.1357,0.9367486,-0.07609743,-0.3843069,-0.08354492
87,Neck,393.29163,128.97905,0.92475957,-0.06733602,-0.2511302,-0.06403148
87,Hip,404.95532,268.58743,0.8764564,-0.04332736,0.067886144,-0.0018140704
87,LBigToe,375.7961,457.05875,0.7897642,,,
87,RBigToe,381.62796,422.15665,0.95531625,,,
87,LSmallToe,387.4598,464.03915,0.7979654,,,
87,RSmallToe,381.62796,415.17624,0.92784595,,,
87,LHeel,416.61902,450.07834,0.8926975,,,
87,RHeel,410.78717,422.15665,0.7428281,,,
88,Nose,363.9677,107.85708,0.93762666,,,
88,LEye,375.7787,100.87325,0.95942235,,,
88,REye,369.8732,100.87325,0.9314868,,,
88,LEar,393.49518,107.85708,0.990413,,,
88,REar,393.49518,107.85708,0.8079205,,,
88,LShoulder,393.49518,149.76006,0.8599502,-0.079631194,-0.19927768,-0.13937767
88,RShoulder,393.49518,149.76006,0.74583584,-0.07769413,-0.2148542,0.028471509
88,LElbow,340.3457,170.71153,0.84507126,-0.20167932,-0.1586496,-0.23025662
88,RElbow,340.3457,163.7277,0.809397,-0.21011695,-0.16154566,0.1095183
88,LWrist,269.47974,170.71153,0.4737797,-0.3499204,-0.15877636,-0.2937659
88,RWrist,275.38525,170.71153,0.39195523,-0.34303856,-0.15647922,0.11459045
88,LHip,405.30618,275.46896,0.82380754,-0.040777195,0.07298142,-0.07144862
88,RHip,405.30618,275.46896,0.77402467,-0.04524104,0.061310958,0.06851874
88,LKnee,411.2117,359.2749,0.8968811,-0.040032327,0.28693238,-0.012038389
88,RKnee,405.30618,352.29108,0.87344414,-0.047416814,0.26331654,0.17803752
88,LAnkle,411.2117,443.08087,0.9847858,-0.02910758,0.4925895,0.03653454
88,RAnkle,405.30618,415.14554,0.85256803,-0.03969086,0.42133754,0.24241254
88,Head,387.5897,72.937935,0.9357763,-0.079402804,-0.3831425,-0.0840761
88,Neck,393.49518,128.80856,0.95053816,-0.07040902,-0.25056413,-0.06427453
88,Hip,405.30618,268.48514,0.88113743,-0.040342398,0.06851092,-0.001893658
88,LBigToe,375.7787,464.03235,0.79479694,,,
88,RBigToe,381.6842,422.12936,0.9362146,,,
88,LSmallToe,387.5897,464.03235,0.788516,,,
88,RSmallToe,381.6842,415.14554,0.89832103,,,
88,LHeel,417.1172,450.0647,0.8940328,,,
88,RHeel,411.2117,429.1132,0.6899248,,,
89,Nose,364.8323,108.197205,0.9674032,,,
89,LEye,370.83234,101.21979,0.96678245,,,
89,REye,364.8323,101.21979,0.91217124,,,
89,LEar,394.8325,108.197205,0.982905,,,
89,REar,388.83243,108.197205,0.81868726,,,
89,LShoulder,388.83243,150.06168,0.8472518,-0.08244093,-0.19810484,-0.14107212
89,RShoulder,394.8325,150.06168,0.75366443,-0.08190089,-0.21314813,0.0270306
89,LElbow,334.83212,170.9939,0.83083636,-0.20574279,-0.15851316,-0.23208058
89,RElbow,334.83212,164.0165,0.81475043,-0.21445994,-0.16123542,0.107090734
89,LWrist,274.8318,170.9939,0.5719139,-0.35510063,-0.15937881,-0.2957485
89,RWrist,298.8319,170.9939,0.3963437,-0.3471043,-0.15737177,0.10916229
89,LHip,406.83255,275.65506,0.82652587,-0.03636025,0.07431173,-0.0718499
89,RHip,406.83255,275.65506,0.7781125,-0.04267789,0.06203134,0.06880581
89,LKnee,406.83255,359.384,0.87868625,-0.04433295,0.28667745,-0.013621045
89,RKnee,406.83255,352.4066,0.8661972,-0.049738355,0.2632214,0.17785229
89,LAnkle,412.83258,443.11295,0.9756475,-0.029424867,0.49248323,0.034843143
89,RAnkle,406.83255,415.2033,0.87574625,-0.04004102,0.42184135,0.2413244
89,Head,388.83243,73.31014,0.93654656,-0.08298845,-0.3805342,-0.0845881
89,Neck,394.8325,129.12944,0.92623353,-0.074085906,-0.24900246,-0.06481228
89,Hip,406.83255,268.67767,0.8866692,-0.0369322,0.06954491,-0.0019314506
89,LBigToe,376.83237,464.04517,0.7993274,,,
89,RBigToe,376.83237,422.1807,0.9005323,,,
89,LSmallToe,388.83243,464.04517,0.80157894,,,
89,RSmallToe,382.8324,415.2033,0.8894465,,,
89,LHeel,412.83258,450.09036,0.89048135,,,
89,RHeel,412.83258,429.1581,0.69021344,,,
90,Nose,361.02124,109.056786,0.94801515,,,
90,LEye,373.3352,102.09559,0.94321513,,,
90,REye,367.17822,102.09559,0.9368357,,,
90,LEar,391.80612,109.056786,0.969804,,,
90,REar,391.80612,109.056786,0.8849685,,,
90,LShoulder,385.64917,150.82394,0.8581561,-0.08549233,-0.19557203,-0.14298409
90,RShoulder,391.80612,150.82394,0.76407504,-0.08648558,-0.21013789,0.025383832
90,LElbow,336.39334,171.70752,0.80875343,-0.21004172,-0.15708174,-0.23422115
90,RElbow,336.39334,164.74632,0.8220052,-0.21905406,-0.15965389,0.10443055
90,LWrist,268.66663,171.70752,0.555197,-0.35974005,-0.15896328,-0.29699644
90,RWrist,305.60846,171.70752,0.53804916,-0.35229093,-0.15667005,0.10324419
90,LHip,410.27707,276.1254,0.80152565,-0.031655192,0.07619053,-0.07223464
90,RHip,410.27707,276.1254,0.7423803,-0.039766595,0.06317346,0.069089554
90,LKnee,404.1201,359.65973,0.8901481,-0.048846103,0.28639534,-0.01545961
90,RKnee,404.1201,352.69852,0.87923664,-0.052782506,0.26314124,0.17790945
90,LAnkle,410.27707,443.19403,0.9787153,-0.029818347,0.49236056,0.03275551
90,RAnkle,410.27707,422.31046,0.823388,-0.04037094,0.4220762,0.23988381
90,Head,385.64917,81.21201,0.8959398,-0.08675076,-0.37625724,-0.08520078
90,Neck,391.80612,129.94037,0.89658976,-0.07840676,-0.24601024,-0.06595489
90,Hip,410.27707,269.1642,0.88264143,-0.03317254,0.07117009,-0.0019393845
90,LBigToe,373.3352,464.0776,0.8594504,,,
90,RBigToe,379.4922,422.31046,0.90980047,,,
90,LSmallToe,385.64917,464.0776,0.7879762,,,
90,RSmallToe,385.64917,415.34927,0.81336784,,,
90,LHeel,416.43402,450.15524,0.94452846,,,
90,RHeel,416.43402,436.23285,0.7508788,,,
91,Nose,362.01044,110.862,0.9700925,,,
91,LEye,368.28824,103.93487,0.9745711,,,
91,REye,362.01044,103.93487,0.96124077,,,
91,LEar,387.12164,110.862,0.9885232,,,
91,REar,393.39948,110.862,0.8749438,,,
91,LShoulder,387.12164,152.42479,0.8534651,-0.08881766,-0.19174631,-0.1448085
91,RShoulder,393.39948,152.42479,0.73530054,-0.091432706,-0.20574734,0.02346473
91,LElbow,336.8992,173.20619,0.8121551,-0.21448822,-0.15407921,-0.2363793
91,RElbow,336.8992,166.27905,0.8636996,-0.22358814,-0.15649284,0.101440914
91,LWrist,305.51016,173.20619,0.5856828,-0.36522573,-0.15710746,-0.29797867
91,RWrist,305.51016,173.20619,0.5538469,-0.35793632,-0.15484539,0.097023614
91,LHip,412.23288,277.11316,0.7887895,-0.026799902,0.07867171,-0.072566666
91,RHip,412.23288,277.11316,0.707781,-0.036604643,0.06476322,0.069386825
91,LKnee,399.67728,353.3116,0.8936852,-0.05323875,0.28607538,-0.017744564
91,RKnee,399.67728,353.3116,0.88513213,-0.056295175,0.26292646,0.17809121
91,LAnkle,412.23288,443.36435,0.9583353,-0.030200778,0.49223426,0.030175624
91,RAnkle,405.95508,415.65582,0.865143,-0.04100406,0.42225662,0.23806438
91,Head,387.12164,83.15347,0.94727004,-0.09049364,-0.3705565,-0.08599098
91,Neck,387.12164,131.6434,0.9180617,-0.0830944,-0.24158923,-0.06750896
91,Hip,412.23288,270.18604,0.8601418,-0.02928417,0.0732808,-0.0018908896
91,LBigToe,374.56604,464.14572,0.88015306,,,
91,RBigToe,380.84384,422.58295,0.93712455,,,
91,LSmallToe,380.84384,464.14572,0.8266264,,,
91,RSmallToe,380.84384,415.65582,0.8629929,,,
91,LHeel,418.5107,450.29147,0.947727,,,
91,RHeel,412.23288,429.51007,0.7524924,,,
92,Nose,357.30917,113.70915,0.9520383,,,
92,LEye,370.13455,106.83574,0.9583863,,,
92,REye,363.72186,106.83574,0.96949106,,,
92,LEar,389.37262,113.70915,0.99376494,,,
92,REar,382.95993,113.70915,0.8539614,,,
92,LShoulder,389.37262,154.94963,0.8461072,-0.09219007,-0.18616548,-0.14678475
92,RShoulder,382.95993,154.94963,0.73608553,-0.09668644,-0.19983637,0.020914352
92,LElbow,331.65845,175.56985,0.7922943,-0.21918139,-0.14930563,-0.23831274
92,RElbow,331.65845,175.56985,0.79383504,-0.22816318,-0.15177904,0.097313724
92,LWrist,267.5316,175.56985,0.6045656,-0.37102568,-0.15246443,-0.29813954
92,RWrist,267.5316,175.56985,0.52347463,-0.3634119,-0.15151577,0.090131596
92,LHip,415.02335,278.67105,0.7618223,-0.021656083,0.08185302,-0.07275226
92,RHip,408.61066,271.79764,0.6760538,-0.033213988,0.06676559,0.06967696
92,LKnee,402.19797,354.2786,0.9013901,-0.05753802,0.28598866,-0.020783557
92,RKnee,402.19797,354.2786,0.88389635,-0.060357258,0.26272553,0.17827168
92,LAnkle,408.61066,443.63293,0.9176696,-0.03062526,0.49221173,0.026819767
92,RAnkle,408.61066,423.0127,0.8497314,-0.041669555,0.4223099,0.23570468
92,Head,382.95993,86.2155,0.95137954,-0.09428035,-0.36320516,-0.087180555
92,Neck,389.37262,134.32939,0.9085629,-0.08804543,-0.23556094,-0.069898
92,Hip,415.02335,271.79764,0.85282636,-0.02518156,0.075999826,-0.0018774548
92,LBigToe,376.54724,464.25317,0.8959672,,,
92,RBigToe,376.54724,423.0127,0.93276006,,,
92,LSmallToe,382.95993,464.25317,0.8833222,,,
92,RSmallToe,382.95993,416.13928,0.89094657,,,
92,LHeel,415.02335,450.50635,0.95062137,,,
92,RHeel,415.02335,429.8861,0.7323073,,,
93,Nose,359.55743,116.857315,0.9740204,,,
93,LEye,366.03455,110.043304,0.9756189,,,
93,REye,359.55743,110.043304,0.96747756,,,
93,LEar,385.46594,116.857315,0.97746485,,,
93,REar,385.46594,116.857315,0.898775,,,
93,LShoulder,385.46594,157.7414,0.86072254,-0.09572242,-0.17903957,-0.14882329
93,RShoulder,378.9888,157.7414,0.7397641,-0.10243209,-0.19217162,0.017997306
93,LElbow,327.1718,178.18343,0.79568624,-0.2240461,-0.142968,-0.24007885
93,RElbow,333.64893,171.36942,0.7815503,-0.23299678,-0.14593096,0.092709415
93,LWrist,262.40054,178.18343,0.66335654,-0.37693015,-0.14629765,-0.29743844
93,RWrist,301.2633,178.18343,0.47301143,-0.36741042,-0.14648546,0.08306969
93,LHip,417.85156,280.39362,0.7444915,-0.016508609,0.08564541,-0.07281572
93,RHip,411.37445,273.57962,0.6535539,-0.029403022,0.069594815,0.06982387
93,LKnee,398.4202,355.34778,0.84643847,-0.061631113,0.2860577,-0.02407275
93,RKnee,398.4202,355.34778,0.8434869,-0.065094724,0.26233456,0.1786589
93,LAnkle,411.37445,443.92993,0.9133928,-0.030987302,0.4922543,0.023041071
93,RAnkle,404.8973,416.6739,0.7882751,-0.04250954,0.42222992,0.23271662
93,Head,385.46594,89.601265,0.9436741,-0.09806378,-0.35409403,-0.08874921
93,Neck,385.46594,137.29935,0.89210105,-0.09298201,-0.22791922,-0.07239891
93,Hip,417.85156,273.57962,0.82569724,-0.020778751,0.07939479,-0.0019007532
93,LBigToe,372.5117,464.37198,0.91851485,,,
93,RBigToe,378.9888,423.48788,0.9356654,,,
93,LSmallToe,385.46594,464.37198,0.91331625,,,
93,RSmallToe,378.9888,416.6739,0.90948284,,,
93,LHeel,417.85156,450.74396,0.92030084,,,
93,RHeel,411.37445,423.48788,0.68037313,,,
94,Nose,353.72638,121.31396,0.954198,,,
94,LEye,360.2734,114.58403,0.96049863,,,
94,REye,360.2734,114.58403,0.93544716,,,
94,LEar,386.46152,121.31396,0.9548475,,,
94,REar,379.9145,121.31396,0.86359376,,,
94,LShoulder,379.9145,161.69351,0.84589124,-0.0991739,-0.16996667,-0.15099517
94,RShoulder,379.9145,161.69351,0.7464019,-0.10843815,-0.18256535,0.014384452
94,LElbow,320.99124,181.88329,0.80583084,-0.22856578,-0.13484117,-0.2416659
94,RElbow,327.53827,175.15337,0.765156,-0.23774526,-0.13842247,0.08806751
94,LWrist,255.52095,181.88329,0.8113559,-0.38261074,-0.13833442,-0.2961734
94,RWrist,307.8972,175.15337,0.46670273,-0.37172627,-0.14014533,0.076331764
94,LHip,419.19666,276.10223,0.7331693,-0.011393285,0.09009172,-0.07274578
94,RHip,412.64963,276.10223,0.63652605,-0.025386238,0.07310243,0.069838844
94,LKnee,399.55557,356.86136,0.8577144,-0.065598406,0.28642797,-0.027531842
94,RKnee,399.55557,350.1314,0.79039717,-0.07037535,0.26189485,0.17933625
94,LAnkle,412.64963,444.35037,0.90521395,-0.03139361,0.49227002,0.018993748
94,RAnkle,406.1026,417.43066,0.81033915,-0.043452635,0.4219812,0.22940633
94,Head,379.9145,94.39426,0.9417982,-0.10190812,-0.3430651,-0.09054067
94,Neck,379.9145,141.50374,0.8766924,-0.097712465,-0.21838316,-0.07510766
94,Hip,419.19666,276.10223,0.7957341,-0.01631493,0.08348414,-0.0019297309
94,LBigToe,373.36746,464.54016,0.90152323,,,
94,RBigToe,379.9145,424.16058,0.9677901,,,
94,LSmallToe,386.46152,464.54016,0.91545606,,,
94,RSmallToe,379.9145,417.43066,0.9540394,,,
94,LHeel,419.19666,451.0803,0.90717477,,,
94,RHeel,412.64963,424.16058,0.7037594,,,
95,Nose,354.09015,126.445244,0.95303965,,,
95,LEye,360.79877,119.81213,0.9805381,,,
95,REye,354.09015,119.81213,0.93104416,,,
95,LEar,380.92468,126.445244,0.987793,,,
95,REar,380.92468,126.445244,0.87564576,,,
95,LShoulder,380.92468,166.2439,0.8585859,-0.10240092,-0.15933666,-0.15297991
95,RShoulder,374.21606,166.2439,0.8592034,-0.11432196,-0.17128141,0.010171851
95,LElbow,327.25558,186.14322,0.8663964,-0.23261696,-0.12492651,-0.2425195
95,RElbow,320.54697,186.14322,0.752402,-0.24194992,-0.12958837,0.08331079
95,LWrist,253.46059,186.14322,0.7085503,-0.3876307,-0.12847613,-0.29413596
95,RWrist,266.87787,186.14322,0.41571143,-0.37531033,-0.13232745,0.070580676
95,LHip,427.88516,279.00674,0.7789247,-0.0065148193,0.09537262,-0.0726263
95,RHip,414.46786,279.00674,0.7217792,-0.021540172,0.07737383,0.06979399
95,LKnee,401.0506,358.60403,0.89177394,-0.06948185,0.2871598,-0.03106997
95,RKnee,394.34198,345.33783,0.841241,-0.07605924,0.2614998,0.17982219
95,LAnkle,407.75925,444.83444,0.9267295,-0.03186144,0.49226233,0.014614045
95,RAnkle,401.0506,411.6689,0.7793231,-0.044447612,0.42171293,0.22568741
95,Head,380.92468,99.91281,0.9370457,-0.10566762,-0.33056793,-0.09240117
95,Neck,380.92468,146.34457,0.9382446,-0.10198652,-0.20724936,-0.07773749
95,Hip,421.1765,279.00674,0.8138261,-0.012057135,0.08823897,-0.0019688678
95,LBigToe,374.21606,464.7338,0.87962765,,,
95,RBigToe,380.92468,424.93512,0.8967636,,,
95,LSmallToe,380.92468,464.7338,0.894555,,,
95,RSmallToe,380.92468,418.30203,0.9277453,,,
95,LHeel,421.1765,451.46756,0.87813205,,,
95,RHeel,414.46786,424.93512,0.6813718,,,
96,Nose,350.2426,130.7248,0.9681905,,,
96,LEye,357.0531,124.17243,0.9617748,,,
96,REye,357.0531,124.17243,0.9327018,,,
96,LEar,377.48456,137.27716,0.94422203,,,
96,REar,377.48456,130.7248,0.8483402,,,
96,LShoulder,384.29504,176.59132,0.86444306,-0.105529815,-0.14654543,-0.1549385
96,RShoulder,370.67407,176.59132,0.7891232,-0.11979585,-0.15821545,0.005636908
96,LElbow,323.00067,189.69606,0.8964568,-0.2364911,-0.1133101,-0.24311009
96,RElbow,323.00067,189.69606,0.6555854,-0.24566822,-0.11984944,0.07853109
96,LWrist,254.8958,189.69606,0.860223,-0.3925086,-0.11691405,-0.29123995
96,RWrist,302.5692,189.69606,0.41417447,-0.37812516,-0.12329514,0.06457899
96,LHip,425.158,281.42914,0.80307484,-0.0018352198,0.10126647,-0.07235589
96,RHip,411.537,281.42914,0.7378113,-0.01763439,0.08244985,0.06967882
96,LKnee,397.91602,353.50513,0.9167295,-0.0735901,0.28845325,-0.035204224
96,RKnee,391.10553,346.95276,0.91908705,-0.08195233,0.26137385,0.18050022
96,LAnkle,411.537,445.2382,0.96093583,-0.032224312,0.492484,0.00968301
96,RAnkle,404.7265,412.47638,0.8083126,-0.045304283,0.4216691,0.221289
96,Head,377.48456,104.51534,0.9527124,-0.10943103,-0.31619102,-0.094285674
96,Neck,377.48456,150.38188,0.876633,-0.10594526,-0.19401018,-0.08013775
96,Hip,418.3475,281.42914,0.8178193,-0.007999714,0.093705386,-0.002039029
96,LBigToe,370.67407,464.89526,0.8635888,,,
96,RBigToe,377.48456,419.02875,0.87186956,,,
96,LSmallToe,384.29504,464.89526,0.89497524,,,
96,RSmallToe,384.29504,419.02875,0.91447693,,,
96,LHeel,418.3475,451.79056,0.90381026,,,
96,RHeel,411.537,419.02875,0.6628941,,,
97,Nose,353.37442,136.99101,0.960072,,,
97,LEye,360.1333,130.55688,0.95478636,,,
97,REye,353.37442,130.55688,0.9468754,,,
97,LEar,380.41,136.99101,0.9327532,,,
97,REar,380.41,136.99101,0.8444946,,,
97,LShoulder,380.41,182.02994,0.87229663,-0.10859049,-0.1325905,-0.15701014
97,RShoulder,373.6511,182.02994,0.79308516,-0.124693185,-0.14396834,0.0010569538
97,LElbow,319.57996,194.8982,0.878693,-0.2399638,-0.10040277,-0.2431862
97,RElbow,319.57996,188.46407,0.81349796,-0.24922055,-0.10922481,0.07339003
97,LWrist,258.74988,194.8982,0.8030797,-0.39674482,-0.10377298,-0.2876888
97,RWrist,258.74988,194.8982,0.6852459,-0.3811955,-0.112117305,0.060105883
97,LHip,427.72226,284.97604,0.78038245,0.0028755895,0.107595265,-0.072111435
97,RHip,414.20447,284.97604,0.7268689,-0.013812514,0.088162705,0.06955508
97,LKnee,393.9278,355.7515,0.8789818,-0.07781424,0.28990445,-0.0393461
97,RKnee,387.16888,349.31735,0.91379654,-0.08785677,0.2612702,0.18116844
97,LAnkle,407.4456,445.82935,0.95475227,-0.03256397,0.49257013,0.004804575
97,RAnkle,400.68668,413.6587,0.7769613,-0.046103776,0.42140463,0.21689889
97,Head,380.41,111.254486,0.89394057,-0.113193,-0.3006653,-0.09644602
97,Neck,380.41,162.72754,0.8801586,-0.10974179,-0.17934166,-0.082832694
97,Hip,420.96338,284.97604,0.821717,-0.0040463237,0.09965064,-0.0021203088
97,LBigToe,373.6511,465.13174,0.88861835,,,
97,RBigToe,380.41,420.0928,0.8688319,,,
97,LSmallToe,380.41,465.13174,0.9158331,,,
97,RSmallToe,387.16888,420.0928,0.8705117,,,
97,LHeel,414.20447,452.26346,0.9059858,,,
97,RHeel,407.4456,426.52695,0.64574695,,,
98,Nose,351.65207,143.19316,0.9006262,,,
98,LEye,358.22052,136.87604,0.92073065,,,
98,REye,351.65207,136.87604,0.91961265,,,
98,LEar,377.92587,149.51027,0.9385255,,,
98,REar,377.92587,143.19316,0.80357015,,,
98,LShoulder,384.49432,187.41292,0.865059,-0.11149093,-0.11770633,-0.15923357
98,RShoulder,371.35742,187.41292,0.773397,-0.12907627,-0.12920697,-0.0034452432
98,LElbow,325.37827,200.04715,0.8046076,-0.2435464,-0.08634575,-0.24257332
98,RElbow,318.8098,200.04715,0.7644838,-0.2523147,-0.097691014,0.06881843
98,LWrist,253.12527,200.04715,0.82017606,-0.40105647,-0.089086846,-0.2839695
98,RWrist,259.69373,193.73004,0.7066027,-0.38281602,-0.10131042,0.055803277
98,LHip,423.90506,288.4867,0.78694177,0.0076166363,0.1137581,-0.07188151
98,RHip,417.3366,288.4867,0.7625339,-0.01022816,0.09384003,0.06930137
98,LKnee,391.06277,357.9749,0.84897804,-0.08218855,0.29164648,-0.043181203
98,RKnee,384.49432,345.3407,0.8932768,-0.0935717,0.26138476,0.18151207
98,LAnkle,410.76813,446.41446,0.9302463,-0.03282361,0.49271813,8.946587e-05
98,RAnkle,404.19968,414.8289,0.8339205,-0.04681136,0.4213731,0.21269578
98,Head,371.35742,117.92471,0.9482888,-0.11689783,-0.28430077,-0.09854492
98,Neck,377.92587,168.4616,0.89051783,-0.11351088,-0.16408168,-0.08564528
98,Hip,423.90506,282.1696,0.87077093,-0.00023225392,0.10538015,-0.002239139
98,LBigToe,371.35742,465.36578,0.85606956,,,
98,RBigToe,377.92587,421.146,0.9089299,,,
98,LSmallToe,384.49432,465.36578,0.90635324,,,
98,RSmallToe,377.92587,421.146,0.8410148,,,
98,LHeel,417.3366,452.73157,0.9210865,,,
98,RHeel,410.76813,421.146,0.6726278,,,
99,Nose,347.6875,149.26718,0.9351078,,,
99,LEye,354.28152,143.06467,0.9249397,,,
99,REye,347.6875,143.06467,0.89568317,,,
99,LEar,374.0636,155.46968,0.9582383,,,
99,REar,374.0636,149.26718,0.8228764,,,
99,LShoulder,380.6576,192.68472,0.8970909,-0.11434473,-0.10251476,-0.16110383
99,RShoulder,367.46957,192.68472,0.7993152,-0.13283023,-0.11426905,-0.0074524786
99,LElbow,321.31143,205.08974,0.755006,-0.24710536,-0.07136939,-0.24133244
99,RElbow,314.71744,205.08974,0.7837129,-0.25464046,-0.086287126,0.06497509
99,LWrist,255.37126,211.29224,0.84507066,-0.40518966,-0.07366082,-0.28013638
99,RWrist,261.96527,198.88722,0.74854845,-0.38359734,-0.08999531,0.05180881
99,LHip,426.81573,291.9248,0.77940816,0.012260655,0.11999418,-0.07166023
99,RHip,413.6277,291.9248,0.7643686,-0.006688893,0.09960678,0.0690301
99,LKnee,393.84564,353.9499,0.83609176,-0.086680904,0.29358715,-0.046871908
99,RKnee,380.6576,347.74738,0.90992403,-0.09862511,0.26171762,0.1816589
99,LAnkle,407.0337,446.98746,0.94568396,-0.033037983,0.49290332,-0.004248785
99,RAnkle,407.0337,415.97495,0.8367241,-0.047406543,0.42141566,0.20853585
99,Head,374.0636,124.45715,0.9737391,-0.12040077,-0.26784766,-0.10056829
99,Neck,374.0636,174.07721,0.9174121,-0.11708655,-0.14868487,-0.08848054
99,Hip,426.81573,285.72232,0.89269507,0.0034924154,0.11107889,-0.0023378406
99,LBigToe,374.0636,459.3925,0.83613795,,,
99,RBigToe,374.0636,422.17746,0.96938765,,,
99,LSmallToe,387.25162,465.595,0.84035945,,,
99,RSmallToe,380.6576,422.17746,0.9164433,,,
99,LHeel,413.6277,453.18997,0.8934224,,,
99,RHeel,413.6277,422.17746,0.6880844,,,
100,Nose,348.28748,156.99799,0.9429036,,,
100,LEye,355.26544,150.94135,0.94601727,,,
100,REye,348.28748,150.94135,0.9276984,,,
100,LEar,376.19928,163.05464,0.94547373,,,
100,REar,376.19928,156.99799,0.78435194,,,
100,LShoulder,383.17722,199.39449,0.8747372,-0.11728979,-0.086976066,-0.16271594
100,RShoulder,369.22134,199.39449,0.81793934,-0.13606387,-0.09913054,-0.010751392
100,LElbow,320.3757,217.5644,0.80712134,-0.25119096,-0.055751417,-0.23942597
100,RElbow,313.39777,205.45113,0.8881273,-0.2565261,-0.07488824,0.0618907
100,LWrist,250.59622,217.5644,0.8590555,-0.4099694,-0.05838106,-0.27603135
100,RWrist,264.55212,205.45113,0.82739455,-0.38398916,-0.078147024,0.048275903
100,LHip,432.02286,296.30075,0.8048873,0.01708539,0.12643103,-0.07140974
100,RHip,418.06696,290.2441,0.7533668,-0.0028087508,0.105669215,0.068779506
100,LKnee,390.15518,356.86716,0.85237694,-0.09125698,0.29563755,-0.050509654
100,RKnee,383.17722,344.75388,0.9297513,-0.103336945,0.26230276,0.18168673
100,LAnkle,411.08902,447.7168,0.9621022,-0.033304654,0.49324694,-0.008127561
100,RAnkle,404.11108,411.37695,0.8003547,-0.048221268,0.42172238,0.20470506
100,Head,376.19928,132.77142,0.94282347,-0.12374318,-0.25112042,-0.10209685
100,Neck,376.19928,181.22456,0.8956231,-0.12043507,-0.13317336,-0.09128367
100,Hip,425.04492,290.2441,0.8629968,0.0075267972,0.116952464,-0.0024522904
100,LBigToe,376.19928,459.83008,0.8732809,,,
100,RBigToe,376.19928,423.49023,0.99859524,,,
100,LSmallToe,383.17722,465.88672,0.91908157,,,
100,RSmallToe,383.17722,417.4336,0.88598305,,,
100,LHeel,418.06696,453.77344,0.9296673,,,
100,RHeel,418.06696,417.4336,0.70287037,,,
101,Nose,348.09448,168.56871,0.9394252,,,
101,LEye,355.1261,162.61812,0.9341482,,,
101,REye,348.09448,156.66751,0.9122903,,,
101,LEar,376.22092,168.56871,0.9376674,,,
101,REar,369.1893,168.56871,0.7143148,,,
101,LShoulder,383.2525,204.27232,0.8628589,-0.11991229,-0.071352914,-0.16422945
101,RShoulder,369.1893,204.27232,0.8100891,-0.13877861,-0.08413135,-0.013888614
101,LElbow,312.93646,222.12413,0.84361863,-0.25560626,-0.03999939,-0.23694581
101,RElbow,312.93646,210.22293,0.90046,-0.25808102,-0.06315879,0.05887808
101,LWrist,249.65204,222.12413,0.882826,-0.41459048,-0.043527544,-0.27221948
101,RWrist,263.71524,210.22293,0.8784349,-0.38415897,-0.0660837,0.044843473
101,LHip,432.47372,299.48196,0.7882432,0.022234838,0.1326674,-0.0710711
101,RHip,418.41052,293.53134,0.7298598,0.0011479703,0.11174326,0.06840282
101,LKnee,390.28412,358.98798,0.8438787,-0.09574887,0.29767162,-0.05397031
101,RKnee,383.2525,347.08676,0.91838616,-0.10733476,0.26288527,0.18131816
101,LAnkle,411.37894,448.24698,0.96858084,-0.033414178,0.49346712,-0.01181122
101,RAnkle,404.34732,412.5434,0.8234625,-0.048811175,0.42185923,0.2007969
101,Head,369.1893,138.8157,0.9408553,-0.1267721,-0.23418753,-0.10325653
101,Neck,369.1893,186.42052,0.8949266,-0.1235192,-0.117693156,-0.094126135
101,Hip,432.47372,287.58075,0.81880176,0.012022608,0.12252614,-0.0025959883
101,LBigToe,376.22092,466.0988,0.879472,,,
101,RBigToe,376.22092,424.44458,0.9814788,,,
101,LSmallToe,383.2525,466.0988,0.90915215,,,
101,RSmallToe,383.2525,418.494,0.8647258,,,
101,LHeel,418.41052,454.1976,0.92556775,,,
101,RHeel,418.41052,418.494,0.70971334,,,
102,Nose,345.8882,176.1572,0.9467419,,,
102,LEye,352.73178,170.35252,0.9243726,,,
102,REye,345.8882,164.54785,0.91443413,,,
102,LEar,373.26254,176.1572,0.96492195,,,
102,REar,373.26254,176.1572,0.7475696,,,
102,LShoulder,380.10614,210.98521,0.8898353,-0.12220727,-0.05592606,-0.1649215
102,RShoulder,366.41898,210.98521,0.8132535,-0.1405978,-0.06935875,-0.015439168
102,LElbow,318.51385,228.39922,0.79296786,-0.26034015,-0.024430625,-0.23365635
102,RElbow,318.51385,216.78987,0.85854626,-0.25927407,-0.051288772,0.056561895
102,LWrist,250.07794,228.39922,0.8814375,-0.41914612,-0.028912494,-0.26789257
102,RWrist,263.76514,210.98521,0.8583644,-0.38404024,-0.0541893,0.041851994
102,LHip,434.85486,303.85992,0.7959203,0.027157761,0.14033833,-0.07070697
102,RHip,421.1677,298.05524,0.7206459,0.00510017,0.11901502,0.06805853
102,LKnee,386.94974,361.90662,0.8424889,-0.10041875,0.2998847,-0.05720208
102,RKnee,380.10614,350.29727,0.91310406,-0.1111725,0.26361597,0.18136607
102,LAnkle,407.4805,448.97665,0.96153253,-0.03370741,0.49375132,-0.015046271
102,RAnkle,407.4805,414.14865,0.81523967,-0.049521647,0.42208326,0.19724177
102,Head,373.26254,147.13385,0.9505224,-0.12932643,-0.21737823,-0.10361513
102,Neck,373.26254,193.5712,0.9317384,-0.12595093,-0.10214177,-0.09612476
102,Hip,434.85486,292.25058,0.80932355,0.016518313,0.12956755,-0.002640297
102,LBigToe,373.26254,460.586,0.85293776,,,
102,RBigToe,380.10614,425.75797,1.0512917,,,
102,LSmallToe,386.94974,466.39066,0.85428655,,,
102,RSmallToe,380.10614,419.9533,0.95182997,,,
102,LHeel,421.1677,454.7813,0.9194536,,,
102,RHeel,414.3241,419.9533,0.7093443,,,
103,Nose,346.3809,182.0673,0.9473995,,,
103,LEye,353.22366,176.3763,0.9489799,,,
103,REye,346.3809,176.3763,0.9276076,,,
103,LEar,373.75198,182.0673,0.9459639,,,
103,REar,366.9092,182.0673,0.73530006,,,
103,LShoulder,373.75198,221.9044,0.86193943,-0.12427972,-0.041008156,-0.16512491
103,RShoulder,366.9092,216.21338,0.7914722,-0.14202847,-0.055178978,-0.016336778
103,LElbow,312.167,233.28642,0.7841544,-0.26504785,-0.009107049,-0.23013349
103,RElbow,319.00977,221.9044,0.8803424,-0.26032758,-0.03996324,0.05484224
103,LWrist,250.582,233.28642,0.881279,-0.42359143,-0.014933504,-0.26349512
103,RWrist,271.11032,221.9044,0.86278677,-0.38339138,-0.042024694,0.039187297
103,LHip,435.33698,307.2696,0.771322,0.03151478,0.14837794,-0.07036403
103,RHip,421.65143,301.57858,0.6793651,0.008583083,0.12643093,0.067712046
103,LKnee,387.43753,364.17972,0.83172125,-0.10491744,0.30220363,-0.060359977
103,RKnee,380.59476,352.7977,0.8936547,-0.114712566,0.26424855,0.1816917
103,LAnkle,407.96588,449.54492,0.97512645,-0.03395261,0.49406567,-0.017860675
103,RAnkle,401.1231,415.39886,0.84423053,-0.05045894,0.42247936,0.19430044
103,Head,366.9092,153.61224,0.9422467,-0.131618,-0.2009275,-0.10348869
103,Neck,373.75198,204.83136,0.90846705,-0.12802723,-0.08714707,-0.09768107
103,Hip,435.33698,295.88757,0.817655,0.020310037,0.1370847,-0.0026725645
103,LBigToe,373.75198,460.92697,0.8574382,,,
103,RBigToe,380.59476,426.78088,1.0250127,,,
103,LSmallToe,380.59476,466.61798,0.8502557,,,
103,RSmallToe,380.59476,421.08987,0.95390755,,,
103,LHeel,421.65143,455.23593,0.89268035,,,
103,RHeel,414.80865,421.08987,0.7590298,,,
104,Nose,346.0309,186.63425,0.9345666,,,
104,LEye,352.91687,181.03107,0.9300463,,,
104,REye,346.0309,181.03107,0.9427276,,,
104,LEar,366.68878,186.63425,0.91652745,,,
104,REar,366.68878,192.23744,0.77567923,,,
104,LShoulder,373.5747,225.85657,0.86718565,-0.12604749,-0.026778158,-0.16480184
104,RShoulder,366.68878,220.25337,0.79465705,-0.14290848,-0.041665014,-0.016712518
104,LElbow,311.60114,242.66612,0.71666116,-0.26924855,0.0060591083,-0.22658348
104,RElbow,318.4871,225.85657,0.93024534,-0.26120844,-0.0287344,0.053594507
104,LWrist,242.74161,237.06294,0.81908184,-0.42809755,-0.0013564229,-0.2585611
104,RWrist,270.28543,225.85657,0.88013065,-0.38331786,-0.03027523,0.03767902
104,LHip,435.5483,309.9044,0.7432976,0.035441384,0.1566612,-0.07000469
104,RHip,421.7764,304.30118,0.6416385,0.011931672,0.1338524,0.06741122
104,LKnee,380.46066,365.93625,0.7698794,-0.10939625,0.30453292,-0.06405896
104,RKnee,380.46066,349.12668,0.89085805,-0.118187144,0.26475993,0.18219846
104,LAnkle,408.0045,449.98407,0.9691262,-0.034206137,0.49442968,-0.020446328
104,RAnkle,401.11853,416.36493,0.8724172,-0.05131684,0.4229065,0.19174951
104,Head,366.68878,158.61832,0.94669855,-0.1334772,-0.18547435,-0.10320303
104,Neck,373.5747,209.047,0.9263395,-0.12971309,-0.072979614,-0.098857775
104,Hip,435.5483,298.698,0.8065085,0.023816193,0.14498194,-0.0026967854
104,LBigToe,373.5747,461.19043,0.86455226,,,
104,RBigToe,373.5747,427.57132,1.019597,,,
104,LSmallToe,387.34662,466.79364,0.84813845,,,
104,RSmallToe,380.46066,421.96814,0.9525689,,,
104,LHeel,421.7764,455.58725,0.8741622,,,
104,RHeel,414.89044,421.96814,0.76302683,,,
105,Nose,344.6819,193.08475,0.94220114,,,
105,LEye,351.6022,187.6056,0.935182,,,
105,REye,344.6819,187.6056,0.9371343,,,
105,LEar,372.3632,193.08475,0.9070877,,,
105,REar,365.44287,198.56389,0.744219,,,
105,LShoulder,372.3632,231.43872,0.87368804,-0.12751281,-0.013107646,-0.16398308
105,RShoulder,365.44287,225.95958,0.7564984,-0.14334017,-0.028673753,-0.016685871
105,LElbow,310.08026,247.87614,0.77263874,-0.27292335,0.020518642,-0.22276734
105,RElbow,317.00058,231.43872,0.96694696,-0.26181936,-0.017829396,0.05284728
105,LWrist,240.87697,242.397,0.82376343,-0.43175152,0.0125096105,-0.25369716
105,RWrist,268.5583,231.43872,0.8697559,-0.3832113,-0.018807333,0.037244525
105,LHip,441.56647,313.62582,0.76381433,0.039430812,0.16511087,-0.06965037
105,RHip,427.7258,302.66754,0.6213565,0.0155246295,0.14136188,0.06712035
105,LKnee,379.2835,368.4172,0.7907435,-0.113701,0.3068086,-0.06753232
105,RKnee,379.2835,351.9798,0.8720951,-0.12134302,0.2648687,0.18275294
105,LAnkle,406.96484,450.6043,0.95442057,-0.034294475,0.49457458,-0.022776654
105,RAnkle,400.0445,417.72946,0.8716408,-0.052077156,0.42312902,0.1895042
105,Head,365.44287,165.68906,0.93769455,-0.1349931,-0.17068852,-0.10273867
105,Neck,372.3632,215.00131,0.91442174,-0.13093314,-0.059506454,-0.099619254
105,Hip,441.56647,302.66754,0.7893266,0.027758474,0.15327112,-0.0027454125
105,LBigToe,372.3632,461.5626,0.8703811,,,
105,RBigToe,379.2835,423.20862,0.9855824,,,
105,LSmallToe,386.20386,467.04172,0.8784192,,,
105,RSmallToe,379.2835,423.20862,0.9333638,,,
105,LHeel,420.80548,456.08344,0.8998446,,,
105,RHeel,413.88516,423.20862,0.721463,,,
106,Nose,340.32706,198.13081,0.9362125,,,
106,LEye,347.13687,192.7487,0.94006926,,,
106,REye,340.32706,192.7487,0.93483305,,,
106,LEar,367.5663,203.51291,0.9486881,,,
106,REar,367.5663,203.51291,0.79891133,,,
106,LShoulder,374.37613,235.80551,0.88186073,-0.12871754,-0.00019889884,-0.16296594
106,RShoulder,360.7565,230.4234,0.8031156,-0.14363518,-0.016279554,-0.016626664
106,LElbow,306.27798,251.95181,0.7429936,-0.27605867,0.034505684,-0.2190741
106,RElbow,313.0878,235.80551,0.9101273,-0.26240665,-0.007227462,0.05238295
106,LWrist,238.17981,251.95181,0.7940659,-0.43462294,0.026619785,-0.24873719
106,RWrist,265.41907,235.80551,0.8982685,-0.3834605,-0.00765983,0.03748955
106,LHip,442.4743,316.53702,0.75607544,0.042227387,0.1738299,-0.0693902
106,RHip,422.04486,311.1549,0.63548106,0.018127367,0.14923061,0.06685307
106,LKnee,381.18594,364.9759,0.77762616,-0.117704436,0.3092794,-0.0707516
106,RKnee,374.37613,348.8296,0.87759626,-0.124427706,0.2648045,0.1837501
106,LAnkle,408.4252,445.7074,0.9380211,-0.03440589,0.4947156,-0.024952555
106,RAnkle,401.6154,413.4148,0.85486543,-0.05285658,0.42356008,0.18770878
106,Head,367.5663,171.2203,0.97332144,-0.13621832,-0.15682893,-0.10244415
106,Neck,367.5663,219.65921,0.9660679,-0.13206632,-0.046654332,-0.10033835
106,Hip,442.4743,305.7728,0.7630444,0.030499766,0.16193897,-0.0026910238
106,LBigToe,374.37613,461.8537,0.853093,,,
106,RBigToe,374.37613,424.17902,0.9854753,,,
106,LSmallToe,387.99576,467.2358,0.84592843,,,
106,RSmallToe,381.18594,424.17902,0.89326155,,,
106,LHeel,422.04486,456.4716,0.8449297,,,
106,RHeel,415.23502,418.7969,0.76063454,,,
107,Nose,340.76758,202.7714,0.9340157,,,
107,LEye,347.87177,197.47853,0.92949724,,,
107,REye,340.76758,197.47853,0.90561986,,,
107,LEar,369.18427,208.06425,0.9087138,,,
107,REar,369.18427,208.06425,0.7335923,,,
107,LShoulder,369.18427,245.11426,0.8607273,-0.12957883,0.011898879,-0.16204622
107,RShoulder,369.18427,234.52853,0.76952875,-0.14377353,-0.0043629035,-0.016518127
107,LElbow,298.1426,260.99283,0.81774783,-0.2783616,0.047961798,-0.216343
107,RElbow,312.35092,239.8214,0.9293674,-0.262859,0.0031693093,0.05203661
107,LWrist,234.20512,255.69997,0.881165,-0.43657216,0.039730143,-0.24458592
107,RWrist,262.6218,234.52853,0.9120481,-0.38400525,0.00283264,0.03759679
107,LHip,440.2259,319.21426,0.7719356,0.04426811,0.18240497,-0.069167346
107,RHip,433.12173,308.62854,0.65960747,0.020149946,0.15723422,0.066654146
107,LKnee,376.28842,366.84998,0.80233973,-0.12135738,0.31167507,-0.07435819
107,RKnee,376.28842,345.67856,0.8432507,-0.12735733,0.26492515,0.18486409
107,LAnkle,411.80923,446.24286,0.94656396,-0.034504056,0.4949712,-0.02684207
107,RAnkle,397.60092,414.48572,0.877234,-0.053509865,0.42390347,0.18617511
107,Head,369.18427,176.3071,0.93546593,-0.137371,-0.14378561,-0.10244458
107,Neck,369.18427,223.94283,0.9174899,-0.13280897,-0.03456524,-0.10114125
107,Hip,440.2259,313.92142,0.8004051,0.032047585,0.17063119,-0.0024546238
107,LBigToe,376.28842,462.12143,0.866232,,,
107,RBigToe,376.28842,425.0714,0.9885062,,,
107,LSmallToe,383.39258,467.41428,0.8843777,,,
107,RSmallToe,383.39258,419.77856,0.8641971,,,
107,LHeel,418.9134,456.82858,0.8929054,,,
107,RHeel,418.9134,419.77856,0.77473223,,,
108,Nose,340.04556,207.61119,0.9233259,,,
108,LEye,347.22034,207.61119,0.9322159,,,
108,REye,340.04556,202.4114,0.9087764,,,
108,LEar,368.7447,212.81097,0.90440565,,,
108,REar,368.7447,212.81097,0.73414874,,,
108,LShoulder,368.7447,249.20946,0.8663283,-0.12978663,0.022872385,-0.16137734
108,RShoulder,368.7447,238.80989,0.7926207,-0.14387208,0.006228717,-0.016773656
108,LElbow,296.99686,264.8088,0.86385715,-0.27961636,0.060314868,-0.21342327
108,RElbow,318.5212,244.00967,0.93063927,-0.26297182,0.013055209,0.05174827
108,LWrist,239.59856,259.60904,0.8695749,-0.4372123,0.052314978,-0.24117267
108,RWrist,261.12292,238.80989,0.9152308,-0.38391384,0.0135775395,0.03797643
108,LHip,440.49255,322.00644,0.77508485,0.045721196,0.19030675,-0.06895402
108,RHip,433.31778,311.60687,0.6790168,0.02152015,0.16463713,0.06647648
108,LKnee,375.9195,368.8045,0.7968523,-0.124506086,0.31418428,-0.0777544
108,RKnee,375.9195,348.00537,0.8901017,-0.12964211,0.26501295,0.18576361
108,LAnkle,411.79343,446.8013,0.95031476,-0.03462223,0.495055,-0.02863167
108,RAnkle,397.44385,415.60257,0.89162767,-0.05398857,0.4242625,0.18455027
108,Head,368.7447,181.61226,0.9308257,-0.1385561,-0.1317944,-0.102618165
108,Neck,368.7447,228.41032,0.92174774,-0.133394,-0.023456633,-0.102067724
108,Hip,440.49255,316.80667,0.80206907,0.03307713,0.17845856,-0.0022752464
108,LBigToe,375.9195,462.40063,0.86746824,,,
108,RBigToe,375.9195,426.00214,0.9655228,,,
108,LSmallToe,383.09427,467.60043,0.8792843,,,
108,RSmallToe,383.09427,420.80237,0.84395313,,,
108,LHeel,418.9682,452.00107,0.89159256,,,
108,RHeel,418.9682,420.80237,0.76804113,,,
109,Nose,337.36316,211.6979,0.9042245,,,
109,LEye,344.6848,211.6979,0.9220311,,,
109,REye,344.6848,206.57672,0.8957992,,,
109,LEar,366.64975,216.8191,0.8766274,,,
109,REar,366.64975,216.8191,0.69848675,,,
109,LShoulder,373.9714,252.66747,0.8760483,-0.1295501,0.032870445,-0.16100329
109,RShoulder,359.3281,242.42508,0.87084323,-0.14408793,0.015935134,-0.017410427
109,LElbow,308.07654,268.03104,0.81049585,-0.28017548,0.07178934,-0.21047218
109,RElbow,315.3982,247.54626,0.9598269,-0.26291576,0.022505473,0.05170514
109,LWrist,242.18167,268.03104,0.9131581,-0.4378155,0.06446713,-0.23814337
109,RWrist,264.14664,247.54626,0.9332131,-0.38352093,0.024288941,0.03860194
109,LHip,439.86627,329.48538,0.7857329,0.046641305,0.19757351,-0.06872622
109,RHip,432.54462,314.1218,0.67986006,0.022267925,0.17146875,0.06630977
109,LKnee,381.29306,370.45493,0.7454635,-0.12728928,0.31653485,-0.080948964
109,RKnee,373.9714,344.84897,0.9007341,-0.13162658,0.26512694,0.18650481
109,LAnkle,410.57965,447.27283,0.98714495,-0.034750998,0.495088,-0.030328492
109,RAnkle,403.258,416.5457,0.8846208,-0.05430867,0.42463094,0.18319237
109,Head,366.64975,186.09193,0.93773305,-0.13981584,-0.120741874,-0.1028884
109,Neck,366.64975,232.1827,0.93057126,-0.13384974,-0.013204353,-0.103054546
109,Hip,439.86627,319.24298,0.8163865,0.03358301,0.18558812,-0.0021122762
109,LBigToe,373.9714,462.6364,0.8987257,,,
109,RBigToe,373.9714,426.78806,0.95813507,,,
109,LSmallToe,381.29306,467.7576,0.87426597,,,
109,RSmallToe,381.29306,421.66687,0.8854378,,,
109,LHeel,417.9013,452.39404,0.9240857,,,
109,RHeel,417.9013,421.66687,0.80121094,,,
110,Nose,338.65094,220.92569,0.9198763,,,
110,LEye,345.91095,215.88501,0.94381917,,,
110,REye,338.65094,210.84435,0.8984435,,,
110,LEar,367.69098,220.92569,0.89736503,,,
110,REar,367.69098,220.92569,0.69257486,,,
110,LShoulder,374.95096,256.2104,0.86818457,-0.12915938,0.04199059,-0.16119857
110,RShoulder,360.43097,246.12906,0.87438864,-0.1443871,0.024782088,-0.01825671
110,LElbow,302.35095,276.37308,0.85433686,-0.28029758,0.08255561,-0.20880109
110,RElbow,316.87094,251.16972,0.92137814,-0.26290387,0.031437512,0.051435076
110,LWrist,237.01091,271.33243,0.9091988,-0.4382966,0.07585101,-0.235508
110,RWrist,266.05093,251.16972,0.92839164,-0.38323456,0.034536358,0.03886682
110,LHip,440.291,326.77982,0.7936643,0.047597896,0.20399769,-0.06848737
110,RHip,425.771,316.6985,0.6882851,0.022842472,0.17737724,0.06615512
110,LKnee,374.95096,372.14587,0.8327656,-0.12984088,0.3185138,-0.08440492
110,RKnee,374.95096,351.9832,0.8797159,-0.13302852,0.26532152,0.18713173
110,LAnkle,411.25098,447.75595,0.95363843,-0.03492775,0.49501136,-0.03178706
110,RAnkle,396.731,417.51193,0.8663998,-0.054525193,0.42503795,0.1817769
110,Head,360.43097,190.68166,0.922885,-0.14125484,-0.110558584,-0.103549525
110,Neck,367.69098,236.0477,0.9238976,-0.13415594,-0.004001932,-0.104400255
110,Hip,440.291,321.73914,0.8121286,0.034010317,0.19180736,-0.0020291868
110,LBigToe,374.95096,462.878,0.8604625,,,
110,RBigToe,374.95096,427.59326,0.8897142,,,
110,LSmallToe,382.21097,467.91864,0.8622435,,,
110,RSmallToe,382.21097,422.5526,0.8076926,,,
110,LHeel,418.511,452.79663,0.9024134,,,
110,RHeel,418.511,417.51193,0.8077221,,,
111,Nose,337.18765,223.99489,0.9270747,,,
111,LEye,344.1895,219.0144,0.9386647,,,
111,REye,337.18765,214.0339,0.9114039,,,
111,LEar,365.19513,223.99489,0.93057716,,,
111,REar,365.19513,223.99489,0.74434906,,,
111,LShoulder,372.197,258.85834,0.866258,-0.12844533,0.05036786,-0.16136435
111,RShoulder,365.19513,253.87784,0.84416926,-0.14465149,0.03292789,-0.01920397
111,LElbow,302.17834,278.7803,0.81800836,-0.27989644,0.092074245,-0.20702843
111,RElbow,316.18207,253.87784,0.919017,-0.2627526,0.039805334,0.050869316
111,LWrist,239.16154,278.7803,0.89124024,-0.43831742,0.08663808,-0.23282366
111,RWrist,260.16714,253.87784,0.91188693,-0.38291663,0.044298027,0.0391791
111,LHip,442.21564,328.58524,0.7560411,0.048521742,0.20978393,-0.068226956
111,RHip,428.2119,318.62424,0.6633267,0.023409167,0.18290095,0.06601635
111,LKnee,372.197,373.40967,0.84516275,-0.13202658,0.3201918,-0.087408744
111,RKnee,372.197,348.5072,0.90851253,-0.13442785,0.2651604,0.18771034
111,LAnkle,407.2063,448.11703,0.9405701,-0.035148937,0.49486724,-0.033045843
111,RAnkle,400.20444,413.2536,0.89933646,-0.054562896,0.42531344,0.18076155
111,Head,365.19513,194.11194,0.92978764,-0.14238885,-0.1014418,-0.10442241
111,Neck,365.19513,243.91685,0.9311437,-0.13429554,0.004336808,-0.105730705
111,Hip,442.21564,323.60474,0.7818683,0.03452618,0.1974204,-0.0020161958
111,LBigToe,372.197,463.05853,0.85397977,,,
111,RBigToe,372.197,428.19507,0.8369928,,,
111,LSmallToe,386.2007,468.039,0.84859824,,,
111,RSmallToe,379.19885,423.21457,0.7663117,,,
111,LHeel,421.21005,453.09753,0.88768077,,,
111,RHeel,414.2082,418.2341,0.83755386,,,
112,Nose,333.2007,226.67986,0.9338217,,,
112,LEye,340.3676,221.75201,0.93726826,,,
112,REye,340.3676,221.75201,0.90514797,,,
112,LEar,361.86835,226.67986,0.90888053,,,
112,REar,361.86835,226.67986,0.7433663,,,
112,LShoulder,376.20215,261.17477,0.86157423,-0.12762165,0.05739634,-0.16209474
112,RShoulder,361.86835,256.24692,0.8561851,-0.14481783,0.03974094,-0.020393642
112,LElbow,304.53308,280.88617,0.82208997,-0.27934724,0.10015535,-0.20548266
112,RElbow,318.8669,256.24692,0.93208194,-0.2622425,0.047159698,0.05015583
112,LWrist,232.86403,280.88617,0.9228718,-0.4391086,0.09546429,-0.23091298
112,RWrist,261.53165,261.17477,0.8603965,-0.3823219,0.053000715,0.039094806
112,LHip,440.7043,330.1646,0.7593249,0.048845243,0.21488462,-0.06803811
112,RHip,419.20358,325.2368,0.69353586,0.023338148,0.18788101,0.06584706
112,LKnee,376.20215,374.51523,0.81523526,-0.13367997,0.32193348,-0.089572646
112,RKnee,369.03525,349.876,0.8600057,-0.13554984,0.26529995,0.18813074
112,LAnkle,404.86978,448.43292,0.9247848,-0.03528511,0.49479434,-0.034145415
112,RAnkle,397.70288,413.938,0.9066712,-0.054524694,0.4255263,0.17968062
112,Head,361.86835,197.11278,0.9339107,-0.14366385,-0.09349969,-0.10513517
112,Neck,369.03525,246.39124,0.93889195,-0.13436398,0.011594046,-0.10724927
112,Hip,440.7043,325.2368,0.7983609,0.034526803,0.20234235,-0.0020505118
112,LBigToe,369.03525,463.21646,0.8618554,,,
112,RBigToe,376.20215,428.72153,0.85225946,,,
112,LSmallToe,383.36905,468.14432,0.85079503,,,
112,RSmallToe,376.20215,423.7937,0.73252845,,,
112,LHeel,419.20358,453.36078,0.9119436,,,
112,RHeel,419.20358,418.86584,0.8498143,,,
113,Nose,333.6371,228.80196,0.95849043,,,
113,LEye,340.4627,223.91573,0.9423574,,,
113,REye,340.4627,223.91573,0.92544764,,,
113,LEar,360.9396,228.80196,0.92175305,,,
113,REar,360.9396,228.80196,0.8021262,,,
113,LShoulder,374.59085,263.0056,0.8517358,-0.12672688,0.06343113,-0.1627491
113,RShoulder,360.9396,258.1194,0.8301379,-0.1450055,0.045593347,-0.021450019
113,LElbow,313.1602,282.55057,0.8343212,-0.27829194,0.10705648,-0.20500669
113,RElbow,313.1602,263.0056,0.9165117,-0.26176888,0.053534616,0.049647108
113,LWrist,231.25267,282.55057,0.88737875,-0.43885276,0.1030543,-0.22987008
113,RWrist,265.3808,263.0056,0.86377716,-0.38172948,0.059934992,0.03853826
113,LHip,442.84714,331.4129,0.74107754,0.049521983,0.21911223,-0.0677573
113,RHip,429.19586,326.52667,0.6501387,0.023682471,0.19204502,0.06571475
113,LKnee,374.59085,375.38904,0.84126157,-0.13508831,0.32312623,-0.09225891
113,RKnee,374.59085,350.95786,0.842636,-0.13639985,0.2655931,0.1885482
113,LAnkle,408.719,448.6826,0.9358111,-0.035312444,0.4946799,-0.035228007
113,RAnkle,401.89337,414.47894,0.8619153,-0.05444075,0.42573726,0.17854124
113,Head,360.9396,204.37077,0.94594795,-0.14503565,-0.086737856,-0.10585654
113,Neck,367.76523,248.34691,0.9415374,-0.1344142,0.017755065,-0.10871607
113,Hip,442.84714,326.52667,0.7753721,0.03483399,0.20634915,-0.002129345
113,LBigToe,374.59085,463.34128,0.8457821,,,
113,RBigToe,374.59085,424.2514,0.8411132,,,
113,LSmallToe,388.2421,468.22754,0.8299852,,,
113,RSmallToe,381.41647,424.2514,0.7698915,,,
113,LHeel,422.37024,453.56882,0.88009316,,,
113,RHeel,415.54462,419.36517,0.86778677,,,
114,Nose,332.6658,230.82864,0.9368203,,,
114,LEye,339.46756,225.98215,0.9074313,,,
114,REye,339.46756,225.98215,0.936889,,,
114,LEar,366.67462,230.82864,0.9213575,,,
114,REar,359.87286,230.82864,0.7118353,,,
114,LShoulder,373.47638,264.75412,0.8463431,-0.12601233,0.06843175,-0.16349679
114,RShoulder,359.87286,259.90762,0.88871056,-0.14520757,0.05026142,-0.022422073
114,LElbow,312.2605,288.9866,0.81464267,-0.2773667,0.11314045,-0.20484895
114,RElbow,312.2605,264.75412,0.89978963,-0.26121408,0.05867706,0.048976373
114,LWrist,237.44112,288.9866,0.8400509,-0.4379005,0.110049024,-0.2284417
114,RWrist,264.64816,264.75412,0.8729616,-0.38123855,0.06573497,0.038074486
114,LHip,441.49402,332.6051,0.7292338,0.049578354,0.22281018,-0.06760676
114,RHip,421.0887,327.7586,0.6743904,0.023447558,0.19560453,0.06565683
114,LKnee,373.47638,376.22357,0.85991913,-0.1363607,0.3242072,-0.094399184
114,RKnee,373.47638,351.9911,0.8052575,-0.13718154,0.265752,0.18875122
114,LAnkle,407.4852,448.92102,0.9231362,-0.035343774,0.49458447,-0.036074407
114,RAnkle,400.68344,414.99554,0.85705394,-0.054335244,0.42586216,0.1774079
114,Head,359.87286,206.59616,0.94962513,-0.14607847,-0.08117837,-0.10662315
114,Neck,366.67462,250.21465,0.9468823,-0.13451806,0.022823103,-0.110040255
114,Hip,441.49402,327.7586,0.769987,0.03462781,0.20987435,-0.0021677266
114,LBigToe,373.47638,463.4605,0.86914957,,,
114,RBigToe,373.47638,424.68854,0.8263549,,,
114,LSmallToe,387.0799,468.307,0.85995287,,,
114,RSmallToe,380.27814,424.68854,0.7388805,,,
114,LHeel,421.0887,453.76752,0.87880534,,,
114,RHeel,414.28696,419.84204,0.85363483,,,
115,Nose,333.4754,232.21144,0.93900174,,,
115,LEye,340.22693,227.39206,0.91747886,,,
115,REye,340.22693,227.39206,0.9312043,,,
115,LEar,367.23303,232.21144,0.9199713,,,
115,REar,360.4815,232.21144,0.72373986,,,
115,LShoulder,380.73605,265.9471,0.8481515,-0.1254512,0.07236147,-0.16426197
115,RShoulder,360.4815,261.12775,0.90655994,-0.14518747,0.053760197,-0.023272945
115,LElbow,313.22086,290.04404,0.8396666,-0.27666515,0.117497444,-0.20427945
115,RElbow,313.22086,265.9471,0.90612054,-0.26051664,0.06244072,0.048222706
115,LWrist,238.95412,290.04404,0.88279593,-0.43770483,0.11505766,-0.22686574
115,RWrist,265.9602,270.7665,0.8605908,-0.3806224,0.070441395,0.03777653
115,LHip,448.25128,338.23788,0.7256539,0.049619913,0.22560896,-0.06743982
115,RHip,421.24518,328.59912,0.6987546,0.023348043,0.19850954,0.06559936
115,LKnee,373.98456,376.79294,0.87148917,-0.13729557,0.32506153,-0.095931284
115,RKnee,373.98456,347.87665,0.8132714,-0.13798687,0.2656959,0.18904495
115,LAnkle,407.74216,449.0837,0.9298542,-0.035325907,0.4945458,-0.036653437
115,RAnkle,400.99063,415.34802,0.8250809,-0.054203704,0.42593405,0.17653087
115,Head,360.4815,208.11452,0.95024,-0.14673793,-0.076991096,-0.10740767
115,Neck,367.23303,251.48897,0.9387662,-0.13441004,0.02672239,-0.11122178
115,Hip,441.49976,328.59912,0.7773291,0.03453451,0.21258093,-0.0022459368
115,LBigToe,373.98456,463.54184,0.87363356,,,
115,RBigToe,373.98456,424.9868,0.79672855,,,
115,LSmallToe,387.48758,468.36124,0.84903,,,
115,RSmallToe,380.73605,424.9868,0.69733214,,,
115,LHeel,421.24518,453.90308,0.8968753,,,
115,RHeel,414.49368,420.1674,0.85631716,,,
116,Nose,335.9227,233.24387,0.9525729,,,
116,LEye,342.53265,228.44473,0.92966145,,,
116,REye,335.9227,228.44473,0.915747,,,
116,LEar,362.36252,238.04301,0.9213275,,,
116,REar,362.36252,233.24387,0.78558695,,,
116,LShoulder,375.5824,266.83786,0.81679136,-0.12506495,0.074652255,-0.1649225
116,RShoulder,368.97244,262.0387,0.79574686,-0.14517117,0.0558473,-0.023833532
116,LElbow,309.4829,290.83356,0.7941619,-0.2766366,0.120020255,-0.20373437
116,RElbow,316.09286,266.83786,0.9097789,-0.2598952,0.064665645,0.047379225
116,LWrist,230.16353,290.83356,0.86364514,-0.43889564,0.11807038,-0.22596754
116,RWrist,263.21326,271.637,0.90972203,-0.38034555,0.0726345,0.036942188
116,LHip,448.29184,338.82495,0.7327791,0.04954132,0.22744752,-0.067306094
116,RHip,421.85205,329.22665,0.67935544,0.023106152,0.20038697,0.06554069
116,LKnee,375.5824,377.21808,0.80912244,-0.13798794,0.3257003,-0.09708514
116,RKnee,368.97244,348.42322,0.805005,-0.13868436,0.26578072,0.18896675
116,LAnkle,408.63214,449.20517,0.8979172,-0.035350308,0.49450907,-0.037080444
116,RAnkle,402.0222,415.61118,0.82771945,-0.054097895,0.42597863,0.17563577
116,Head,362.36252,209.24817,0.94968474,-0.14721306,-0.07443249,-0.10809281
116,Neck,368.97244,252.44043,0.948572,-0.13437042,0.029159833,-0.11221913
116,Hip,441.6819,329.22665,0.78682774,0.03437196,0.2143045,-0.0022949346
116,LBigToe,368.97244,463.60257,0.86726993,,,
116,RBigToe,375.5824,425.20947,0.82861,,,
116,LSmallToe,382.19235,468.40173,0.84255904,,,
116,RSmallToe,382.19235,425.20947,0.69610953,,,
116,LHeel,421.85205,454.0043,0.87474096,,,
116,RHeel,415.2421,420.4103,0.8611011,,,
117,Nose,338.3846,234.17958,0.9483333,,,
117,LEye,344.8584,229.39879,0.93296814,,,
117,REye,338.3846,229.39879,0.9499001,,,
117,LEar,364.27985,238.96037,0.90820575,,,
117,REar,364.27985,234.17958,0.7782861,,,
117,LShoulder,377.22748,272.42593,0.7940328,-0.124886736,0.07595992,-0.1655598
117,RShoulder,370.75366,258.08356,0.72491175,-0.1453878,0.056905467,-0.024345653
117,LElbow,306.01553,291.5491,0.7596886,-0.2765646,0.1212994,-0.2038256
117,RElbow,318.96317,267.64514,0.9221972,-0.2593587,0.0656043,0.046629056
117,LWrist,228.32979,291.5491,0.8303324,-0.4394689,0.119838625,-0.22584985
117,RWrist,267.17267,267.64514,0.90777993,-0.38023365,0.073093355,0.035567123
117,LHip,448.43942,339.35703,0.7233643,0.049320787,0.22842203,-0.06721874
117,RHip,422.54416,329.79544,0.6720782,0.022815874,0.20146222,0.06551053
117,LKnee,370.75366,372.82257,0.8133764,-0.13872959,0.32606164,-0.09822013
117,RKnee,370.75366,348.9186,0.8608756,-0.13915169,0.2660668,0.18895602
117,LAnkle,409.59653,449.31525,0.8668178,-0.035321604,0.49447867,-0.037365377
117,RAnkle,403.1227,415.8497,0.81523,-0.0539909,0.42600247,0.17488211
117,Head,357.80603,210.27562,0.9290672,-0.14781685,-0.07301271,-0.1085864
117,Neck,370.75366,253.30275,0.94375056,-0.13444394,0.030544665,-0.11297881
117,Hip,441.9656,329.79544,0.7607918,0.034104962,0.2151943,-0.0023358113
117,LBigToe,370.75366,463.65762,0.8655663,,,
117,RBigToe,377.22748,425.4113,0.89561063,,,
117,LSmallToe,383.7013,468.43842,0.8412709,,,
117,RSmallToe,377.22748,420.6305,0.7399093,,,
117,LHeel,416.07034,454.09604,0.8673689,,,
117,RHeel,416.07034,420.6305,0.891162,,,
118,Nose,337.44275,234.28062,0.95959836,,,
118,LEye,343.941,229.5018,0.9459124,,,
118,REye,337.44275,229.5018,0.92168254,,,
118,LEar,363.43585,234.28062,0.93803805,,,
118,REar,363.43585,234.28062,0.7965405,,,
118,LShoulder,376.4324,267.7323,0.8261866,-0.124850094,0.07605444,-0.16574824
118,RShoulder,369.93414,262.9535,0.74955666,-0.14565217,0.056519356,-0.024279172
118,LElbow,311.44962,291.62634,0.7996934,-0.27640435,0.12110649,-0.20420796
118,RElbow,317.9479,267.7323,0.9137562,-0.25938308,0.06509948,0.04621377
118,LWrist,233.47029,291.62634,0.8397665,-0.43943107,0.11984633,-0.22596037
118,RWrist,265.96167,267.7323,0.914808,-0.38042718,0.072594345,0.03496304
118,LHip,447.91348,339.41446,0.74770004,0.048813224,0.22838365,-0.06724747
118,RHip,421.92035,329.85684,0.68844527,0.022434192,0.20169677,0.06556315
118,LKnee,369.93414,372.86615,0.81022537,-0.13908066,0.32620883,-0.098485805
118,RKnee,369.93414,348.9721,0.8471615,-0.13946956,0.26652536,0.18874687
118,LAnkle,408.9238,449.32712,0.9044967,-0.035355873,0.49449888,-0.037444763
118,RAnkle,402.42554,415.87546,0.8395063,-0.053944193,0.42612067,0.17415708
118,Head,363.43585,210.38657,0.9144115,-0.14813718,-0.07334475,-0.10895073
118,Neck,369.93414,253.39586,0.96581674,-0.13475761,0.030419957,-0.11319036
118,Hip,441.4152,329.85684,0.7839598,0.033612758,0.21518457,-0.0023579204
118,LBigToe,369.93414,458.88477,0.862919,,,
118,RBigToe,376.4324,425.43307,0.86330706,,,
118,LSmallToe,382.9307,468.44238,0.84384114,,,
118,RSmallToe,382.9307,420.65427,0.70843095,,,
118,LHeel,421.92035,454.10596,0.8951927,,,
118,RHeel,415.4221,420.65427,0.8887105,,,
119,Nose,334.49536,234.01738,0.95292175,,,
119,LEye,341.09683,229.2334,0.9271209,,,
119,REye,341.09683,229.2334,0.934615,,,
119,LEar,360.90118,238.80135,0.8871261,,,
119,REar,360.90118,234.01738,0.7042868,,,
119,LShoulder,374.1041,272.28915,0.8222574,-0.12521273,0.07479523,-0.1656996
119,RShoulder,374.1041,262.72122,0.75096333,-0.14613304,0.055009943,-0.023888828
119,LElbow,308.08957,291.42505,0.8183978,-0.27676603,0.11948171,-0.20454586
119,RElbow,314.691,262.72122,0.8954877,-0.25973344,0.06312923,0.045908146
119,LWrist,235.4736,291.42505,0.8769478,-0.43984175,0.11859749,-0.22664283
119,RWrist,268.48087,267.5052,0.8539953,-0.3808693,0.07093677,0.03451325
119,LHip,446.72006,339.26477,0.7242185,0.048257153,0.22738425,-0.06730557
119,RHip,426.9157,329.69684,0.6417296,0.022003224,0.20109165,0.065591104
119,LKnee,374.1041,377.53656,0.86240935,-0.13892934,0.3261847,-0.09813814
119,RKnee,374.1041,348.83273,0.7844754,-0.13963732,0.26723206,0.18869767
119,LAnkle,407.11133,449.29617,0.90271676,-0.035405517,0.4945459,-0.03711233
119,RAnkle,400.5099,415.80835,0.87457263,-0.05386827,0.42626366,0.17384282
119,Head,360.90118,210.0975,0.9534448,-0.14869317,-0.07493469,-0.10902483
119,Neck,367.50262,253.15327,0.9413172,-0.13524577,0.02907237,-0.113025494
119,Hip,440.1186,329.69684,0.74895245,0.032986224,0.21426871,-0.0023745622
119,LBigToe,374.1041,458.8641,0.866258,,,
119,RBigToe,374.1041,425.37628,0.852936,,,
119,LSmallToe,387.30698,468.43207,0.846759,,,
119,RSmallToe,380.70554,420.59232,0.7186597,,,
119,LHeel,420.31424,454.08014,0.8919554,,,
119,RHeel,413.7128,420.59232,0.86326045,,,
120,Nose,334.7502,232.89935,0.9671736,,,
120,LEye,341.34067,228.09346,0.9474755,,,
120,REye,341.34067,228.09346,0.92051333,,,
120,LEar,361.112,237.70525,0.90811616,,,
120,REar,361.112,232.89935,0.7393209,,,
120,LShoulder,374.2929,271.3465,0.83919907,-0.12568763,0.072100714,-0.1655401
120,RShoulder,367.70245,261.7347,0.760839,-0.14652176,0.051932532,-0.023128198
120,LElbow,308.38843,290.5701,0.81462514,-0.27709866,0.11612208,-0.20498784
120,RElbow,314.97888,266.54062,0.9086177,-0.2602079,0.060232814,0.046278395
120,LWrist,229.30307,290.5701,0.8787107,-0.44072127,0.11595774,-0.22740233
120,RWrist,262.2553,266.54062,0.8777484,-0.38163984,0.06797445,0.034458548
120,LHip,446.7878,338.62903,0.7419996,0.04743848,0.22535735,-0.06743989
120,RHip,427.01648,329.01724,0.6494307,0.021478768,0.19943522,0.06568577
120,LKnee,374.2929,377.0762,0.844119,-0.13876998,0.32588935,-0.09728848
120,RKnee,374.2929,348.24084,0.76945937,-0.1395205,0.26798227,0.18835011
120,LAnkle,407.24515,449.16464,0.90577483,-0.035440683,0.49453536,-0.03654838
120,RAnkle,400.6547,415.52338,0.8612225,-0.05378321,0.42618978,0.17367627
120,Head,361.112,208.86987,0.95062625,-0.14898124,-0.07827666,-0.1087754
120,Neck,367.70245,252.12292,0.95065975,-0.13573244,0.026179206,-0.11237032
120,Hip,440.1974,329.01724,0.7664343,0.032329395,0.212362,-0.0023889078
120,LBigToe,374.2929,458.77643,0.8676396,,,
120,RBigToe,374.2929,425.13516,0.85532385,,,
120,LSmallToe,387.4738,468.3882,0.8415727,,,
120,RSmallToe,380.88336,420.32925,0.70935386,,,
120,LHeel,420.42603,453.97052,0.8992013,,,
120,RHeel,420.42603,420.32925,0.8578107,,,
121,Nose,331.61734,231.81055,0.9341936,,,
121,LEye,345.1083,226.9833,0.9198765,,,
121,REye,338.36282,226.9833,0.9477774,,,
121,LEar,365.34473,231.81055,0.92623097,,,
121,REar,365.34473,231.81055,0.71673185,,,
121,LShoulder,378.8357,265.60126,0.84072757,-0.12638524,0.068004414,-0.16523972
121,RShoulder,365.34473,260.77402,0.8392173,-0.14702095,0.04742993,-0.022138476
121,LElbow,311.38092,284.91025,0.8297904,-0.2774159,0.11088392,-0.20575625
121,RElbow,318.1264,260.77402,0.88044953,-0.2606616,0.05563387,0.04652801
121,LWrist,237.18068,289.7375,0.8793305,-0.44074535,0.111615136,-0.22854315
121,RWrist,264.16257,265.60126,0.88654387,-0.38244024,0.06386486,0.03441474
121,LHip,446.29044,338.00992,0.7525716,0.046233237,0.22223188,-0.067612804
121,RHip,426.05402,328.35544,0.67255217,0.020696005,0.19670437,0.06579451
121,LKnee,372.0902,376.62787,0.85942984,-0.13848162,0.32533494,-0.09587469
121,RKnee,372.0902,352.49164,0.7702516,-0.13919091,0.26891539,0.18778521
121,LAnkle,405.8176,449.03653,0.9057708,-0.035483703,0.49451426,-0.035837553
121,RAnkle,399.0721,415.24582,0.86328846,-0.053700056,0.42600057,0.17366812
121,Head,358.59924,202.84709,0.9305435,-0.14924519,-0.08339907,-0.108284764
121,Neck,372.0902,251.11952,0.9580519,-0.13626334,0.021708615,-0.11133293
121,Hip,439.54498,328.35544,0.7888645,0.03146982,0.20938778,-0.0023977768
121,LBigToe,372.0902,463.51828,0.8860543,,,
121,RBigToe,378.8357,424.90033,0.87164766,,,
121,LSmallToe,385.58115,468.34552,0.8670042,,,
121,RSmallToe,378.8357,420.07306,0.7015842,,,
121,LHeel,419.30853,453.86377,0.9038071,,,
121,RHeel,419.30853,420.07306,0.8797661,,,
122,Nose,331.57986,229.88748,0.9408125,,,
122,LEye,345.0933,225.02252,0.90944517,,,
122,REye,338.33658,225.02252,0.94938946,,,
122,LEar,365.36343,229.88748,0.9247141,,,
122,REar,358.60672,229.88748,0.74223757,,,
122,LShoulder,378.87686,263.94214,0.8157288,-0.12737834,0.06252517,-0.16457517
122,RShoulder,365.36343,259.07718,0.8345797,-0.14756827,0.04183599,-0.020719199
122,LElbow,304.55298,283.40195,0.801492,-0.27832222,0.10453546,-0.20673275
122,RElbow,318.0664,259.07718,0.87445456,-0.26137114,0.050022323,0.047416117
122,LWrist,230.22911,283.40195,0.8103539,-0.44182327,0.10563435,-0.23061681
122,RWrist,264.0127,263.94214,0.8712895,-0.38353842,0.05847333,0.03455468
122,LHip,446.44403,336.9164,0.7183807,0.0449511,0.21815145,-0.067841314
122,RHip,426.17386,327.1865,0.6314094,0.019763542,0.19305517,0.06589869
122,LKnee,372.12015,375.83603,0.8570732,-0.13776706,0.32454374,-0.093721636
122,RKnee,372.12015,351.51126,0.76076806,-0.13860363,0.26985195,0.18699545
122,LAnkle,405.90372,448.8103,0.9149591,-0.03544378,0.49440047,-0.03490613
122,RAnkle,399.147,414.75565,0.8480004,-0.05350973,0.4257884,0.17395917
122,Head,358.60672,205.56271,0.9356683,-0.1495865,-0.089976504,-0.10740274
122,Neck,365.36343,249.34727,0.9521887,-0.13716191,0.015772972,-0.10978624
122,Hip,439.68732,327.1865,0.74965924,0.030542726,0.2054339,-0.002413003
122,LBigToe,372.12015,458.5402,0.87850714,,,
122,RBigToe,378.87686,424.48553,0.8341959,,,
122,LSmallToe,385.63358,468.2701,0.87547094,,,
122,RSmallToe,378.87686,419.62057,0.67671955,,,
122,LHeel,419.41714,453.67523,0.89576894,,,
122,RHeel,419.41714,419.62057,0.8615221,,,
123,Nose,335.02988,226.91711,0.9598332,,,
123,LEye,341.94968,221.99391,0.9447473,,,
123,REye,335.02988,221.99391,0.94281214,,,
123,LEar,362.70914,226.91711,0.92799956,,,
123,REar,362.70914,226.91711,0.7410498,,,
123,LShoulder,376.54877,261.37946,0.86245286,-0.12841016,0.055134963,-0.16390932
123,RShoulder,362.70914,256.45627,0.8851402,-0.14799915,0.034467787,-0.019109523
123,LElbow,314.27042,281.07224,0.86325896,-0.27872032,0.096833974,-0.20834127
123,RElbow,314.27042,261.37946,0.88703954,-0.262098,0.043314848,0.048581876
123,LWrist,238.15244,281.07224,0.88755924,-0.44165856,0.099195585,-0.23243208
123,RWrist,265.8317,261.37946,0.86288637,-0.38477594,0.05205367,0.034715794
123,LHip,445.74695,335.2274,0.7804881,0.043276623,0.21301073,-0.06820871
123,RHip,418.06766,325.38098,0.71436363,0.018445361,0.18828315,0.06607572
123,LKnee,376.54877,374.6129,0.7913075,-0.13678935,0.32348108,-0.091072045
123,RKnee,369.62894,349.99695,0.7534749,-0.13773106,0.2708984,0.186019
123,LAnkle,411.14786,448.46085,0.9184861,-0.03538616,0.49429306,-0.0335751
123,RAnkle,397.30823,413.99847,0.8562287,-0.053284615,0.4253631,0.1744828
123,Head,362.70914,202.30115,0.94341946,-0.14938596,-0.09865388,-0.106424876
123,Neck,369.62894,246.6099,0.9565049,-0.1378735,0.008059714,-0.10786169
123,Hip,438.82712,325.38098,0.8191341,0.029289626,0.20047618,-0.0024305705
123,LBigToe,369.62894,463.2304,0.85573894,,,
123,RBigToe,376.54877,428.76807,0.8190303,,,
123,LSmallToe,383.4686,468.15363,0.8622893,,,
123,RSmallToe,376.54877,423.84488,0.68429816,,,
123,LHeel,418.06766,453.38403,0.9184134,,,
123,RHeel,418.06766,418.92166,0.8388942,,,
124,Nose,337.22177,223.70145,0.9186544,,,
124,LEye,344.37524,218.7152,0.92387897,,,
124,REye,337.22177,218.7152,0.9187584,,,
124,LEar,358.68216,223.70145,0.8967858,,,
124,REar,365.83563,223.70145,0.73283243,,,
124,LShoulder,372.98907,258.60516,0.858469,-0.12957074,0.046378937,-0.16315845
124,RShoulder,358.68216,248.63268,0.8392965,-0.14847386,0.025550343,-0.017340107
124,LElbow,308.60794,278.55014,0.89993304,-0.27975136,0.08788046,-0.20968597
124,RElbow,315.7614,253.61893,0.92030895,-0.26267767,0.03519464,0.04960859
124,LWrist,229.91989,278.55014,0.8793218,-0.4428622,0.09190899,-0.23467454
124,RWrist,258.53372,258.60516,0.8402857,-0.38624933,0.044730242,0.03528926
124,LHip,437.3702,333.39886,0.7626837,0.04143752,0.20713043,-0.068519555
124,RHip,415.90985,323.42636,0.7022378,0.01689746,0.18276386,0.06621942
124,LKnee,372.98907,378.2751,0.76185954,-0.1356301,0.32214102,-0.08841741
124,RKnee,372.98907,363.31635,0.7130248,-0.13635987,0.27259073,0.18506886
124,LAnkle,408.75638,448.08252,0.9516646,-0.035397157,0.4941478,-0.03180593
124,RAnkle,401.6029,413.1788,0.85419846,-0.05304028,0.42494956,0.17514236
124,Head,358.68216,198.77022,0.93504816,-0.14919318,-0.10874057,-0.10516343
124,Neck,365.83563,243.64642,0.94120663,-0.13868023,-0.0012808777,-0.10564054
124,Hip,437.3702,323.42636,0.81123734,0.027839007,0.19466119,-0.0024214752
124,LBigToe,372.98907,463.04126,0.8776277,,,
124,RBigToe,380.14255,423.1513,0.868224,,,
124,LSmallToe,380.14255,468.0275,0.85194266,,,
124,RSmallToe,380.14255,423.1513,0.7730678,,,
124,LHeel,415.90985,453.06876,0.92676514,,,
124,RHeel,415.90985,418.16504,0.8292741,,,
125,Nose,331.79947,219.66139,0.95768183,,,
125,LEye,345.349,214.59593,0.91397566,,,
125,REye,338.57425,214.59593,0.9268972,,,
125,LEar,365.67328,219.66139,0.9372131,,,
125,REar,358.89853,219.66139,0.7801416,,,
125,LShoulder,372.44803,255.11963,0.8933604,-0.13055587,0.036070473,-0.16262923
125,RShoulder,365.67328,244.98871,0.78861,-0.14854807,0.015223566,-0.015697952
125,LElbow,304.70044,275.38147,0.89029765,-0.2798282,0.07763471,-0.21173112
125,RElbow,311.4752,255.11963,0.90294635,-0.26307076,0.026358757,0.05089518
125,LWrist,236.95284,275.38147,0.93192774,-0.44207373,0.083587125,-0.2362811
125,RWrist,264.05188,255.11963,0.83560914,-0.3869645,0.03671303,0.035634518
125,LHip,440.19565,326.0361,0.7658272,0.03982063,0.20013799,-0.0687356
125,RHip,419.87137,315.90518,0.6840335,0.015383939,0.17602311,0.06625115
125,LKnee,372.44803,371.62527,0.8792284,-0.13383734,0.32052147,-0.085027725
125,RKnee,372.44803,351.36343,0.7765742,-0.13495702,0.27303126,0.18425226
125,LAnkle,406.32184,447.6072,0.9270992,-0.035338365,0.49384966,-0.029920893
125,RAnkle,399.5471,417.21445,0.8716027,-0.05279645,0.42422172,0.17587945
125,Head,358.89853,189.26862,0.9559384,-0.14840141,-0.120566875,-0.104194485
125,Neck,365.67328,239.92325,0.9442139,-0.13889205,-0.01222706,-0.1034436
125,Hip,440.19565,315.90518,0.7900918,0.026735513,0.1876762,-0.0026152588
125,LBigToe,372.44803,462.80362,0.8669015,,,
125,RBigToe,379.2228,427.34537,0.81941825,,,
125,LSmallToe,385.99756,467.86908,0.87614936,,,
125,RSmallToe,379.2228,422.2799,0.7419322,,,
125,LHeel,419.87137,452.6727,0.8896223,,,
125,RHeel,413.0966,422.2799,0.80306846,,,
126,Nose,333.5067,215.57486,0.9477466,,,
126,LEye,340.51465,210.42928,0.9431099,,,
126,REye,333.5067,205.28368,0.89077556,,,
126,LEar,361.5385,215.57486,0.9178298,,,
126,REar,361.5385,215.57486,0.7546084,,,
126,LShoulder,368.54648,251.594,0.8560028,-0.1312917,0.024378207,-0.16190805
126,RShoulder,361.5385,241.30283,0.76329666,-0.14845547,0.003626909,-0.013685821
126,LElbow,298.46695,272.17636,0.8327542,-0.27940527,0.06530687,-0.21454006
126,RElbow,312.48285,246.44841,0.9125358,-0.26298258,0.01626448,0.052111477
126,LWrist,228.38744,272.17636,0.9164497,-0.44186902,0.07357328,-0.23934594
126,RWrist,263.4272,251.594,0.8506209,-0.38772923,0.027548488,0.036479723
126,LHip,438.62598,323.63226,0.7868822,0.037428144,0.19309999,-0.069032624
126,RHip,424.61008,318.4867,0.6798752,0.01334503,0.16953437,0.06643864
126,LKnee,375.5544,369.9426,0.81192786,-0.13170889,0.31878996,-0.080798484
126,RKnee,375.5544,354.50583,0.7445169,-0.13324782,0.27393207,0.183391
126,LAnkle,410.59418,447.12646,0.93494725,-0.03527449,0.49362776,-0.0276679
126,RAnkle,396.57828,416.2529,0.8808145,-0.05241751,0.4236993,0.17756554
126,Head,361.5385,184.70132,0.95541453,-0.14730811,-0.13373563,-0.1027211
126,Neck,368.54648,231.01164,0.92673564,-0.13890359,-0.024282858,-0.100833796
126,Hip,438.62598,313.3411,0.80735713,0.024926526,0.18077533,-0.0025543768
126,LBigToe,375.5544,462.56323,0.87776315,,,
126,RBigToe,375.5544,426.5441,0.92854714,,,
126,LSmallToe,382.56238,467.70883,0.8794695,,,
126,RSmallToe,375.5544,421.3985,0.76411015,,,
126,LHeel,417.6021,452.27203,0.89749753,,,
126,RHeel,417.6021,421.3985,0.78609,,,
127,Nose,337.2168,210.49956,0.91679037,,,
127,LEye,344.36505,205.25446,0.92499554,,,
127,REye,337.2168,200.00934,0.9033454,,,
127,LEar,365.80978,210.49956,0.8982879,,,
127,REar,365.80978,210.49956,0.69085217,,,
127,LShoulder,372.95804,241.9702,0.8539208,-0.13145451,0.0117788315,-0.16120282
127,RShoulder,365.80978,236.72508,0.78411746,-0.14794219,-0.008700577,-0.011483311
127,LElbow,301.47552,262.95062,0.8866824,-0.27777207,0.051524367,-0.2171764
127,RElbow,315.77203,241.9702,0.9520808,-0.2625422,0.0056758784,0.053757172
127,LWrist,229.99303,268.19574,0.874978,-0.43973565,0.061314028,-0.24325961
127,RWrist,265.73428,247.2153,0.853292,-0.38826257,0.01756072,0.03774145
127,LHip,437.2923,320.6468,0.77397114,0.03471906,0.18587245,-0.06941629
127,RHip,422.9958,310.1566,0.6557694,0.010803383,0.1627929,0.06668782
127,LKnee,372.95804,373.09787,0.77027994,-0.12951949,0.3169705,-0.07675629
127,RKnee,372.95804,357.36255,0.7391338,-0.13148943,0.2747411,0.18231171
127,LAnkle,408.69928,446.52936,0.97892404,-0.03525188,0.49327853,-0.02533855
127,RAnkle,401.55103,415.05872,0.8832071,-0.05203666,0.42326418,0.17977896
127,Head,358.66153,179.02892,0.9395798,-0.14604318,-0.1476551,-0.101093635
127,Neck,365.80978,226.23488,0.9484211,-0.13856557,-0.03744647,-0.09821373
127,Hip,437.2923,315.4017,0.8079654,0.022732599,0.17370091,-0.002365691
127,LBigToe,372.95804,462.26468,0.90691465,,,
127,RBigToe,380.1063,425.54892,0.9391715,,,
127,LSmallToe,380.1063,467.5098,0.86545116,,,
127,RSmallToe,380.1063,420.30383,0.83750707,,,
127,LHeel,415.84753,451.77448,0.90843135,,,
127,RHeel,415.84753,420.30383,0.78492415,,,
128,Nose,335.77374,199.7664,0.9442171,,,
128,LEye,342.9592,194.41576,0.9384466,,,
128,REye,335.77374,194.41576,0.88033074,,,
128,LEar,364.5155,205.11705,0.8957548,,,
128,REar,364.5155,205.11705,0.6991875,,,
128,LShoulder,371.70096,237.22093,0.8438209,-0.13123539,-0.0022694543,-0.16073778
128,RShoulder,364.5155,231.87029,0.79221714,-0.14711823,-0.022299286,-0.009591668
128,LElbow,307.03198,258.6235,0.83811015,-0.2749129,0.036528155,-0.2208507
128,RElbow,314.2174,237.22093,0.9575866,-0.2616705,-0.0056245327,0.055612065
128,LWrist,235.17757,263.97415,0.86922926,-0.4361303,0.047132533,-0.24817464
128,RWrist,263.91934,242.57158,0.8697939,-0.38835722,0.006862011,0.03968913
128,LHip,436.36993,317.48062,0.791105,0.03156881,0.17765255,-0.06976978
128,RHip,421.99905,312.12997,0.66116333,0.007909811,0.1551884,0.06693066
128,LKnee,378.8864,370.9871,0.8061423,-0.12683281,0.31476727,-0.07226832
128,RKnee,378.8864,360.2858,0.8125258,-0.12913172,0.27501628,0.18107218
128,LAnkle,407.62817,445.89612,0.9831578,-0.035157293,0.49282584,-0.02263485
128,RAnkle,400.44272,413.79224,0.865736,-0.05156458,0.42279142,0.1825043
128,Head,364.5155,173.01318,0.9396787,-0.14438474,-0.1628165,-0.099711046
128,Neck,364.5155,221.16899,0.93977016,-0.1378698,-0.051732272,-0.09581425
128,Hip,436.36993,306.77933,0.810874,0.020210475,0.16566171,-0.0024585987
128,LBigToe,371.70096,461.94806,0.9090906,,,
128,RBigToe,378.8864,424.49353,0.9321923,,,
128,LSmallToe,378.8864,467.2987,0.8679905,,,
128,RSmallToe,378.8864,419.14288,0.82481885,,,
128,LHeel,414.8136,451.24677,0.91219,,,
128,RHeel,414.8136,419.14288,0.7770585,,,
129,Nose,337.0693,193.86563,0.9488442,,,
129,LEye,344.1625,188.4015,0.9449933,,,
129,REye,337.0693,188.4015,0.88129956,,,
129,LEar,365.44214,193.86563,0.8868544,,,
129,REar,365.44214,193.86563,0.68509555,,,
129,LShoulder,372.53534,232.11449,0.86158776,-0.13047704,-0.01701335,-0.16014022
129,RShoulder,365.44214,226.65038,0.7414123,-0.14563513,-0.036329266,-0.0072499327
129,LElbow,308.6965,248.50685,0.82970953,-0.2712419,0.020316258,-0.22492322
129,RElbow,315.7897,232.11449,1.006057,-0.26021397,-0.017278679,0.057951484
129,LWrist,237.76447,253.97098,0.8753923,-0.43184212,0.030903209,-0.25429133
129,RWrist,266.13727,237.57861,0.8494985,-0.3880134,-0.004496528,0.042045753
129,LHip,436.37415,314.07632,0.7865703,0.027979823,0.16981623,-0.07016044
129,RHip,422.18774,308.6122,0.6832157,0.004722694,0.14787658,0.06721093
129,LKnee,379.62854,368.71756,0.795775,-0.12405828,0.31248638,-0.06743827
129,RKnee,379.62854,357.7893,0.84905016,-0.12677118,0.27505788,0.18022123
129,LAnkle,408.00134,445.21527,0.98811626,-0.035098538,0.49239305,-0.019780507
129,RAnkle,400.90814,412.43054,0.85478234,-0.0510822,0.42234823,0.18567006
129,Head,365.44214,166.54501,0.941208,-0.14246681,-0.17842762,-0.09808318
129,Neck,365.44214,215.72212,0.9102603,-0.13649575,-0.06643735,-0.093120374
129,Hip,436.37415,308.6122,0.80862105,0.017400201,0.1580632,-0.002271849
129,LBigToe,372.53534,467.07175,0.91928154,,,
129,RBigToe,372.53534,428.8229,0.9368002,,,
129,LSmallToe,379.62854,467.07175,0.8759528,,,
129,RSmallToe,379.62854,423.35876,0.8394551,,,
129,LHeel,415.09454,456.14352,0.9080798,,,
129,RHeel,415.09454,417.89465,0.7403265,,,
130,Nose,340.15826,187.56435,0.9059824,,,
130,LEye,346.76013,181.97903,0.9269344,,,
130,REye,340.15826,181.97903,0.9151779,,,
130,LEar,366.56577,187.56435,0.9323185,,,
130,REar,359.9639,193.14964,0.70221114,,,
130,LShoulder,373.16766,226.66145,0.84674734,-0.12929761,-0.032953903,-0.1596479
130,RShoulder,366.56577,221.07614,0.76969105,-0.14363554,-0.0513558,-0.004772382
130,LElbow,307.14886,243.41736,0.79702145,-0.26655513,0.00312417,-0.22973648
130,RElbow,313.75073,226.66145,0.8500202,-0.25823823,-0.029354619,0.060903847
130,LWrist,241.13005,249.00266,0.8813446,-0.42663163,0.013484467,-0.26143673
130,RWrist,267.53757,232.24675,0.8217795,-0.38729712,-0.016442697,0.04513599
130,LHip,432.5846,310.44098,0.762879,0.02370834,0.16131915,-0.070554726
130,RHip,419.38083,304.85565,0.7208965,0.00081936014,0.13990505,0.0674592
130,LKnee,379.76953,366.29398,0.829079,-0.120938554,0.31003535,-0.062715285
130,RKnee,373.16766,355.12338,0.84857,-0.12397489,0.27493984,0.17908528
130,LAnkle,406.17706,444.4882,0.9681842,-0.035031646,0.4919528,-0.016680615
130,RAnkle,399.57516,416.56168,0.8039283,-0.05054194,0.4218804,0.18906933
130,Head,366.56577,159.63783,0.95121056,-0.14030048,-0.19507347,-0.09642241
130,Neck,366.56577,209.90555,0.9513192,-0.1346092,-0.082097426,-0.09030958
130,Hip,432.5846,299.27036,0.8029861,0.013876095,0.14979471,-0.0022193186
130,LBigToe,373.16766,461.2441,0.86156505,,,
130,RBigToe,373.16766,427.7323,0.9662407,,,
130,LSmallToe,386.37143,466.8294,0.8692086,,,
130,RSmallToe,379.76953,422.147,0.8928702,,,
130,LHeel,419.38083,455.65878,0.8925045,,,
130,RHeel,419.38083,422.147,0.7419887,,,
131,Nose,339.03168,181.22414,0.94587785,,,
131,LEye,345.98294,175.5169,0.9487365,,,
131,REye,339.03168,169.8097,0.88207215,,,
131,LEar,366.83673,181.22414,0.9091206,,,
131,REar,366.83673,181.22414,0.707469,,,
131,LShoulder,373.788,215.46751,0.86487484,-0.12757325,-0.049238257,-0.15856765
131,RShoulder,366.83673,215.46751,0.7543714,-0.14085619,-0.066584125,-0.0015231578
131,LElbow,311.22662,238.29642,0.82752955,-0.26117623,-0.014490163,-0.23386323
131,RElbow,318.1779,221.17474,0.8919121,-0.2554491,-0.04158623,0.06472644
131,LWrist,241.71404,238.29642,0.86461055,-0.42097378,-0.005000595,-0.2688247
131,RWrist,262.5678,226.88197,0.7706556,-0.3863021,-0.028701385,0.049248718
131,LHip,429.39807,306.78317,0.7797005,0.01916041,0.1532544,-0.07100761
131,RHip,415.49554,301.07593,0.7247024,-0.002885124,0.13248105,0.06780362
131,LKnee,380.73926,363.85544,0.86006075,-0.11773184,0.30748376,-0.058002036
131,RKnee,373.788,358.14822,0.9037526,-0.12103406,0.27459142,0.17817914
131,LAnkle,408.54428,449.46387,0.98486304,-0.034947805,0.49160954,-0.013356952
131,RAnkle,401.59302,415.2205,0.7906749,-0.049988896,0.42157057,0.19333626
131,Head,366.83673,152.688,0.9432154,-0.13780697,-0.21210195,-0.09434924
131,Neck,366.83673,198.34583,0.89979464,-0.1320586,-0.097924545,-0.08684812
131,Hip,429.39807,301.07593,0.8187826,0.010271059,0.14208028,-0.0019508053
131,LBigToe,373.788,466.58554,0.9301953,,,
131,RBigToe,373.788,426.63495,0.92438287,,,
131,LSmallToe,380.73926,466.58554,0.8897638,,,
131,RSmallToe,380.73926,420.92773,0.83262914,,,
131,LHeel,415.49554,455.17108,0.9131464,,,
131,RHeel,415.49554,420.92773,0.69275177,,,
132,Nose,339.05545,174.13272,0.9179933,,,
132,LEye,345.62042,168.28912,0.9446553,,,
132,REye,345.62042,162.44551,0.9097445,,,
132,LEar,365.3154,174.13272,0.9404105,,,
132,REar,365.3154,174.13272,0.7151285,,,
132,LShoulder,378.44537,209.19434,0.85391986,-0.12558201,-0.065166816,-0.15744221
132,RShoulder,371.88037,209.19434,0.74858266,-0.13762218,-0.081478745,0.0016238792
132,LElbow,319.36047,226.72513,0.8020573,-0.25605878,-0.03179545,-0.23736364
132,RElbow,319.36047,215.03793,0.82010555,-0.25251153,-0.053362735,0.06884518
132,LWrist,253.71059,232.56874,0.8336974,-0.41528052,-0.022750257,-0.27616522
132,RWrist,266.84055,220.88153,0.75540215,-0.3850966,-0.040618934,0.053393956
132,LHip,430.96527,302.69196,0.7860404,0.014875371,0.14516029,-0.07137977
132,RHip,417.8353,296.84836,0.7168836,-0.0062647583,0.1251281,0.068080135
132,LKnee,378.44537,361.12796,0.88462394,-0.11436544,0.30476674,-0.05357273
132,RKnee,378.44537,355.28436,0.8943442,-0.11777325,0.27386123,0.1771374
132,LAnkle,404.70532,442.9384,0.9489117,-0.034825727,0.4911854,-0.009634886
132,RAnkle,404.70532,413.7204,0.75459886,-0.049421564,0.4213171,0.19782797
132,Head,365.3154,144.91472,0.9570157,-0.1351725,-0.22889514,-0.09237167
132,Neck,371.88037,191.66353,0.9246822,-0.12893,-0.11360788,-0.08350285
132,Hip,430.96527,296.84836,0.8342661,0.0068752533,0.134413,-0.0018480921
132,LBigToe,371.88037,466.3128,0.82543534,,,
132,RBigToe,378.44537,425.4076,0.96801907,,,
132,LSmallToe,385.01038,466.3128,0.856651,,,
132,RSmallToe,378.44537,419.564,0.92878413,,,
132,LHeel,417.8353,454.62558,0.9093119,,,
132,RHeel,417.8353,419.564,0.67982763,,,
133,Nose,343.83527,167.98888,0.92878497,,,
133,LEye,350.42303,162.02711,0.9291715,,,
133,REye,343.83527,156.06537,0.9055236,,,
133,LEar,370.18634,167.98888,0.9352573,,,
133,REar,370.18634,167.98888,0.6874708,,,
133,LShoulder,376.77408,203.75938,0.8962086,-0.123167306,-0.08162865,-0.15583342
133,RShoulder,370.18634,203.75938,0.72895354,-0.13377416,-0.09679225,0.005007736
133,LElbow,317.48422,221.64464,0.84497935,-0.25132245,-0.04852146,-0.24022454
133,RElbow,317.48422,215.68289,0.82882124,-0.2491158,-0.064911395,0.07357917
133,LWrist,251.60661,227.6064,0.85164315,-0.41034636,-0.040391747,-0.28287223
133,RWrist,264.78214,215.68289,0.69155973,-0.383615,-0.05247295,0.057855528
133,LHip,429.4762,299.14743,0.7951778,0.0100412965,0.13694872,-0.0717961
133,RHip,416.30066,299.14743,0.72408617,-0.009966232,0.11778556,0.06842003
133,LKnee,383.36185,364.7267,0.85187745,-0.11067033,0.30214834,-0.049027145
133,RKnee,376.77408,352.8032,0.8907266,-0.11399515,0.2729405,0.17635395
133,LAnkle,409.7129,442.2295,0.94744617,-0.034755543,0.49095908,-0.0055325665
133,RAnkle,403.12515,412.42072,0.7743858,-0.04885962,0.4211624,0.20246607
133,Head,370.18634,138.1801,0.93131226,-0.13215359,-0.24615154,-0.09030635
133,Neck,370.18634,185.87413,0.9164407,-0.12531738,-0.12982339,-0.08016155
133,Hip,429.4762,293.18567,0.8368209,0.0029400294,0.12669738,-0.0017700538
133,LBigToe,376.77408,466.0765,0.84483796,,,
133,RBigToe,376.77408,424.34424,0.99206966,,,
133,LSmallToe,383.36185,466.0765,0.87075007,,,
133,RSmallToe,376.77408,418.38248,0.89607674,,,
133,LHeel,416.30066,454.15298,0.90230083,,,
133,RHeel,416.30066,418.38248,0.6886101,,,
134,Nose,342.65247,161.32576,0.9292866,,,
134,LEye,349.5053,155.23587,0.9554347,,,
134,REye,342.65247,149.14598,0.906903,,,
134,LEar,370.06384,161.32576,0.9498196,,,
134,REar,370.06384,155.23587,0.8092579,,,
134,LShoulder,376.9167,197.8651,0.8537435,-0.12035324,-0.09773545,-0.15409374
134,RShoulder,376.9167,191.7752,0.72822064,-0.12943795,-0.1117672,0.00837227
134,LElbow,315.24106,216.13477,0.8048799,-0.24674883,-0.06450865,-0.24251361
134,RElbow,315.24106,210.04488,0.7848673,-0.2453608,-0.07631837,0.07812635
134,LWrist,253.5654,216.13477,0.8586925,-0.4055164,-0.05742731,-0.28880724
134,RWrist,267.27112,216.13477,0.5693931,-0.38147384,-0.06400491,0.06227711
134,LHip,424.88666,295.3033,0.76431865,0.005047987,0.12887184,-0.072193556
134,RHip,418.03378,289.21344,0.6657613,-0.013694368,0.110490784,0.06870303
134,LKnee,383.76956,362.2921,0.85840213,-0.10668166,0.29950148,-0.044902317
134,RKnee,376.9167,356.2022,0.8781631,-0.10998383,0.2719576,0.17541844
134,LAnkle,404.3281,447.55057,0.94227123,-0.03462211,0.49080482,-0.0014378366
134,RAnkle,404.3281,417.1011,0.76383346,-0.04823734,0.42109329,0.2065186
134,Head,370.06384,130.87631,0.92325234,-0.1289291,-0.2632422,-0.08834546
134,Neck,370.06384,179.59543,0.8898072,-0.12124844,-0.14578329,-0.07702607
134,Hip,424.88666,289.21344,0.8366744,-0.0012602035,0.11919886,-0.0016637547
134,LBigToe,370.06384,465.82022,0.87244946,,,
134,RBigToe,376.9167,423.191,0.95995444,,,
134,LSmallToe,383.76956,465.82022,0.8903039,,,
134,RSmallToe,383.76956,423.191,0.8776433,,,
134,LHeel,418.03378,453.64044,0.88515496,,,
134,RHeel,418.03378,423.191,0.6932644,,,
135,Nose,344.04645,153.75139,0.9300396,,,
135,LEye,350.76328,147.51584,0.96530455,,,
135,REye,350.76328,141.28029,0.88948834,,,
135,LEar,370.9138,153.75139,0.9428358,,,
135,REar,370.9138,147.51584,0.80671495,,,
135,LShoulder,377.63065,191.16469,0.8625686,-0.11717453,-0.11360742,-0.1522099
135,RShoulder,377.63065,184.92914,0.731851,-0.12472294,-0.12664436,0.01185289
135,LElbow,323.8959,209.87134,0.76630044,-0.242192,-0.07979983,-0.24392094
135,RElbow,317.17908,209.87134,0.62816864,-0.24148794,-0.08762926,0.0825446
135,LWrist,256.72748,209.87134,0.8342443,-0.4005056,-0.0734624,-0.2937579
135,RWrist,270.16116,216.10689,0.33849883,-0.37881905,-0.07559691,0.066821694
135,LHip,424.64853,290.9335,0.7807067,-0.00019340985,0.1208445,-0.07257628
135,RHip,417.9317,290.9335,0.6945048,-0.017236687,0.10341945,0.06905482
135,LKnee,384.34747,359.52454,0.8713694,-0.10237781,0.29683426,-0.04068245
135,RKnee,384.34747,353.289,0.8561784,-0.10556371,0.27071148,0.17458789
135,LAnkle,411.21484,446.82224,0.9437904,-0.034494266,0.490804,0.0029156138
135,RAnkle,404.49802,415.6445,0.77846986,-0.04771339,0.42123383,0.21079278
135,Head,370.9138,122.57364,0.9293458,-0.12546779,-0.28026614,-0.086206414
135,Neck,370.9138,172.45804,0.89764756,-0.116875954,-0.16153966,-0.073967956
135,Hip,424.64853,284.69794,0.831254,-0.005495781,0.111814514,-0.0016282501
135,LBigToe,370.9138,465.5289,0.84466094,,,
135,RBigToe,377.63065,421.88004,0.9354567,,,
135,LSmallToe,384.34747,465.5289,0.88025486,,,
135,RSmallToe,384.34747,421.88004,0.91472006,,,
135,LHeel,417.9317,453.0578,0.87524587,,,
135,RHeel,417.9317,421.88004,0.683612,,,
136,Nose,350.26962,140.81584,0.90705717,,,
136,LEye,356.93564,140.81584,0.92859656,,,
136,REye,350.26962,134.45387,0.91841483,,,
136,LEar,370.26767,147.17781,0.92047226,,,
136,REar,376.9337,140.81584,0.8509668,,,
136,LShoulder,376.9337,185.3496,0.86089355,-0.11378722,-0.12831824,-0.15045604
136,RShoulder,376.9337,185.3496,0.75228214,-0.119857594,-0.14059551,0.015325009
136,LElbow,323.60556,198.07353,0.81247276,-0.23800893,-0.093583226,-0.24485615
136,RElbow,316.93954,204.4355,0.6225866,-0.23755997,-0.09850745,0.086810134
136,LWrist,256.9454,204.4355,0.7493054,-0.39550114,-0.08767636,-0.29736552
136,RWrist,270.27744,210.79745,0.25599724,-0.37625515,-0.08665067,0.071136236
136,LHip,423.59576,287.14105,0.7732755,-0.005450584,0.11339252,-0.07293958
136,RHip,416.92975,287.14105,0.700851,-0.020843057,0.09691578,0.0694096
136,LKnee,383.5997,357.12265,0.83784705,-0.09783287,0.2943535,-0.036665544
136,RKnee,383.5997,350.76068,0.8381932,-0.10101199,0.26954874,0.17396525
136,LAnkle,410.26373,446.1902,0.93443775,-0.03440169,0.49083367,0.007139951
136,RAnkle,403.59772,414.38034,0.73521584,-0.047224626,0.42151803,0.2148982
136,Head,370.26767,115.36798,0.90180796,-0.1218407,-0.29631063,-0.084091656
136,Neck,376.9337,166.2637,0.8964768,-0.11238009,-0.17626408,-0.07128797
136,Hip,423.59576,287.14105,0.8446331,-0.009913763,0.10493262,-0.0015763626
136,LBigToe,370.26767,465.27606,0.8596471,,,
136,RBigToe,383.5997,427.10428,0.9199085,,,
136,LSmallToe,383.5997,465.27606,0.8993346,,,
136,RSmallToe,383.5997,420.7423,0.9360596,,,
136,LHeel,416.92975,452.55212,0.8772506,,,
136,RHeel,416.92975,420.7423,0.6617382,,,
137,Nose,350.93893,140.48581,0.92103285,,,
137,LEye,357.5155,133.99515,0.94671327,,,
137,REye,350.93893,127.50449,0.9017295,,,
137,LEar,377.24524,140.48581,0.92996746,,,
137,REar,377.24524,133.99515,0.86344194,,,
137,LShoulder,377.24524,179.42975,0.87328696,-0.10996474,-0.1426022,-0.14876214
137,RShoulder,377.24524,172.93909,0.77230066,-0.11456795,-0.15441711,0.01885899
137,LElbow,324.63263,198.90172,0.8269241,-0.23329023,-0.10642213,-0.24555036
137,RElbow,324.63263,198.90172,0.6223903,-0.23342454,-0.1090785,0.090866715
137,LWrist,258.8669,198.90172,0.77883756,-0.39014816,-0.10084224,-0.29949465
137,RWrist,298.32635,198.90172,0.26122034,-0.3735776,-0.09757036,0.07541207
137,LHip,416.70468,283.28027,0.7599623,-0.010951652,0.10598911,-0.07320469
137,RHip,416.70468,283.28027,0.70188695,-0.024739135,0.09052026,0.06968548
137,LKnee,383.8218,361.16815,0.86519444,-0.092878446,0.2919332,-0.032892324
137,RKnee,383.8218,354.67752,0.80667853,-0.09610686,0.2683986,0.17339776
137,LAnkle,410.12808,445.54672,0.92787266,-0.03441666,0.49082044,0.01134503
137,RAnkle,403.5515,413.0934,0.736658,-0.046747264,0.42192534,0.21859963
137,Head,370.66864,108.03252,0.8986009,-0.11788592,-0.3119425,-0.08228692
137,Neck,377.24524,159.95778,0.8990376,-0.10779299,-0.19054995,-0.06890363
137,Hip,416.70468,283.28027,0.8539843,-0.014704008,0.09811187,-0.0015382483
137,LBigToe,370.66864,465.01868,0.85593116,,,
137,RBigToe,377.24524,426.07474,0.9120291,,,
137,LSmallToe,383.8218,465.01868,0.88810545,,,
137,RSmallToe,383.8218,419.58408,0.9421917,,,
137,LHeel,416.70468,452.03738,0.87712747,,,
137,RHeel,416.70468,419.58408,0.6748391,,,
138,Nose,352.05978,129.29922,0.95276463,,,
138,LEye,358.48303,122.71996,0.95600396,,,
138,REye,352.05978,122.71996,0.9233566,,,
138,LEar,377.75272,129.29922,0.9458508,,,
138,REar,377.75272,129.29922,0.89465964,,,
138,LShoulder,377.75272,175.35403,0.8027751,-0.10586585,-0.15533976,-0.14736402
138,RShoulder,377.75272,168.77478,0.76862466,-0.10918429,-0.16691455,0.021916108
138,LElbow,326.36688,188.51256,0.8092194,-0.2286015,-0.11776887,-0.2455835
138,RElbow,326.36688,195.09183,0.5635939,-0.22941706,-0.11883545,0.09458806
138,LWrist,262.13455,195.09183,0.7481616,-0.38461387,-0.11210117,-0.30008927
138,RWrist,300.67395,195.09183,0.41785708,-0.37083003,-0.10713872,0.07946556
138,LHip,416.2921,280.6222,0.7427953,-0.016503347,0.09913631,-0.07344075
138,RHip,409.8689,280.6222,0.6792707,-0.028721815,0.08456962,0.06992636
138,LKnee,390.59918,359.57333,0.8476303,-0.087921366,0.28972343,-0.028934969
138,RKnee,384.17596,352.99405,0.82681984,-0.0912257,0.26731396,0.17284797
138,LAnkle,409.8689,445.1037,0.9185386,-0.03431479,0.4908066,0.015335137
138,RAnkle,403.44565,412.2074,0.72499675,-0.046190668,0.42228183,0.22190936
138,Head,377.75272,102.98218,0.9072405,-0.113758214,-0.32618466,-0.08075828
138,Neck,377.75272,149.037,0.90234035,-0.10309851,-0.20355068,-0.06682143
138,Hip,416.2921,280.6222,0.8593092,-0.019628197,0.091766626,-0.0015056685
138,LBigToe,371.3295,464.8415,0.85533553,,,
138,RBigToe,377.75272,425.3659,0.92506343,,,
138,LSmallToe,384.17596,464.8415,0.8900921,,,
138,RSmallToe,384.17596,418.78665,0.9550395,,,
138,LHeel,416.2921,451.68295,0.8668513,,,
138,RHeel,416.2921,418.78665,0.6906779,,,
139,Nose,355.70596,124.07678,0.9275611,,,
139,LEye,362.10214,117.39899,0.95846516,,,
139,REye,355.70596,117.39899,0.9562281,,,
139,LEar,381.2907,124.07678,0.96278834,,,
139,REar,374.89453,124.07678,0.8399119,,,
139,LShoulder,381.2907,170.82137,0.8398595,-0.10136717,-0.16679274,-0.14608449
139,RShoulder,381.2907,164.14357,0.7379526,-0.103801,-0.17807353,0.02447738
139,LElbow,323.725,184.17696,0.78052807,-0.22349308,-0.1277023,-0.24519235
139,RElbow,330.1212,184.17696,0.594776,-0.22560154,-0.12769799,0.09774884
139,LWrist,259.7631,190.85475,0.80612224,-0.3790245,-0.12170121,-0.29978117
139,RWrist,298.14026,190.85475,0.2947408,-0.36802995,-0.11585237,0.0834792
139,LHip,413.27167,277.6661,0.7319476,-0.022099502,0.09264889,-0.073582105
139,RHip,406.8755,277.6661,0.6591584,-0.032827202,0.07912648,0.070121415
139,LKnee,394.0831,357.79965,0.8787562,-0.082703754,0.28762272,-0.024960862
139,RKnee,387.6869,351.12186,0.8473956,-0.086245805,0.2663782,0.17226198
139,LAnkle,406.8755,444.61102,0.91387993,-0.034229457,0.49083707,0.019252837
139,RAnkle,406.8755,417.89984,0.7343719,-0.045622747,0.4225614,0.22503915
139,Head,374.89453,97.3656,0.9419015,-0.10924341,-0.33895576,-0.07929749
139,Neck,381.2907,144.11017,0.94413936,-0.098062724,-0.21517147,-0.06504621
139,Hip,413.27167,277.6661,0.85143787,-0.024667071,0.085725576,-0.0015283921
139,LBigToe,374.89453,464.6444,0.8682599,,,
139,RBigToe,381.2907,424.57764,0.9269095,,,
139,LSmallToe,381.2907,464.6444,0.9111203,,,
139,RSmallToe,381.2907,417.89984,0.96061414,,,
139,LHeel,419.66785,451.28882,0.87582546,,,
139,RHeel,419.66785,424.57764,0.6985604,,,
140,Nose,355.6551,119.4334,0.95935327,,,
140,LEye,361.91876,112.66799,0.9757927,,,
140,REye,355.6551,112.66799,0.9326692,,,
140,LEar,380.70978,119.4334,0.963096,,,
140,REar,380.70978,119.4334,0.85815215,,,
140,LShoulder,380.70978,166.79126,0.8317397,-0.09655915,-0.17648943,-0.1445933
140,RShoulder,386.97342,160.02585,0.7054251,-0.09866243,-0.18746375,0.02669138
140,LElbow,324.33676,180.32207,0.7838882,-0.21812947,-0.13586214,-0.24405907
140,RElbow,336.8641,180.32207,0.6384241,-0.22186886,-0.13516653,0.100674555
140,LWrist,261.7001,187.08748,0.73912174,-0.3733034,-0.12955305,-0.298336
140,RWrist,305.54578,180.32207,0.4082885,-0.36491102,-0.12324527,0.087647654
140,LHip,412.0281,275.03778,0.74413943,-0.027581433,0.08691025,-0.07366649
140,RHip,405.76443,275.03778,0.6755307,-0.03709091,0.07447916,0.07026579
140,LKnee,393.2371,356.22266,0.9058191,-0.07758851,0.28579196,-0.021280648
140,RKnee,386.97342,349.45724,0.82898223,-0.081334695,0.26556614,0.17174965
140,LAnkle,412.0281,444.17297,0.90001386,-0.034036793,0.4908919,0.022642052
140,RAnkle,405.76443,417.11133,0.74319535,-0.044969164,0.42283386,0.2278055
140,Head,380.70978,92.37177,0.94097704,-0.10459149,-0.34986508,-0.078070335
140,Neck,380.70978,139.72963,0.898069,-0.092921466,-0.22495404,-0.063319154
140,Hip,412.0281,275.03778,0.86008364,-0.029820798,0.080428466,-0.0015464064
140,LBigToe,374.4461,464.46918,0.87805843,,,
140,RBigToe,380.70978,423.87674,0.8986798,,,
140,LSmallToe,380.70978,464.46918,0.8983279,,,
140,RSmallToe,380.70978,417.11133,0.9500575,,,
140,LHeel,418.29175,450.9384,0.8850325,,,
140,RHeel,418.29175,423.87674,0.66808975,,,
141,Nose,358.59528,115.80317,0.97538054,,,
141,LEye,364.9556,108.96927,0.9729609,,,
141,REye,358.59528,108.96927,0.98765117,,,
141,LEar,384.03662,115.80317,0.97289675,,,
141,REar,384.03662,115.80317,0.856898,,,
141,LShoulder,384.03662,156.80658,0.81585103,-0.091525495,-0.18453741,-0.14312784
141,RShoulder,384.03662,156.80658,0.7234504,-0.09383708,-0.19513561,0.028427942
141,LElbow,333.1539,177.30829,0.7853538,-0.21249646,-0.14245565,-0.24247488
141,RElbow,333.1539,177.30829,0.7555531,-0.2184152,-0.14127687,0.10314443
141,LWrist,263.1902,184.1422,0.82196236,-0.36760896,-0.13585095,-0.29673156
141,RWrist,269.5505,184.1422,0.43418396,-0.36174613,-0.12936604,0.09150381
141,LHip,409.478,279.81683,0.74755484,-0.033111095,0.081958264,-0.0736937
141,RHip,409.478,279.81683,0.68184453,-0.04143866,0.07069613,0.07032537
141,LKnee,396.7573,354.98975,0.8867901,-0.07264661,0.2842454,-0.017937312
141,RKnee,390.39697,354.98975,0.83553165,-0.07659439,0.2649751,0.17120439
141,LAnkle,409.478,443.83047,0.920066,-0.03386673,0.49083468,0.025851736
141,RAnkle,403.11765,416.49487,0.8484689,-0.044247318,0.42296034,0.23032486
141,Head,377.6763,88.46756,0.9362353,-0.09970528,-0.35908172,-0.07695814
141,Neck,384.03662,136.30487,0.8957446,-0.087553054,-0.23298305,-0.061894715
141,Hip,409.478,272.98294,0.8542568,-0.03508697,0.075945154,-0.0016208948
141,LBigToe,371.31595,464.33218,0.90462315,,,
141,RBigToe,377.6763,423.32877,0.954763,,,
141,LSmallToe,384.03662,464.33218,0.90876794,,,
141,RSmallToe,377.6763,416.49487,0.94668096,,,
141,LHeel,415.83832,450.6644,0.9064773,,,
141,RHeel,409.478,423.32877,0.72372174,,,
142,Nose,358.50253,112.741554,0.95928204,,,
142,LEye,364.7723,105.849884,0.95703095,,,
142,REye,364.7723,105.849884,0.95877635,,,
142,LEar,389.85138,112.741554,0.97207326,,,
142,REar,383.5816,112.741554,0.84582824,,,
142,LShoulder,383.5816,160.98323,0.793481,-0.086450905,-0.19093432,-0.14147685
142,RShoulder,396.12115,154.09157,0.72903305,-0.08906348,-0.20136522,0.02992936
142,LElbow,333.42346,174.76657,0.8086852,-0.20734434,-0.14760078,-0.24044214
142,RElbow,339.69324,174.76657,0.7755086,-0.21485247,-0.1463647,0.104958616
142,LWrist,264.45602,181.65823,0.78214467,-0.3623988,-0.1405653,-0.2944229
142,RWrist,308.3444,174.76657,0.49557245,-0.35786444,-0.13433987,0.09520062
142,LHip,408.66068,278.1416,0.72778696,-0.03825859,0.077595636,-0.07360681
142,RHip,408.66068,271.24994,0.6563336,-0.045683213,0.067324355,0.070340164
142,LKnee,396.12115,353.94995,0.8779501,-0.06794631,0.28290704,-0.015056038
142,RKnee,396.12115,353.94995,0.8521711,-0.07197624,0.26435384,0.17066124
142,LAnkle,408.66068,443.54166,0.93761486,-0.033584215,0.49068412,0.028689774
142,RAnkle,402.39093,415.97498,0.81687665,-0.043420017,0.4230984,0.23234892
142,Head,383.5816,85.17487,0.96761876,-0.09462726,-0.3666487,-0.07632322
142,Neck,389.85138,133.41656,0.8942526,-0.081795044,-0.2395945,-0.060707882
142,Hip,408.66068,271.24994,0.8610304,-0.04019121,0.072173044,-0.0016467078
142,LBigToe,371.04208,464.21667,0.8981776,,,
142,RBigToe,377.31183,422.86664,0.97976655,,,
142,LSmallToe,383.5816,464.21667,0.8947019,,,
142,RSmallToe,383.5816,415.97498,0.9373714,,,
142,LHeel,414.93045,450.43332,0.91688263,,,
142,RHeel,414.93045,422.86664,0.7399554,,,
143,Nose,364.64624,110.250275,0.94522935,,,
143,LEye,370.81537,103.3116,0.96246105,,,
143,REye,364.64624,103.3116,0.96514684,,,
143,LEar,389.32275,110.250275,0.98103356,,,
143,REar,389.32275,110.250275,0.84104925,,,
143,LShoulder,389.32275,158.82098,0.8382759,-0.08158927,-0.19591221,-0.13988015
143,RShoulder,395.49188,151.88232,0.7379309,-0.08475433,-0.20629115,0.031250127
143,LElbow,339.9697,172.69833,0.827224,-0.20205407,-0.15142292,-0.23816873
143,RElbow,339.9697,172.69833,0.78677255,-0.21164274,-0.15014656,0.106726475
143,LWrist,265.9401,179.63701,0.7228215,-0.35720775,-0.1441347,-0.2920975
143,RWrist,309.12402,172.69833,0.46903294,-0.35415855,-0.13837193,0.098771594
143,LHip,407.83017,269.83978,0.7175501,-0.04280255,0.07388532,-0.073429026
143,RHip,407.83017,269.83978,0.6542599,-0.049479835,0.06456894,0.070329554
143,LKnee,395.49188,353.10385,0.85859483,-0.06356957,0.28185222,-0.012493763
143,RKnee,395.49188,353.10385,0.84652615,-0.06773726,0.2638524,0.17026654
143,LAnkle,407.83017,443.30664,0.9416145,-0.0333108,0.49050596,0.03125577
143,RAnkle,407.83017,415.55194,0.82510823,-0.04269892,0.42317674,0.23414531
143,Head,383.15363,82.495575,0.9416024,-0.08953037,-0.3727994,-0.075653784
143,Neck,389.32275,131.0663,0.9188522,-0.076244436,-0.24478282,-0.05978585
143,Hip,407.83017,269.83978,0.8612083,-0.044807628,0.06907721,-0.0016871693
143,LBigToe,370.81537,464.12265,0.8987456,,,
143,RBigToe,376.9845,422.4906,0.98248196,,,
143,LSmallToe,383.15363,464.12265,0.87844634,,,
143,RSmallToe,383.15363,415.55194,0.92144763,,,
143,LHeel,413.9993,450.2453,0.91670597,,,
143,RHeel,420.16843,429.4293,0.74757046,,,
144,Nose,363.93805,109.071304,0.965816,,,
144,LEye,370.03464,102.11038,0.9703486,,,
144,REye,363.93805,102.11038,0.93808746,,,
144,LEar,388.32443,109.071304,0.9593114,,,
144,REar,394.42105,109.071304,0.8796351,,,
144,LShoulder,394.42105,150.8368,0.832173,-0.07733166,-0.19962141,-0.13807276
144,RShoulder,394.42105,150.8368,0.72861475,-0.08079706,-0.20995526,0.03255083
144,LElbow,339.55167,171.71957,0.8780151,-0.19712101,-0.15384653,-0.23566623
144,RElbow,339.55167,171.71957,0.82507986,-0.20860629,-0.15280543,0.108778246
144,LWrist,272.4891,178.6805,0.60762495,-0.35238856,-0.14658464,-0.28977105
144,RWrist,309.06866,171.71957,0.46909624,-0.35117406,-0.14150764,0.101954386
144,LHip,406.61423,269.17242,0.7308368,-0.046609625,0.07097061,-0.07318563
144,RHip,406.61423,269.17242,0.6592915,-0.052519865,0.062471185,0.0703183
144,LKnee,400.51764,352.70346,0.8972529,-0.05952297,0.281134,-0.010681131
144,RKnee,400.51764,352.70346,0.8418725,-0.063933104,0.26339903,0.16997157
144,LAnkle,412.71085,443.1954,0.96412724,-0.03306292,0.49043265,0.033259116
144,RAnkle,406.61423,415.35175,0.81275845,-0.041996762,0.42295456,0.23539688
144,Head,388.32443,81.22762,0.939592,-0.084788546,-0.37750378,-0.07489902
144,Neck,394.42105,129.95406,0.87567717,-0.071209,-0.24858277,-0.059116106
144,Hip,406.61423,269.17242,0.8582356,-0.048668236,0.06672168,-0.0016842524
144,LBigToe,376.13126,464.07816,0.88062614,,,
144,RBigToe,382.22784,422.31265,0.9472551,,,
144,LSmallToe,382.22784,464.07816,0.82858706,,,
144,RSmallToe,382.22784,415.35175,0.8719814,,,
144,LHeel,418.80743,450.1563,0.9409635,,,
144,RHeel,418.80743,429.27356,0.757157,,,
145,Nose,369.23044,108.6065,0.96567965,,,
145,LEye,375.25778,101.63681,0.96609384,,,
145,REye,369.23044,101.63681,0.9449797,,,
145,LEar,393.33984,108.6065,0.9806881,,,
145,REar,393.33984,108.6065,0.87882614,,,
145,LShoulder,393.33984,150.42464,0.86564535,-0.073498845,-0.2021555,-0.13610262
145,RShoulder,393.33984,150.42464,0.7322698,-0.077094644,-0.21244176,0.03396381
145,LElbow,345.121,171.3337,0.91931266,-0.19278917,-0.15519717,-0.23297045
145,RElbow,339.09366,171.3337,0.8377325,-0.20567247,-0.15429252,0.11063338
145,LWrist,272.79276,178.30339,0.65391254,-0.3483422,-0.14778794,-0.28737107
145,RWrist,272.79276,178.30339,0.68550694,-0.34850597,-0.14330602,0.104802094
145,LHip,405.39456,268.90933,0.7468186,-0.04990579,0.068805516,-0.072861545
145,RHip,399.3672,268.90933,0.6939864,-0.05509915,0.06097397,0.07024894
145,LKnee,399.3672,352.5456,0.8896239,-0.055634,0.2807431,-0.009249588
145,RKnee,399.3672,352.5456,0.8581316,-0.060655713,0.26324886,0.16985491
145,LAnkle,411.4219,443.15155,0.9682635,-0.03295339,0.49025086,0.035077102
145,RAnkle,405.39456,422.2425,0.8269714,-0.041321263,0.42235264,0.23635104
145,Head,387.3125,80.727745,0.9073863,-0.08039488,-0.380939,-0.07433634
145,Neck,393.33984,129.51556,0.9175192,-0.06681736,-0.25120404,-0.058556054
145,Hip,405.39456,268.90933,0.8577708,-0.05196933,0.06500785,-0.0016670225
145,LBigToe,375.25778,464.0606,0.8900807,,,
145,RBigToe,381.28513,422.2425,0.87142223,,,
145,LSmallToe,381.28513,464.0606,0.8030744,,,
145,RSmallToe,381.28513,422.2425,0.798388,,,
145,LHeel,417.44925,450.12125,0.95176345,,,
145,RHeel,417.44925,436.18185,0.78095776,,,
146,Nose,368.0535,107.883286,0.9778431,,,
146,LEye,373.97192,100.899956,0.98046213,,,
146,REye,368.0535,100.899956,0.9342389,,,
146,LEar,397.64563,107.883286,0.96424204,,,
146,REar,391.7272,107.883286,0.8069068,,,
146,LShoulder,397.64563,149.7833,0.8456326,-0.070418194,-0.2037004,-0.13394327
146,RShoulder,391.7272,149.7833,0.7265683,-0.07397693,-0.21405266,0.035271667
146,LElbow,344.3798,170.73329,0.9131134,-0.18929741,-0.15556124,-0.23014995
146,RElbow,344.3798,170.73329,0.83207834,-0.2033326,-0.15511343,0.11218149
146,LWrist,273.35864,177.71663,0.65594697,-0.34524024,-0.1479211,-0.28471443
146,RWrist,273.35864,177.71663,0.7076969,-0.3452931,-0.14440314,0.10679199
146,LHip,403.56406,268.49997,0.75060993,-0.052603815,0.06720096,-0.0724907
146,RHip,397.64563,268.49997,0.7145042,-0.057159405,0.05990306,0.07011249
146,LKnee,403.56406,352.3,0.85731786,-0.0520785,0.2805059,-0.0083145
146,RKnee,397.64563,352.3,0.8586775,-0.057934128,0.26295522,0.16982129
146,LAnkle,409.48248,443.08334,0.97138625,-0.032902077,0.49006012,0.036389075
146,RAnkle,409.48248,422.13333,0.8029664,-0.04082138,0.42202243,0.23706064
146,Head,391.7272,72.96661,0.9406251,-0.076663695,-0.38342252,-0.07374511
146,Neck,397.64563,128.8333,0.9116311,-0.0631631,-0.25291976,-0.058068328
146,Hip,403.56406,268.49997,0.84334683,-0.054676685,0.0637794,-0.0016286641
146,LBigToe,373.97192,464.03333,0.84742856,,,
146,RBigToe,379.89035,422.13333,0.90885663,,,
146,LSmallToe,379.89035,464.03333,0.75364107,,,
146,RSmallToe,385.80878,422.13333,0.79697967,,,
146,LHeel,415.4009,450.06665,0.9503844,,,
146,RHeel,415.4009,436.1,0.74270916,,,
147,Nose,368.20172,107.73237,0.94744056,,,
147,LEye,374.02747,100.746185,0.95833355,,,
147,REye,374.02747,100.746185,0.93396544,,,
147,LEar,397.3304,107.73237,0.9841374,,,
147,REar,391.50467,107.73237,0.7725054,,,
147,LShoulder,397.3304,149.64946,0.84211135,-0.068004176,-0.20424137,-0.13187824
147,RShoulder,397.3304,149.64946,0.73086065,-0.07154905,-0.21471812,0.036379464
147,LElbow,344.8988,177.59418,0.89762557,-0.1866721,-0.15500753,-0.22761607
147,RElbow,344.8988,170.608,0.79714066,-0.20155372,-0.15497498,0.11298278
147,LWrist,274.99,177.59418,0.6640819,-0.34275126,-0.14728595,-0.28234807
147,RWrist,309.9444,170.608,0.46567193,-0.3417775,-0.14480202,0.108012296
147,LHip,403.15613,268.41455,0.7187214,-0.054811202,0.06629942,-0.07200599
147,RHip,397.3304,268.41455,0.6938183,-0.058610402,0.059366655,0.06993539
147,LKnee,403.15613,352.24872,0.8502357,-0.048515223,0.28058404,-0.0076847
147,RKnee,403.15613,352.24872,0.863471,-0.05563028,0.26276502,0.17007065
147,LAnkle,408.98187,443.0691,0.9790017,-0.032756314,0.4900029,0.037483096
147,RAnkle,408.98187,422.11053,0.7809471,-0.040348858,0.4216345,0.23778796
147,Head,391.50467,79.78764,0.92824364,-0.07367141,-0.38459522,-0.07339311
147,Neck,397.3304,128.69092,0.9437137,-0.060599893,-0.25358886,-0.057663687
147,Hip,403.15613,268.41455,0.8356103,-0.05671581,0.063134775,-0.0015772865
147,LBigToe,374.02747,464.02765,0.83834386,,,
147,RBigToe,379.8532,422.11053,0.91256833,,,
147,LSmallToe,379.8532,464.02765,0.7535162,,,
147,RSmallToe,385.67892,422.11053,0.80851513,,,
147,LHeel,414.80762,450.05527,0.94754064,,,
147,RHeel,414.80762,436.08292,0.7269758,,,
148,Nose,368.54156,107.695526,0.9385185,,,
148,LEye,380.09372,100.70865,0.9517857,,,
148,REye,374.31763,100.70865,0.9413293,,,
148,LEar,397.42194,107.695526,0.98373467,,,
148,REar,397.42194,107.695526,0.7789932,,,
148,LShoulder,397.42194,149.61679,0.85248584,-0.06604723,-0.20417769,-0.13036011
148,RShoulder,397.42194,149.61679,0.73961055,-0.069330394,-0.21494897,0.03732641
148,LElbow,345.43726,170.57742,0.9098943,-0.18465874,-0.15417138,-0.22557954
148,RElbow,345.43726,170.57742,0.78042907,-0.19984312,-0.15455703,0.11385421
148,LWrist,270.3482,177.5643,0.8105196,-0.3408734,-0.14603665,-0.28053865
148,RWrist,276.1243,177.5643,0.5005851,-0.33966205,-0.14417301,0.10922217
148,LHip,397.42194,268.3937,0.7442539,-0.056480527,0.06580821,-0.071451135
148,RHip,397.42194,268.3937,0.7279775,-0.05966813,0.05912071,0.06964753
148,LKnee,403.19803,359.22308,0.85368395,-0.045006365,0.2807269,-0.007232623
148,RKnee,403.19803,352.2362,0.86992687,-0.05380566,0.26265135,0.17043093
148,LAnkle,408.97412,443.0656,0.9829064,-0.032744925,0.48991802,0.038243365
148,RAnkle,408.97412,422.10498,0.79615104,-0.040104736,0.42122808,0.23839068
148,Head,391.64587,79.748024,0.93429667,-0.071235396,-0.38518497,-0.073053606
148,Neck,397.42194,128.65616,0.9498628,-0.058695186,-0.25370905,-0.057264477
148,Hip,397.42194,268.3937,0.86067533,-0.058395423,0.06287685,-0.0015183953
148,LBigToe,374.31763,464.02625,0.85604024,,,
148,RBigToe,380.09372,422.10498,0.874948,,,
148,LSmallToe,380.09372,464.02625,0.76876146,,,
148,RSmallToe,385.86978,422.10498,0.78659683,,,
148,LHeel,414.75018,450.0525,0.9546326,,,
148,RHeel,414.75018,436.07874,0.7332834,,,
149,Nose,374.21225,107.83309,0.9300991,,,
149,LEye,379.97418,100.84881,0.96859235,,,
149,REye,374.21225,100.84881,0.9329024,,,
149,LEar,397.25995,107.83309,0.9774796,,,
149,REar,397.25995,107.83309,0.81609553,,,
149,LShoulder,397.25995,149.73878,0.85520405,-0.064591065,-0.20354496,-0.12900078
149,RShoulder,397.25995,149.73878,0.7526377,-0.06750797,-0.21477799,0.037850715
149,LElbow,345.4026,170.69162,0.8932335,-0.18287408,-0.1525662,-0.22393128
149,RElbow,345.4026,170.69162,0.80632806,-0.19848487,-0.153522,0.114131786
149,LWrist,270.49753,177.6759,0.7811998,-0.33869082,-0.1440247,-0.2787587
149,RWrist,276.25946,177.6759,0.4657239,-0.3372843,-0.14283323,0.10970073
149,LHip,403.02188,268.47156,0.7414181,-0.057683818,0.06564996,-0.07099671
149,RHip,397.25995,268.47156,0.7195289,-0.060085483,0.05907614,0.06936403
149,LKnee,403.02188,352.28293,0.8377885,-0.04179453,0.28090546,-0.0068168454
149,RKnee,403.02188,352.28293,0.87047917,-0.05248548,0.26254722,0.1708659
149,LAnkle,408.7838,443.07858,0.96544844,-0.032581314,0.48990038,0.03872963
149,RAnkle,408.7838,422.12576,0.8072952,-0.039871093,0.4209062,0.23880517
149,Head,397.25995,72.91168,0.91870135,-0.06940708,-0.38537022,-0.07280011
149,Neck,397.25995,128.78593,0.950217,-0.057463136,-0.25341868,-0.0570973
149,Hip,397.25995,268.47156,0.83927184,-0.059087664,0.062821746,-0.001483019
149,LBigToe,374.21225,464.03143,0.80063576,,,
149,RBigToe,379.97418,422.12576,0.91201925,,,
149,LSmallToe,385.73608,464.03143,0.7407566,,,
149,RSmallToe,385.73608,415.14148,0.8630616,,,
149,LHeel,414.54575,450.06287,0.93323964,,,
149,RHeel,414.54575,429.11002,0.70797163,,,
150,Nose,374.6959,107.85217,0.9289861,,,
150,LEye,380.39758,100.86825,0.9690121,,,
150,REye,374.6959,100.86825,0.9355514,,,
150,LEar,397.50272,107.85217,0.9704939,,,
150,REar,397.50272,107.85217,0.81600916,,,
150,LShoulder,397.50272,149.75569,0.84729594,-0.063603796,-0.2024142,-0.12766749
150,RShoulder,403.20444,149.75569,0.74252915,-0.06625241,-0.21422686,0.03829111
150,LElbow,346.18735,170.70746,0.8748347,-0.1815948,-0.15046468,-0.22262725
150,RElbow,346.18735,170.70746,0.7907367,-0.19745584,-0.15216862,0.1142679
150,LWrist,272.06512,177.69139,0.80615747,-0.33676767,-0.14159343,-0.27741075
150,RWrist,277.7668,177.69139,0.5557108,-0.3355831,-0.14097948,0.10995357
150,LHip,403.20444,268.48236,0.7265344,-0.058499366,0.06587568,-0.070540644
150,RHip,397.50272,268.48236,0.6949579,-0.060115524,0.059302542,0.069063134
150,LKnee,408.90613,352.28943,0.83266675,-0.03883748,0.28127417,-0.0065093758
150,RKnee,403.20444,352.28943,0.859177,-0.051453806,0.26254198,0.17153277
150,LAnkle,408.90613,443.08038,0.9774892,-0.032378927,0.4900168,0.039186865
150,RAnkle,408.90613,415.1447,0.8147711,-0.039673988,0.4205838,0.23938109
150,Head,397.50272,72.93256,0.9097648,-0.0683197,-0.38486633,-0.07260733
150,Neck,397.50272,128.80394,0.93887496,-0.05691474,-0.25277224,-0.056882285
150,Hip,397.50272,268.48236,0.84089214,-0.059158303,0.063007444,-0.0014871825
150,LBigToe,374.6959,464.03217,0.8256212,,,
150,RBigToe,380.39758,422.12863,0.8823078,,,
150,LSmallToe,386.0993,464.03217,0.75251025,,,
150,RSmallToe,386.0993,415.1447,0.84186816,,,
150,LHeel,414.60785,450.0643,0.93726027,,,
150,RHeel,414.60785,429.11255,0.6985097,,,
151,Nose,375.0335,108.67568,0.9359559,,,
151,LEye,380.71057,101.7073,0.9742785,,,
151,REye,375.0335,101.7073,0.9425345,,,
151,LEar,397.74176,108.67568,0.9663609,,,
151,REar,397.74176,108.67568,0.8084757,,,
151,LShoulder,397.74176,150.48598,0.8548451,-0.06286062,-0.20083283,-0.12633938
151,RShoulder,403.41882,150.48598,0.7798023,-0.065290995,-0.21342684,0.038578965
151,LElbow,346.64822,171.39113,0.85771537,-0.18044408,-0.14780165,-0.22149174
151,RElbow,346.64822,171.39113,0.7672225,-0.196542,-0.15048759,0.11433323
151,LWrist,272.84644,178.35951,0.8135974,-0.33479336,-0.13864253,-0.27622104
151,RWrist,278.5235,178.35951,0.6596985,-0.33417037,-0.13866937,0.11009189
151,LHip,403.41882,268.9485,0.72589856,-0.05881871,0.066336885,-0.070018865
151,RHip,397.74176,268.9485,0.69229454,-0.059634373,0.059703033,0.06873713
151,LKnee,409.0959,352.5691,0.845287,-0.03596241,0.28172466,-0.006239269
151,RKnee,403.41882,352.5691,0.8550003,-0.05054839,0.26261616,0.17231858
151,LAnkle,409.0959,443.15808,0.97252125,-0.03214918,0.49021855,0.03944225
151,RAnkle,409.0959,415.28455,0.8466808,-0.039482392,0.42012784,0.2400285
151,Head,392.0647,73.83377,0.9220242,-0.0677963,-0.38385028,-0.07239518
151,Neck,397.74176,129.58084,0.9364346,-0.0567967,-0.25188968,-0.056741904
151,Hip,397.74176,268.9485,0.8471936,-0.05846576,0.06335969,-0.0015207366
151,LBigToe,375.0335,464.06323,0.8182054,,,
151,RBigToe,380.71057,422.25293,0.88775563,,,
151,LSmallToe,380.71057,464.06323,0.7522207,,,
151,RSmallToe,386.38763,415.28455,0.864066,,,
151,LHeel,414.77295,450.12646,0.92753863,,,
151,RHeel,414.77295,429.2213,0.69851774,,,
152,Nose,375.32928,108.9117,0.93189275,,,
152,LEye,381.04175,101.94776,0.9774795,,,
152,REye,375.32928,101.94776,0.9423796,,,
152,LEar,398.17908,108.9117,0.96380526,,,
152,REar,398.17908,108.9117,0.82792854,,,
152,LShoulder,398.17908,157.65921,0.8398575,-0.06233293,-0.19903855,-0.12478941
152,RShoulder,403.8915,150.69528,0.75996983,-0.06463987,-0.21253912,0.038783554
152,LElbow,346.76706,178.551,0.82326055,-0.17945716,-0.14492165,-0.2203388
152,RElbow,346.76706,171.58707,0.7137102,-0.19567709,-0.14881538,0.114347346
152,LWrist,278.21774,178.551,0.82416725,-0.33280683,-0.13544601,-0.27466297
152,RWrist,278.21774,178.551,0.5334654,-0.33299002,-0.13612534,0.11044297
152,LHip,398.17908,269.0821,0.69384074,-0.05858766,0.06685324,-0.069549315
152,RHip,403.8915,269.0821,0.6516567,-0.05879289,0.060145717,0.06860817
152,LKnee,409.60397,359.6132,0.8526557,-0.033500955,0.28218812,-0.006135633
152,RKnee,403.8915,352.64926,0.8428418,-0.04979217,0.26265323,0.17302176
152,LAnkle,409.60397,443.18036,0.9747823,-0.03188721,0.49045733,0.039667994
152,RAnkle,409.60397,415.32462,0.8709851,-0.039268117,0.41967574,0.2406564
152,Head,392.46664,81.05598,0.9170078,-0.06779663,-0.38259208,-0.0723096
152,Neck,398.17908,129.80348,0.9229855,-0.056946687,-0.2509327,-0.056726553
152,Hip,403.8915,269.0821,0.8425494,-0.057381444,0.06382857,-0.0015495024
152,LBigToe,375.32928,464.07214,0.7883142,,,
152,RBigToe,381.04175,422.28854,0.93579173,,,
152,LSmallToe,386.75418,464.07214,0.74451244,,,
152,RSmallToe,386.75418,415.32462,0.9202907,,,
152,LHeel,415.3164,450.1443,0.92865705,,,
152,RHeel,415.3164,422.28854,0.74238384,,,
153,Nose,375.4584,109.7189,0.9318409,,,
153,LEye,381.15265,102.7702,0.9738143,,,
153,REye,375.4584,102.7702,0.9365774,,,
153,LEar,398.2354,109.7189,0.955241,,,
153,REar,398.2354,109.7189,0.8007089,,,
153,LShoulder,398.2354,158.3598,0.8430746,-0.061774388,-0.19758789,-0.12369058
153,RShoulder,403.92966,151.4111,0.77683324,-0.06400051,-0.21176793,0.038840435
153,LElbow,346.98715,179.2059,0.8673459,-0.17832334,-0.14235294,-0.21943466
153,RElbow,346.98715,172.2572,0.74654317,-0.19478938,-0.14725676,0.11436585
153,LWrist,278.65616,186.1546,0.829713,-0.33111572,-0.13184261,-0.27306908
153,RWrist,278.65616,179.2059,0.5820197,-0.33183244,-0.133498,0.11075636
153,LHip,398.2354,269.539,0.71265274,-0.05798269,0.067331046,-0.06912375
153,RHip,403.92966,269.539,0.6656086,-0.0576552,0.060544457,0.068375625
153,LKnee,415.31818,359.8721,0.85706687,-0.03145858,0.28242794,-0.005962462
153,RKnee,403.92966,352.9234,0.8114077,-0.049124528,0.26266286,0.17365596
153,LAnkle,409.6239,443.2565,0.9652133,-0.03176332,0.4905658,0.03976983
153,RAnkle,409.6239,415.4617,0.8804333,-0.039179813,0.4192069,0.24114884
153,Head,398.2354,74.9754,0.9139031,-0.06771627,-0.38159952,-0.07209841
153,Neck,398.2354,130.565,0.9189878,-0.05696341,-0.25009528,-0.056706008
153,Hip,403.92966,269.539,0.83420813,-0.056255277,0.06425434,-0.0015287176
153,LBigToe,375.4584,464.1026,0.77339447,,,
153,RBigToe,381.15265,422.4104,0.92265713,,,
153,LSmallToe,386.84692,464.1026,0.743411,,,
153,RSmallToe,386.84692,415.4617,0.9168969,,,
153,LHeel,415.31818,450.2052,0.91781694,,,
153,RHeel,415.31818,422.4104,0.76475114,,,
154,Nose,375.76843,110.1857,0.9308334,,,
154,LEye,381.4564,103.24581,0.97499603,,,
154,REye,375.76843,103.24581,0.9350248,,,
154,LEar,398.52023,110.1857,0.9617167,,,
154,REar,398.52023,110.1857,0.7949675,,,
154,LShoulder,398.52023,158.76495,0.8204174,-0.06113419,-0.19632326,-0.12284989
154,RShoulder,404.2082,151.82506,0.76280063,-0.063389055,-0.211056,0.03877017
154,LElbow,353.01663,179.58463,0.862277,-0.17723334,-0.14014335,-0.21858598
154,RElbow,347.32867,172.64473,0.7561533,-0.19388269,-0.14593923,0.114338435
154,LWrist,279.0733,186.52452,0.76229405,-0.32941818,-0.12913217,-0.27219632
154,RWrist,279.0733,186.52452,0.7095177,-0.3309729,-0.13130063,0.11087894
154,LHip,398.52023,269.80322,0.7095881,-0.057422422,0.067769125,-0.06861626
154,RHip,398.52023,269.80322,0.66418445,-0.0566177,0.06090417,0.06799707
154,LKnee,415.58408,360.02182,0.8643305,-0.02990592,0.28258055,-0.005593206
154,RKnee,404.2082,353.08194,0.8110992,-0.048494432,0.26274183,0.17422783
154,LAnkle,409.89612,443.30054,0.9701837,-0.03168763,0.4907284,0.03990148
154,RAnkle,409.89612,415.54095,0.88985956,-0.039173458,0.41882065,0.2415614
154,Head,392.83228,82.42613,0.92421144,-0.067605294,-0.38053742,-0.07229407
154,Neck,398.52023,131.00539,0.9208901,-0.056835882,-0.24932657,-0.05674783
154,Hip,398.52023,269.80322,0.8338639,-0.05538171,0.064620376,-0.0014868989
154,LBigToe,375.76843,464.1202,0.78937846,,,
154,RBigToe,381.4564,422.48087,0.91868544,,,
154,LSmallToe,381.4564,464.1202,0.7622872,,,
154,RSmallToe,387.14432,415.54095,0.9105364,,,
154,LHeel,415.58408,450.24042,0.92450386,,,
154,RHeel,415.58408,422.48087,0.78114396,,,
155,Nose,376.1926,110.15436,0.92950606,,,
155,LEye,381.867,103.213875,0.9711941,,,
155,REye,376.1926,103.213875,0.9362037,,,
155,LEar,398.89026,110.15436,0.95280397,,,
155,REar,398.89026,110.15436,0.78677684,,,
155,LShoulder,398.89026,158.73775,0.83999234,-0.06054473,-0.19539692,-0.12231395
155,RShoulder,404.56467,151.79726,0.7954197,-0.06297878,-0.21051282,0.03862039
155,LElbow,353.49496,179.5592,0.8753744,-0.1763432,-0.13843226,-0.21794501
155,RElbow,353.49496,172.61871,0.7654427,-0.19313885,-0.14484717,0.11434656
155,LWrist,279.72763,186.49968,0.79628307,-0.32794726,-0.12698524,-0.27159286
155,RWrist,279.72763,186.49968,0.6239669,-0.3301003,-0.12965254,0.11113514
155,LHip,398.89026,269.7855,0.71779794,-0.056741398,0.067999065,-0.068203196
155,RHip,404.56467,269.7855,0.67931205,-0.05583847,0.061157476,0.06779506
155,LKnee,415.91348,360.01178,0.8507067,-0.029024744,0.28254035,-0.0051690005
155,RKnee,404.56467,353.0713,0.8278811,-0.047993697,0.26274794,0.17458743
155,LAnkle,410.23907,443.29758,0.9676682,-0.03159637,0.49077192,0.03992229
155,RAnkle,410.23907,415.53564,0.8998369,-0.03912151,0.418506,0.24187788
155,Head,393.21582,82.392426,0.9252717,-0.06740181,-0.37987712,-0.07252024
155,Neck,398.89026,130.97581,0.9154338,-0.056675337,-0.24882798,-0.056796998
155,Hip,398.89026,269.7855,0.831943,-0.05454362,0.06488532,-0.0014636624
155,LBigToe,376.1926,464.11902,0.7832499,,,
155,RBigToe,381.867,422.47614,0.93916863,,,
155,LSmallToe,381.867,464.11902,0.7631158,,,
155,RSmallToe,387.5414,415.53564,0.9104241,,,
155,LHeel,415.91348,450.23807,0.93007255,,,
155,RHeel,415.91348,422.47614,0.7874779,,,
156,Nose,376.66068,110.05022,0.93116105,,,
156,LEye,382.32736,103.107765,0.9742429,,,
156,REye,376.66068,103.107765,0.9365135,,,
156,LEar,399.3274,110.05022,0.9538752,,,
156,REar,399.3274,110.05022,0.78295517,,,
156,LShoulder,399.3274,158.64735,0.82931685,-0.059944212,-0.19483812,-0.12203377
156,RShoulder,404.99408,151.70491,0.7767754,-0.06258154,-0.21027003,0.03835111
156,LElbow,348.32727,179.4747,0.8941837,-0.17556441,-0.13736315,-0.21744187
156,RElbow,348.32727,179.4747,0.7959852,-0.19255076,-0.14419954,0.114395216
156,LWrist,280.32706,186.41714,0.8117953,-0.32671702,-0.12562776,-0.27129367
156,RWrist,280.32706,186.41714,0.6808697,-0.3293937,-0.12874345,0.111337304
156,LHip,399.3274,269.72653,0.74904084,-0.056186415,0.068052694,-0.06786014
156,RHip,399.3274,269.72653,0.70541817,-0.055240892,0.061253246,0.06760288
156,LKnee,410.66077,359.97836,0.8402892,-0.028688094,0.2823136,-0.004501709
156,RKnee,404.99408,353.03592,0.8445651,-0.04752534,0.26271835,0.1748153
156,LAnkle,410.66077,443.28775,0.96121037,-0.031484913,0.49071178,0.03995
156,RAnkle,410.66077,415.51797,0.8971122,-0.039040618,0.41822147,0.2421541
156,Head,393.66074,82.28042,0.92392963,-0.06688849,-0.37956205,-0.07283675
156,Neck,399.3274,130.87756,0.9150659,-0.05639159,-0.24861507,-0.056869883
156,Hip,399.3274,269.72653,0.8549632,-0.053863253,0.06500381,-0.0014496907
156,LBigToe,376.66068,464.1151,0.78942084,,,
156,RBigToe,382.32736,422.46042,0.9349201,,,
156,LSmallToe,382.32736,464.1151,0.7706217,,,
156,RSmallToe,387.99405,415.51797,0.8905416,,,
156,LHeel,416.32745,450.2302,0.9352338,,,
156,RHeel,416.32745,422.46042,0.78062415,,,
157,Nose,376.94574,109.77566,0.93257874,,,
157,LEye,382.6214,102.828026,0.97278476,,,
157,REye,376.94574,102.828026,0.93817616,,,
157,LEar,399.6483,109.77566,0.9606408,,,
157,REar,399.6483,109.77566,0.7823156,,,
157,LShoulder,399.6483,158.40906,0.8320454,-0.059345406,-0.19460143,-0.122061096
157,RShoulder,399.6483,151.46143,0.7610564,-0.06237326,-0.21026267,0.038044553
157,LElbow,354.24323,179.25195,0.8891855,-0.17477648,-0.13680305,-0.2168566
157,RElbow,348.5676,179.25195,0.79459745,-0.19227858,-0.1440975,0.11437533
157,LWrist,280.46002,186.19958,0.78522027,-0.32570717,-0.12506649,-0.27113226
157,RWrist,280.46002,186.19958,0.7264424,-0.32895732,-0.12852076,0.11145718
157,LHip,399.6483,269.57114,0.7541694,-0.055725947,0.06793861,-0.067623995
157,RHip,399.6483,269.57114,0.6949511,-0.055015713,0.061211523,0.06746871
157,LKnee,410.99954,352.9427,0.8577902,-0.028664915,0.28197712,-0.003991632
157,RKnee,405.3239,352.9427,0.8384847,-0.04714623,0.26264414,0.17487562
157,LAnkle,410.99954,443.26184,0.96818054,-0.031464968,0.49066046,0.04010418
157,RAnkle,410.99954,415.47134,0.8963486,-0.038998738,0.41794708,0.24235457
157,Head,393.97266,81.98514,0.9132419,-0.06617466,-0.3795043,-0.07313552
157,Neck,399.6483,130.61855,0.92372,-0.05604872,-0.24861781,-0.056934018
157,Hip,399.6483,269.57114,0.8664012,-0.053486597,0.06494591,-0.0014295774
157,LBigToe,376.94574,464.10474,0.7940484,,,
157,RBigToe,382.6214,422.41898,0.92991537,,,
157,LSmallToe,382.6214,464.10474,0.77199554,,,
157,RSmallToe,388.29703,415.47134,0.8825083,,,
157,LHeel,416.67517,450.20947,0.9360534,,,
157,RHeel,416.67517,422.41898,0.77164954,,,
158,Nose,377.68988,109.58053,0.93191916,,,
158,LEye,383.35947,102.62922,0.9726434,,,
158,REye,377.68988,102.62922,0.93596137,,,
158,LEar,400.36823,109.58053,0.9580849,,,
158,REar,400.36823,109.58053,0.7860132,,,
158,LShoulder,400.36823,158.2397,0.8330988,-0.05881318,-0.19467936,-0.12221181
158,RShoulder,406.0378,151.28839,0.7706581,-0.062375158,-0.21039559,0.03784737
158,LElbow,355.01154,179.09363,0.9071887,-0.17423391,-0.13684838,-0.2164402
158,RElbow,349.34195,179.09363,0.80116856,-0.19225582,-0.14459196,0.114416786
158,LWrist,281.30692,186.04495,0.7644061,-0.32512748,-0.12531485,-0.27099988
158,RWrist,281.30692,186.04495,0.62382525,-0.32877535,-0.12919058,0.111524664
158,LHip,400.36823,269.46066,0.7536073,-0.055275805,0.067758396,-0.067492165
158,RHip,400.36823,269.46066,0.69502765,-0.054948784,0.061111372,0.06740696
158,LKnee,411.7074,352.8764,0.8399644,-0.028936332,0.28167787,-0.0036250672
158,RKnee,406.0378,352.8764,0.82148176,-0.0469147,0.26250783,0.17487857
158,LAnkle,411.7074,443.24344,0.9658594,-0.031456143,0.49058428,0.04015061
158,RAnkle,411.7074,415.4382,0.8938925,-0.03895048,0.41776654,0.24248983
158,Head,394.69864,74.823975,0.90975815,-0.06525801,-0.3798428,-0.07336709
158,Neck,400.36823,130.43446,0.91787493,-0.055679444,-0.24883877,-0.0569991
158,Hip,400.36823,269.46066,0.8622072,-0.053196516,0.06483711,-0.0014127593
158,LBigToe,377.68988,464.09738,0.7943381,,,
158,RBigToe,383.35947,422.38953,0.9026337,,,
158,LSmallToe,383.35947,464.09738,0.7788851,,,
158,RSmallToe,383.35947,415.4382,0.8925407,,,
158,LHeel,417.37698,450.19476,0.9293729,,,
158,RHeel,417.37698,422.38953,0.7584816,,,
159,Nose,377.78857,109.612175,0.9303267,,,
159,LEye,383.46515,102.66146,0.97324204,,,
159,REye,377.78857,102.66146,0.9394085,,,
159,LEar,400.4948,109.612175,0.9482924,,,
159,REar,400.4948,109.612175,0.7784799,,,
159,LShoulder,400.4948,158.26717,0.83413595,-0.058358155,-0.19477464,-0.12243704
159,RShoulder,406.17136,151.31645,0.7710653,-0.06248407,-0.21060048,0.037661113
159,LElbow,355.08237,179.11931,0.90979266,-0.1739847,-0.13721435,-0.21614759
159,RElbow,349.40582,172.1686,0.80687356,-0.19253576,-0.14551775,0.11448202
159,LWrist,281.28717,186.07002,0.7764713,-0.3250953,-0.12636518,-0.27099437
159,RWrist,281.28717,186.07002,0.63470554,-0.32887846,-0.13058157,0.11182216
159,LHip,400.4948,269.47858,0.7593768,-0.055069454,0.06758164,-0.06731529
159,RHip,400.4948,269.47858,0.7041878,-0.05512435,0.06103937,0.06731612
159,LKnee,411.8479,352.88715,0.83744067,-0.02935745,0.28150922,-0.0033535233
159,RKnee,406.17136,352.88715,0.8226833,-0.046738148,0.2624726,0.17479628
159,LAnkle,411.8479,443.24643,0.9693232,-0.031490922,0.49055198,0.040209614
159,RAnkle,411.8479,415.44357,0.89720297,-0.03895457,0.41768792,0.24262
159,Head,400.4948,74.858604,0.91077054,-0.06431684,-0.38006625,-0.07384346
159,Neck,400.4948,130.46431,0.9214542,-0.055345155,-0.2489713,-0.05715273
159,Hip,400.4948,269.47858,0.8613564,-0.053163245,0.06476198,-0.0014096757
159,LBigToe,377.78857,464.09857,0.79728955,,,
159,RBigToe,377.78857,422.3943,0.89976084,,,
159,LSmallToe,383.46515,464.09857,0.7818895,,,
159,RSmallToe,383.46515,415.44357,0.8935095,,,
159,LHeel,417.52448,450.19714,0.9277795,,,
159,RHeel,417.52448,422.3943,0.7625127,,,
160,Nose,377.73322,109.63111,0.9264401,,,
160,LEye,383.4182,102.680756,0.9727291,,,
160,REye,377.73322,102.680756,0.93865633,,,
160,LEar,400.47324,109.63111,0.9635346,,,
160,REar,400.47324,109.63111,0.7822394,,,
160,LShoulder,400.47324,158.2836,0.84146655,-0.057975583,-0.19497971,-0.12281547
160,RShoulder,400.47324,151.33325,0.7418311,-0.062527895,-0.2108851,0.037570897
160,LElbow,349.3082,179.13467,0.9125082,-0.1740497,-0.13798599,-0.21584532
160,RElbow,349.3082,172.18433,0.80418515,-0.19295721,-0.14650357,0.11491238
160,LWrist,281.0881,186.08504,0.7189775,-0.3252886,-0.12831737,-0.2711215
160,RWrist,281.0881,179.13467,0.655536,-0.3289536,-0.13265935,0.11231044
160,LHip,400.47324,269.48932,0.74524623,-0.0550712,0.06743227,-0.06720922
160,RHip,400.47324,269.48932,0.69530094,-0.05546575,0.06099164,0.067209095
160,LKnee,411.84326,359.84393,0.82777,-0.029879114,0.2814441,-0.0031728896
160,RKnee,406.15826,352.8936,0.8190814,-0.046653032,0.26246855,0.1748084
160,LAnkle,411.84326,443.24823,0.9813487,-0.03155046,0.49058774,0.040306248
160,RAnkle,411.84326,415.4468,0.880906,-0.038993753,0.4176507,0.24286705
160,Head,394.78824,74.87933,0.9132459,-0.06320295,-0.38025472,-0.074145444
160,Neck,400.47324,130.48218,0.9329563,-0.055014394,-0.24913259,-0.057226986
160,Hip,400.47324,269.48932,0.86596256,-0.05329345,0.06468277,-0.0014131479
160,LBigToe,377.73322,464.09927,0.79933226,,,
160,RBigToe,377.73322,422.39716,0.8929439,,,
160,LSmallToe,383.4182,464.09927,0.78753686,,,
160,RSmallToe,383.4182,415.4468,0.8973873,,,
160,LHeel,417.52826,450.19858,0.9276636,,,
160,RHeel,417.52826,422.39716,0.7428338,,,
161,Nose,377.72452,109.53182,0.931284,,,
161,LEye,383.4029,102.57959,0.9750534,,,
161,REye,377.72452,102.57959,0.9399628,,,
161,LEar,400.43805,109.53182,0.94740766,,,
161,REar,400.43805,109.53182,0.7741963,,,
161,LShoulder,406.11642,151.24521,0.83111316,-0.057775058,-0.19510457,-0.12288756
161,RShoulder,400.43805,151.24521,0.7724974,-0.062611036,-0.211128,0.037630253
161,LElbow,355.011,179.05412,0.8962012,-0.1740093,-0.13889134,-0.21568377
161,RElbow,349.3326,172.1019,0.7955789,-0.19350597,-0.1475791,0.11564237
161,LWrist,281.19205,179.05412,0.6698977,-0.32559252,-0.13092788,-0.27142125
161,RWrist,281.19205,179.05412,0.63471437,-0.3294079,-0.13473785,0.11273762
161,LHip,400.43805,269.4331,0.76222533,-0.055333905,0.06726053,-0.06720295
161,RHip,400.43805,269.4331,0.7021398,-0.055926584,0.06090552,0.06714881
161,LKnee,411.7948,352.85986,0.8434993,-0.030506289,0.2813051,-0.00329489
161,RKnee,406.11642,352.85986,0.8271772,-0.046715554,0.2624434,0.17467743
161,LAnkle,411.7948,443.23886,0.9782991,-0.031643905,0.49055806,0.04050055
161,RAnkle,411.7948,415.42993,0.8919697,-0.039083574,0.4176013,0.2428306
161,Head,400.43805,74.770676,0.91399914,-0.06231592,-0.3803775,-0.07424574
161,Neck,400.43805,130.38852,0.9242177,-0.054788955,-0.24921109,-0.05726093
161,Hip,400.43805,269.4331,0.8666719,-0.053609837,0.06453495,-0.0014113833
161,LBigToe,377.72452,464.09555,0.8099233,,,
161,RBigToe,383.4029,422.38217,0.9015041,,,
161,LSmallToe,383.4029,464.09555,0.78323525,,,
161,RSmallToe,383.4029,415.42993,0.88727766,,,
161,LHeel,417.4732,450.19107,0.9341393,,,
161,RHeel,417.4732,422.38217,0.75565165,,,
162,Nose,377.41324,109.516045,0.9316448,,,
162,LEye,383.0869,102.56352,0.97589785,,,
162,REye,377.41324,102.56352,0.94185513,,,
162,LEar,400.10788,109.516045,0.9445564,,,
162,REar,400.10788,109.516045,0.7710029,,,
162,LShoulder,405.78152,151.23122,0.82274145,-0.05756384,-0.19531472,-0.123246975
162,RShoulder,400.10788,151.23122,0.76426584,-0.062742874,-0.21132822,0.037656516
162,LElbow,349.04498,179.04132,0.8789111,-0.17431353,-0.14003307,-0.2156745
162,RElbow,349.04498,172.08879,0.8047345,-0.19399604,-0.14877145,0.11647977
162,LWrist,275.28745,179.04132,0.74529326,-0.3261928,-0.13352814,-0.27172
162,RWrist,280.96112,179.04132,0.7002334,-0.32980034,-0.13699882,0.113188185
162,LHip,400.10788,269.42416,0.7567424,-0.055811193,0.067133814,-0.067158274
162,RHip,400.10788,269.42416,0.6981048,-0.056550756,0.060858574,0.06707367
162,LKnee,411.45517,352.8545,0.8431616,-0.031109964,0.28130573,-0.0035327768
162,RKnee,405.78152,352.8545,0.82903457,-0.0468247,0.2624207,0.17458281
162,LAnkle,411.45517,443.23737,0.9790047,-0.031720027,0.49053785,0.040519774
162,RAnkle,411.45517,415.42725,0.89558214,-0.039189465,0.41763565,0.24286424
162,Head,400.10788,74.75341,0.9180049,-0.061442956,-0.38040742,-0.07438811
162,Neck,400.10788,130.37363,0.92636275,-0.054565378,-0.2492798,-0.05740732
162,Hip,400.10788,269.42416,0.86767155,-0.054094188,0.06444126,-0.0014131984
162,LBigToe,377.41324,464.09494,0.8037286,,,
162,RBigToe,383.0869,422.3798,0.8991135,,,
162,LSmallToe,383.0869,464.09494,0.78815466,,,
162,RSmallToe,383.0869,415.42725,0.8979688,,,
162,LHeel,417.12885,450.18988,0.9335937,,,
162,RHeel,417.12885,422.3798,0.7706723,,,
163,Nose,377.2904,109.50156,0.9327725,,,
163,LEye,382.95905,102.54876,0.9770231,,,
163,REye,377.2904,102.54876,0.94169235,,,
163,LEar,399.965,109.50156,0.95321375,,,
163,REar,399.965,109.50156,0.7899568,,,
163,LShoulder,405.63367,158.17116,0.8282021,-0.05744011,-0.19543652,-0.123690404
163,RShoulder,399.965,151.21837,0.762768,-0.06288184,-0.21145447,0.03768692
163,LElbow,354.6158,179.02957,0.8539168,-0.17460154,-0.14115483,-0.21588132
163,RElbow,348.94717,172.07677,0.76125735,-0.19448407,-0.14989392,0.11740907
163,LWrist,280.92337,179.02957,0.7395073,-0.3265533,-0.13619591,-0.27199447
163,RWrist,280.92337,179.02957,0.6738756,-0.3301663,-0.13915348,0.11385199
163,LHip,399.965,269.416,0.74297535,-0.056520406,0.0670072,-0.06714521
163,RHip,399.965,269.416,0.6925473,-0.057288837,0.06083573,0.06700947
163,LKnee,411.3023,352.84958,0.8315145,-0.031669766,0.2814019,-0.0039994745
163,RKnee,405.63367,352.84958,0.8373455,-0.04699334,0.26241526,0.17441069
163,LAnkle,411.3023,443.236,0.9820646,-0.03177672,0.49051085,0.04041154
163,RAnkle,411.3023,415.4248,0.8893685,-0.0392995,0.4177448,0.24288021
163,Head,399.965,74.73756,0.92112565,-0.060816452,-0.38032517,-0.074594565
163,Neck,399.965,130.35995,0.9213839,-0.05439632,-0.2493188,-0.057663675
163,Hip,399.965,269.416,0.87007904,-0.05472661,0.064360246,-0.001417561
163,LBigToe,377.2904,464.0944,0.7980447,,,
163,RBigToe,382.95905,422.3776,0.9058978,,,
163,LSmallToe,382.95905,464.0944,0.7821176,,,
163,RSmallToe,382.95905,415.4248,0.90203136,,,
163,LHeel,416.97095,450.18878,0.9358571,,,
163,RHeel,416.97095,422.3776,0.76303303,,,
164,Nose,376.8191,109.2946,0.9220967,,,
164,LEye,382.4827,102.3379,0.96442133,,,
164,REye,376.8191,102.3379,0.93172526,,,
164,LEar,405.13702,109.2946,0.9493087,,,
164,REar,399.47345,109.2946,0.789999,,,
164,LShoulder,405.13702,157.99155,0.83605367,-0.05741156,-0.1957463,-0.12394472
164,RShoulder,399.47345,151.03484,0.7724095,-0.06294762,-0.21154705,0.03794161
164,LElbow,354.16476,178.86166,0.88311917,-0.1750537,-0.14245957,-0.21632656
164,RElbow,348.5012,171.90495,0.7854422,-0.1948875,-0.15102369,0.118595235
164,LWrist,280.53818,178.86166,0.732508,-0.32729638,-0.13900943,-0.2727355
164,RWrist,280.53818,178.86166,0.70054483,-0.3305147,-0.14123672,0.11508558
164,LHip,399.47345,269.29883,0.75360984,-0.05745893,0.06688571,-0.06714439
164,RHip,399.47345,269.29883,0.7195497,-0.05811163,0.060798693,0.06694967
164,LKnee,410.8006,352.7793,0.845185,-0.0321839,0.28161895,-0.004679612
164,RKnee,405.13702,352.7793,0.85161936,-0.047187794,0.26245204,0.17422211
164,LAnkle,410.8006,443.21646,0.98461026,-0.031890422,0.49053147,0.040359702
164,RAnkle,410.8006,415.38965,0.90467036,-0.03948286,0.4179357,0.24282597
164,Head,399.47345,81.46778,0.92772365,-0.060438618,-0.38021323,-0.07483954
164,Neck,399.47345,130.16472,0.90639603,-0.054292735,-0.24933372,-0.057763666
164,Hip,399.47345,269.29883,0.87269616,-0.055516563,0.06423473,-0.0014239773
164,LBigToe,376.8191,464.08658,0.7919028,,,
164,RBigToe,382.4827,422.34634,0.9379704,,,
164,LSmallToe,382.4827,464.08658,0.7697171,,,
164,RSmallToe,388.14627,415.38965,0.8991917,,,
164,LHeel,416.4642,450.1732,0.9402195,,,
164,RHeel,416.4642,422.34634,0.7774872,,,
165,Nose,376.2711,109.24486,0.92387193,,,
165,LEye,381.93674,102.28722,0.9662314,,,
165,REye,376.2711,102.28722,0.9312919,,,
165,LEar,398.9337,109.24486,0.94580483,,,
165,REar,398.9337,109.24486,0.79663175,,,
165,LShoulder,398.9337,157.94836,0.8510844,-0.05745492,-0.1962655,-0.12421072
165,RShoulder,404.59933,150.99072,0.7826421,-0.063026994,-0.21163262,0.038300395
165,LElbow,353.6085,178.8213,0.8483821,-0.17555529,-0.14388889,-0.21718647
165,RElbow,347.94284,171.86366,0.77661824,-0.19512683,-0.15211402,0.11996303
165,LWrist,279.95508,178.8213,0.660096,-0.32820112,-0.14156553,-0.27381948
165,RWrist,279.95508,178.8213,0.6100238,-0.33079144,-0.14313681,0.11672367
165,LHip,398.9337,269.2707,0.75110626,-0.058445048,0.066705674,-0.06719134
165,RHip,398.9337,269.2707,0.718309,-0.059011824,0.060716394,0.066906124
165,LKnee,410.26498,352.76242,0.84890026,-0.032702114,0.2818795,-0.005505802
165,RKnee,404.59933,352.76242,0.8594146,-0.047382645,0.26247606,0.17396942
165,LAnkle,410.26498,443.2118,0.9820332,-0.031988073,0.490491,0.04015119
165,RAnkle,410.26498,415.3812,0.90358967,-0.039675742,0.4181731,0.24269895
165,Head,398.9337,81.41428,0.9258462,-0.060399026,-0.38032466,-0.07499625
165,Neck,398.9337,130.1178,0.92137516,-0.05422017,-0.24945854,-0.05784371
165,Hip,398.9337,269.2707,0.87222016,-0.056354363,0.06407601,-0.0014285266
165,LBigToe,376.2711,464.08472,0.79222554,,,
165,RBigToe,381.93674,422.33884,0.9513568,,,
165,LSmallToe,381.93674,464.08472,0.771712,,,
165,RSmallToe,387.6024,415.3812,0.91598225,,,
165,LHeel,415.93063,450.16943,0.93802583,,,
165,RHeel,415.93063,422.33884,0.78924227,,,
166,Nose,375.80594,109.15671,0.9242767,,,
166,LEye,381.4616,102.197395,0.9703781,,,
166,REye,375.80594,102.197395,0.9328714,,,
166,LEar,404.08426,109.15671,0.9425871,,,
166,REar,398.4286,109.15671,0.7853006,,,
166,LShoulder,398.4286,157.87186,0.8505511,-0.057752747,-0.19697924,-0.124600805
166,RShoulder,404.08426,150.91255,0.7838343,-0.06313726,-0.2118454,0.038648035
166,LElbow,347.52765,178.74979,0.87632966,-0.17634706,-0.14559516,-0.21825732
166,RElbow,347.52765,171.79047,0.78809345,-0.19529542,-0.15327856,0.12141376
166,LWrist,279.6597,178.74979,0.76078796,-0.3294726,-0.1439805,-0.27527323
166,RWrist,279.6597,178.74979,0.55529827,-0.33130842,-0.1450882,0.11875706
166,LHip,398.4286,269.22076,0.74660987,-0.05941768,0.06650573,-0.06731588
166,RHip,398.4286,269.22076,0.70688695,-0.05987437,0.060568627,0.06692465
166,LKnee,409.7399,359.69177,0.85751784,-0.033243194,0.28222546,-0.006508275
166,RKnee,404.08426,352.73245,0.8569263,-0.04759331,0.26246542,0.17368942
166,LAnkle,409.7399,443.20346,0.9767417,-0.032098353,0.4904274,0.039983034
166,RAnkle,409.7399,415.36624,0.89381176,-0.03987585,0.4184446,0.24256338
166,Head,398.4286,81.31947,0.9268097,-0.06087123,-0.38064006,-0.07505166
166,Neck,398.4286,130.03462,0.90785664,-0.05427168,-0.2497406,-0.05786822
166,Hip,398.4286,269.22076,0.8623695,-0.05715602,0.06387341,-0.001428544
166,LBigToe,375.80594,464.0814,0.7803717,,,
166,RBigToe,381.4616,422.32553,0.9352749,,,
166,LSmallToe,381.4616,464.0814,0.75521994,,,
166,RSmallToe,387.11728,415.36624,0.9006142,,,
166,LHeel,415.39557,450.16278,0.9316872,,,
166,RHeel,415.39557,422.32553,0.7844578,,,
167,Nose,374.88748,109.02074,0.92673624,,,
167,LEye,380.54706,102.05887,0.969536,,,
167,REye,374.88748,102.05887,0.9276137,,,
167,LEar,403.1854,109.02074,0.9441794,,,
167,REar,397.52582,109.02074,0.7961907,,,
167,LShoulder,397.52582,157.75385,0.82738143,-0.058241554,-0.19794,-0.12545338
167,RShoulder,403.1854,150.79198,0.77441984,-0.06346628,-0.21226518,0.038815655
167,LElbow,352.24915,178.63947,0.8601632,-0.17714137,-0.14750277,-0.21961166
167,RElbow,346.58957,171.6776,0.79120386,-0.19552156,-0.15465567,0.122721165
167,LWrist,278.6746,178.63947,0.7487581,-0.3307868,-0.14618742,-0.2771285
167,RWrist,278.6746,178.63947,0.6242645,-0.33210087,-0.14729708,0.12077717
167,LHip,397.52582,269.14383,0.7473545,-0.060261242,0.066284314,-0.06752609
167,RHip,397.52582,269.14383,0.7010438,-0.060636193,0.060345326,0.06699957
167,LKnee,408.84497,359.64816,0.8581074,-0.033779167,0.28261486,-0.0077342466
167,RKnee,403.1854,352.68628,0.8515018,-0.047784716,0.2624872,0.17331918
167,LAnkle,408.84497,443.19064,0.9663969,-0.032228775,0.49035826,0.03983967
167,RAnkle,408.84497,415.34314,0.88484454,-0.040062077,0.4187894,0.24231178
167,Head,397.52582,81.17325,0.9331103,-0.061858922,-0.38116702,-0.07528367
167,Neck,397.52582,129.90636,0.89454055,-0.054479193,-0.25017405,-0.05801341
167,Hip,397.52582,269.14383,0.84637415,-0.05785062,0.06363425,-0.0014150438
167,LBigToe,374.88748,464.07626,0.7739447,,,
167,RBigToe,380.54706,422.30502,0.93546855,,,
167,LSmallToe,386.20663,464.07626,0.74717087,,,
167,RSmallToe,386.20663,415.34314,0.90695095,,,
167,LHeel,414.50455,450.1525,0.9281467,,,
167,RHeel,414.50455,422.30502,0.77262914,,,
168,Nose,374.4365,108.96369,0.93191516,,,
168,LEye,380.09244,102.00074,0.9747624,,,
168,REye,374.4365,102.00074,0.9324038,,,
168,LEar,397.0603,108.96369,0.9495514,,,
168,REar,397.0603,108.96369,0.7958245,,,
168,LShoulder,397.0603,157.70433,0.84043956,-0.0592064,-0.19910778,-0.12666309
168,RShoulder,402.71625,150.74138,0.7655477,-0.064250596,-0.21288732,0.038790766
168,LElbow,346.15677,171.63023,0.82870364,-0.17857082,-0.14982489,-0.22143117
168,RElbow,346.15677,171.63023,0.77445734,-0.19599956,-0.15638666,0.12383531
168,LWrist,272.62943,178.59319,0.669087,-0.33250022,-0.148134,-0.27933636
168,RWrist,278.28537,178.59319,0.49946296,-0.33300093,-0.14999059,0.12284434
168,LHip,397.0603,269.1115,0.7513899,-0.060624942,0.06611538,-0.06782164
168,RHip,397.0603,269.1115,0.7047944,-0.061035596,0.060086753,0.0671597
168,LKnee,408.3722,352.6669,0.8572878,-0.03436165,0.28308183,-0.009235177
168,RKnee,402.71625,352.6669,0.84394675,-0.04804825,0.26251307,0.17295921
168,LAnkle,408.3722,443.18524,0.95707273,-0.032342136,0.4903961,0.039755993
168,RAnkle,408.3722,415.33347,0.8868388,-0.04021307,0.41919276,0.2420639
168,Head,397.0603,81.11189,0.922035,-0.06350176,-0.38196474,-0.075600676
168,Neck,397.0603,129.85254,0.9012209,-0.055045016,-0.2508028,-0.05822262
168,Hip,397.0603,269.1115,0.8422732,-0.058070097,0.06341331,-0.0014118853
168,LBigToe,374.4365,464.0741,0.7655368,,,
168,RBigToe,380.09244,422.29642,0.96035737,,,
168,LSmallToe,385.7484,464.0741,0.7504827,,,
168,RSmallToe,385.7484,415.33347,0.9182699,,,
168,LHeel,414.02814,450.1482,0.9255917,,,
168,RHeel,414.02814,422.29642,0.7889479,,,
169,Nose,373.06458,109.0257,0.93900555,,,
169,LEye,378.7252,102.06393,0.9736541,,,
169,REye,373.06458,102.06393,0.9292955,,,
169,LEar,401.36765,109.0257,0.9528858,,,
169,REar,401.36765,109.0257,0.8047324,,,
169,LShoulder,401.36765,157.75816,0.82956254,-0.060702443,-0.20042968,-0.12829335
169,RShoulder,401.36765,150.79639,0.7747773,-0.06596728,-0.21377897,0.038325135
169,LElbow,344.7615,171.68172,0.7797955,-0.18035957,-0.15209053,-0.22345923
169,RElbow,350.42212,171.68172,0.7277064,-0.19746627,-0.15809591,0.12364253
169,LWrist,271.1735,178.6435,0.6395294,-0.33440393,-0.1500173,-0.2812518
169,RWrist,322.11905,171.68172,0.43237904,-0.33393106,-0.15275916,0.12437232
169,LHip,401.36765,269.14664,0.74569076,-0.060303792,0.066022396,-0.06833515
169,RHip,401.36765,269.14664,0.6988652,-0.060973138,0.05981851,0.06748537
169,LKnee,412.6889,359.64975,0.8797815,-0.03520666,0.28372076,-0.010655693
169,RKnee,407.02826,352.688,0.8616694,-0.048400663,0.26245543,0.17273352
169,LAnkle,412.6889,443.1911,0.9869003,-0.03240322,0.49051145,0.039612725
169,RAnkle,412.6889,415.344,0.879132,-0.0402358,0.41960993,0.24185732
169,Head,395.70703,81.17859,0.93565714,-0.06596533,-0.38306537,-0.07594734
169,Neck,401.36765,129.91104,0.89138997,-0.05620125,-0.2515395,-0.058611438
169,Hip,401.36765,269.14664,0.86303455,-0.057698272,0.06327219,-0.0014252488
169,LBigToe,378.7252,457.11465,0.7672747,,,
169,RBigToe,378.7252,422.30576,0.9688875,,,
169,LSmallToe,384.3858,464.07645,0.7531108,,,
169,RSmallToe,384.3858,415.344,0.9319465,,,
169,LHeel,418.34952,450.1529,0.8934494,,,
169,RHeel,412.6889,422.30576,0.7456515,,,
170,Nose,371.63626,108.937355,0.94373214,,,
170,LEye,377.3269,101.973915,0.9708736,,,
170,REye,371.63626,101.973915,0.94112474,,,
170,LEar,400.08948,108.937355,0.95936733,,,
170,REar,400.08948,108.937355,0.81797665,,,
170,LShoulder,400.08948,150.71803,0.819434,-0.062465042,-0.20221528,-0.13020581
170,RShoulder,400.08948,150.71803,0.7732221,-0.067927405,-0.21502826,0.03760431
170,LElbow,343.18304,171.60837,0.8170736,-0.18204233,-0.15447529,-0.22579199
170,RElbow,348.8737,171.60837,0.7493354,-0.19907358,-0.16040963,0.12371651
170,LWrist,269.20465,178.57182,0.5544374,-0.3356176,-0.15224873,-0.2833766
170,RWrist,320.42044,171.60837,0.5844884,-0.33646685,-0.15542978,0.12514034
170,LHip,400.08948,269.09662,0.7656805,-0.059452035,0.065748274,-0.06879945
170,RHip,400.08948,269.09662,0.71643466,-0.06065028,0.05930641,0.067669384
170,LKnee,411.47076,359.62143,0.87509245,-0.03611558,0.28417006,-0.012101614
170,RKnee,405.78012,352.65796,0.8694901,-0.048738353,0.26233646,0.17227644
170,LAnkle,411.47076,443.18277,0.9866259,-0.032646686,0.49037495,0.03947275
170,RAnkle,411.47076,415.32898,0.8982312,-0.040464018,0.42001697,0.24140787
170,Head,394.39883,74.120125,0.94512194,-0.068863615,-0.38461664,-0.07650268
170,Neck,400.08948,129.8277,0.8992778,-0.0578079,-0.252642,-0.058985107
170,Hip,400.08948,269.09662,0.8665359,-0.05709462,0.062894315,-0.0014530174
170,LBigToe,377.3269,457.10965,0.7666268,,,
170,RBigToe,383.01755,422.29242,0.9821864,,,
170,LSmallToe,388.7082,464.07312,0.7582775,,,
170,RSmallToe,383.01755,415.32898,0.9460116,,,
170,LHeel,417.16144,450.1462,0.88614213,,,
170,RHeel,411.47076,422.29242,0.7478823,,,
171,Nose,369.97717,108.69363,0.9451273,,,
171,LEye,375.70547,101.725586,0.96646756,,,
171,REye,369.97717,101.725586,0.933649,,,
171,LEar,398.61868,108.69363,0.9605508,,,
171,REar,398.61868,108.69363,0.80191326,,,
171,LShoulder,398.61868,150.50189,0.8329531,-0.06487617,-0.20362027,-0.13258491
171,RShoulder,398.61868,150.50189,0.7572166,-0.070746005,-0.21625675,0.0364645
171,LElbow,347.06396,171.40604,0.902656,-0.18456477,-0.15697761,-0.22869967
171,RElbow,347.06396,164.43799,0.8126377,-0.2014512,-0.16307278,0.12385318
171,LWrist,318.42245,171.40604,0.61820465,-0.33820444,-0.1547171,-0.28370693
171,RWrist,318.42245,171.40604,0.5771475,-0.33986986,-0.1583878,0.12522526
171,LHip,398.61868,268.95865,0.77192575,-0.057988722,0.065588474,-0.0693062
171,RHip,398.61868,268.95865,0.71712303,-0.059915543,0.05885003,0.0678865
171,LKnee,410.07532,359.54324,0.90000284,-0.037214264,0.2846495,-0.013655154
171,RKnee,404.347,352.5752,0.86831844,-0.04919464,0.2623129,0.17180155
171,LAnkle,410.07532,443.1598,0.9817612,-0.03292792,0.49021605,0.039341543
171,RAnkle,410.07532,415.2876,0.9122445,-0.040829416,0.42042956,0.24071673
171,Head,392.89038,73.8534,0.9525538,-0.07232405,-0.38580984,-0.077283196
171,Neck,398.61868,129.59776,0.89907473,-0.06030473,-0.25369263,-0.05951362
171,Hip,398.61868,268.95865,0.8599679,-0.05605717,0.06259483,-0.0014767675
171,LBigToe,375.70547,457.09586,0.7689399,,,
171,RBigToe,381.43378,422.25565,1.029464,,,
171,LSmallToe,387.16208,464.0639,0.7774375,,,
171,RSmallToe,381.43378,415.2876,0.9625988,,,
171,LHeel,415.80362,450.1278,0.8877653,,,
171,RHeel,410.07532,422.25565,0.7672257,,,
172,Nose,367.83417,108.21094,0.94686055,,,
172,LEye,373.6396,101.23379,0.95727015,,,
172,REye,367.83417,101.23379,0.9223098,,,
172,LEar,396.86133,108.21094,0.97062933,,,
172,REar,396.86133,108.21094,0.8410312,,,
172,LShoulder,396.86133,157.051,0.83578795,-0.06787489,-0.20462428,-0.13473585
172,RShoulder,391.0559,150.07385,0.754235,-0.07425219,-0.21726437,0.03489071
172,LElbow,344.61243,171.00531,0.9089306,-0.18744208,-0.15894465,-0.23144075
172,RElbow,344.61243,164.02815,0.81795913,-0.20440215,-0.16519499,0.122995004
172,LWrist,315.58527,164.02815,0.6279751,-0.3418282,-0.15677412,-0.28624234
172,RWrist,315.58527,171.00531,0.59600204,-0.34437665,-0.16045761,0.12372619
172,LHip,402.66678,268.68542,0.7945549,-0.055512436,0.06566754,-0.06986391
172,RHip,396.86133,268.68542,0.7399722,-0.05847454,0.05848747,0.06816616
172,LKnee,408.47223,359.38843,0.9253869,-0.03857916,0.28515932,-0.015171027
172,RKnee,402.66678,352.41125,0.89736456,-0.04970035,0.26229712,0.17137578
172,LAnkle,408.47223,443.11423,0.9453954,-0.033127952,0.49018732,0.039016403
172,RAnkle,408.47223,415.20563,0.9335333,-0.041211363,0.42093608,0.24001285
172,Head,391.0559,73.32518,0.93189013,-0.07641606,-0.3865631,-0.07810642
172,Neck,396.86133,129.1424,0.8982757,-0.06374389,-0.25446132,-0.06011454
172,Hip,402.66678,268.68542,0.85161066,-0.054121748,0.06253028,-0.0015491445
172,LBigToe,373.6396,457.06854,0.7854542,,,
172,RBigToe,379.44504,422.18277,1.0261151,,,
172,LSmallToe,385.2505,464.0457,0.80734193,,,
172,RSmallToe,385.2505,415.20563,0.9670858,,,
172,LHeel,414.27765,450.0914,0.8849836,,,
172,RHeel,408.47223,422.18277,0.76374245,,,
173,Nose,366.3637,107.874916,0.9480604,,,
173,LEye,372.1862,100.89142,0.96312153,,,
173,REye,366.3637,100.89142,0.9301676,,,
173,LEar,395.47607,107.874916,0.957709,,,
173,REar,395.47607,107.874916,0.82632786,,,
173,LShoulder,395.47607,149.77586,0.8577647,-0.07171894,-0.205466,-0.1372825
173,RShoulder,395.47607,149.77586,0.7700178,-0.078720614,-0.21786441,0.032958083
173,LElbow,343.07382,170.72635,0.9237503,-0.19097696,-0.16041549,-0.23429549
173,RElbow,343.07382,163.74286,0.82523745,-0.20819819,-0.16661075,0.12106427
173,LWrist,308.13898,163.74286,0.5593842,-0.34620553,-0.15835765,-0.28851834
173,RWrist,313.96146,170.72635,0.5941115,-0.34991354,-0.16116913,0.120590694
173,LHip,401.29855,268.49524,0.824117,-0.052055683,0.065954745,-0.070390336
173,RHip,401.29855,268.49524,0.77490395,-0.056398492,0.05818675,0.0683387
173,LKnee,407.12103,359.28064,0.91625226,-0.040114935,0.2854816,-0.016760556
173,RKnee,401.29855,352.29715,0.8876477,-0.0503302,0.2621966,0.17084765
173,LAnkle,412.94348,443.08255,0.9067166,-0.03332612,0.49018845,0.03821887
173,RAnkle,407.12103,415.14856,0.95177954,-0.041613463,0.42146274,0.23898424
173,Head,389.6536,72.95745,0.9341508,-0.081121676,-0.38663697,-0.078983985
173,Neck,395.47607,128.8254,0.90233636,-0.06829955,-0.2548162,-0.06057156
173,Hip,401.29855,268.49524,0.8767119,-0.05155544,0.062552854,-0.0015991295
173,LBigToe,378.00867,457.04953,0.7956205,,,
173,RBigToe,378.00867,422.13205,1.0143586,,,
173,LSmallToe,383.83112,464.03302,0.80368763,,,
173,RSmallToe,383.83112,415.14856,0.99190897,,,
173,LHeel,418.76596,450.06604,0.87963593,,,
173,RHeel,412.94348,422.13205,0.78466773,,,
174,Nose,365.76755,107.740776,0.9427978,,,
174,LEye,371.65735,100.75475,0.97263473,,,
174,REye,365.76755,100.75475,0.93995124,,,
174,LEar,389.3268,107.740776,0.9627954,,,
174,REar,389.3268,107.740776,0.8104382,,,
174,LShoulder,395.2166,149.65692,0.8482647,-0.07626122,-0.20519613,-0.13979743
174,RShoulder,389.3268,149.65692,0.7588861,-0.08384078,-0.21760829,0.030890185
174,LElbow,342.20828,170.61499,0.9086188,-0.19552658,-0.16094746,-0.23700002
174,RElbow,336.31848,163.62897,0.84680897,-0.21284512,-0.16664904,0.11836995
174,LWrist,306.8694,170.61499,0.63290566,-0.35134923,-0.15894277,-0.29030767
174,RWrist,306.8694,170.61499,0.5412615,-0.35603443,-0.16002254,0.11620722
174,LHip,401.10645,268.4193,0.81803834,-0.04774832,0.06667781,-0.070980184
174,RHip,401.10645,268.4193,0.7572378,-0.05355937,0.058241885,0.06859644
174,LKnee,406.99625,359.2376,0.9148633,-0.04191003,0.2857082,-0.018459333
174,RKnee,406.99625,352.2516,0.869781,-0.051150873,0.26212463,0.17041898
174,LAnkle,406.99625,443.0699,0.91759515,-0.033521023,0.49013498,0.037107274
174,RAnkle,406.99625,415.1258,0.93187165,-0.0419915,0.4219829,0.2379395
174,Head,389.3268,72.81066,0.92467725,-0.08623774,-0.38540715,-0.07981721
174,Neck,389.3268,128.69885,0.9146568,-0.07360574,-0.25431034,-0.061008282
174,Hip,401.10645,268.4193,0.8832792,-0.048075702,0.062986866,-0.0016777704
174,LBigToe,377.54718,457.04193,0.7994586,,,
174,RBigToe,377.54718,422.11182,1.0071568,,,
174,LSmallToe,383.43698,464.02795,0.82266665,,,
174,RSmallToe,383.43698,415.1258,0.9945876,,,
174,LHeel,418.77588,450.0559,0.8619911,,,
174,RHeel,412.88605,422.11182,0.75835973,,,
175,Nose,360.59586,107.67277,0.9619668,,,
175,LEye,366.5637,100.68546,0.9499934,,,
175,REye,366.5637,100.68546,0.93680185,,,
175,LEar,390.43497,107.67277,1.000039,,,
175,REar,390.43497,107.67277,0.7699334,,,
175,LShoulder,390.43497,149.5966,0.8719383,-0.08164633,-0.20374845,-0.14210632
175,RShoulder,384.46713,149.5966,0.74104404,-0.08974883,-0.2161154,0.028714174
175,LElbow,336.72458,170.55852,0.9000293,-0.20147568,-0.16030592,-0.23962376
175,RElbow,336.72458,163.57121,0.8837628,-0.21820325,-0.1652457,0.11454069
175,LWrist,300.91766,170.55852,0.5642298,-0.35786092,-0.15880671,-0.29197916
175,RWrist,294.94986,170.55852,0.48821068,-0.36315358,-0.15676953,0.11009663
175,LHip,408.3384,268.3808,0.81818223,-0.0423314,0.06795797,-0.071563005
175,RHip,402.3706,268.3808,0.7606915,-0.04971209,0.058700684,0.06894657
175,LKnee,408.3384,359.2158,0.9139486,-0.044156786,0.2858046,-0.020479562
175,RKnee,402.3706,352.2285,0.8977488,-0.05245491,0.26204637,0.1702963
175,LAnkle,408.3384,443.06348,0.94757587,-0.033545926,0.4902505,0.03556434
175,RAnkle,408.3384,415.11426,0.864859,-0.0423952,0.42240733,0.23673394
175,Head,384.46713,79.72354,0.9413827,-0.091873854,-0.38252902,-0.080718614
175,Neck,390.43497,128.63469,0.9546942,-0.079589814,-0.25258464,-0.06182012
175,Hip,408.3384,268.3808,0.8820623,-0.04330659,0.06396994,-0.001778479
175,LBigToe,378.49933,457.0381,0.79194474,,,
175,RBigToe,378.49933,422.10156,0.99863863,,,
175,LSmallToe,384.46713,464.0254,0.8184823,,,
175,RSmallToe,384.46713,415.11426,0.9619336,,,
175,LHeel,414.30624,450.05078,0.855871,,,
175,RHeel,408.3384,422.10156,0.692414,,,
176,Nose,362.0409,109.737404,0.9679113,,,
176,LEye,368.13144,102.789055,0.96968865,,,
176,REye,362.0409,102.789055,0.9456195,,,
176,LEar,386.4031,109.737404,0.97432625,,,
176,REar,386.4031,109.737404,0.8037838,,,
176,LShoulder,386.4031,151.4275,0.88446003,-0.08743131,-0.20087765,-0.14433563
176,RShoulder,386.4031,144.47916,0.7554571,-0.09599738,-0.2134415,0.026570654
176,LElbow,337.67868,172.27257,0.9044879,-0.20829539,-0.15825705,-0.2417448
176,RElbow,337.67868,165.3242,0.8945471,-0.2239069,-0.16240944,0.10984806
176,LWrist,264.59204,172.27257,0.514836,-0.36479318,-0.15683831,-0.29279205
176,RWrist,301.13538,172.27257,0.4973827,-0.36978477,-0.15239587,0.10273228
176,LHip,410.76532,269.54947,0.8136289,-0.03617618,0.06967524,-0.072043754
176,RHip,404.67474,269.54947,0.76353496,-0.04518242,0.059528466,0.06908972
176,LKnee,404.67474,359.87802,0.87686646,-0.04646837,0.28556463,-0.022787718
176,RKnee,404.67474,352.9297,0.86498106,-0.053979166,0.26180086,0.17019936
176,LAnkle,410.76532,443.25824,0.9775768,-0.03366961,0.49034557,0.033360995
176,RAnkle,404.67474,415.46484,0.8415564,-0.04300399,0.4227032,0.23502669
176,Head,386.4031,74.99565,0.9354813,-0.09769261,-0.37848708,-0.0820717
176,Neck,386.4031,130.58246,0.9196399,-0.08590868,-0.24957192,-0.06299005
176,Hip,404.67474,269.54947,0.8730804,-0.037992984,0.06529769,-0.0018110124
176,LBigToe,374.222,464.1033,0.8168032,,,
176,RBigToe,380.31253,422.4132,0.8863442,,,
176,LSmallToe,386.4031,464.1033,0.81745154,,,
176,RSmallToe,386.4031,415.46484,0.8602295,,,
176,LHeel,416.85587,450.2066,0.8853384,,,
176,RHeel,410.76532,429.36154,0.6701676,,,
177,Nose,357.64346,110.01652,0.9675682,,,
177,LEye,363.92798,103.07343,0.9719741,,,
177,REye,357.64346,103.07343,0.9711049,,,
177,LEar,382.7815,110.01652,0.9815196,,,
177,REar,382.7815,110.01652,0.85227865,,,
177,LShoulder,389.06598,151.67502,0.88834625,-0.09376603,-0.19631495,-0.14665142
177,RShoulder,389.06598,151.67502,0.73788583,-0.10262518,-0.20883568,0.02427762
177,LElbow,332.50546,172.50427,0.8586085,-0.2162106,-0.15470926,-0.24360546
177,RElbow,332.50546,172.50427,0.8354484,-0.23063883,-0.1578105,0.104116336
177,LWrist,301.08298,172.50427,0.55402404,-0.37255317,-0.15352245,-0.2924858
177,RWrist,301.08298,172.50427,0.5468351,-0.37698972,-0.1469288,0.09353897
177,LHip,414.20398,269.70746,0.77798015,-0.029313317,0.072130114,-0.072535165
177,RHip,407.9195,269.70746,0.70988774,-0.039957315,0.060905013,0.0693733
177,LKnee,401.63498,359.96756,0.8682482,-0.049286485,0.2852064,-0.02514978
177,RKnee,401.63498,353.02448,0.88844174,-0.05626061,0.26157567,0.17041306
177,LAnkle,407.9195,443.28458,0.975158,-0.033659894,0.49051395,0.030780857
177,RAnkle,407.9195,415.51224,0.9117303,-0.04345402,0.4229172,0.23326299
177,Head,382.7815,82.24418,0.93513405,-0.103717774,-0.37221324,-0.083227225
177,Neck,382.7815,130.84576,0.91247773,-0.092425674,-0.24483894,-0.06451458
177,Hip,414.20398,269.70746,0.85299003,-0.031619065,0.06737353,-0.0018677956
177,LBigToe,376.49698,464.11383,0.80861646,,,
177,RBigToe,376.49698,422.45532,0.91922337,,,
177,LSmallToe,382.7815,464.11383,0.7874286,,,
177,RSmallToe,382.7815,415.51224,0.90096873,,,
177,LHeel,414.20398,450.22766,0.9324355,,,
177,RHeel,414.20398,422.45532,0.7513482,,,
178,Nose,353.8286,113.19195,0.9780011,,,
178,LEye,360.2365,106.30878,0.97425,,,
178,REye,353.8286,106.30878,0.9635111,,,
178,LEar,385.868,113.19195,0.9597491,,,
178,REar,379.46014,113.19195,0.88112915,,,
178,LShoulder,385.868,154.49097,0.87128735,-0.09970203,-0.18994631,-0.14856693
178,RShoulder,379.46014,154.49097,0.7634127,-0.10929702,-0.20243986,0.021866186
178,LElbow,328.1971,175.14049,0.8155717,-0.2242552,-0.14933759,-0.2447445
178,RElbow,328.1971,168.25731,0.812193,-0.23707384,-0.15174551,0.09784638
178,LWrist,257.71045,175.14049,0.6528076,-0.3802318,-0.14736214,-0.29265907
178,RWrist,302.5656,175.14049,0.47880632,-0.3840918,-0.1403228,0.0840426
178,LHip,417.9074,271.50488,0.7720254,-0.022142043,0.07527515,-0.07284167
178,RHip,411.4995,271.50488,0.71032125,-0.034484766,0.06290518,0.06942517
178,LKnee,405.09164,354.10294,0.86868244,-0.052254952,0.284784,-0.027859246
178,RKnee,398.68378,354.10294,0.8660741,-0.058982372,0.26134136,0.17075014
178,LAnkle,411.4995,443.58414,0.9560226,-0.033811085,0.4908518,0.027571695
178,RAnkle,405.09164,416.05145,0.8542716,-0.04420872,0.42293242,0.23092085
178,Head,379.46014,85.65926,0.9498579,-0.10957764,-0.36417523,-0.08475256
178,Neck,379.46014,133.84146,0.9105218,-0.09901494,-0.23815481,-0.06637869
178,Hip,411.4995,271.50488,0.8332735,-0.025153888,0.07008359,-0.0019306813
178,LBigToe,373.05225,464.23367,0.8692974,,,
178,RBigToe,379.46014,422.93463,0.9510438,,,
178,LSmallToe,385.868,464.23367,0.8157531,,,
178,RSmallToe,385.868,416.05145,0.84620094,,,
178,LHeel,417.9074,450.46732,0.95330435,,,
178,RHeel,417.9074,429.8178,0.76421255,,,
179,Nose,355.319,116.98983,0.94755954,,,
179,LEye,361.89206,110.17832,0.9568009,,,
179,REye,355.319,110.17832,0.955272,,,
179,LEar,381.61124,116.98983,0.9613921,,,
179,REar,381.61124,116.98983,0.87991655,,,
179,LShoulder,381.61124,157.8589,0.8955976,-0.1052046,-0.18179311,-0.1502054
179,RShoulder,381.61124,157.8589,0.75292265,-0.11578044,-0.1941689,0.01918558
179,LElbow,322.45374,178.29344,0.8115917,-0.23179606,-0.14198494,-0.24544166
179,RElbow,322.45374,178.29344,0.7732551,-0.24329577,-0.14370888,0.09103071
179,LWrist,256.7232,178.29344,0.69609797,-0.387675,-0.13912587,-0.29184332
179,RWrist,263.29626,178.29344,0.62643766,-0.3914357,-0.13205001,0.07467791
179,LHip,421.04953,273.65463,0.75645727,-0.015048871,0.07904996,-0.073074706
179,RHip,414.4765,273.65463,0.6992123,-0.02919512,0.06563705,0.06946974
179,LKnee,401.33038,355.39276,0.9159113,-0.055652756,0.28459933,-0.030989533
179,RKnee,401.33038,355.39276,0.8677369,-0.062429845,0.26099053,0.1713182
179,LAnkle,407.90344,443.94244,0.9144266,-0.033920098,0.49101081,0.02397556
179,RAnkle,407.90344,416.69638,0.866246,-0.04471941,0.4228611,0.2281415
179,Head,375.03818,89.74378,0.94686043,-0.115075156,-0.35425252,-0.08648976
179,Neck,381.61124,137.42436,0.89495313,-0.105320774,-0.22960582,-0.06840978
179,Hip,421.04953,273.65463,0.84220695,-0.018744648,0.07358807,-0.0019785834
179,LBigToe,375.03818,464.37698,0.8950619,,,
179,RBigToe,381.61124,423.5079,1.0021042,,,
179,LSmallToe,381.61124,464.37698,0.8721206,,,
179,RSmallToe,381.61124,416.69638,0.9257117,,,
179,LHeel,414.4765,450.75394,0.95807034,,,
179,RHeel,407.90344,423.5079,0.7663303,,,
180,Nose,345.3826,121.43362,0.9431439,,,
180,LEye,358.61044,114.70595,0.9611893,,,
180,REye,351.99652,114.70595,0.9491002,,,
180,LEar,378.4522,121.43362,0.9546736,,,
180,REar,371.8383,121.43362,0.84249324,,,
180,LShoulder,378.4522,168.5273,0.84124017,-0.11008145,-0.17156953,-0.15156901
180,RShoulder,371.8383,161.79962,0.7543355,-0.122214764,-0.18400338,0.016176803
180,LElbow,318.9269,181.98262,0.8460741,-0.23854578,-0.13279843,-0.24570541
180,RElbow,325.54083,181.98262,0.7109216,-0.24937102,-0.13465317,0.08404485
180,LWrist,252.78769,181.98262,0.81568545,-0.3945918,-0.12895364,-0.2897736
180,RWrist,299.08514,181.98262,0.4990414,-0.39687237,-0.12344995,0.06551053
180,LHip,418.1357,276.16998,0.7503319,-0.008165173,0.08346878,-0.073236905
180,RHip,418.1357,276.16998,0.67275345,-0.024265153,0.069018245,0.069385864
180,LKnee,404.90787,350.17432,0.8207415,-0.059300058,0.28479984,-0.034655422
180,RKnee,398.29395,343.44666,0.8307902,-0.0662945,0.26074386,0.17195594
180,LAnkle,411.5218,444.36166,0.92070997,-0.034117613,0.49131152,0.019932205
180,RAnkle,404.90787,417.451,0.8181002,-0.04546597,0.42254177,0.22503504
180,Head,371.8383,94.52295,0.94478035,-0.12021475,-0.34217218,-0.08830236
180,Neck,378.4522,141.61662,0.9263231,-0.111446396,-0.2189876,-0.07025794
180,Hip,418.1357,276.16998,0.80477154,-0.012753496,0.07768844,-0.0020112472
180,LBigToe,371.8383,464.54468,0.9131814,,,
180,RBigToe,378.4522,424.17865,0.9794078,,,
180,LSmallToe,385.0661,464.54468,0.9295425,,,
180,RSmallToe,385.0661,417.451,0.9456022,,,
180,LHeel,418.1357,451.08932,0.9141689,,,
180,RHeel,411.5218,424.17865,0.70836467,,,
181,Nose,346.6361,126.88896,0.9794121,,,
181,LEye,353.39127,120.26423,0.97140294,,,
181,REye,346.6361,120.26423,0.92858154,,,
181,LEar,373.65677,126.88896,0.97194237,,,
181,REar,373.65677,126.88896,0.8969819,,,
181,LShoulder,373.65677,166.63737,0.8060119,-0.11431357,-0.15984838,-0.15292287
181,RShoulder,373.65677,166.63737,0.7889526,-0.1285761,-0.17209217,0.012531568
181,LElbow,319.61545,186.5116,0.838882,-0.2442179,-0.122183606,-0.24580832
181,RElbow,319.61545,186.5116,0.7291011,-0.25553775,-0.12433998,0.07689644
181,LWrist,252.06383,193.13632,0.8230423,-0.40026408,-0.11700213,-0.28671774
181,RWrist,292.59482,186.5116,0.27947742,-0.40247548,-0.112910345,0.057335503
181,LHip,420.9429,279.2579,0.73947257,-0.001333813,0.08844508,-0.07323791
181,RHip,420.9429,279.2579,0.68031514,-0.01927985,0.07291417,0.0691851
181,LKnee,400.6774,352.13,0.8775853,-0.06372208,0.28539672,-0.038935505
181,RKnee,393.92224,345.50528,0.8365531,-0.07085523,0.26063886,0.1723686
181,LAnkle,407.43256,444.8763,0.9121051,-0.034320273,0.49146542,0.015201516
181,RAnkle,407.43256,411.75262,0.7864204,-0.04611841,0.4222547,0.2212097
181,Head,373.65677,100.390015,0.9244613,-0.12490007,-0.32839268,-0.090470836
181,Neck,373.65677,146.76317,0.9001863,-0.11720294,-0.20656891,-0.07231576
181,Hip,427.69806,272.63318,0.7970069,-0.006553624,0.082215115,-0.002121575
181,LBigToe,373.65677,464.75052,0.8791208,,,
181,RBigToe,380.41193,425.0021,0.94268185,,,
181,LSmallToe,387.16708,464.75052,0.88931197,,,
181,RSmallToe,380.41193,418.37738,0.9449778,,,
181,LHeel,414.18774,451.50107,0.88608104,,,
181,RHeel,414.18774,425.0021,0.68229395,,,
182,Nose,342.3144,132.77924,0.95313454,,,
182,LEye,349.16733,126.26563,0.9520993,,,
182,REye,349.16733,126.26563,0.93974525,,,
182,LEar,369.7261,132.77924,0.9368068,,,
182,REar,376.57904,132.77924,0.8737438,,,
182,LShoulder,376.57904,178.37442,0.84689564,-0.118001014,-0.14601982,-0.15424515
182,RShoulder,369.7261,171.86082,0.7767415,-0.13450451,-0.15808329,0.008418599
182,LElbow,321.7556,191.40163,0.863907,-0.24907076,-0.109907895,-0.2457589
182,RElbow,314.9027,191.40163,0.76349896,-0.26110476,-0.1129999,0.07015609
182,LWrist,253.22636,197.91522,0.8214957,-0.40568766,-0.1037904,-0.28339022
182,RWrist,266.93222,197.91522,0.39419132,-0.40670788,-0.10153048,0.049884267
182,LHip,424.5495,282.592,0.7670864,0.004806742,0.09476261,-0.073016286
182,RHip,417.6966,282.592,0.69260716,-0.015218822,0.07795909,0.06893252
182,LKnee,397.13782,354.2416,0.91378814,-0.06856053,0.28672343,-0.043706007
182,RKnee,397.13782,347.728,0.86361647,-0.075885974,0.26111433,0.17332782
182,LAnkle,410.84366,445.432,0.9472559,-0.03458252,0.4918563,0.01015325
182,RAnkle,403.99072,412.864,0.78585225,-0.046832964,0.42211434,0.21695945
182,Head,369.7261,106.72483,0.9041469,-0.12906165,-0.31254676,-0.09271719
182,Neck,376.57904,152.32002,0.85961914,-0.12245548,-0.19191496,-0.07479184
182,Hip,424.5495,276.07843,0.8253969,-0.0019639952,0.087950334,-0.0021425656
182,LBigToe,376.57904,464.9728,0.8513128,,,
182,RBigToe,383.43195,419.3776,0.8798351,,,
182,LSmallToe,383.43195,464.9728,0.89307314,,,
182,RSmallToe,383.43195,419.3776,0.931522,,,
182,LHeel,417.6966,451.9456,0.90007687,,,
182,RHeel,410.84366,425.8912,0.6687332,,,
183,Nose,343.4473,138.24004,0.92907536,,,
183,LEye,350.3841,138.24004,0.95102197,,,
183,REye,343.4473,131.82947,0.92039526,,,
183,LEar,371.19455,144.6506,0.952611,,,
183,REar,371.19455,138.24004,0.8474376,,,
183,LShoulder,378.13135,183.114,0.8893264,-0.121347524,-0.13091613,-0.15620303
183,RShoulder,378.13135,176.70343,0.7644436,-0.13986072,-0.14283845,0.003860907
183,LElbow,315.70004,195.93512,0.84936124,-0.25334197,-0.09659897,-0.24584675
183,RElbow,315.70004,195.93512,0.7162374,-0.26611495,-0.101102725,0.06346014
183,LWrist,246.33192,202.34569,0.7751918,-0.4107815,-0.09003039,-0.28029343
183,RWrist,260.20554,202.34569,0.3990126,-0.41102147,-0.08909026,0.043308318
183,LHip,426.68903,279.27246,0.7755519,0.010494786,0.10138829,-0.072747104
183,RHip,419.75223,279.27246,0.70842564,-0.011402391,0.08357094,0.06853809
183,LKnee,398.94177,356.19925,0.91394645,-0.07344751,0.2885776,-0.048081435
183,RKnee,392.00497,349.7887,0.8926111,-0.08121809,0.26193997,0.17421141
183,LAnkle,412.8154,445.94717,0.93060017,-0.034827176,0.49225578,0.00525976
183,RAnkle,405.8786,413.89435,0.8093304,-0.047397874,0.42208403,0.21239308
183,Head,371.19455,112.59778,0.9159449,-0.13290858,-0.2958192,-0.09538325
183,Neck,371.19455,163.8823,0.90559006,-0.12712094,-0.17622091,-0.07777866
183,Hip,426.68903,279.27246,0.84295577,0.0023363116,0.094062656,-0.002195913
183,LBigToe,371.19455,465.17886,0.8652527,,,
183,RBigToe,378.13135,420.3049,0.904894,,,
183,LSmallToe,385.06818,465.17886,0.8955206,,,
183,RSmallToe,385.06818,420.3049,0.920228,,,
183,LHeel,419.75223,452.35773,0.8878797,,,
183,RHeel,412.8154,426.71548,0.6876865,,,
184,Nose,338.42184,145.81665,0.9096329,,,
184,LEye,345.40033,145.81665,0.90547705,,,
184,REye,345.40033,139.54904,0.9169479,,,
184,LEar,373.31427,152.08426,0.9215873,,,
184,REar,366.3358,145.81665,0.75936127,,,
184,LShoulder,373.31427,189.68993,0.89058197,-0.124116555,-0.11405344,-0.15827589
184,RShoulder,366.3358,189.68993,0.79750156,-0.14456087,-0.12639356,-0.00042651454
184,LElbow,317.48642,202.22514,0.7810538,-0.25667003,-0.08180128,-0.2456039
184,RElbow,310.50793,202.22514,0.7959267,-0.27005118,-0.08856723,0.05860539
184,LWrist,254.68007,208.49275,0.58756566,-0.41461867,-0.075323075,-0.27640852
184,RWrist,247.7016,208.49275,0.6489247,-0.4130262,-0.07797857,0.037697963
184,LHip,429.14212,283.70407,0.8262613,0.01598636,0.109114245,-0.072302125
184,RHip,422.16364,283.70407,0.8024837,-0.007733253,0.09054048,0.06818382
184,LKnee,394.2497,358.9154,0.88850415,-0.078941286,0.29120013,-0.05301406
184,RKnee,387.27124,346.3802,0.87749356,-0.087041534,0.26330385,0.17516032
184,LAnkle,408.20667,446.66196,0.9620848,-0.035243455,0.49252656,0.00044491584
184,RAnkle,401.22818,415.32388,0.8019063,-0.04806282,0.422174,0.20756821
184,Head,366.3358,120.746216,0.9443762,-0.13640204,-0.2774254,-0.09770151
184,Neck,366.3358,170.8871,0.883506,-0.13127747,-0.15915245,-0.080878794
184,Hip,429.14212,283.70407,0.8743454,0.006275424,0.10118516,-0.0022761563
184,LBigToe,373.31427,465.46478,0.8853707,,,
184,RBigToe,380.29276,421.59152,0.9041784,,,
184,LSmallToe,380.29276,465.46478,0.90400225,,,
184,RSmallToe,387.27124,421.59152,0.8610297,,,
184,LHeel,415.18515,452.92957,0.9198767,,,
184,RHeel,408.20667,421.59152,0.6780214,,,
185,Nose,338.9495,153.11723,0.9358611,,,
185,LEye,346.0183,153.11723,0.92181885,,,
185,REye,346.0183,146.98737,0.89444876,,,
185,LEar,367.2248,159.2471,0.95062906,,,
185,REar,367.2248,159.2471,0.7723767,,,
185,LShoulder,374.2936,196.02628,0.89960754,-0.12646258,-0.09692508,-0.16068901
185,RShoulder,367.2248,196.02628,0.7645742,-0.14838181,-0.10958132,-0.005161917
185,LElbow,317.74304,208.286,0.78849363,-0.25987542,-0.06632343,-0.24484658
185,RElbow,310.67422,208.286,0.8013409,-0.27258655,-0.07649278,0.054472864
185,LWrist,247.05482,214.41586,0.7875533,-0.4186294,-0.060373027,-0.27247173
185,RWrist,254.12364,208.286,0.6658684,-0.4126619,-0.067617,0.032702383
185,LHip,430.84418,287.97424,0.8183579,0.02100245,0.1170021,-0.071727894
185,RHip,423.77536,287.97424,0.79130596,-0.0044023963,0.09786007,0.06779798
185,LKnee,388.43124,355.40274,0.8587677,-0.08422981,0.29419225,-0.058114383
185,RKnee,388.43124,349.27286,0.88484687,-0.09285525,0.2648466,0.17585415
185,LAnkle,409.6377,447.35068,0.9679468,-0.035612125,0.49296847,-0.004074486
185,RAnkle,402.56888,416.70135,0.7791984,-0.04863502,0.42250964,0.20268005
185,Head,367.2248,128.59778,0.95589113,-0.13935976,-0.2593406,-0.10063132
185,Neck,367.2248,177.63669,0.8969202,-0.13461624,-0.14211346,-0.08484288
185,Hip,430.84418,281.84436,0.8702668,0.009667454,0.10836358,-0.0024775064
185,LBigToe,374.2936,465.74026,0.88310355,,,
185,RBigToe,381.36243,422.83124,0.9433217,,,
185,LSmallToe,381.36243,465.74026,0.90606654,,,
185,RSmallToe,381.36243,416.70135,0.8798294,,,
185,LHeel,416.70654,453.48056,0.90746266,,,
185,RHeel,416.70654,422.83124,0.66323483,,,
186,Nose,336.2682,160.33633,0.9212571,,,
186,LEye,343.55798,160.33633,0.9057507,,,
186,REye,343.55798,154.34268,0.912943,,,
186,LEar,365.42746,166.32999,0.9351876,,,
186,REar,365.42746,166.32999,0.7433972,,,
186,LShoulder,372.7173,202.2919,0.8774982,-0.12832169,-0.079118446,-0.16266343
186,RShoulder,365.42746,202.2919,0.7527835,-0.1512225,-0.0921479,-0.009210166
186,LElbow,314.3987,220.27287,0.8094339,-0.26296073,-0.049538486,-0.24351127
186,RElbow,307.10892,208.28557,0.82582134,-0.27383512,-0.06440066,0.051635444
186,LWrist,248.79036,220.27287,0.9317029,-0.42239392,-0.0448749,-0.2681091
186,RWrist,248.79036,214.27922,0.8146052,-0.41006777,-0.057030674,0.029483931
186,LHip,431.03583,298.19037,0.79839844,0.025481833,0.12643348,-0.07106916
186,RHip,423.746,292.19672,0.7679189,-0.0013360379,0.10674584,0.0674963
186,LKnee,387.2969,358.12692,0.8550201,-0.08980794,0.2980426,-0.06306994
186,RKnee,387.2969,352.13327,0.8712487,-0.09913424,0.2666528,0.17713502
186,LAnkle,409.16635,448.03174,0.96632063,-0.0360419,0.49355313,-0.008034151
186,RAnkle,401.87656,412.0698,0.807333,-0.049273655,0.4230167,0.19844602
186,Head,365.42746,136.36171,0.9512141,-0.14169508,-0.24082513,-0.10303979
186,Neck,365.42746,184.31094,0.8917951,-0.13715723,-0.124595106,-0.08868273
186,Hip,431.03583,286.20306,0.8698666,0.012654059,0.117273405,-0.0025479228
186,LBigToe,372.7173,466.0127,0.8876085,,,
186,RBigToe,380.00708,424.0571,0.9875247,,,
186,LSmallToe,380.00708,466.0127,0.88008076,,,
186,RSmallToe,380.00708,418.06345,0.8931515,,,
186,LHeel,416.45618,454.0254,0.9085773,,,
186,RHeel,416.45618,418.06345,0.6881436,,,
187,Nose,335.57825,173.17375,0.9144092,,,
187,LEye,342.5752,167.3117,0.926295,,,
187,REye,342.5752,161.44966,0.9171474,,,
187,LEar,363.56604,173.17375,0.9319694,,,
187,REar,363.56604,173.17375,0.73487175,,,
187,LShoulder,377.55994,208.34601,0.8947881,-0.12964557,-0.061467852,-0.16440172
187,RShoulder,363.56604,208.34601,0.79084444,-0.15289384,-0.07520366,-0.0124012865
187,LElbow,307.59045,225.93214,0.8293579,-0.26622888,-0.032752264,-0.24146813
187,RElbow,307.59045,214.20805,0.75764394,-0.27411193,-0.05241724,0.049729884
187,LWrist,244.6179,225.93214,0.9132002,-0.42608368,-0.029145185,-0.26344183
187,RWrist,251.61485,220.0701,0.77296585,-0.40603364,-0.047004364,0.027594844
187,LHip,433.53552,302.1387,0.8174173,0.029441245,0.13676508,-0.07046258
187,RHip,419.54163,296.27667,0.7788419,0.0015290014,0.11630659,0.06717717
187,LKnee,391.55383,360.75912,0.86284566,-0.09517371,0.30226097,-0.06742907
187,RKnee,384.5569,349.03506,0.9215048,-0.10555147,0.26826438,0.17864169
187,LAnkle,405.54773,448.6898,0.95479506,-0.036439564,0.49417767,-0.011489008
187,RAnkle,405.54773,413.51752,0.84254676,-0.04981458,0.42361116,0.19471923
187,Head,363.56604,143.86354,0.9604694,-0.14333284,-0.22276086,-0.10484066
187,Neck,363.56604,190.75989,0.922275,-0.13873455,-0.10749695,-0.092139006
187,Hip,433.53552,296.27667,0.8589125,0.015532436,0.12722819,-0.0025259575
187,LBigToe,370.563,466.2759,0.8353591,,,
187,RBigToe,377.55994,425.2416,1.0510387,,,
187,LSmallToe,384.5569,466.2759,0.87271667,,,
187,RSmallToe,384.5569,419.37958,0.910302,,,
187,LHeel,419.54163,454.55182,0.92328125,,,
187,RHeel,419.54163,419.37958,0.72907805,,,
188,Nose,335.47308,180.26558,0.92351377,,,
188,LEye,342.47516,174.53992,0.9395605,,,
188,REye,342.47516,174.53992,0.92261636,,,
188,LEar,363.48138,180.26558,0.93472886,,,
188,REar,363.48138,180.26558,0.742053,,,
188,LShoulder,377.48553,214.61955,0.90616584,-0.13031948,-0.04469399,-0.16579327
188,RShoulder,363.48138,214.61955,0.83537126,-0.15359776,-0.05927443,-0.015066821
188,LElbow,314.46686,231.79654,0.83203954,-0.26930082,-0.016259689,-0.23851934
188,RElbow,307.46478,220.34521,0.8099467,-0.27394477,-0.040603578,0.048160806
188,LWrist,244.44609,231.79654,0.8868381,-0.4292456,-0.013445149,-0.25860485
188,RWrist,258.45026,220.34521,0.81746876,-0.40189677,-0.037241414,0.026268797
188,LHip,433.50214,306.23013,0.8186293,0.03312477,0.14697336,-0.06972055
188,RHip,419.498,300.5045,0.77856714,0.0041615237,0.1256878,0.066789106
188,LKnee,384.4876,363.48676,0.8519643,-0.10040392,0.30637598,-0.07238839
188,RKnee,384.4876,352.03543,0.8894584,-0.11173459,0.26943806,0.17975305
188,LAnkle,405.49384,449.3717,0.9533293,-0.036843225,0.49463633,-0.014868911
188,RAnkle,405.49384,415.01773,0.83765924,-0.05064604,0.42413977,0.19092116
188,Head,363.48138,151.63727,0.9662856,-0.14428784,-0.20536584,-0.10641885
188,Neck,363.48138,197.44257,0.9208225,-0.13946685,-0.09115462,-0.09551077
188,Hip,433.50214,300.5045,0.83182496,0.018118404,0.13702025,-0.0026972068
188,LBigToe,370.48346,466.54868,0.8327146,,,
188,RBigToe,377.48553,426.46906,1.0577539,,,
188,LSmallToe,384.4876,466.54868,0.8508659,,,
188,RSmallToe,377.48553,420.74338,0.92613745,,,
188,LHeel,419.498,455.09735,0.90007395,,,
188,RHeel,419.498,420.74338,0.70796746,,,
189,Nose,336.87366,186.11388,0.93863654,,,
189,LEye,344.0785,180.50069,0.9232533,,,
189,REye,344.0785,174.88748,0.88088346,,,
189,LEar,365.693,186.11388,0.9273459,,,
189,REar,365.693,186.11388,0.7002219,,,
189,LShoulder,372.89783,225.40623,0.868729,-0.13057187,-0.028936137,-0.16688839
189,RShoulder,358.48816,219.79305,0.75639606,-0.15368073,-0.044573266,-0.01719774
189,LElbow,308.0543,236.63263,0.8243197,-0.27237204,8.773804e-05,-0.23518455
189,RElbow,308.0543,225.40623,0.9199682,-0.27341625,-0.029348793,0.046643633
189,LWrist,243.21075,242.24582,0.86592454,-0.43182725,0.0024820305,-0.25370008
189,RWrist,257.62042,225.40623,0.8079519,-0.3988651,-0.026699273,0.02557283
189,LHip,437.74136,309.60416,0.8354083,0.036784284,0.1568548,-0.0688544
189,RHip,423.3317,303.99097,0.6876943,0.0068604527,0.1347107,0.06633761
189,LKnee,387.3075,365.7361,0.8691796,-0.105246186,0.3103802,-0.07715393
189,RKnee,380.10266,354.5097,0.8308488,-0.117531106,0.26999083,0.18062615
189,LAnkle,408.92203,449.93402,0.98652095,-0.037086155,0.49496332,-0.01778461
189,RAnkle,401.7172,416.25485,0.8409261,-0.051661372,0.4245225,0.18741518
189,Head,365.693,158.0479,0.9472409,-0.14455053,-0.18900444,-0.10781879
189,Neck,365.693,208.56665,0.90066737,-0.1393506,-0.07586001,-0.098464556
189,Hip,437.74136,298.37778,0.84175205,0.02093981,0.14643712,-0.0030205136
189,LBigToe,372.89783,466.77362,0.89392966,,,
189,RBigToe,380.10266,427.48126,0.92838764,,,
189,LSmallToe,387.3075,466.77362,0.82173604,,,
189,RSmallToe,380.10266,421.86804,0.8481188,,,
189,LHeel,416.12686,455.5472,0.87801915,,,
189,RHeel,416.12686,416.25485,0.72914416,,,
190,Nose,337.92697,192.41649,0.9312063,,,
190,LEye,344.67737,186.9245,0.95342344,,,
190,REye,337.92697,186.9245,0.9196092,,,
190,LEar,364.9285,192.41649,0.9373348,,,
190,REar,364.9285,197.90848,0.73773676,,,
190,LShoulder,371.6789,230.86043,0.8785063,-0.13043576,-0.013846083,-0.16770375
190,RShoulder,358.17813,225.36844,0.8339088,-0.1529074,-0.03068913,-0.018700413
190,LElbow,304.17508,247.3364,0.7960886,-0.2749686,0.01642121,-0.23190786
190,RElbow,310.92548,230.86043,0.87697285,-0.27226442,-0.018365975,0.045656413
190,LWrist,243.42166,247.3364,0.9207376,-0.43400562,0.017386798,-0.24895409
190,RWrist,263.67282,230.86043,0.83580834,-0.39603308,-0.016289234,0.025568416
190,LHip,439.18268,313.2403,0.79535097,0.03953164,0.16723631,-0.0680644
190,RHip,418.93155,307.7483,0.654446,0.008819884,0.14404412,0.06589404
190,LKnee,378.42926,368.1602,0.78134966,-0.11017548,0.31439877,-0.08177679
190,RKnee,378.42926,351.6842,0.8145299,-0.12293881,0.27006283,0.18210654
190,LAnkle,405.4308,450.54004,0.9524775,-0.037367336,0.4951816,-0.020487716
190,RAnkle,398.6804,417.5881,0.86684436,-0.052686863,0.42495057,0.18458524
190,Head,364.9285,164.95653,0.9648198,-0.14430839,-0.17334338,-0.10895796
190,Neck,364.9285,214.38445,0.9779639,-0.13867897,-0.061168857,-0.10112905
190,Hip,439.18268,302.2563,0.79163647,0.022867939,0.15637128,-0.0031420968
190,LBigToe,371.6789,467.01602,0.8558049,,,
190,RBigToe,378.42926,428.57208,0.947145,,,
190,LSmallToe,385.17963,467.01602,0.85994107,,,
190,RSmallToe,378.42926,423.0801,0.89382505,,,
190,LHeel,418.93155,456.03204,0.8964181,,,
190,RHeel,418.93155,417.5881,0.7045436,,,
191,Nose,341.31378,197.56865,0.89040446,,,
191,LEye,348.23453,192.17574,0.8995963,,,
191,REye,341.31378,192.17574,0.93504703,,,
191,LEar,368.99677,202.96156,0.9210673,,,
191,REar,368.99677,202.96156,0.7736345,,,
191,LShoulder,375.9175,240.71193,0.8680038,-0.12995583,0.00039893016,-0.16819647
191,RShoulder,362.07602,229.92612,0.8338001,-0.15137486,-0.0176203,-0.019687546
191,LElbow,299.78928,256.89066,0.86792904,-0.2771596,0.03216565,-0.22842243
191,RElbow,313.63077,235.31902,0.9758718,-0.27053773,-0.0078077074,0.04519409
191,LWrist,237.5025,251.49776,0.9116432,-0.43603456,0.031716775,-0.24437416
191,RWrist,258.26477,235.31902,0.8529376,-0.39350504,-0.005779568,0.02662392
191,LHip,445.12503,316.21268,0.80701834,0.041681513,0.17806388,-0.067339614
191,RHip,424.3628,310.81976,0.74732953,0.0103478,0.15374233,0.06546519
191,LKnee,382.8383,370.14178,0.811849,-0.11488929,0.31843224,-0.08549958
191,RKnee,375.9175,353.96304,0.8043081,-0.12790674,0.26972827,0.18392923
191,LAnkle,410.52127,451.03546,0.96516925,-0.037476726,0.49536625,-0.022898411
191,RAnkle,396.67978,418.67798,0.87325025,-0.053657748,0.42538595,0.18246263
191,Head,362.07602,170.6041,0.9476959,-0.14359926,-0.15846404,-0.10990003
191,Neck,368.99677,219.14029,0.9260194,-0.13738564,-0.047191206,-0.103557356
191,Hip,438.20428,310.81976,0.8476065,0.024211084,0.16681503,-0.003062626
191,LBigToe,375.9175,461.82126,0.8640846,,,
191,RBigToe,375.9175,424.0709,0.9044223,,,
191,LSmallToe,382.8383,467.21417,0.88076615,,,
191,RSmallToe,382.8383,424.0709,0.8137156,,,
191,LHeel,417.44202,456.42834,0.9256888,,,
191,RHeel,417.44202,418.67798,0.70451206,,,
192,Nose,336.93225,207.8497,0.91081256,,,
192,LEye,344.0564,202.55264,0.9347603,,,
192,REye,344.0564,197.25558,0.8897115,,,
192,LEar,365.4288,207.8497,0.9152153,,,
192,REar,365.4288,207.8497,0.72878796,,,
192,LShoulder,372.55295,244.92915,0.8828041,-0.1289763,0.013763886,-0.16830006
192,RShoulder,365.4288,234.33504,0.8423042,-0.14957733,-0.005310133,-0.020769892
192,LElbow,301.31152,260.82034,0.9498331,-0.27829644,0.04669356,-0.22471339
192,RElbow,315.5598,239.6321,0.9338045,-0.26839215,0.0022146404,0.044680476
192,LWrist,237.19426,260.82034,0.8866107,-0.43712053,0.045579623,-0.24013287
192,RWrist,258.56668,239.6321,0.8653121,-0.39056814,0.0043940675,0.027663741
192,LHip,443.79437,324.38513,0.8047284,0.042963296,0.1885455,-0.06668412
192,RHip,422.42194,313.791,0.72351134,0.011190074,0.16330412,0.06501362
192,LKnee,379.6771,372.05872,0.8325669,-0.11955102,0.32236722,-0.08981813
192,RKnee,372.55295,350.87045,0.8224995,-0.13199948,0.26911846,0.18571241
192,LAnkle,408.17365,446.21762,0.98049074,-0.03757041,0.49530467,-0.02535353
192,RAnkle,401.0495,414.4352,0.8543641,-0.054477084,0.42594954,0.1803987
192,Head,365.4288,176.06732,0.9363234,-0.14244688,-0.14465453,-0.11089664
192,Neck,365.4288,223.7409,0.92162704,-0.13591269,-0.034090914,-0.105904855
192,Hip,436.67023,313.791,0.8312104,0.0249009,0.17700095,-0.003047419
192,LBigToe,372.55295,467.40588,0.90393174,,,
192,RBigToe,379.6771,425.02936,0.8811166,,,
192,LSmallToe,386.80124,467.40588,0.84773713,,,
192,RSmallToe,379.6771,419.7323,0.8061811,,,
192,LHeel,415.2978,456.81174,0.92325723,,,
192,RHeel,415.2978,414.4352,0.7189825,,,
193,Nose,336.08838,212.39523,0.9338942,,,
193,LEye,343.24814,207.1873,0.94380856,,,
193,REye,343.24814,201.97937,0.9038626,,,
193,LEar,364.72742,212.39523,0.9051486,,,
193,REar,364.72742,212.39523,0.7288286,,,
193,LShoulder,371.88718,248.85078,0.87506604,-0.12758471,0.026084632,-0.16845137
193,RShoulder,371.88718,238.43492,0.78639126,-0.14787173,0.0063154157,-0.022174573
193,LElbow,300.28958,264.4746,0.9080064,-0.27847952,0.059941333,-0.2216522
193,RElbow,314.6091,243.64285,0.95933986,-0.26606837,0.011823658,0.043865453
193,LWrist,235.85176,264.4746,0.87325203,-0.4375873,0.057891037,-0.23684989
193,RWrist,264.49078,243.64285,0.8962555,-0.38766578,0.014184497,0.028428815
193,LHip,443.48477,326.96985,0.82344365,0.043996025,0.19879271,-0.066080965
193,RHip,422.0055,316.55396,0.74168086,0.011910295,0.17266579,0.06457072
193,LKnee,379.04694,373.84128,0.84569126,-0.12403883,0.32605633,-0.09397452
193,RKnee,371.88718,347.80157,0.8397765,-0.13541168,0.26846746,0.18733588
193,LAnkle,407.68597,446.75238,0.9889634,-0.03764136,0.49524656,-0.027396617
193,RAnkle,393.36646,415.50476,0.8617484,-0.055128686,0.42635325,0.17883262
193,Head,364.72742,181.14761,0.93022007,-0.14119169,-0.13177577,-0.11202096
193,Neck,371.88718,233.22699,0.93608654,-0.1340228,-0.0219516,-0.108068
193,Hip,436.325,316.55396,0.8398575,0.025495406,0.18692358,-0.0030198966
193,LBigToe,371.88718,467.58414,0.90717244,,,
193,RBigToe,379.04694,425.92062,0.93081015,,,
193,LSmallToe,386.2067,467.58414,0.8567351,,,
193,RSmallToe,379.04694,420.7127,0.83084655,,,
193,LHeel,414.84573,457.16824,0.9329022,,,
193,RHeel,414.84573,415.50476,0.7745818,,,
194,Nose,337.69965,216.5402,0.92495257,,,
194,LEye,344.79944,211.41354,0.95145285,,,
194,REye,344.79944,206.28688,0.8939834,,,
194,LEar,366.09872,216.5402,0.90639925,,,
194,REar,366.09872,216.5402,0.7346657,,,
194,LShoulder,373.1985,252.42683,0.87052435,-0.12580672,0.03733091,-0.16823384
194,RShoulder,366.09872,242.17351,0.80205315,-0.14594203,0.016925648,-0.022804454
194,LElbow,302.20084,272.9335,0.8819363,-0.27769214,0.07220358,-0.21924728
194,RElbow,316.40036,247.30017,0.95719254,-0.26384676,0.021068525,0.043672875
194,LWrist,238.30298,267.80682,0.85831696,-0.43732363,0.06876016,-0.23451422
194,RWrist,266.70203,247.30017,0.8998762,-0.3852385,0.023684673,0.029709024
194,LHip,444.1961,329.32678,0.7866803,0.04482023,0.20918417,-0.065561645
194,RHip,422.89682,319.07346,0.71261704,0.012708858,0.1822161,0.06424887
194,LKnee,373.1985,375.46674,0.85504276,-0.12840974,0.32938272,-0.09798039
194,RKnee,373.1985,349.83344,0.82548755,-0.13793978,0.26821327,0.18897197
194,LAnkle,408.6973,447.24002,0.99520606,-0.03758947,0.49517986,-0.02914734
194,RAnkle,394.49777,416.48004,0.84223163,-0.05528998,0.42698118,0.17723033
194,Head,366.09872,190.90689,0.94081163,-0.13995011,-0.119815305,-0.11248894
194,Neck,373.1985,237.04684,0.9224259,-0.1321885,-0.01085483,-0.10940936
194,Hip,437.09634,324.2001,0.8157393,0.026123377,0.19702049,-0.0028328972
194,LBigToe,373.1985,467.74667,0.9094535,,,
194,RBigToe,373.1985,426.73337,0.85800266,,,
194,LSmallToe,387.398,467.74667,0.8407636,,,
194,RSmallToe,380.29825,421.60672,0.7569978,,,
194,LHeel,415.79706,452.3667,0.93117785,,,
194,RHeel,415.79706,416.48004,0.7487391,,,
195,Nose,339.67752,220.74913,0.9326646,,,
195,LEye,346.38452,215.705,0.9482608,,,
195,REye,339.67752,210.66086,0.914241,,,
195,LEar,366.50558,220.74913,0.9410668,,,
195,REar,366.50558,220.74913,0.76906675,,,
195,LShoulder,379.91962,256.05807,0.85431993,-0.12396614,0.047890406,-0.16796243
195,RShoulder,366.50558,251.01395,0.8313385,-0.14425975,0.026989464,-0.023595892
195,LElbow,306.14243,276.23462,0.849284,-0.2760846,0.08336796,-0.21695095
195,RElbow,312.84946,251.01395,0.90861803,-0.26205248,0.030351486,0.043177087
195,LWrist,232.36525,271.1905,0.87300175,-0.43723983,0.079645365,-0.2326465
195,RWrist,265.90033,251.01395,0.9113517,-0.38325843,0.033427138,0.030861674
195,LHip,446.98978,336.76422,0.7403656,0.045624033,0.21896003,-0.06506961
195,RHip,420.1617,326.67596,0.7078841,0.013433765,0.19138657,0.06393246
195,LKnee,373.2126,377.1173,0.89009744,-0.13207062,0.33284718,-0.101753876
195,RKnee,373.2126,346.8525,0.8307655,-0.13989289,0.26794517,0.19036347
195,LAnkle,406.74768,447.7352,0.93472993,-0.0375007,0.4951184,-0.030618535
195,RAnkle,400.04065,417.4704,0.8320316,-0.055127993,0.42744127,0.17598
195,Head,366.50558,190.48433,0.9491489,-0.13878997,-0.10872114,-0.11297778
195,Neck,366.50558,240.92567,0.9276092,-0.13050103,-0.00052933954,-0.11066509
195,Hip,440.28275,326.67596,0.8004109,0.027030155,0.20655464,-0.0027092646
195,LBigToe,373.2126,462.86758,0.8709091,,,
195,RBigToe,373.2126,427.55865,0.8175325,,,
195,LSmallToe,386.62662,467.91174,0.8662445,,,
195,RSmallToe,379.91962,422.51453,0.6984084,,,
195,LHeel,420.1617,452.77933,0.8460354,,,
195,RHeel,413.45468,417.4704,0.7900563,,,
196,Nose,337.28677,223.92538,0.924913,,,
196,LEye,344.42834,218.94353,0.93664813,,,
196,REye,344.42834,218.94353,0.9439276,,,
196,LEar,365.85303,223.92538,0.8847845,,,
196,REar,365.85303,223.92538,0.72076446,,,
196,LShoulder,380.13614,258.79837,0.8549561,-0.12213133,0.05700327,-0.16797704
196,RShoulder,372.99457,248.83466,0.7729359,-0.14299634,0.03605489,-0.024309032
196,LElbow,308.72055,278.7258,0.88378847,-0.27411246,0.09327267,-0.21565965
196,RElbow,315.86212,253.81651,0.9287052,-0.26039606,0.03907123,0.042496752
196,LWrist,230.1634,278.7258,0.87449276,-0.43637785,0.0899947,-0.23121212
196,RWrist,265.8712,253.81651,0.89749885,-0.3818883,0.042639185,0.031705104
196,LHip,444.41016,338.50806,0.77781093,0.046095688,0.22763936,-0.06471684
196,RHip,422.9855,328.54434,0.6857542,0.013583801,0.1997034,0.06366283
196,LKnee,372.99457,378.36288,0.8578166,-0.13506317,0.33604887,-0.105194055
196,RKnee,372.99457,348.47177,0.8390562,-0.14154328,0.26809582,0.19146737
196,LAnkle,408.70236,448.10886,0.9698333,-0.037379704,0.49512914,-0.032068457
196,RAnkle,394.41925,418.21774,0.8367585,-0.05484979,0.42798987,0.174656
196,Head,365.85303,194.03424,0.92699456,-0.13795334,-0.09874432,-0.11342022
196,Neck,372.99457,243.8528,0.9226859,-0.12893164,0.008674692,-0.111866556
196,Hip,437.26862,328.54434,0.80181533,0.027139014,0.21505405,-0.002625909
196,LBigToe,372.99457,463.05444,0.88725823,,,
196,RBigToe,372.99457,428.18146,0.8029503,,,
196,LSmallToe,387.2777,468.0363,0.8347499,,,
196,RSmallToe,380.13614,423.1996,0.7316349,,,
196,LHeel,415.84393,453.09073,0.91652817,,,
196,RHeel,415.84393,418.21774,0.76460946,,,
197,Nose,342.7627,227.70844,0.916788,,,
197,LEye,349.66776,222.80077,0.91310406,,,
197,REye,342.7627,222.80077,0.951066,,,
197,LEar,370.3829,227.70844,0.8875737,,,
197,REar,370.3829,227.70844,0.71250314,,,
197,LShoulder,377.28793,262.0622,0.85310084,-0.120375566,0.06555244,-0.1678095
197,RShoulder,370.3829,257.1545,0.834556,-0.14203237,0.044375088,-0.024508476
197,LElbow,308.2375,281.6929,0.86748016,-0.27215773,0.102611184,-0.21488889
197,RElbow,322.04758,257.1545,0.910814,-0.25931215,0.047478896,0.042094767
197,LWrist,232.28197,281.6929,0.8714386,-0.43474087,0.09885667,-0.23035868
197,RWrist,266.8072,262.0622,0.86051613,-0.38082492,0.05185551,0.032581575
197,LHip,439.43335,340.58502,0.74487174,0.046846025,0.2358434,-0.064501576
197,RHip,418.7182,330.76968,0.6613104,0.01396084,0.20769013,0.06348964
197,LKnee,377.28793,379.84644,0.8355396,-0.13748318,0.33892164,-0.10816065
197,RKnee,370.3829,350.4004,0.87040794,-0.142724,0.26846585,0.19223404
197,LAnkle,404.9081,448.55392,0.9294912,-0.037303966,0.49499848,-0.03343554
197,RAnkle,404.9081,419.10788,0.8106993,-0.054178797,0.42843333,0.17308868
197,Head,363.47784,203.17004,0.93967265,-0.13767204,-0.08926828,-0.113507256
197,Neck,370.3829,247.33914,0.9388806,-0.12789786,0.017255846,-0.11253361
197,Hip,439.43335,335.67734,0.76107156,0.02778711,0.22307861,-0.0024905375
197,LBigToe,370.3829,463.27698,0.87614626,,,
197,RBigToe,377.28793,428.92322,0.75727063,,,
197,LSmallToe,384.193,468.18463,0.8738131,,,
197,RSmallToe,377.28793,424.01553,0.5768015,,,
197,LHeel,418.7182,453.4616,0.87824345,,,
197,RHeel,418.7182,419.10788,0.85124075,,,
198,Nose,337.89792,230.32494,0.922542,,,
198,LEye,344.68994,225.46857,0.91340446,,,
198,REye,344.68994,225.46857,0.957036,,,
198,LEar,365.066,230.32494,0.8783978,,,
198,REar,371.85803,230.32494,0.72466296,,,
198,LShoulder,378.65005,269.17593,0.8696099,-0.11890938,0.072934136,-0.16761887
198,RShoulder,365.066,259.4632,0.8448369,-0.14124346,0.05178712,-0.024741437
198,LElbow,310.72983,288.6014,0.83916783,-0.2701651,0.11098389,-0.21438587
198,RElbow,317.52185,259.4632,0.89975655,-0.25861755,0.055414308,0.04170572
198,LWrist,236.0176,283.74506,0.90456235,-0.43243784,0.106742695,-0.22968152
198,RWrist,263.18567,264.31955,0.8770516,-0.3802727,0.060114514,0.033331178
198,LHip,446.57025,346.8779,0.7585602,0.04772112,0.24272852,-0.06423662
198,RHip,419.40216,337.16516,0.6535805,0.014516063,0.21451454,0.06336866
198,LKnee,371.85803,380.87253,0.87668663,-0.13945192,0.34111091,-0.11144062
198,RKnee,371.85803,351.73428,0.8363665,-0.14346415,0.2689211,0.19274431
198,LAnkle,405.8181,448.86176,0.92093545,-0.03709368,0.49484888,-0.034504924
198,RAnkle,399.0261,419.7235,0.8166843,-0.05351753,0.428951,0.17164713
198,Head,365.066,206.04308,0.94633037,-0.13747361,-0.08105992,-0.11353592
198,Neck,371.85803,249.75043,0.9443808,-0.1269784,0.024781853,-0.11294436
198,Hip,439.77823,337.16516,0.80014664,0.028549297,0.22976606,-0.002473762
198,LBigToe,371.85803,458.5745,0.8767888,,,
198,RBigToe,371.85803,424.5799,0.826734,,,
198,LSmallToe,385.44208,468.28726,0.87047535,,,
198,RSmallToe,378.65005,424.5799,0.5885984,,,
198,LHeel,419.40216,453.71814,0.8886509,,,
198,RHeel,419.40216,419.7235,0.87498087,,,
199,Nose,340.02524,236.94865,0.9329647,,,
199,LEye,346.68335,232.12762,0.955681,,,
199,REye,340.02524,227.3066,0.92893875,,,
199,LEar,366.65762,236.94865,0.9053293,,,
199,REar,373.3157,232.12762,0.7141671,,,
199,LShoulder,379.97382,270.69583,0.8739552,-0.11782007,0.07947247,-0.16746685
199,RShoulder,366.65762,261.05377,0.8603609,-0.14096305,0.058361758,-0.024912791
199,LElbow,313.39288,289.97995,0.887491,-0.26817894,0.118393004,-0.21408492
199,RElbow,313.39288,265.87482,0.894315,-0.25829414,0.0628615,0.041513503
199,LWrist,246.81194,285.15894,0.88800126,-0.42961425,0.11465339,-0.22935876
199,RWrist,266.78622,265.87482,0.89083385,-0.3796939,0.06775929,0.03364519
199,LHip,446.55475,347.83228,0.77722096,0.048574094,0.24836792,-0.06412734
199,RHip,419.92236,338.19022,0.6848006,0.014802161,0.22005364,0.06322378
199,LKnee,373.3157,381.57947,0.87843037,-0.14078328,0.34289816,-0.11411544
199,RKnee,366.65762,352.6533,0.87545294,-0.1442628,0.2692993,0.19281738
199,LAnkle,406.60617,449.07385,0.92387,-0.036842126,0.49476483,-0.035653125
199,RAnkle,399.9481,415.32666,0.82537884,-0.052770823,0.42931744,0.17029682
199,Head,366.65762,208.02249,0.94472975,-0.13767569,-0.073981896,-0.11356229
199,Neck,373.3157,256.23276,0.94361687,-0.12649184,0.03124611,-0.11329742
199,Hip,439.89664,338.19022,0.8064082,0.029107496,0.23515351,-0.0025008025
199,LBigToe,373.3157,458.71588,0.8675012,,,
199,RBigToe,373.3157,424.9687,0.8601799,,,
199,LSmallToe,386.6319,468.35794,0.8437487,,,
199,RSmallToe,379.97382,420.14767,0.6075584,,,
199,LHeel,419.92236,453.89487,0.894125,,,
199,RHeel,419.92236,420.14767,0.8783406,,,
200,Nose,341.31036,239.764,0.9251339,,,
200,LEye,347.8868,234.9993,0.94735837,,,
200,REye,341.31036,230.23457,0.9532085,,,
200,LEar,367.6162,234.9993,0.89228535,,,
200,REar,374.1927,234.9993,0.68104386,,,
200,LShoulder,380.76917,273.11707,0.87810326,-0.11716893,0.08437692,-0.16742247
200,RShoulder,367.6162,263.58762,0.88188994,-0.1406928,0.06321375,-0.024981031
200,LElbow,315.00446,292.17593,0.9133158,-0.2670658,0.12428518,-0.21353962
200,RElbow,315.00446,268.35233,0.90863824,-0.25796437,0.068764985,0.041233405
200,LWrist,242.6633,292.17593,0.8908215,-0.4286428,0.12173399,-0.22946802
200,RWrist,262.3927,268.35233,0.8824336,-0.3794232,0.07429324,0.03380065
200,LHip,446.53387,349.35257,0.75391716,0.049266674,0.25263956,-0.06406272
200,RHip,420.22797,339.82312,0.648497,0.015067857,0.22432357,0.06305189
200,LKnee,367.6162,382.7056,0.84129524,-0.14165215,0.34404656,-0.11647601
200,RKnee,367.6162,349.35257,0.8933763,-0.14466631,0.26989326,0.19272986
200,LAnkle,407.07504,449.41168,0.91163003,-0.0365714,0.49461618,-0.036644775
200,RAnkle,400.49857,416.05865,0.8672544,-0.052039564,0.4295899,0.16899264
200,Head,367.6162,211.17569,0.9253111,-0.13814841,-0.06865786,-0.11353059
200,Neck,374.1927,254.05817,0.9454635,-0.1262818,0.03635556,-0.113656774
200,Hip,439.9574,339.82312,0.776094,0.029596182,0.23922072,-0.0025110936
200,LBigToe,374.1927,458.94113,0.88810235,,,
200,RBigToe,374.1927,425.58807,0.8816635,,,
200,LSmallToe,387.34564,468.47055,0.8312298,,,
200,RSmallToe,380.76917,420.82336,0.6227116,,,
200,LHeel,420.22797,454.1764,0.87927353,,,
200,RHeel,420.22797,420.82336,0.9134126,,,
201,Nose,338.05295,241.5132,0.9190207,,,
201,LEye,344.7636,236.78346,0.9311205,,,
201,REye,344.7636,232.05373,0.94211286,,,
201,LEar,371.60626,241.5132,0.85960186,,,
201,REar,371.60626,236.78346,0.6842993,,,
201,LShoulder,378.31693,274.62134,0.8756475,-0.1170205,0.08858737,-0.16728424
201,RShoulder,371.60626,265.16187,0.8000845,-0.14090452,0.06740023,-0.02497668
201,LElbow,311.21033,293.54028,0.84961325,-0.2666301,0.12936918,-0.21305305
201,RElbow,317.921,269.8916,0.90223014,-0.25776076,0.0737174,0.04119219
201,LWrist,244.1037,293.54028,0.9159797,-0.42800093,0.12790397,-0.2302285
201,RWrist,264.2357,269.8916,0.8948239,-0.37910396,0.079875946,0.03406275
201,LHip,445.42352,350.29712,0.71311903,0.049940586,0.25589427,-0.06404489
201,RHip,418.5809,340.83765,0.6433433,0.015173063,0.22765468,0.06289067
201,LKnee,371.60626,383.40527,0.88413686,-0.1418392,0.34534582,-0.11851233
201,RKnee,371.60626,350.29712,0.84762406,-0.14483222,0.2707703,0.19269449
201,LAnkle,405.15958,449.62158,0.90042406,-0.036332138,0.4945213,-0.037568606
201,RAnkle,405.15958,416.51343,0.85613817,-0.051272683,0.42978296,0.16787726
201,Head,364.8956,213.13478,0.9459743,-0.13922705,-0.064148635,-0.11346682
201,Neck,371.60626,255.70241,0.9221991,-0.12652937,0.040521864,-0.11383293
201,Hip,438.71286,340.83765,0.77421856,0.02992321,0.24236347,-0.0025508974
201,LBigToe,371.60626,459.08105,0.8982486,,,
201,RBigToe,385.0276,425.9729,0.7438235,,,
201,LSmallToe,385.0276,468.54053,0.8508208,,,
201,RSmallToe,385.0276,421.24316,0.4744956,,,
201,LHeel,418.5809,454.35132,0.90177965,,,
201,RHeel,418.5809,421.24316,0.91755897,,,
202,Nose,344.31973,243.38272,0.914357,,,
202,LEye,351.0113,238.69038,0.92732525,,,
202,REye,344.31973,233.99803,0.9375222,,,
202,LEar,371.08597,243.38272,0.87177545,,,
202,REar,371.08597,238.69038,0.6562306,,,
202,LShoulder,377.7775,276.22916,0.86396354,-0.11691719,0.0915239,-0.16701943
202,RShoulder,371.08597,266.84445,0.73244756,-0.14114617,0.07031757,-0.024832115
202,LElbow,310.862,294.99854,0.8625145,-0.2661631,0.13285832,-0.2126665
202,RElbow,317.55353,271.5368,0.917384,-0.25770074,0.0771123,0.04124533
202,LWrist,243.94646,294.99854,0.9029063,-0.42751065,0.1325377,-0.23122235
202,RWrist,264.02112,271.5368,0.8915463,-0.37879646,0.08406158,0.034551535
202,LHip,444.69302,355.99902,0.7069224,0.050984494,0.25768033,-0.06399513
202,RHip,424.61838,341.922,0.61879206,0.015680036,0.22966604,0.06273271
202,LKnee,371.08597,384.15308,0.85012877,-0.14152414,0.34585565,-0.119930096
202,RKnee,371.08597,351.30667,0.8419017,-0.14494368,0.27143934,0.19251375
202,LAnkle,404.54373,449.84592,0.8843473,-0.03603161,0.49453583,-0.03825252
202,RAnkle,404.54373,416.9995,0.8613385,-0.050615493,0.4299833,0.16695318
202,Head,364.3944,215.22865,0.9498221,-0.14034206,-0.06121992,-0.113311976
202,Neck,371.08597,262.1521,0.91892034,-0.12682688,0.043210056,-0.1136618
202,Hip,444.69302,341.922,0.7832105,0.030897558,0.24410199,-0.002595328
202,LBigToe,371.08597,459.23062,0.89252865,,,
202,RBigToe,377.7775,426.3842,0.80760497,,,
202,LSmallToe,384.46906,468.6153,0.85923517,,,
202,RSmallToe,384.46906,421.69186,0.53599346,,,
202,LHeel,417.92682,454.53827,0.88832587,,,
202,RHeel,417.92682,421.69186,0.9152532,,,
203,Nose,343.0981,244.33597,0.9127478,,,
203,LEye,349.86133,239.66269,0.93024653,,,
203,REye,343.0981,234.98941,0.94957525,,,
203,LEar,370.151,239.66269,0.8738859,,,
203,REar,370.151,239.66269,0.66730803,,,
203,LShoulder,376.9142,277.04892,0.8895979,-0.117049485,0.092616215,-0.16700703
203,RShoulder,370.151,267.70236,0.8190073,-0.14152695,0.07137258,-0.024636665
203,LElbow,309.282,295.74207,0.8109049,-0.2660027,0.13480258,-0.21255535
203,RElbow,316.04523,272.37564,0.92127955,-0.25783196,0.078845635,0.04163439
203,LWrist,241.64981,295.74207,0.9188993,-0.42749172,0.13588198,-0.2324221
203,RWrist,268.7027,272.37564,0.8750391,-0.3785861,0.086867765,0.03522228
203,LHip,444.54642,351.8214,0.7357722,0.051027983,0.25842908,-0.064066984
203,RHip,424.25674,342.47485,0.6558564,0.015199108,0.23044704,0.06271699
203,LKnee,370.151,384.5344,0.8014674,-0.14128567,0.34631822,-0.12063723
203,RKnee,370.151,356.4947,0.8385119,-0.14527968,0.27243242,0.19190836
203,LAnkle,410.73032,449.96033,0.8970834,-0.03559863,0.4946243,-0.03877926
203,RAnkle,403.9671,417.24734,0.8618973,-0.0500978,0.43023255,0.16631866
203,Head,363.3878,216.29628,0.9554052,-0.14127469,-0.060255587,-0.112993635
203,Neck,370.151,258.3558,0.9301771,-0.1272812,0.044306178,-0.11351482
203,Hip,437.7832,342.47485,0.8085847,0.030449646,0.24484058,-0.0025887003
203,LBigToe,370.151,459.3069,0.8926743,,,
203,RBigToe,383.67743,426.5939,0.7983672,,,
203,LSmallToe,383.67743,468.65344,0.8556469,,,
203,RSmallToe,383.67743,421.92062,0.52983665,,,
203,LHeel,417.49353,454.6336,0.88921607,,,
203,RHeel,417.49353,421.92062,0.9120603,,,
204,Nose,342.9012,244.16444,0.91933596,,,
204,LEye,349.68723,239.48773,0.94838345,,,
204,REye,342.9012,234.81102,0.9279855,,,
204,LEar,370.04526,244.16444,0.9070133,,,
204,REar,370.04526,239.48773,0.69419193,,,
204,LShoulder,376.83127,276.90143,0.88778025,-0.11707468,0.09207423,-0.1669789
204,RShoulder,363.25925,267.548,0.82963073,-0.14184016,0.070838824,-0.024390617
204,LElbow,315.75717,295.60828,0.78384066,-0.2656318,0.1349877,-0.21249133
204,RElbow,315.75717,272.2247,0.91593385,-0.25802156,0.07881689,0.042012565
204,LWrist,241.11104,300.28497,0.88581556,-0.4272612,0.13795696,-0.23342484
204,RWrist,268.2551,276.90143,0.8742851,-0.3787119,0.088160425,0.036259945
204,LHip,444.69138,351.7288,0.7318856,0.051116895,0.25772068,-0.064150624
204,RHip,417.54733,342.37537,0.65756446,0.01491551,0.22983472,0.06275629
204,LKnee,376.83127,384.4658,0.78902954,-0.1408095,0.34620792,-0.12032031
204,RKnee,370.04526,351.7288,0.83141387,-0.14547455,0.2728423,0.19158447
204,LAnkle,410.76132,449.93973,0.9009386,-0.035464924,0.49465266,-0.038938146
204,RAnkle,403.9753,417.20276,0.86609,-0.049681284,0.43024448,0.16643575
204,Head,363.25925,216.10419,0.9515157,-0.14184804,-0.061154623,-0.112723015
204,Neck,370.04526,258.19458,0.9296729,-0.12760323,0.04356548,-0.11304114
204,Hip,437.90536,342.37537,0.8103711,0.030467423,0.2441807,-0.0025802555
204,LBigToe,370.04526,459.29315,0.8857685,,,
204,RBigToe,383.61728,426.55618,0.8025928,,,
204,LSmallToe,383.61728,468.64658,0.851829,,,
204,RSmallToe,383.61728,421.87946,0.5433634,,,
204,LHeel,417.54733,454.61646,0.89037675,,,
204,RHeel,417.54733,421.87946,0.9085475,,,
205,Nose,341.13898,243.5016,0.9344597,,,
205,LEye,348.0353,238.81163,0.9483468,,,
205,REye,341.13898,234.12167,0.9206664,,,
205,LEar,368.7243,243.5016,0.8961831,,,
205,REar,368.7243,238.81163,0.69365263,,,
205,LShoulder,375.62064,276.3314,0.87174535,-0.11708273,0.09016006,-0.16694558
205,RShoulder,375.62064,266.95145,0.7351284,-0.14210495,0.06919955,-0.02412871
205,LElbow,306.6573,299.78122,0.8653019,-0.26543438,0.13377614,-0.21317044
205,RElbow,320.44995,271.64142,0.97455513,-0.2581146,0.07737738,0.04215536
205,LWrist,237.69394,299.78122,0.8917098,-0.42691877,0.1378934,-0.23447922
205,RWrist,265.27927,276.3314,0.89433104,-0.3790998,0.08728224,0.036878064
205,LHip,444.58398,351.37088,0.7165412,0.051489316,0.25587592,-0.06417421
205,RHip,423.895,341.99094,0.6623014,0.015024396,0.228139,0.06278737
205,LKnee,375.62064,384.20065,0.7836344,-0.14037997,0.34535292,-0.119602844
205,RKnee,368.7243,356.06082,0.84953374,-0.14569104,0.27331787,0.19127837
205,LAnkle,410.10233,449.8602,0.90229434,-0.035459492,0.49474403,-0.038731314
205,RAnkle,403.206,417.03043,0.8289877,-0.049285375,0.43016818,0.16724575
205,Head,361.82797,215.3618,0.9199897,-0.14206854,-0.06365025,-0.11251629
205,Neck,375.62064,262.26147,0.9030702,-0.12757406,0.04132304,-0.11239934
205,Hip,444.58398,341.99094,0.8110084,0.031126246,0.24235614,-0.0025853075
205,LBigToe,368.7243,459.24014,0.89243406,,,
205,RBigToe,382.51697,426.41034,0.7216891,,,
205,LSmallToe,382.51697,468.62006,0.85019284,,,
205,RSmallToe,389.4133,426.41034,0.47527677,,,
205,LHeel,416.99866,454.55017,0.8917585,,,
205,RHeel,416.99866,421.7204,0.89047885,,,
206,Nose,341.8352,241.74571,0.9277113,,,
206,LEye,348.70306,237.02063,0.94887227,,,
206,REye,341.8352,232.29555,0.92606145,,,
206,LEar,369.30658,241.74571,0.89461106,,,
206,REar,369.30658,237.02063,0.7040693,,,
206,LShoulder,383.04227,274.82132,0.8762801,-0.11707249,0.085611194,-0.16685325
206,RShoulder,369.30658,265.37115,0.8004487,-0.14239362,0.06473142,-0.023397058
206,LElbow,307.496,298.44675,0.79357135,-0.2646585,0.12917452,-0.21387428
206,RElbow,321.2317,270.09622,0.94351304,-0.25864086,0.07345101,0.043237172
206,LWrist,238.8176,298.44675,0.92258376,-0.4260973,0.13422118,-0.236503
206,RWrist,266.28897,274.82132,0.91195804,-0.3795469,0.08362073,0.038157497
206,LHip,444.85284,350.4227,0.7365224,0.050337978,0.25264832,-0.06431493
206,RHip,417.38147,340.9725,0.6401088,0.014013422,0.22506799,0.06300385
206,LKnee,376.1744,383.4983,0.8229694,-0.1403344,0.34448957,-0.11813565
206,RKnee,369.30658,355.14777,0.8560042,-0.145879,0.27387425,0.19094828
206,LAnkle,410.5136,449.64948,0.9169315,-0.035474036,0.49485055,-0.038144883
206,RAnkle,403.64578,416.57388,0.8395962,-0.048932962,0.43001178,0.1685951
206,Head,362.43875,213.3952,0.9336234,-0.1413987,-0.069025174,-0.11156965
206,Neck,369.30658,255.92097,0.89223266,-0.12773572,0.0365948,-0.11117074
206,Hip,437.985,340.9725,0.8051622,0.030077085,0.23931362,-0.002541885
206,LBigToe,369.30658,459.09967,0.8863136,,,
206,RBigToe,383.04227,426.02405,0.74811107,,,
206,LSmallToe,383.04227,468.54984,0.8373148,,,
206,RSmallToe,383.04227,421.29898,0.48809227,,,
206,LHeel,417.38147,454.37457,0.90706766,,,
206,RHeel,417.38147,421.29898,0.8934774,,,
207,Nose,337.4598,239.62851,0.9279325,,,
207,LEye,344.22446,234.86107,0.9479552,,,
207,REye,344.22446,230.09364,0.9208244,,,
207,LEar,371.28302,239.62851,0.9062815,,,
207,REar,371.28302,234.86107,0.6864076,,,
207,LShoulder,378.04764,273.00052,0.87833846,-0.11663832,0.07852656,-0.16651538
207,RShoulder,364.51837,263.46564,0.83827853,-0.14224681,0.05794515,-0.022322623
207,LElbow,310.40125,292.07022,0.8017813,-0.26339528,0.12156691,-0.21467146
207,RElbow,317.1659,268.2331,0.91363645,-0.2590398,0.06725791,0.044232592
207,LWrist,242.75487,296.83768,0.9282572,-0.42505938,0.12782238,-0.23929214
207,RWrist,263.0488,273.00052,0.8667283,-0.37999105,0.07742055,0.039503396
207,LHip,445.69403,349.2794,0.7615828,0.049268577,0.24786948,-0.064446725
207,RHip,418.63547,339.74454,0.68581116,0.013281685,0.22038688,0.06319711
207,LKnee,371.28302,382.6514,0.8441332,-0.14034571,0.34289452,-0.11591529
207,RKnee,371.28302,354.0468,0.8287783,-0.1460748,0.27412608,0.19052503
207,LAnkle,405.1062,449.39542,0.91736215,-0.035648815,0.49487445,-0.03707193
207,RAnkle,405.1062,416.0234,0.8653158,-0.04863499,0.42956492,0.17069611
207,Head,364.51837,211.02393,0.9412182,-0.1399112,-0.07704055,-0.110413834
207,Neck,371.28302,253.93079,0.9278168,-0.12743193,0.029412728,-0.10936844
207,Hip,438.92938,339.74454,0.81703085,0.029607957,0.23464401,-0.0025102657
207,LBigToe,371.28302,458.93027,0.8940419,,,
207,RBigToe,378.04764,425.55826,0.7476244,,,
207,LSmallToe,384.8123,468.46515,0.8560574,,,
207,RSmallToe,384.8123,425.55826,0.470989,,,
207,LHeel,418.63547,454.16284,0.90211755,,,
207,RHeel,418.63547,420.79083,0.93609583,,,
208,Nose,338.86877,231.99551,0.94082814,,,
208,LEye,345.60544,227.17189,0.93297756,,,
208,REye,345.60544,227.17189,0.94318044,,,
208,LEar,365.81546,231.99551,0.90199393,,,
208,REar,372.55212,231.99551,0.7442489,,,
208,LShoulder,379.2888,265.76083,0.8558698,-0.11612667,0.069479,-0.16636208
208,RShoulder,365.81546,260.93723,0.85282457,-0.14191923,0.04914246,-0.021182049
208,LElbow,311.9221,289.8789,0.8851705,-0.26196522,0.11178289,-0.21631005
208,RElbow,318.65878,265.76083,0.8818448,-0.25910053,0.05917983,0.04539127
208,LWrist,244.55542,294.70255,0.862945,-0.42417794,0.11853506,-0.24239485
208,RWrist,264.7654,265.76083,0.87224,-0.38019514,0.069072545,0.040857796
208,LHip,446.65546,347.76233,0.75386226,0.04789554,0.24180885,-0.06464526
208,RHip,419.7088,333.29147,0.64499676,0.012143579,0.21429403,0.06341268
208,LKnee,372.55212,381.52765,0.84493935,-0.14022934,0.34094134,-0.11270797
208,RKnee,365.81546,352.58594,0.8159825,-0.14647044,0.27427652,0.18982714
208,LAnkle,406.23544,449.0583,0.92270744,-0.03575912,0.49487975,-0.035750717
208,RAnkle,406.23544,420.11658,0.82614803,-0.048340872,0.42886254,0.17323546
208,Head,365.81546,203.0538,0.9275881,-0.13784648,-0.08732407,-0.10929883
208,Neck,372.55212,251.28998,0.95264035,-0.12683693,0.02006435,-0.10744789
208,Hip,439.9188,338.11508,0.80063874,0.028887521,0.22860216,-0.0024963713
208,LBigToe,372.55212,458.70554,0.90147203,,,
208,RBigToe,379.2888,424.94022,0.72713965,,,
208,LSmallToe,386.02545,468.35275,0.868374,,,
208,RSmallToe,379.2888,424.94022,0.4748362,,,
208,LHeel,419.7088,453.88193,0.8954929,,,
208,RHeel,419.7088,420.11658,0.91650474,,,
209,Nose,340.3559,227.12982,0.95658237,,,
209,LEye,347.02618,222.21078,0.94445395,,,
209,REye,347.02618,222.21078,0.9332848,,,
209,LEar,367.0371,227.12982,0.90988463,,,
209,REar,367.0371,227.12982,0.7377982,,,
209,LShoulder,380.37775,261.563,0.86896867,-0.11563587,0.05851343,-0.1662606
209,RShoulder,360.36682,256.64395,0.8951871,-0.14150155,0.03856772,-0.020099318
209,LElbow,313.67465,286.15808,0.8066279,-0.26049155,0.09960297,-0.21840245
209,RElbow,313.67465,261.563,0.91596234,-0.25890076,0.04904821,0.046272185
209,LWrist,240.30127,286.15808,0.8710565,-0.42381275,0.10616784,-0.24657792
209,RWrist,266.9825,266.482,0.85836947,-0.3802539,0.05920137,0.042191707
209,LHip,447.0808,340.26736,0.75477386,0.046028677,0.23474531,-0.06492966
209,RHip,420.3996,330.4293,0.66717696,0.010678279,0.207123,0.0636396
209,LKnee,373.70743,379.61954,0.8489925,-0.14024946,0.33858517,-0.10861561
209,RKnee,367.0371,350.1054,0.81032044,-0.14651527,0.27447248,0.18917018
209,LAnkle,407.05896,448.48587,0.9244806,-0.035839416,0.49474636,-0.03411833
209,RAnkle,407.05896,418.9717,0.7976868,-0.04809386,0.42818394,0.17594007
209,Head,367.0371,202.5347,0.94959897,-0.13544123,-0.09955503,-0.107913695
209,Neck,373.70743,246.80591,0.94442743,-0.12610853,0.008892585,-0.1054425
209,Hip,440.4105,335.34833,0.76771146,0.027681867,0.22137603,-0.0025339967
209,LBigToe,373.70743,463.24292,0.9236686,,,
209,RBigToe,380.37775,428.80975,0.6931963,,,
209,LSmallToe,387.04803,468.16196,0.8657844,,,
209,RSmallToe,380.37775,428.80975,0.50745386,,,
209,LHeel,420.3996,453.40488,0.8814702,,,
209,RHeel,420.3996,418.9717,0.8826879,,,
210,Nose,340.18878,222.86151,0.94292444,,,
210,LEye,346.85938,217.8588,0.94163823,,,
210,REye,346.85938,217.8588,0.9051412,,,
210,LEar,366.87122,222.86151,0.9113421,,,
210,REar,366.87122,222.86151,0.7423465,,,
210,LShoulder,380.21243,257.88052,0.8429093,-0.115102015,0.04546432,-0.16606942
210,RShoulder,360.2006,252.8778,0.9065161,-0.14084643,0.025761392,-0.018788056
210,LElbow,320.17694,277.8914,0.7668406,-0.25840926,0.085335925,-0.22119467
210,RElbow,313.50635,257.88052,0.89596313,-0.25824517,0.037553336,0.04743422
210,LWrist,240.12967,282.8941,0.846278,-0.42230538,0.09256038,-0.25107884
210,RWrist,266.8121,257.88052,0.8352774,-0.38019863,0.04729184,0.043480985
210,LHip,446.9185,337.92398,0.7473464,0.04319071,0.22649635,-0.06530102
210,RHip,420.23605,327.91855,0.65282154,0.008520584,0.19898188,0.06392413
210,LKnee,373.5418,377.94568,0.8452274,-0.14020403,0.3358409,-0.10393983
210,RKnee,366.87122,352.9321,0.8453207,-0.14608297,0.2748194,0.1884886
210,LAnkle,406.89484,447.9837,0.93253124,-0.03585452,0.4944779,-0.032066442
210,RAnkle,406.89484,417.9674,0.81673765,-0.047973327,0.42740718,0.17886002
210,Head,366.87122,197.84793,0.9451601,-0.13254389,-0.11369169,-0.10651458
210,Neck,373.5418,242.87238,0.93462104,-0.12519279,-0.0043789223,-0.103372745
210,Hip,440.2479,327.91855,0.767117,0.025653848,0.2131655,-0.0026940221
210,LBigToe,373.5418,457.98914,0.9071121,,,
210,RBigToe,380.21243,432.97556,0.6454652,,,
210,LSmallToe,386.88303,467.99457,0.8670423,,,
210,RSmallToe,380.21243,427.97284,0.48335436,,,
210,LHeel,420.23605,452.98642,0.8743461,,,
210,RHeel,420.23605,417.9674,0.85661626,,,
211,Nose,346.13327,217.18103,0.9325377,,,
211,LEye,352.4971,212.06693,0.92956424,,,
211,REye,346.13327,206.95284,0.93064314,,,
211,LEar,371.58856,217.18103,0.9698425,,,
211,REar,365.22473,217.18103,0.75651,,,
211,LShoulder,377.9524,252.9797,0.8308429,-0.11443511,0.03070832,-0.16573039
211,RShoulder,365.22473,247.86562,0.904324,-0.13955548,0.011050951,-0.016857306
211,LElbow,320.67795,273.4361,0.8548591,-0.25627556,0.06928815,-0.22408605
211,RElbow,320.67795,252.9797,0.9351695,-0.25678977,0.024499722,0.049004182
211,LWrist,244.31198,273.4361,0.737467,-0.42015007,0.07628116,-0.25573924
211,RWrist,263.40347,252.9797,0.90516263,-0.37975943,0.03391549,0.045242157
211,LHip,441.5907,334.80527,0.74626637,0.03923243,0.21768652,-0.065857574
211,RHip,416.13538,329.69116,0.65737677,0.0054013515,0.1904832,0.06430108
211,LKnee,371.58856,375.71805,0.82122135,-0.1399892,0.33301854,-0.09848771
211,RKnee,365.22473,355.26166,0.8333494,-0.14540683,0.2752038,0.1877726
211,LAnkle,409.77155,447.31543,0.8795199,-0.035808645,0.49405447,-0.029933376
211,RAnkle,403.4077,416.63083,0.79201454,-0.047808263,0.4265168,0.1821723
211,Head,365.22473,186.49644,0.9396434,-0.12871715,-0.1297,-0.10493491
211,Neck,371.58856,237.63742,0.91892,-0.12390517,-0.01936292,-0.10106481
211,Hip,435.22687,324.5771,0.76260096,0.022406025,0.20447408,-0.0027007621
211,LBigToe,371.58856,462.6577,0.8748434,,,
211,RBigToe,377.9524,426.85904,0.7696066,,,
211,LSmallToe,384.31622,467.77182,0.8639074,,,
211,RSmallToe,377.9524,426.85904,0.6126356,,,
211,LHeel,416.13538,452.4295,0.84030527,,,
211,RHeel,416.13538,421.74493,0.8399057,,,
212,Nose,347.16287,206.73582,0.91237944,,,
212,LEye,353.74585,201.51921,0.9095223,,,
212,REye,347.16287,201.51921,0.92241013,,,
212,LEar,373.49478,211.95245,0.9024501,,,
212,REar,373.49478,211.95245,0.68922156,,,
212,LShoulder,380.07776,243.25217,0.82840896,-0.113778554,0.014919933,-0.16526906
212,RShoulder,366.9118,238.03554,0.8241954,-0.1379436,-0.004622329,-0.014920279
212,LElbow,307.665,264.11862,0.76163167,-0.25405806,0.05213776,-0.22755104
212,RElbow,320.83096,243.25217,0.944184,-0.25495905,0.010282394,0.05048367
212,LWrist,241.83524,269.33527,0.9122758,-0.41806737,0.060366217,-0.2604438
212,RWrist,268.16714,248.46878,0.8876455,-0.378602,0.020007316,0.046854075
212,LHip,439.32455,331.93466,0.7401045,0.035335414,0.20827524,-0.06641816
212,RHip,419.57562,321.50143,0.64831007,0.0026029476,0.18148999,0.06460886
212,LKnee,373.49478,373.66763,0.81977844,-0.1394728,0.32968977,-0.092667066
212,RKnee,366.9118,352.80115,0.83590955,-0.14438507,0.2754118,0.18682456
212,LAnkle,406.40967,446.7003,0.95390165,-0.0358485,0.49345353,-0.027773252
212,RAnkle,406.40967,415.40057,0.8299672,-0.0475469,0.42546842,0.18553479
212,Head,373.49478,180.65274,0.9260576,-0.12455195,-0.14686027,-0.10321073
212,Neck,373.49478,227.60231,0.93911994,-0.12222272,-0.03534477,-0.09853153
212,Hip,439.32455,321.50143,0.74907964,0.01972024,0.19522229,-0.0026754166
212,LBigToe,373.49478,462.35016,0.87503594,,,
212,RBigToe,380.07776,431.05045,0.724813,,,
212,LSmallToe,386.66074,467.56677,0.8611502,,,
212,RSmallToe,380.07776,425.8338,0.559368,,,
212,LHeel,419.57562,451.9169,0.87736875,,,
212,RHeel,419.57562,420.6172,0.8659773,,,
213,Nose,347.97275,200.06575,0.9418004,,,
213,LEye,354.46997,194.72086,0.94034433,,,
213,REye,347.97275,194.72086,0.9140358,,,
213,LEar,373.96167,205.41063,0.91862255,,,
213,REar,373.96167,205.41063,0.7554892,,,
213,LShoulder,380.45892,237.47997,0.82617587,-0.11286004,-0.0021095816,-0.16441824
213,RShoulder,367.46445,232.13509,0.79685163,-0.1360192,-0.02127095,-0.012584913
213,LElbow,315.48657,258.85953,0.761424,-0.2512926,0.033794668,-0.23036717
213,RElbow,321.9838,237.47997,0.97740984,-0.2527941,-0.00432536,0.05258153
213,LWrist,237.51974,258.85953,0.8505056,-0.41486046,0.041974407,-0.26655263
213,RWrist,270.00592,242.82486,0.8860553,-0.3771526,0.0051215887,0.048572745
213,LHip,438.93402,328.34308,0.7379766,0.029996233,0.19846089,-0.06713216
213,RHip,419.44232,317.65332,0.6534835,-0.0014726438,0.1720943,0.064993195
213,LKnee,373.96167,376.4471,0.787861,-0.13870046,0.32643583,-0.08680884
213,RKnee,367.46445,355.06754,0.8268343,-0.14301246,0.275911,0.18559664
213,LAnkle,406.44785,445.93066,0.95064074,-0.03579153,0.49286643,-0.025366157
213,RAnkle,406.44785,413.86133,0.7895666,-0.047324494,0.42454335,0.18909134
213,Head,373.96167,173.3413,0.94090897,-0.12035264,-0.16461764,-0.1010834
213,Neck,373.96167,221.4453,0.9327873,-0.12034044,-0.052322537,-0.09585237
213,Hip,432.4368,317.65332,0.7697994,0.014934164,0.1855967,-0.0025866034
213,LBigToe,373.96167,461.96533,0.8626712,,,
213,RBigToe,373.96167,424.55112,0.91270345,,,
213,LSmallToe,386.95615,467.3102,0.85943335,,,
213,RSmallToe,373.96167,424.55112,0.7623129,,,
213,LHeel,419.44232,451.27554,0.86817896,,,
213,RHeel,419.44232,419.2062,0.83158153,,,
214,Nose,349.37982,192.4697,0.9492951,,,
214,LEye,355.7612,186.97873,0.9420451,,,
214,REye,349.37982,186.97873,0.8987367,,,
214,LEar,374.9053,192.4697,0.89352334,,,
214,REar,374.9053,192.4697,0.6790653,,,
214,LShoulder,381.28668,230.90646,0.8557602,-0.111796364,-0.019289382,-0.16340816
214,RShoulder,368.52396,225.4155,0.81120247,-0.133764,-0.03779544,-0.010052453
214,LElbow,323.85434,247.37936,0.73187,-0.24807984,0.015424747,-0.23395483
214,RElbow,323.85434,230.90646,0.9787959,-0.2505141,-0.018358108,0.05503536
214,LWrist,247.27788,252.87033,0.861218,-0.41101742,0.02386073,-0.27246776
214,RWrist,272.80338,236.39743,0.8464246,-0.37550652,-0.009284015,0.050787847
214,LHip,432.33768,318.76193,0.7638989,0.024395734,0.18877141,-0.06786761
214,RHip,419.57492,313.27097,0.66632235,-0.0056388825,0.16297266,0.06535677
214,LKnee,368.52396,373.67163,0.8223369,-0.13757353,0.32296148,-0.080706105
214,RKnee,368.52396,351.70773,0.853679,-0.14133215,0.27629402,0.1843313
214,LAnkle,406.81216,445.0542,0.9446329,-0.035752326,0.49231336,-0.022792555
214,RAnkle,406.81216,417.59937,0.78730196,-0.047162518,0.423675,0.19237372
214,Head,374.9053,165.01485,0.9401171,-0.11613794,-0.18220861,-0.09893034
214,Neck,374.9053,214.43356,0.9331631,-0.11822873,-0.069250464,-0.093027
214,Hip,432.33768,313.27097,0.7762214,0.010314137,0.17617479,-0.0024732735
214,LBigToe,374.9053,461.5271,0.8492545,,,
214,RBigToe,374.9053,428.5813,0.9470719,,,
214,LSmallToe,387.66806,467.01807,0.84821486,,,
214,RSmallToe,374.9053,423.09033,0.7909132,,,
214,LHeel,419.57492,450.54517,0.8502016,,,
214,RHeel,419.57492,423.09033,0.8064076,,,
215,Nose,351.25705,185.15758,0.9408114,,,
215,LEye,357.73102,179.526,0.94040275,,,
215,REye,351.25705,179.526,0.91172093,,,
215,LEar,377.15286,185.15758,0.9303771,,,
215,REar,377.15286,185.15758,0.7492262,,,
215,LShoulder,383.62683,224.57867,0.8585397,-0.110615954,-0.037136763,-0.16191487
215,RShoulder,370.67892,218.9471,0.7867308,-0.13095893,-0.054653957,-0.006880611
215,LElbow,318.88727,241.47343,0.82389385,-0.2447294,-0.0032160543,-0.2374165
215,RElbow,318.88727,224.57867,0.9688223,-0.24808434,-0.032025047,0.05848939
215,LWrist,247.67375,247.10501,0.9024268,-0.40691692,0.005327504,-0.27893758
215,RWrist,267.0956,230.21027,0.81890976,-0.37349612,-0.023596982,0.05404
215,LHip,428.94452,314.68405,0.76391655,0.01805654,0.17879592,-0.068607986
215,RHip,409.52264,309.05246,0.67086303,-0.01025666,0.1539105,0.06582854
215,LKnee,370.67892,370.99988,0.7978119,-0.13566434,0.31953704,-0.074473135
215,RKnee,370.67892,354.10513,0.8344347,-0.1390201,0.27671695,0.1831483
215,LAnkle,409.52264,444.21048,0.9552396,-0.035653964,0.49188372,-0.019827452
215,RAnkle,403.0487,416.05255,0.82341,-0.047016352,0.42309478,0.19584376
215,Head,377.15286,156.99966,0.93983305,-0.111672156,-0.20023325,-0.096512824
215,Neck,377.15286,207.68393,0.9174185,-0.11579564,-0.08659619,-0.089817606
215,Hip,428.94452,309.05246,0.7820336,0.004946811,0.16668065,-0.0023152812
215,LBigToe,377.15286,461.10526,0.87369543,,,
215,RBigToe,377.15286,427.31573,0.87036896,,,
215,LSmallToe,383.62683,466.73682,0.87998074,,,
215,RSmallToe,377.15286,421.68414,0.7291894,,,
215,LHeel,415.9966,455.47366,0.89884454,,,
215,RHeel,415.9966,416.05255,0.8223219,,,
216,Nose,353.52325,179.31842,0.9169058,,,
216,LEye,359.8327,173.57454,0.9312344,,,
216,REye,353.52325,167.83066,0.90754634,,,
216,LEar,378.76114,179.31842,0.9585247,,,
216,REar,378.76114,179.31842,0.7609227,,,
216,LShoulder,378.76114,219.52556,0.85080683,-0.10917547,-0.05475938,-0.16012034
216,RShoulder,372.45166,213.78168,0.7413209,-0.12769392,-0.07095875,-0.0033439288
216,LElbow,321.97586,231.0133,0.7920142,-0.2411226,-0.02156481,-0.24027538
216,RElbow,321.97586,219.52556,0.9258799,-0.24528351,-0.04525123,0.0622649
216,LWrist,252.57167,236.75719,0.86304456,-0.40235028,-0.013266107,-0.2851797
216,RWrist,271.5001,225.26942,0.7998947,-0.37099758,-0.03778127,0.057532407
216,LHip,429.2369,311.42758,0.8004344,0.01204157,0.16897383,-0.06918063
216,RHip,416.61798,305.68372,0.68518203,-0.014585173,0.14510833,0.066209234
216,LKnee,372.45166,368.86633,0.863931,-0.13326201,0.3160264,-0.06857946
216,RKnee,372.45166,351.6347,0.7878037,-0.13631201,0.27693704,0.181795
216,LAnkle,410.3085,443.53674,0.9312915,-0.035603352,0.49156716,-0.016667452
216,RAnkle,403.99902,414.81735,0.8084273,-0.046837367,0.42260894,0.19921196
216,Head,378.76114,150.59903,0.94155395,-0.10722019,-0.21781032,-0.094037615
216,Neck,378.76114,196.55005,0.89087933,-0.11313385,-0.10344699,-0.086481385
216,Hip,429.2369,305.68372,0.80298114,-4.1120453e-05,0.15739208,-0.0021742394
216,LBigToe,372.45166,466.51224,0.86844337,,,
216,RBigToe,372.45166,426.3051,0.9266751,,,
216,LSmallToe,385.07062,466.51224,0.8918138,,,
216,RSmallToe,378.76114,420.56125,0.8346565,,,
216,LHeel,416.61798,455.0245,0.89807856,,,
216,RHeel,416.61798,420.56125,0.79615563,,,
217,Nose,353.52014,172.39954,0.93263733,,,
217,LEye,359.78528,166.5226,0.9510173,,,
217,REye,353.52014,160.64566,0.90061754,,,
217,LEar,378.58075,172.39954,0.9592212,,,
217,REar,384.84592,172.39954,0.81722146,,,
217,LShoulder,378.58075,207.66112,0.8698002,-0.10755762,-0.072129354,-0.15828833
217,RShoulder,378.58075,207.66112,0.7591302,-0.12387186,-0.086860195,0.00043066288
217,LElbow,322.19437,225.29192,0.84655285,-0.23743203,-0.039253347,-0.24299109
217,RElbow,322.19437,213.53806,0.8738791,-0.24246624,-0.05777688,0.06655382
217,LWrist,259.54282,231.16885,0.8131274,-0.39821988,-0.031065684,-0.2909263
217,RWrist,272.07312,219.41498,0.7791818,-0.36826336,-0.051386587,0.06157507
217,LHip,428.70197,307.56897,0.80542946,0.0057406994,0.15919408,-0.06983908
217,RHip,409.90652,301.69205,0.7224891,-0.018956145,0.13651642,0.066617675
217,LKnee,372.31558,366.3383,0.8292429,-0.1303066,0.31254628,-0.062740706
217,RKnee,366.05045,360.46136,0.8372254,-0.13293186,0.27699706,0.18051893
217,LAnkle,409.90652,442.7384,0.9355891,-0.035597183,0.49138358,-0.012920774
217,RAnkle,403.64136,413.35376,0.76433665,-0.046620626,0.4223039,0.20275305
217,Head,378.58075,143.01486,0.9451714,-0.102712184,-0.23508905,-0.091468
217,Neck,378.58075,190.03032,0.9063387,-0.11002946,-0.12013459,-0.08301417
217,Hip,422.43683,301.69205,0.8468033,-0.005367755,0.14820518,-0.0020132998
217,LBigToe,372.31558,466.24612,0.8816035,,,
217,RBigToe,378.58075,425.1076,0.87282944,,,
217,LSmallToe,384.84592,466.24612,0.8873593,,,
217,RSmallToe,378.58075,419.23068,0.86151636,,,
217,LHeel,416.17166,454.49228,0.896706,,,
217,RHeel,416.17166,419.23068,0.7027797,,,
218,Nose,353.1132,159.76262,0.9640494,,,
218,LEye,359.3367,153.75813,0.92776144,,,
218,REye,359.3367,153.75813,0.9303914,,,
218,LEar,384.2307,165.76709,0.9443126,,,
218,REar,384.2307,165.76709,0.80906993,,,
218,LShoulder,378.0072,201.79396,0.8770633,-0.10570586,-0.08888401,-0.1563443
218,RShoulder,378.0072,201.79396,0.74572045,-0.1197405,-0.10226992,0.0042179544
218,LElbow,321.99567,219.8074,0.80884105,-0.2339257,-0.055827912,-0.24493897
218,RElbow,321.99567,213.80292,0.83423877,-0.23951557,-0.06942096,0.07099129
218,LWrist,259.76065,219.8074,0.8424739,-0.39421123,-0.04797201,-0.29582775
218,RWrist,272.20764,213.80292,0.72863066,-0.36543393,-0.064008325,0.06579114
218,LHip,421.57172,303.87012,0.7756786,-0.00014970242,0.14960633,-0.07041482
218,RHip,409.12473,297.86563,0.7063799,-0.022870185,0.12801924,0.066951714
218,LKnee,378.0072,363.9149,0.8300149,-0.12685698,0.3091031,-0.057245836
218,RKnee,371.7837,357.91043,0.8983152,-0.12911803,0.27655718,0.1790745
218,LAnkle,409.12473,447.9776,0.93916017,-0.03560818,0.49136963,-0.008797398
218,RAnkle,402.9012,417.9552,0.7819263,-0.046337012,0.42222452,0.20607711
218,Head,384.2307,135.7447,0.9260578,-0.09838152,-0.25190535,-0.088998206
218,Neck,378.0072,183.78053,0.9051315,-0.106628045,-0.13620684,-0.07961762
218,Hip,421.57172,297.86563,0.8501309,-0.010044656,0.13921408,-0.0018726059
218,LBigToe,371.7837,465.99103,0.8705958,,,
218,RBigToe,371.7837,423.9597,0.8690412,,,
218,LSmallToe,384.2307,465.99103,0.87156224,,,
218,RSmallToe,378.0072,423.9597,0.880997,,,
218,LHeel,415.3482,453.9821,0.87943786,,,
218,RHeel,415.3482,423.9597,0.63586885,,,
219,Nose,351.26422,153.63985,0.92597175,,,
219,LEye,364.3664,147.51984,0.9789122,,,
219,REye,357.8153,147.51984,0.9582528,,,
219,LEar,384.01968,159.75984,0.9579634,,,
219,REar,384.01968,159.75984,0.7790242,,,
219,LShoulder,384.01968,196.47986,0.9040759,-0.10356222,-0.10479748,-0.15444899
219,RShoulder,377.4686,196.47986,0.76500684,-0.115406655,-0.1169053,0.007947464
219,LElbow,325.05984,214.83987,0.8717132,-0.23054416,-0.07127787,-0.246155
219,RElbow,318.50876,208.71986,0.8001974,-0.23634973,-0.08061516,0.075444624
219,LWrist,259.54895,214.83987,0.86001414,-0.3901982,-0.0634132,-0.29963037
219,RWrist,266.10004,208.71986,0.6718139,-0.36232352,-0.07567099,0.07012785
219,LHip,423.32623,294.3999,0.81250983,-0.0056636,0.14024952,-0.07094372
219,RHip,410.22403,294.3999,0.75768554,-0.02625981,0.119727924,0.067232065
219,LKnee,377.4686,361.71994,0.87346137,-0.12295213,0.30570215,-0.051922347
219,RKnee,370.91748,355.59995,0.88670623,-0.124706745,0.27574396,0.17787753
219,LAnkle,410.22403,447.4,0.92446285,-0.035623357,0.49136844,-0.00446863
219,RAnkle,403.67294,416.79996,0.7353382,-0.0461093,0.42226002,0.20974873
219,Head,384.01968,129.15984,0.95487404,-0.09422321,-0.26814303,-0.08663348
219,Neck,377.4686,178.11986,0.8937688,-0.102911204,-0.15146352,-0.07648633
219,Hip,416.77515,294.3999,0.8848725,-0.014306357,0.13048978,-0.0017851742
219,LBigToe,370.91748,465.75998,0.8840219,,,
219,RBigToe,377.4686,422.91998,0.8517108,,,
219,LSmallToe,384.01968,465.75998,0.8993405,,,
219,RSmallToe,377.4686,422.91998,0.85362434,,,
219,LHeel,416.77515,453.52,0.8682648,,,
219,RHeel,416.77515,416.79996,0.67769945,,,
220,Nose,355.53574,146.84082,0.9533343,,,
220,LEye,361.8028,140.59253,0.9449145,,,
220,REye,361.8028,140.59253,0.93894833,,,
220,LEar,380.604,153.0891,0.93594235,,,
220,REar,380.604,146.84082,0.7967864,,,
220,LShoulder,380.604,190.57883,0.8565487,-0.10114782,-0.12007141,-0.15256858
220,RShoulder,380.604,184.33054,0.7105462,-0.110933445,-0.13096017,0.011286502
220,LElbow,330.46747,203.0754,0.7945344,-0.22736767,-0.08537716,-0.24669732
220,RElbow,324.2004,203.0754,0.7964213,-0.23255073,-0.09156026,0.080018796
220,LWrist,261.52975,209.32368,0.7970943,-0.38595662,-0.077422895,-0.3019239
220,RWrist,267.7968,203.0754,0.5624572,-0.35871512,-0.08688198,0.07441797
220,LHip,418.2064,296.79968,0.72758466,-0.010902743,0.1310693,-0.071403414
220,RHip,411.93933,290.5514,0.6622773,-0.029525628,0.11177604,0.067559585
220,LKnee,380.604,359.28256,0.8492338,-0.118658915,0.30237255,-0.04725233
220,RKnee,374.33694,359.28256,0.85277915,-0.11993299,0.27461368,0.17651498
220,LAnkle,405.67227,446.75858,0.9263544,-0.035572875,0.49138054,-0.00038649724
220,RAnkle,405.67227,421.7654,0.69549173,-0.045775183,0.42230472,0.21335846
220,Head,386.87106,121.84767,0.94002956,-0.09046707,-0.28381965,-0.08460807
220,Neck,380.604,171.83397,0.8838635,-0.09921906,-0.16584268,-0.07387781
220,Hip,418.2064,290.5514,0.8493294,-0.018443199,0.122084826,-0.0017023471
220,LBigToe,374.33694,465.50342,0.88803923,,,
220,RBigToe,374.33694,428.0137,0.81428665,,,
220,LSmallToe,380.604,465.50342,0.88483006,,,
220,RSmallToe,380.604,421.7654,0.8384193,,,
220,LHeel,418.2064,453.00687,0.8753888,,,
220,RHeel,418.2064,421.7654,0.67549175,,,
221,Nose,357.37576,140.87726,0.94968694,,,
221,LEye,369.51108,134.51645,0.94374114,,,
221,REye,363.44342,134.51645,0.935056,,,
221,LEar,387.71405,147.23807,0.9440213,,,
221,REar,381.6464,140.87726,0.80465275,,,
221,LShoulder,381.6464,185.40291,0.8651877,-0.09861767,-0.13419445,-0.15072395
221,RShoulder,381.6464,185.40291,0.6988392,-0.10637717,-0.14427845,0.014485234
221,LElbow,327.0375,198.12451,0.79469496,-0.22405545,-0.09766023,-0.2469499
221,RElbow,327.0375,198.12451,0.7334715,-0.22867717,-0.10191099,0.08453711
221,LWrist,260.2933,204.48532,0.8533629,-0.38191354,-0.08993511,-0.30328968
221,RWrist,278.49625,204.48532,0.46903077,-0.35438105,-0.097285315,0.07860264
221,LHip,418.05234,293.53662,0.74241817,-0.016053831,0.12228243,-0.07184968
221,RHip,411.98468,287.1758,0.6513194,-0.032420427,0.104057446,0.06784914
221,LKnee,381.6464,363.5055,0.8447947,-0.114097804,0.29921666,-0.042740755
221,RKnee,375.57874,357.14468,0.8357869,-0.11461243,0.2731417,0.17555794
221,LAnkle,405.91702,446.19595,0.9327046,-0.035588518,0.4914004,0.0037432022
221,RAnkle,405.91702,420.75275,0.71401703,-0.045571916,0.42251894,0.21702075
221,Head,387.71405,115.43403,0.95195246,-0.087060854,-0.29879212,-0.082590334
221,Neck,381.6464,166.32048,0.8817444,-0.095555186,-0.17942682,-0.07161725
221,Hip,418.05234,287.1758,0.8564842,-0.022286782,0.11405264,-0.0017024509
221,LBigToe,375.57874,465.27838,0.87658477,,,
221,RBigToe,375.57874,427.11356,0.8516182,,,
221,LSmallToe,381.6464,465.27838,0.89475244,,,
221,RSmallToe,381.6464,420.75275,0.87195903,,,
221,LHeel,418.05234,452.55676,0.88146317,,,
221,RHeel,418.05234,420.75275,0.69036895,,,
222,Nose,362.28516,136.11401,0.93614703,,,
222,LEye,368.31644,129.66333,0.98134685,,,
222,REye,362.28516,129.66333,0.9397233,,,
222,LEar,386.41034,136.11401,0.9652574,,,
222,REar,386.41034,136.11401,0.88352525,,,
222,LShoulder,386.41034,181.26877,0.8427879,-0.0960663,-0.14675224,-0.14932677
222,RShoulder,380.37906,174.81808,0.7002856,-0.102175064,-0.15642244,0.017379306
222,LElbow,326.09735,194.17012,0.7770271,-0.22065276,-0.108414724,-0.24704403
222,RElbow,326.09735,194.17012,0.67285067,-0.22472575,-0.11102089,0.088696055
222,LWrist,259.75308,200.6208,0.88099056,-0.3778124,-0.10075416,-0.30380622
222,RWrist,283.8783,200.6208,0.3820086,-0.35044172,-0.10640508,0.08290716
222,LHip,416.56683,290.9303,0.7251974,-0.02094196,0.11409229,-0.072215594
222,RHip,410.53552,290.9303,0.64378226,-0.035166487,0.096924305,0.06808818
222,LKnee,380.37906,361.8878,0.86517817,-0.109265596,0.29625794,-0.038334396
222,RKnee,380.37906,355.4371,0.8018466,-0.10892543,0.27152538,0.17470509
222,LAnkle,404.50424,445.7466,0.9024781,-0.035523206,0.4914272,0.007681242
222,RAnkle,404.50424,419.94388,0.7440302,-0.045340158,0.42279267,0.22030716
222,Head,386.41034,110.311295,0.94695216,-0.08410221,-0.3127338,-0.08103312
222,Neck,386.41034,155.46605,0.9085493,-0.09223617,-0.19180055,-0.06995704
222,Hip,416.56683,284.47964,0.8485089,-0.02598756,0.10652991,-0.0017190753
222,LBigToe,374.34775,465.09863,0.87291294,,,
222,RBigToe,374.34775,426.39456,0.8378634,,,
222,LSmallToe,380.37906,465.09863,0.9042344,,,
222,RSmallToe,380.37906,419.94388,0.9002239,,,
222,LHeel,416.56683,452.1973,0.8781404,,,
222,RHeel,416.56683,426.39456,0.72874457,,,
223,Nose,359.91388,130.00038,0.9541159,,,
223,LEye,365.97083,123.43436,0.9655195,,,
223,REye,365.97083,123.43436,0.9307584,,,
223,LEar,384.1417,130.00038,0.9266927,,,
223,REar,384.1417,130.00038,0.8381792,,,
223,LShoulder,384.1417,175.9626,0.8762155,-0.09323728,-0.158785,-0.14775896
223,RShoulder,384.1417,169.39658,0.7135997,-0.097548306,-0.16821899,0.020413807
223,LElbow,329.6291,189.09467,0.83925307,-0.21701223,-0.11816272,-0.24662599
223,RElbow,329.6291,189.09467,0.72580093,-0.22040094,-0.11967687,0.09315092
223,LWrist,263.0026,195.66069,0.78211635,-0.37338534,-0.11051674,-0.30311745
223,RWrist,281.17346,189.09467,0.44627875,-0.34647322,-0.1148828,0.087583706
223,LHip,408.36954,287.5851,0.7045433,-0.02576731,0.10602267,-0.07256703
223,RHip,408.36954,281.01907,0.6519771,-0.037884638,0.08971517,0.068320535
223,LKnee,384.1417,359.81146,0.8420044,-0.10399617,0.29338327,-0.033582292
223,RKnee,378.08475,353.24542,0.7879015,-0.10257295,0.26980335,0.17396283
223,LAnkle,408.36954,445.16986,0.92753637,-0.035428256,0.49145284,0.011722597
223,RAnkle,402.31256,412.3397,0.73323613,-0.045101598,0.42327142,0.22377238
223,Head,390.19867,103.73627,0.92359763,-0.08160432,-0.32607594,-0.07951228
223,Neck,384.1417,149.69847,0.89229554,-0.088861376,-0.20376472,-0.06826965
223,Hip,414.42648,281.01907,0.84420455,-0.029686002,0.0991272,-0.0017224338
223,LBigToe,372.0278,464.86795,0.85457015,,,
223,RBigToe,378.08475,425.47177,0.91619676,,,
223,LSmallToe,384.1417,464.86795,0.88748586,,,
223,RSmallToe,384.1417,418.90573,0.90850925,,,
223,LHeel,414.42648,451.73587,0.8587226,,,
223,RHeel,414.42648,418.90573,0.709485,,,
224,Nose,364.80966,125.50336,0.96227807,,,
224,LEye,370.80298,118.85248,0.97290933,,,
224,REye,364.80966,118.85248,0.9270993,,,
224,LEar,388.78296,125.50336,0.9557708,,,
224,REar,388.78296,125.50336,0.8949782,,,
224,LShoulder,382.7896,172.05951,0.8366387,-0.090675116,-0.16881475,-0.14655006
224,RShoulder,382.7896,165.40863,0.74650973,-0.093401216,-0.17830072,0.022884576
224,LElbow,334.84308,185.36128,0.7991886,-0.21340457,-0.12621316,-0.24602965
224,RElbow,334.84308,185.36128,0.7427243,-0.21625113,-0.12694225,0.097215876
224,LWrist,268.91653,192.01216,0.69864064,-0.3690434,-0.11851595,-0.30223003
224,RWrist,274.90985,192.01216,0.5147108,-0.34281868,-0.12148647,0.09234162
224,LHip,412.75623,278.4736,0.72757,-0.030071696,0.098868236,-0.07284304
224,RHip,406.7629,278.4736,0.6577546,-0.040358834,0.08347124,0.06847108
224,LKnee,382.7896,358.28415,0.8343897,-0.098541215,0.290843,-0.029014142
224,RKnee,382.7896,351.63327,0.8094897,-0.09622295,0.2682242,0.17337927
224,LAnkle,406.7629,444.7456,0.90173703,-0.035236288,0.49148026,0.015669087
224,RAnkle,406.7629,411.4912,0.73377496,-0.044867232,0.42367306,0.22707343
224,Head,388.78296,98.89983,0.95329034,-0.07966708,-0.33764666,-0.07827466
224,Neck,388.78296,145.456,0.90971553,-0.08575956,-0.21400954,-0.06697858
224,Hip,412.75623,278.4736,0.8567726,-0.032999985,0.092594996,-0.0017614823
224,LBigToe,370.80298,464.69824,0.8616311,,,
224,RBigToe,382.7896,424.79297,0.92133516,,,
224,LSmallToe,382.7896,464.69824,0.878328,,,
224,RSmallToe,382.7896,418.1421,0.92193156,,,
224,LHeel,418.74954,451.39648,0.8750727,,,
224,RHeel,418.74954,424.79297,0.725778,,,
225,Nose,361.34433,121.06941,0.95065933,,,
225,LEye,373.58432,114.33487,0.94985396,,,
225,REye,367.46432,114.33487,0.96994615,,,
225,LEar,391.9443,121.06941,0.9779736,,,
225,REar,391.9443,121.06941,0.8492139,,,
225,LShoulder,385.8243,168.21118,0.8122945,-0.0882426,-0.17745079,-0.14524499
225,RShoulder,391.9443,161.47664,0.72994566,-0.089514256,-0.18705872,0.025246093
225,LElbow,330.74435,181.68027,0.8021556,-0.20974374,-0.13287969,-0.24483061
225,RElbow,336.86435,181.68027,0.78209674,-0.21222323,-0.13320017,0.1012307
225,LWrist,269.5444,195.14934,0.78999317,-0.3650483,-0.12502372,-0.30117223
225,RWrist,275.6644,188.41481,0.56281793,-0.33894736,-0.12721063,0.096942484
225,LHip,410.3043,282.69836,0.7076741,-0.034118325,0.092404544,-0.073021665
225,RHip,410.3043,275.9638,0.64017457,-0.042830817,0.077880815,0.06856433
225,LKnee,385.8243,356.7783,0.88134164,-0.09271403,0.2886992,-0.024921875
225,RKnee,385.8243,350.04376,0.8368657,-0.089643165,0.26685566,0.17275563
225,LAnkle,410.3043,444.3273,0.9173263,-0.03499943,0.4915276,0.019621242
225,RAnkle,404.1843,417.38916,0.7519123,-0.04460089,0.42384645,0.23010528
225,Head,391.9443,94.13125,0.93700653,-0.0781441,-0.34810844,-0.07734152
225,Neck,385.8243,141.27303,0.90280145,-0.082840756,-0.22308578,-0.06570333
225,Hip,410.3043,275.9638,0.8643402,-0.036109284,0.08664112,-0.0018334615
225,LBigToe,373.58432,464.5309,0.8878934,,,
225,RBigToe,379.7043,424.1237,0.97651964,,,
225,LSmallToe,385.8243,464.5309,0.88796943,,,
225,RSmallToe,379.7043,417.38916,0.97832626,,,
225,LHeel,416.4243,451.06183,0.8808862,,,
225,RHeel,416.4243,424.1237,0.7318231,,,
226,Nose,366.4312,117.26926,0.9578755,,,
226,LEye,372.52133,110.46302,0.962539,,,
226,REye,366.4312,110.46302,0.9735622,,,
226,LEar,390.79163,117.26926,0.9781091,,,
226,REar,390.79163,117.26926,0.8709943,,,
226,LShoulder,384.7015,158.1067,0.8163249,-0.08593245,-0.18452503,-0.14407301
226,RShoulder,396.8817,158.1067,0.73312145,-0.086008444,-0.1944275,0.027102416
226,LElbow,335.9807,178.52542,0.83532226,-0.20610017,-0.13798791,-0.24350046
226,RElbow,335.9807,178.52542,0.8258582,-0.20851147,-0.13811554,0.10475969
226,LWrist,268.9896,185.33167,0.8061005,-0.36103585,-0.13039117,-0.30020556
226,RWrist,275.0797,185.33167,0.63391274,-0.33477646,-0.13198294,0.10070526
226,LHip,409.06192,273.81277,0.7172951,-0.037875712,0.08682808,-0.073118806
226,RHip,409.06192,273.81277,0.6683205,-0.04527421,0.07315774,0.068568915
226,LKnee,390.79163,355.48767,0.89600295,-0.086656325,0.28698438,-0.020963242
226,RKnee,390.79163,348.68143,0.85680044,-0.08323011,0.26573,0.17212097
226,LAnkle,409.06192,443.9688,0.9260355,-0.034685872,0.49158993,0.023489311
226,RAnkle,402.97183,416.74384,0.79029554,-0.044213705,0.4241374,0.23274878
226,Head,390.79163,90.0443,0.95238066,-0.076990336,-0.35706806,-0.076764554
226,Neck,390.79163,137.68799,0.95128566,-0.080111705,-0.23070976,-0.064774856
226,Hip,409.06192,273.81277,0.8678939,-0.03896091,0.081474856,-0.0019016138
226,LBigToe,372.52133,464.3875,0.90418905,,,
226,RBigToe,378.61142,423.55008,1.0151978,,,
226,LSmallToe,384.7015,464.3875,0.8902843,,,
226,RSmallToe,378.61142,416.74384,0.9724819,,,
226,LHeel,415.15204,450.77502,0.87305164,,,
226,RHeel,415.15204,423.55008,0.74164003,,,
227,Nose,365.8087,114.48558,0.96448094,,,
227,LEye,371.8105,107.626816,0.9601672,,,
227,REye,365.8087,107.626816,0.9454096,,,
227,LEar,389.81598,114.48558,0.96184313,,,
227,REar,395.81778,114.48558,0.8855182,,,
227,LShoulder,389.81598,155.63815,0.8196679,-0.08366166,-0.18985076,-0.14276713
227,RShoulder,395.81778,155.63815,0.74488795,-0.08311411,-0.20012854,0.02861317
227,LElbow,335.79956,176.21445,0.8325331,-0.20250845,-0.14135621,-0.24166161
227,RElbow,341.8014,176.21445,0.84012616,-0.20503967,-0.14170331,0.10774528
227,LWrist,269.77954,183.07321,0.8023109,-0.35758108,-0.13411316,-0.29913777
227,RWrist,305.79047,183.07321,0.4603151,-0.33060896,-0.13566528,0.10415536
227,LHip,407.82144,279.0959,0.7454008,-0.041160084,0.082306296,-0.07310077
227,RHip,407.82144,272.23712,0.6717921,-0.047564477,0.06945352,0.06857914
227,LKnee,389.81598,354.54227,0.88182724,-0.08036293,0.28592116,-0.01781195
227,RKnee,395.81778,354.54227,0.83875066,-0.07733369,0.26498154,0.17150944
227,LAnkle,407.82144,443.70618,0.9144808,-0.034343027,0.49169204,0.026911559
227,RAnkle,407.82144,416.27115,0.8359781,-0.043808136,0.424427,0.23491453
227,Head,389.81598,87.05053,0.949861,-0.076271735,-0.36434406,-0.076457866
227,Neck,389.81598,135.06186,0.9474008,-0.07765627,-0.23668973,-0.06394964
227,Hip,407.82144,272.23712,0.86668634,-0.041502506,0.07730727,-0.001956615
227,LBigToe,371.8105,464.28247,0.9030977,,,
227,RBigToe,377.81232,423.1299,0.99201965,,,
227,LSmallToe,383.81415,464.28247,0.88450307,,,
227,RSmallToe,383.81415,416.27115,0.9563518,,,
227,LHeel,419.82507,450.56494,0.89163023,,,
227,RHeel,413.82324,423.1299,0.7735889,,,
228,Nose,365.2595,111.54364,0.9634905,,,
228,LEye,371.19623,104.62937,0.9429167,,,
228,REye,371.19623,104.62937,0.9149316,,,
228,LEar,394.94324,111.54364,0.9485584,,,
228,REar,394.94324,111.54364,0.86745554,,,
228,LShoulder,389.0065,159.94354,0.8246982,-0.08125453,-0.19392388,-0.14128214
228,RShoulder,394.94324,153.02927,0.7253358,-0.08059017,-0.20461376,0.02982204
228,LElbow,335.57574,180.68636,0.83586186,-0.19888538,-0.14324412,-0.2395467
228,RElbow,341.51248,173.77208,0.7906143,-0.20188126,-0.14412738,0.11053183
228,LWrist,270.27145,180.68636,0.81663734,-0.35453612,-0.13659096,-0.297528
228,RWrist,305.89197,180.68636,0.435683,-0.32731104,-0.13787204,0.10715771
228,LHip,400.88,277.48615,0.715483,-0.044045843,0.07855044,-0.072995774
228,RHip,406.81677,270.57187,0.6520313,-0.049740005,0.06645469,0.0685217
228,LKnee,394.94324,353.54312,0.86199373,-0.07385205,0.28529787,-0.014765035
228,RKnee,394.94324,353.54312,0.83554393,-0.071826585,0.2645062,0.17104223
228,LAnkle,412.7535,443.42865,0.94369984,-0.033851653,0.49190208,0.029969567
228,RAnkle,406.81677,422.68582,0.809219,-0.04330327,0.42448398,0.2367838
228,Head,389.0065,83.88656,0.91968447,-0.07584432,-0.37030408,-0.076603346
228,Neck,389.0065,132.28645,0.9229475,-0.07530445,-0.24153434,-0.063380204
228,Hip,406.81677,270.57187,0.87164325,-0.0437819,0.07384479,-0.0019913034
228,LBigToe,377.133,464.17145,0.90168077,,,
228,RBigToe,383.06976,422.68582,0.9426638,,,
228,LSmallToe,383.06976,464.17145,0.8662842,,,
228,RSmallToe,383.06976,422.68582,0.88869876,,,
228,LHeel,418.69025,450.34293,0.9104475,,,
228,RHeel,418.69025,429.6001,0.7796556,,,
229,Nose,364.77524,109.92246,0.94620556,,,
229,LEye,376.50116,102.9776,0.9427833,,,
229,REye,370.63818,102.9776,0.9249147,,,
229,LEar,394.09006,109.92246,0.95789266,,,
229,REar,394.09006,109.92246,0.86506957,,,
229,LShoulder,388.22708,151.59161,0.82939005,-0.07920076,-0.19686013,-0.14002782
229,RShoulder,394.09006,151.59161,0.7085278,-0.07868028,-0.20785154,0.030698203
229,LElbow,341.32336,179.37105,0.81394297,-0.19568338,-0.14418712,-0.23732135
229,RElbow,341.32336,172.4262,0.7782038,-0.19927478,-0.14535065,0.11320155
229,LWrist,265.10483,179.37105,0.8196752,-0.3520827,-0.13779089,-0.2958881
229,RWrist,270.96777,179.37105,0.47010142,-0.326769,-0.13780205,0.10961919
229,LHip,399.953,276.5991,0.7160554,-0.046420865,0.07560575,-0.07275128
229,RHip,405.81598,269.65424,0.64868605,-0.05160951,0.064218536,0.06842997
229,LKnee,399.953,352.99252,0.8563325,-0.067474484,0.28507218,-0.012309603
229,RKnee,399.953,352.99252,0.84590167,-0.067096084,0.26413682,0.17071263
229,LAnkle,411.67896,443.2757,0.9655968,-0.033474013,0.4920818,0.032705877
229,RAnkle,405.81598,415.49628,0.83041334,-0.042848106,0.4247112,0.2381177
229,Head,394.09006,82.14303,0.9143208,-0.07587459,-0.37493238,-0.07695165
229,Neck,394.09006,130.75703,0.9068086,-0.07323251,-0.24511807,-0.0631738
229,Hip,405.81598,269.65424,0.8589072,-0.04563961,0.07116386,-0.0020017123
229,LBigToe,376.50116,464.1103,0.87858385,,,
229,RBigToe,382.36414,422.44113,0.9684996,,,
229,LSmallToe,382.36414,464.1103,0.8406606,,,
229,RSmallToe,382.36414,422.44113,0.8895443,,,
229,LHeel,417.5419,450.22055,0.9261135,,,
229,RHeel,417.5419,429.386,0.76529443,,,
230,Nose,369.65024,109.064285,0.9658777,,,
230,LEye,375.44693,102.10324,0.973688,,,
230,REye,369.65024,102.10324,0.93649155,,,
230,LEar,392.83707,109.064285,0.97203964,,,
230,REar,392.83707,109.064285,0.83834505,,,
230,LShoulder,392.83707,150.8306,0.83803505,-0.07724565,-0.1985956,-0.13888218
230,RShoulder,392.83707,150.8306,0.7198365,-0.0770463,-0.21000941,0.03131089
230,LElbow,346.46338,178.6748,0.84733754,-0.19301797,-0.14436784,-0.23517776
230,RElbow,340.6667,171.71375,0.8334044,-0.19722828,-0.14572062,0.11511984
230,LWrist,271.10614,178.6748,0.82088053,-0.34978408,-0.13799043,-0.29382795
230,RWrist,271.10614,178.6748,0.59481025,-0.32542658,-0.13726261,0.11101697
230,LHip,404.43048,269.16846,0.71097785,-0.048377603,0.07337618,-0.07240609
230,RHip,404.43048,269.16846,0.6494569,-0.05319956,0.06262006,0.0681928
230,LKnee,398.6338,352.70108,0.8944515,-0.061440572,0.28513923,-0.010371759
230,RKnee,398.6338,352.70108,0.8492354,-0.063140005,0.26400214,0.17066528
230,LAnkle,410.2272,443.19473,0.9711929,-0.033156846,0.49224916,0.03479577
230,RAnkle,410.2272,422.31158,0.75697774,-0.042444162,0.42460927,0.23928815
230,Head,392.83707,81.220085,0.93168545,-0.07613125,-0.37827203,-0.07739252
230,Neck,392.83707,129.94745,0.9238831,-0.07133788,-0.2475523,-0.06312505
230,Hip,404.43048,269.16846,0.8623425,-0.047146346,0.06911673,-0.0020012993
230,LBigToe,375.44693,464.0779,0.8813207,,,
230,RBigToe,381.24365,422.31158,0.87922233,,,
230,LSmallToe,381.24365,464.0779,0.7953138,,,
230,RSmallToe,387.04034,422.31158,0.78469783,,,
230,LHeel,416.02393,450.1558,0.9376463,,,
230,RHeel,416.02393,429.27264,0.7630719,,,
231,Nose,368.79874,108.73413,0.9610437,,,
231,LEye,374.51843,101.76685,0.96899605,,,
231,REye,368.79874,101.76685,0.9231054,,,
231,LEar,397.39722,108.73413,0.95436156,,,
231,REar,391.67752,108.73413,0.8000785,,,
231,LShoulder,391.67752,150.53781,0.8081919,-0.07547251,-0.19946669,-0.13758543
231,RShoulder,391.67752,150.53781,0.7067754,-0.075664446,-0.21125521,0.03188222
231,LElbow,345.91992,178.40694,0.83549863,-0.19095616,-0.14375554,-0.2329612
231,RElbow,340.20023,171.43965,0.790043,-0.19538093,-0.14542082,0.11681529
231,LWrist,271.56384,178.40694,0.7827273,-0.3478398,-0.13699761,-0.29146612
231,RWrist,271.56384,178.40694,0.51193124,-0.3240472,-0.13587819,0.11169427
231,LHip,403.1169,268.9816,0.71987045,-0.049944308,0.07180031,-0.07204109
231,RHip,403.1169,268.9816,0.6502269,-0.05454026,0.06159891,0.06793833
231,LKnee,403.1169,352.58896,0.8387765,-0.055765253,0.28552198,-0.009233791
231,RKnee,397.39722,352.58896,0.83411163,-0.05977942,0.26389793,0.17078424
231,LAnkle,408.8366,443.1636,0.9871795,-0.032842677,0.4924293,0.036277883
231,RAnkle,408.8366,422.26175,0.7679196,-0.042054895,0.42446575,0.2401011
231,Head,391.67752,73.89773,0.93965435,-0.07652309,-0.38054338,-0.07757986
231,Neck,391.67752,129.63597,0.91888016,-0.06975427,-0.24906076,-0.06300437
231,Hip,403.1169,268.9816,0.85805047,-0.04840257,0.06770043,-0.0019916107
231,LBigToe,374.51843,464.06543,0.86043644,,,
231,RBigToe,380.23813,422.26175,0.8998653,,,
231,LSmallToe,380.23813,464.06543,0.7609143,,,
231,RSmallToe,385.95782,422.26175,0.8132411,,,
231,LHeel,414.5563,450.1309,0.9387353,,,
231,RHeel,420.276,436.19632,0.7321082,,,
232,Nose,368.32626,108.35826,0.9676587,,,
232,LEye,374.01242,101.38389,0.96737176,,,
232,REye,368.32626,101.38389,0.9241149,,,
232,LEar,396.75702,108.35826,0.96147454,,,
232,REar,391.07086,108.35826,0.7511291,,,
232,LShoulder,396.75702,150.2045,0.8460455,-0.074032016,-0.1995922,-0.13620955
232,RShoulder,391.07086,150.2045,0.7052161,-0.07468563,-0.21174784,0.032399226
232,LElbow,345.58163,178.10199,0.8462555,-0.18958181,-0.14267154,-0.23062152
232,RElbow,345.58163,171.12761,0.7460213,-0.19385187,-0.14451821,0.11823839
232,LWrist,271.66165,178.10199,0.78847104,-0.3465181,-0.1351236,-0.28888184
232,RWrist,277.3478,178.10199,0.58311206,-0.32330364,-0.1335944,0.111886375
232,LHip,402.44318,268.76883,0.709589,-0.05111336,0.070742086,-0.07157903
232,RHip,396.75702,268.76883,0.64054465,-0.05561582,0.061034877,0.06772836
232,LKnee,402.44318,359.43567,0.8490111,-0.050254963,0.2861496,-0.00873044
232,RKnee,402.44318,352.4613,0.8471559,-0.056854997,0.26386225,0.1711438
232,LAnkle,408.12933,443.12814,0.98052746,-0.032506403,0.49267867,0.03754297
232,RAnkle,408.12933,422.20502,0.7814511,-0.041676022,0.42430303,0.24090797
232,Head,391.07086,80.46077,0.92658883,-0.077209845,-0.38182756,-0.07762767
232,Neck,396.75702,129.28139,0.9517984,-0.06863274,-0.24982174,-0.062809736
232,Hip,402.44318,268.76883,0.8490283,-0.049365982,0.06681208,-0.0019411708
232,LBigToe,374.01242,464.05127,0.8474449,,,
232,RBigToe,379.69858,422.20502,0.8807217,,,
232,LSmallToe,379.69858,464.05127,0.7504633,,,
232,RSmallToe,385.3847,422.20502,0.79787827,,,
232,LHeel,413.8155,450.1025,0.9306899,,,
232,RHeel,419.50165,436.15378,0.7107433,,,
233,Nose,368.41925,108.34326,0.9629979,,,
233,LEye,374.0487,101.36861,0.96774316,,,
233,REye,368.41925,101.36861,0.92005384,,,
233,LEar,396.5666,108.34326,0.9637728,,,
233,REar,390.93713,108.34326,0.729842,,,
233,LShoulder,396.5666,150.1912,0.82534254,-0.072716095,-0.19944401,-0.13471386
233,RShoulder,396.5666,150.1912,0.7075005,-0.073994115,-0.21164738,0.033143792
233,LElbow,345.90134,178.08981,0.84349155,-0.18866527,-0.1414277,-0.22812456
233,RElbow,345.90134,178.08981,0.7466644,-0.19273531,-0.14308752,0.119599156
233,LWrist,272.7182,185.06447,0.7970351,-0.34545147,-0.13229075,-0.28604272
233,RWrist,272.7182,178.08981,0.55401784,-0.32325324,-0.13030457,0.11159936
233,LHip,402.19608,275.735,0.7029366,-0.051956546,0.07014449,-0.07109424
233,RHip,402.19608,275.735,0.63591087,-0.056384046,0.060821135,0.06746348
233,LKnee,402.19608,359.43085,0.8389221,-0.045233756,0.28673822,-0.008353871
233,RKnee,402.19608,352.4562,0.85218304,-0.054414738,0.26382467,0.17157301
233,LAnkle,407.82556,443.1267,0.979994,-0.032212354,0.49288502,0.03834858
233,RAnkle,407.82556,422.20276,0.7816189,-0.041343264,0.42409328,0.24148431
233,Head,390.93713,73.469986,0.9298327,-0.07777517,-0.38246214,-0.07735924
233,Neck,396.5666,129.26723,0.94858384,-0.06778419,-0.2500329,-0.06238029
233,Hip,402.19608,268.76035,0.84665954,-0.050070513,0.0662954,-0.0018808304
233,LBigToe,374.0487,464.0507,0.8353388,,,
233,RBigToe,379.6782,422.20276,0.8724554,,,
233,LSmallToe,379.6782,464.0507,0.7454577,,,
233,RSmallToe,385.30765,415.2281,0.80652815,,,
233,LHeel,413.45502,450.10138,0.92494136,,,
233,RHeel,419.0845,429.1774,0.706659,,,
234,Nose,368.26245,108.39599,0.94980377,,,
234,LEye,373.8614,101.42233,0.95773655,,,
234,REye,373.8614,101.42233,0.9144056,,,
234,LEar,396.25717,108.39599,0.9664877,,,
234,REar,396.25717,108.39599,0.7373873,,,
234,LShoulder,396.25717,157.21161,0.8175049,-0.07156822,-0.19900887,-0.13326496
234,RShoulder,396.25717,150.23796,0.68216586,-0.07345403,-0.21123151,0.03393492
234,LElbow,345.86667,178.1326,0.8166123,-0.18832222,-0.14013752,-0.22592488
234,RElbow,345.86667,178.1326,0.73329145,-0.19188885,-0.14164177,0.120923735
234,LWrist,273.0804,185.10626,0.7960972,-0.3445636,-0.12974232,-0.2839128
234,RWrist,273.0804,185.10626,0.5692984,-0.32369447,-0.12660715,0.11099617
234,LHip,401.8561,275.76385,0.7065445,-0.05258733,0.06978236,-0.07066212
234,RHip,401.8561,275.76385,0.63711345,-0.056990057,0.06070586,0.06721022
234,LKnee,407.45508,359.44778,0.83217454,-0.0407613,0.28726095,-0.007914148
234,RKnee,401.8561,352.47412,0.8332103,-0.052211877,0.26377663,0.17211744
234,LAnkle,407.45508,443.13168,0.95364493,-0.031891786,0.4931241,0.03908556
234,RAnkle,407.45508,415.23706,0.82577515,-0.04095705,0.42395964,0.24202445
234,Head,390.65823,73.52769,0.9251702,-0.078378975,-0.38250458,-0.076966606
234,Neck,396.25717,129.31697,0.9348098,-0.067200914,-0.24996054,-0.061774857
234,Hip,401.8561,268.7902,0.84823626,-0.05064695,0.06598018,-0.0018192132
234,LBigToe,373.8614,464.05267,0.79815763,,,
234,RBigToe,379.46036,422.21072,0.87211984,,,
234,LSmallToe,385.0593,464.05267,0.75656635,,,
234,RSmallToe,385.0593,415.23706,0.85759944,,,
234,LHeel,413.05402,450.10535,0.9073418,,,
234,RHeel,413.05402,429.1844,0.681776,,,
235,Nose,367.39203,108.47051,0.93215996,,,
235,LEye,378.57806,101.49826,0.9439163,,,
235,REye,372.98505,101.49826,0.9273082,,,
235,LEar,395.35712,108.47051,0.96701556,,,
235,REar,395.35712,108.47051,0.7347144,,,
235,LShoulder,395.35712,157.27629,0.80104387,-0.07079796,-0.19859381,-0.13208805
235,RShoulder,400.95013,150.30405,0.70575345,-0.07301857,-0.21073548,0.034600303
235,LElbow,345.01996,178.19305,0.7975552,-0.18836054,-0.13901892,-0.22417054
235,RElbow,345.01996,178.19305,0.7264772,-0.19131732,-0.14040251,0.12201225
235,LWrist,272.3107,185.16531,0.8103695,-0.3439882,-0.12768695,-0.28256965
235,RWrist,272.3107,185.16531,0.53343225,-0.32434773,-0.123251975,0.11005413
235,LHip,400.95013,275.80463,0.7188421,-0.053110786,0.06948528,-0.07019619
235,RHip,400.95013,275.80463,0.6406808,-0.057463437,0.06055815,0.06694693
235,LKnee,412.13617,359.47168,0.82710665,-0.036866926,0.2876149,-0.0074872207
235,RKnee,400.95013,352.49942,0.8195555,-0.05024326,0.26371646,0.17257532
235,LAnkle,412.13617,443.13873,0.9722311,-0.031600066,0.49341944,0.039511252
235,RAnkle,406.54315,415.2497,0.8425586,-0.040558465,0.42366397,0.24263173
235,Head,389.7641,80.5815,0.93645054,-0.079006344,-0.3822113,-0.076645754
235,Neck,395.35712,129.38728,0.9345505,-0.06686778,-0.24975134,-0.06121175
235,Hip,400.95013,268.83237,0.85356337,-0.051183973,0.06573059,-0.0017789698
235,LBigToe,372.98505,464.05548,0.7703474,,,
235,RBigToe,378.57806,422.22195,0.89828306,,,
235,LSmallToe,384.17108,464.05548,0.743158,,,
235,RSmallToe,384.17108,415.2497,0.90607077,,,
235,LHeel,417.72922,450.111,0.88967055,,,
235,RHeel,412.13617,422.22195,0.68795526,,,
236,Nose,367.5874,108.90524,0.9370863,,,
236,LEye,373.16956,101.941185,0.9509175,,,
236,REye,373.16956,101.941185,0.9267428,,,
236,LEar,395.49814,108.90524,0.97166026,,,
236,REar,395.49814,108.90524,0.73626703,,,
236,LShoulder,395.49814,157.65361,0.8169132,-0.0702966,-0.19832896,-0.13120332
236,RShoulder,401.0803,150.68954,0.7179471,-0.07267152,-0.21040957,0.03521861
236,LElbow,345.25882,178.54576,0.8227709,-0.18846248,-0.13810147,-0.22275421
236,RElbow,345.25882,178.54576,0.73028696,-0.1909773,-0.1393221,0.12307063
236,LWrist,272.69095,185.50981,0.83970344,-0.3433115,-0.12571906,-0.2814599
236,RWrist,278.2731,185.50981,0.4686142,-0.32497492,-0.11994678,0.108734965
236,LHip,401.0803,269.07843,0.7272747,-0.053300012,0.06907277,-0.0698325
236,RHip,401.0803,269.07843,0.6659908,-0.05776719,0.06024387,0.06671145
236,LKnee,412.24457,359.6111,0.8652467,-0.033858337,0.28768864,-0.006991978
236,RKnee,406.6624,352.64706,0.81934506,-0.048499316,0.26343912,0.17291023
236,LAnkle,412.24457,443.17975,0.98913145,-0.03127276,0.49347606,0.039731674
236,RAnkle,406.6624,415.32352,0.8596657,-0.040022634,0.4233537,0.24317472
236,Head,389.916,74.08498,0.9410625,-0.07950876,-0.3819756,-0.07606
236,Neck,395.49814,129.7974,0.94141,-0.06659624,-0.24967374,-0.060702182
236,Hip,401.0803,269.07843,0.86398154,-0.051522754,0.065450266,-0.0017083446
236,LBigToe,373.16956,464.0719,0.77085,,,
236,RBigToe,378.7517,422.2876,0.90995216,,,
236,LSmallToe,384.33383,464.0719,0.75554836,,,
236,RSmallToe,384.33383,415.32352,0.92025983,,,
236,LHeel,417.82672,450.1438,0.89575726,,,
236,RHeel,412.24457,422.2876,0.72440505,,,
237,Nose,367.67328,109.25323,0.9299607,,,
237,LEye,373.25143,102.29574,0.944661,,,
237,REye,373.25143,102.29574,0.92240554,,,
237,LEar,395.56412,109.25323,0.96852076,,,
237,REar,395.56412,109.25323,0.71266675,,,
237,LShoulder,395.56412,157.95563,0.8156384,-0.069941476,-0.19800898,-0.13066247
237,RShoulder,401.1423,150.99814,0.7341951,-0.072374105,-0.21005906,0.03542509
237,LElbow,345.3606,178.8281,0.80704874,-0.18876085,-0.13740239,-0.22172739
237,RElbow,345.3606,178.8281,0.7183637,-0.1909229,-0.13849273,0.12366254
237,LWrist,272.84436,185.78557,0.8466786,-0.3426448,-0.12441601,-0.28116056
237,RWrist,278.42255,185.78557,0.6794705,-0.3255182,-0.11728415,0.10726305
237,LHip,401.1423,269.27542,0.72564465,-0.053324305,0.068839714,-0.0694395
237,RHip,401.1423,269.27542,0.6691444,-0.05784918,0.06010097,0.06649375
237,LKnee,412.29865,359.72275,0.8862349,-0.031647198,0.28770497,-0.006482791
237,RKnee,406.72046,352.76526,0.830707,-0.0469769,0.26328674,0.1731565
237,LAnkle,412.29865,443.21255,0.9937715,-0.031001037,0.49350986,0.03977094
237,RAnkle,412.29865,415.38263,0.8906534,-0.039433613,0.42312798,0.24352019
237,Head,389.98596,81.42328,0.9413338,-0.07990338,-0.38160983,-0.0759171
237,Neck,395.56412,130.12569,0.94371766,-0.06652476,-0.24944437,-0.06042794
237,Hip,401.1423,269.27542,0.8589777,-0.051690467,0.0652781,-0.0016580799
237,LBigToe,378.82962,457.12753,0.75461763,,,
237,RBigToe,378.82962,422.34012,0.9374814,,,
237,LSmallToe,384.40778,464.08502,0.7459059,,,
237,RSmallToe,384.40778,415.38263,0.9331847,,,
237,LHeel,417.8768,450.17004,0.8869627,,,
237,RHeel,412.29865,422.34012,0.76807827,,,
238,Nose,367.42072,109.39872,0.91592,,,
238,LEye,378.58502,102.44398,0.93456084,,,
238,REye,373.00287,102.44398,0.9175882,,,
238,LEar,395.33148,109.39872,0.9691884,,,
238,REar,395.33148,109.39872,0.6749175,,,
238,LShoulder,400.9136,158.08191,0.8211084,-0.06989434,-0.19770683,-0.13049676
238,RShoulder,400.9136,151.12717,0.7472732,-0.07210301,-0.20987381,0.03549455
238,LElbow,345.09213,178.94614,0.8330729,-0.18907258,-0.13699119,-0.22111268
238,RElbow,350.6743,178.94614,0.76028544,-0.19100323,-0.13795128,0.12414044
238,LWrist,272.5242,185.90088,0.76497126,-0.34181497,-0.1235109,-0.28121963
238,RWrist,278.10635,185.90088,0.4631498,-0.3258487,-0.11503859,0.1057995
238,LHip,400.9136,269.35776,0.74302226,-0.053282037,0.06852284,-0.06912888
238,RHip,400.9136,269.35776,0.6953048,-0.05786854,0.059862804,0.0662627
238,LKnee,412.0779,359.7694,0.8889606,-0.030154692,0.28757367,-0.005970345
238,RKnee,406.49576,352.81467,0.8374833,-0.04573132,0.26304024,0.17330778
238,LAnkle,412.0779,443.2263,0.98826075,-0.030817365,0.49347904,0.039603096
238,RAnkle,412.0779,415.40732,0.91540855,-0.038909778,0.4228368,0.24367478
238,Head,389.74933,81.57976,0.9434667,-0.08024602,-0.3813834,-0.07575571
238,Neck,395.33148,130.26294,0.9365512,-0.06651919,-0.24928816,-0.06032738
238,Hip,400.9136,269.35776,0.86911976,-0.05179383,0.06506042,-0.001628164
238,LBigToe,378.58502,457.13577,0.7445471,,,
238,RBigToe,378.58502,422.36206,0.9500802,,,
238,LSmallToe,384.16718,464.0905,0.7483887,,,
238,RSmallToe,384.16718,415.40732,0.9354636,,,
238,LHeel,417.66006,450.18103,0.88404423,,,
238,RHeel,412.0779,422.36206,0.8133892,,,
239,Nose,367.60312,109.52531,0.9373925,,,
239,LEye,373.20065,102.57295,0.9522221,,,
239,REye,373.20065,102.57295,0.9269162,,,
239,LEar,395.59073,109.52531,0.9790877,,,
239,REar,395.59073,109.52531,0.70459634,,,
239,LShoulder,401.18826,151.23943,0.8226148,-0.069979355,-0.19769372,-0.13049468
239,RShoulder,401.18826,151.23943,0.7277871,-0.071776524,-0.20989099,0.035437215
239,LElbow,345.21304,179.04883,0.8404332,-0.18911675,-0.1368567,-0.22089685
239,RElbow,345.21304,179.04883,0.7453037,-0.19131303,-0.13778085,0.124371015
239,LWrist,272.44525,186.00119,0.7503721,-0.3406408,-0.12302695,-0.28165954
239,RWrist,278.04276,186.00119,0.54707026,-0.32617188,-0.11345895,0.10373918
239,LHip,401.18826,269.4294,0.7422208,-0.05298994,0.0680878,-0.06891875
239,RHip,401.18826,269.4294,0.6909383,-0.05771973,0.059479993,0.06606736
239,LKnee,412.3833,359.81,0.890575,-0.029225135,0.2872666,-0.0054015843
239,RKnee,406.78577,352.85764,0.8416982,-0.044701293,0.26263884,0.17333528
239,LAnkle,412.3833,443.23825,0.9812521,-0.030613797,0.49336174,0.0391813
239,RAnkle,412.3833,415.42883,0.9080752,-0.0384004,0.42248723,0.24343935
239,Head,389.9932,74.76354,0.939447,-0.0805299,-0.3814182,-0.07577064
239,Neck,395.59073,130.38235,0.941246,-0.06656058,-0.2492878,-0.060385756
239,Hip,401.18826,269.4294,0.8495441,-0.05165244,0.06476079,-0.0015784157
239,LBigToe,378.79816,457.14294,0.7459492,,,
239,RBigToe,378.79816,422.38116,0.9532985,,,
239,LSmallToe,384.3957,464.0953,0.7475731,,,
239,RSmallToe,384.3957,415.42883,0.93477285,,,
239,LHeel,417.9808,450.19058,0.89253205,,,
239,RHeel,412.3833,422.38116,0.7999749,,,
240,Nose,367.7306,109.58461,0.95143855,,,
240,LEye,373.33542,102.63338,0.96422935,,,
240,REye,367.7306,102.63338,0.91944456,,,
240,LEar,395.7547,109.58461,0.97608805,,,
240,REar,390.14987,109.58461,0.7032365,,,
240,LShoulder,401.35953,151.292,0.845716,-0.07001592,-0.19782177,-0.13062686
240,RShoulder,395.7547,151.292,0.7406297,-0.071294025,-0.2101932,0.034913555
240,LElbow,345.3113,179.09695,0.84769684,-0.1892331,-0.13699813,-0.22101425
240,RElbow,350.91614,179.09695,0.77095306,-0.19149294,-0.13791445,0.12399383
240,LWrist,272.44864,186.04819,0.55872893,-0.33926234,-0.12305868,-0.28260148
240,RWrist,278.05347,186.04819,0.446884,-0.3265669,-0.11269079,0.10157769
240,LHip,401.35953,269.46298,0.7514407,-0.052668728,0.06753896,-0.068706214
240,RHip,395.7547,269.46298,0.7085483,-0.05757595,0.05904429,0.06585311
240,LKnee,412.56918,359.82904,0.88118964,-0.028675841,0.28693375,-0.0048993677
240,RKnee,406.96436,352.87778,0.8447009,-0.04379093,0.2622327,0.17318414
240,LAnkle,412.56918,443.24384,0.9779413,-0.030441983,0.4932677,0.038660057
240,RAnkle,412.56918,415.4389,0.9025039,-0.03799243,0.42222986,0.24296653
240,Head,390.14987,74.82844,0.93909866,-0.08079576,-0.38150138,-0.07619732
240,Neck,395.7547,130.43831,0.95167696,-0.06668517,-0.24943314,-0.06065891
240,Hip,401.35953,269.46298,0.8521145,-0.051525816,0.064393744,-0.0015465098
240,LBigToe,373.33542,457.1463,0.7343084,,,
240,RBigToe,378.94025,422.39014,0.95181817,,,
240,LSmallToe,384.54507,464.09753,0.739928,,,
240,RSmallToe,384.54507,415.4389,0.92452306,,,
240,LHeel,418.17398,450.19507,0.8826876,,,
240,RHeel,412.56918,422.39014,0.80703676,,,
241,Nose,367.86426,109.482216,0.928102,,,
241,LEye,373.46188,102.52905,0.94510937,,,
241,REye,367.86426,102.52905,0.90886647,,,
241,LEar,395.85242,109.482216,0.9657055,,,
241,REar,395.85242,109.482216,0.6795269,,,
241,LShoulder,395.85242,158.15437,0.83943367,-0.07011162,-0.197929,-0.1308124
241,RShoulder,395.85242,151.20122,0.73010844,-0.07112986,-0.21051879,0.03433239
241,LElbow,345.47372,179.01387,0.83169633,-0.18958157,-0.13730977,-0.2213019
241,RElbow,351.07135,179.01387,0.7520699,-0.19186574,-0.13824268,0.12294217
241,LWrist,272.7045,185.96704,0.6701074,-0.33799267,-0.123454675,-0.28366783
241,RWrist,317.48557,179.01387,0.45365655,-0.327116,-0.11259104,0.09965489
241,LHip,401.45007,269.40503,0.738872,-0.052244555,0.06699078,-0.06848412
241,RHip,401.45007,269.40503,0.6900873,-0.057299446,0.058514383,0.06561998
241,LKnee,412.64532,359.79617,0.89032835,-0.028435854,0.28658465,-0.0043195765
241,RKnee,407.0477,352.84302,0.8505422,-0.043020602,0.26175535,0.17290103
241,LAnkle,412.64532,443.23416,0.9741055,-0.030327154,0.49321726,0.038163472
241,RAnkle,412.64532,415.4215,0.91021514,-0.03771428,0.42201725,0.2422689
241,Head,390.2548,81.669556,0.93762785,-0.081088156,-0.38159767,-0.07702758
241,Neck,395.85242,130.34172,0.9384692,-0.066981755,-0.2495953,-0.061189972
241,Hip,401.45007,269.40503,0.8492442,-0.051243275,0.06400448,-0.0015301942
241,LBigToe,373.46188,457.1405,0.74000275,,,
241,RBigToe,379.05954,422.37466,0.9632137,,,
241,LSmallToe,384.65717,464.09366,0.74033636,,,
241,RSmallToe,384.65717,415.4215,0.9261633,,,
241,LHeel,418.24295,450.18735,0.88056046,,,
241,RHeel,412.64532,422.37466,0.8004971,,,
242,Nose,367.68576,109.450485,0.93158144,,,
242,LEye,373.2887,102.49672,0.9482438,,,
242,REye,367.68576,102.49672,0.9109105,,,
242,LEar,395.70038,109.450485,0.96872437,,,
242,REar,395.70038,109.450485,0.6872036,,,
242,LShoulder,395.70038,158.12683,0.8350457,-0.07025465,-0.19817097,-0.13108766
242,RShoulder,395.70038,151.17307,0.73492837,-0.07079421,-0.21086745,0.03369335
242,LElbow,345.27408,178.98813,0.84534144,-0.18939927,-0.13760158,-0.22167844
242,RElbow,350.877,178.98813,0.78057486,-0.19218989,-0.13861811,0.1220965
242,LWrist,278.039,185.9419,0.6465369,-0.3360005,-0.12379961,-0.2848514
242,RWrist,322.8624,178.98813,0.42802936,-0.3284073,-0.11202744,0.097468086
242,LHip,401.3033,269.38705,0.7351379,-0.05181455,0.06635448,-0.06832952
242,RHip,401.3033,269.38705,0.6860033,-0.057035197,0.057933833,0.06538687
242,LKnee,412.50916,359.786,0.87952185,-0.028386978,0.28617588,-0.0037920338
242,RKnee,406.90622,352.83224,0.8419003,-0.042439714,0.2612138,0.17238826
242,LAnkle,412.50916,443.23117,0.97517276,-0.030218711,0.49314365,0.037609644
242,RAnkle,412.50916,415.4161,0.9100152,-0.03755303,0.42187762,0.24137892
242,Head,390.09747,81.63542,0.9394276,-0.08135857,-0.38190675,-0.07785551
242,Neck,395.70038,130.31178,0.940715,-0.06715094,-0.24986374,-0.061843105
242,Hip,401.3033,269.38705,0.8443953,-0.050945666,0.06349602,-0.0015232612
242,LBigToe,373.2887,464.09247,0.74932146,,,
242,RBigToe,378.89163,422.36987,0.9627471,,,
242,LSmallToe,384.49454,464.09247,0.74267775,,,
242,RSmallToe,384.49454,415.4161,0.9299778,,,
242,LHeel,418.1121,450.18494,0.87717044,,,
242,RHeel,412.50916,422.36987,0.7905858,,,
243,Nose,367.85196,109.51027,0.9503611,,,
243,LEye,373.45776,102.55764,0.9643774,,,
243,REye,367.85196,102.55764,0.92211187,,,
243,LEar,395.88086,109.51027,0.9802368,,,
243,REar,395.88086,109.51027,0.6969928,,,
243,LShoulder,401.48663,151.22609,0.84469074,-0.06685054,-0.2031803,-0.12575233
243,RShoulder,395.88086,151.22609,0.7430689,-0.070058264,-0.21220241,0.038488545
243,LElbow,351.03464,179.03664,0.83077806,-0.1732163,-0.1419016,-0.21921255
243,RElbow,351.03464,179.03664,0.7863467,-0.16882186,-0.14383726,0.15303622
243,LWrist,272.5537,185.98927,0.53835666,-0.30288696,-0.12796569,-0.28026822
243,RWrist,323.00574,179.03664,0.45402318,-0.23298119,-0.12063292,0.23371932
243,LHip,401.48663,269.4209,0.74370396,-0.052137062,0.06520735,-0.06849226
243,RHip,401.48663,269.4209,0.6935961,-0.055642247,0.057627957,0.066512085
243,LKnee,412.6982,359.80518,0.88409007,-0.029321758,0.2860177,0.009536373
243,RKnee,407.09244,352.85254,0.8435134,-0.041883595,0.26229987,0.17714784
243,LAnkle,412.6982,443.23682,0.9796914,-0.028816534,0.49242857,0.052238572
243,RAnkle,412.6982,415.42627,0.9055875,-0.034859993,0.41538572,0.24481389
243,Head,390.2751,74.74709,0.93684214,-0.079894364,-0.38506174,-0.07091694
243,Neck,395.88086,130.36818,0.95260614,-0.0651108,-0.25368547,-0.051412627
243,Hip,401.48663,269.4209,0.8442609,-0.05156393,0.06287937,-0.0014380158
243,LBigToe,373.45776,457.1421,0.7445907,,,
243,RBigToe,379.06354,422.3789,0.9632637,,,
243,LSmallToe,384.6693,464.09473,0.75249195,,,
243,RSmallToe,384.6693,415.42627,0.9321208,,,
243,LHeel,418.304,450.18945,0.88445187,,,
243,RHeel,412.6982,422.3789,0.7880225,,,
244,Nose,367.88916,109.57123,0.9498945,,,
244,LEye,373.503,102.61974,0.964242,,,
244,REye,367.88916,102.61974,0.92412233,,,
244,LEar,395.9583,109.57123,0.98073035,,,
244,REar,390.34448,109.57123,0.709396,,,
244,LShoulder,401.5721,151.28015,0.8553836,-0.06666786,-0.20265667,-0.12521426
244,RShoulder,395.9583,151.28015,0.75284463,-0.07004772,-0.21176834,0.03933671
244,LElbow,351.0477,179.08609,0.8351306,-0.17354119,-0.14096953,-0.21857291
244,RElbow,351.0477,179.08609,0.78189933,-0.16841534,-0.14391613,0.15437597
244,LWrist,272.45413,186.03758,0.5050055,-0.30362642,-0.12785892,-0.2787078
244,RWrist,322.97855,179.08609,0.50949764,-0.23277882,-0.1203838,0.23391631
244,LHip,401.5721,269.4554,0.7506744,-0.052529857,0.06550945,-0.06848676
244,RHip,401.5721,269.4554,0.7013719,-0.055893287,0.058014948,0.066670366
244,LKnee,412.79977,359.82474,0.8711872,-0.029388415,0.285964,0.009617177
244,RKnee,407.18594,352.87326,0.8472548,-0.04219472,0.26239178,0.17750981
244,LAnkle,412.79977,443.24258,0.97672904,-0.02867704,0.49216118,0.05265528
244,RAnkle,412.79977,415.4366,0.9015405,-0.03486697,0.41542542,0.24522942
244,Head,390.34448,74.8138,0.93908423,-0.0797167,-0.38442093,-0.07040405
244,Neck,395.9583,130.42569,0.95737123,-0.065028995,-0.25323847,-0.05088883
244,Hip,401.5721,269.4554,0.84708756,-0.051905185,0.06325148,-0.001398945
244,LBigToe,373.503,457.14554,0.74403334,,,
244,RBigToe,379.11682,422.38812,0.96569735,,,
244,LSmallToe,384.73065,464.09702,0.7508229,,,
244,RSmallToe,384.73065,415.4366,0.9314878,,,
244,LHeel,418.4136,450.19406,0.8845899,,,
244,RHeel,412.79977,422.38812,0.7891408,,,
245,Nose,367.92426,109.524055,0.9465873,,,
245,LEye,373.53842,102.57168,0.96358037,,,
245,REye,367.92426,102.57168,0.9189262,,,
245,LEar,395.99512,109.524055,0.98233414,,,
245,REar,390.38095,109.524055,0.7071179,,,
245,LShoulder,401.60928,151.23831,0.8429359,-0.066873044,-0.20185499,-0.12480863
245,RShoulder,395.99512,151.23831,0.7496066,-0.070093684,-0.21129395,0.040183693
245,LElbow,351.08176,179.04782,0.8296009,-0.1748807,-0.1399528,-0.21758667
245,RElbow,351.08176,179.04782,0.77270967,-0.1681954,-0.1437384,0.1556227
245,LWrist,323.01093,179.04782,0.529717,-0.3025849,-0.12745363,-0.276133
245,RWrist,323.01093,179.04782,0.56711996,-0.2332753,-0.12068091,0.23430124
245,LHip,401.60928,269.4287,0.75064886,-0.053001523,0.06593184,-0.06862254
245,RHip,401.60928,269.4287,0.6992653,-0.056107096,0.05858,0.06693926
245,LKnee,412.83762,359.8096,0.86756265,-0.029437145,0.2859937,0.009415092
245,RKnee,407.22345,352.85724,0.82434785,-0.042519942,0.26256362,0.17793666
245,LAnkle,412.83762,443.23813,0.98170394,-0.028603254,0.49204472,0.05309107
245,RAnkle,412.83762,415.42862,0.91115063,-0.035018913,0.41545627,0.24560328
245,Head,390.38095,74.76218,0.9354404,-0.079668656,-0.3836824,-0.069982834
245,Neck,395.99512,130.38118,0.95874655,-0.06520015,-0.25270966,-0.050420143
245,Hip,401.60928,269.4287,0.843701,-0.05218,0.06363,-0.0013984556
245,LBigToe,373.53842,457.14288,0.7406927,,,
245,RBigToe,379.15262,422.38098,0.9610034,,,
245,LSmallToe,384.76678,464.09525,0.7492461,,,
245,RSmallToe,384.76678,415.42862,0.93261206,,,
245,LHeel,418.45178,450.1905,0.8876286,,,
245,RHeel,412.83762,422.38098,0.803842,,,
246,Nose,368.06516,109.515526,0.94981533,,,
246,LEye,373.6732,102.56299,0.9648508,,,
246,REye,368.06516,102.56299,0.91789746,,,
246,LEar,396.10526,109.515526,0.98204917,,,
246,REar,390.49725,109.515526,0.710803,,,
246,LShoulder,401.7133,151.23074,0.83899,-0.06672348,-0.20128284,-0.12438602
246,RShoulder,396.10526,151.23074,0.74564755,-0.07014858,-0.21097092,0.04073491
246,LElbow,345.63306,179.0409,0.8126455,-0.1749444,-0.13924919,-0.21732287
246,RElbow,351.2411,179.0409,0.76486164,-0.16798726,-0.14383596,0.15641627
246,LWrist,323.201,179.0409,0.5234287,-0.3040573,-0.12807134,-0.2765303
246,RWrist,323.201,179.0409,0.5661896,-0.23340435,-0.12115133,0.23392375
246,LHip,401.7133,269.4239,0.7530923,-0.053389855,0.06621507,-0.06860777
246,RHip,401.7133,269.4239,0.708377,-0.05647427,0.059007283,0.06701226
246,LKnee,412.92932,359.80685,0.8751994,-0.029448835,0.28595045,0.009382998
246,RKnee,407.32132,352.85434,0.83750606,-0.042707063,0.2626575,0.17817876
246,LAnkle,412.92932,443.2373,0.9814985,-0.028534988,0.4919375,0.053394414
246,RAnkle,412.92932,415.42715,0.90747947,-0.0351988,0.4155859,0.24590315
246,Head,390.49725,74.75284,0.93556046,-0.07953602,-0.38317013,-0.06987198
246,Neck,396.10526,130.37314,0.95981956,-0.06513279,-0.25233608,-0.050465196
246,Hip,401.7133,269.4239,0.84959596,-0.05248078,0.06393798,-0.0014038088
246,LBigToe,373.6732,457.1424,0.7443065,,,
246,RBigToe,379.2812,422.3797,0.9480906,,,
246,LSmallToe,384.88922,464.09494,0.75099915,,,
246,RSmallToe,384.88922,415.42715,0.91815114,,,
246,LHeel,418.53735,450.18985,0.88450676,,,
246,RHeel,412.92932,422.3797,0.80272293,,,
247,Nose,368.16724,109.48362,0.9192479,,,
247,LEye,373.76535,102.53048,0.94108903,,,
247,REye,373.76535,102.53048,0.91322386,,,
247,LEar,396.1579,109.48362,0.9717164,,,
247,REar,396.1579,109.48362,0.69843364,,,
247,LShoulder,396.1579,158.1556,0.84182084,-0.06630829,-0.20060314,-0.12407989
247,RShoulder,401.756,151.20245,0.7486925,-0.07016911,-0.210796,0.04119959
247,LElbow,345.7747,179.01501,0.8223013,-0.17436114,-0.1388775,-0.21724123
247,RElbow,351.37283,179.01501,0.7534863,-0.16786094,-0.14425234,0.15686405
247,LWrist,272.99896,185.96815,0.6447163,-0.30757618,-0.12957911,-0.27947956
247,RWrist,323.38217,179.01501,0.5845785,-0.23357931,-0.122360274,0.2329805
247,LHip,401.756,269.40582,0.74712867,-0.053762197,0.06638819,-0.06858255
247,RHip,401.756,269.40582,0.7075777,-0.056878883,0.05930711,0.06704759
247,LKnee,412.9523,359.79663,0.880151,-0.029433789,0.28586015,0.0093491385
247,RKnee,407.35416,352.8435,0.8426601,-0.042760186,0.2627414,0.17822915
247,LAnkle,412.9523,443.2343,0.9798014,-0.02847069,0.49180308,0.053584553
247,RAnkle,412.9523,415.42175,0.90994155,-0.035467718,0.41578355,0.24610534
247,Head,390.55975,81.67106,0.9421754,-0.079328984,-0.38271722,-0.07011717
247,Neck,396.1579,130.34303,0.94579446,-0.06488891,-0.25206396,-0.050910063
247,Hip,401.756,269.40582,0.849665,-0.05279254,0.06413077,-0.001412869
247,LBigToe,373.76535,457.1406,0.7424939,,,
247,RBigToe,379.3635,422.37488,0.96034896,,,
247,LSmallToe,384.9616,464.09372,0.74649405,,,
247,RSmallToe,384.9616,415.42175,0.9281216,,,
247,LHeel,418.5504,450.18744,0.8855104,,,
247,RHeel,412.9523,422.37488,0.8026392,,,
248,Nose,367.93356,109.60666,0.9449979,,,
248,LEye,373.5439,102.65584,0.96338075,,,
248,REye,373.5439,102.65584,0.9264273,,,
248,LEar,395.98523,109.60666,0.9770784,,,
248,REar,395.98523,109.60666,0.71293885,,,
248,LShoulder,395.98523,158.26239,0.83041024,-0.06641928,-0.20025767,-0.12397153
248,RShoulder,395.98523,151.31157,0.74513876,-0.07024583,-0.21081664,0.041466538
248,LElbow,351.1026,179.11484,0.83514196,-0.17442809,-0.1387504,-0.21707657
248,RElbow,351.1026,179.11484,0.7553411,-0.16809505,-0.14477636,0.15715215
248,LWrist,272.55798,186.06566,0.6412615,-0.30927265,-0.13089783,-0.2808227
248,RWrist,323.05096,179.11484,0.49880043,-0.2345593,-0.12405814,0.23244342
248,LHip,401.59555,269.47546,0.7597913,-0.054126948,0.066558376,-0.068683036
248,RHip,395.98523,269.47546,0.71535885,-0.05719578,0.059688237,0.0671343
248,LKnee,412.8162,359.8361,0.8753557,-0.029495774,0.28580526,0.009053056
248,RKnee,407.20587,352.88528,0.8341524,-0.042906344,0.26289478,0.17819783
248,LAnkle,412.8162,443.2459,0.97966295,-0.028504146,0.49171606,0.053647734
248,RAnkle,412.8162,415.44263,0.9051398,-0.03584124,0.4160193,0.24623604
248,Head,390.37488,74.85257,0.93828547,-0.0791959,-0.38246503,-0.070302926
248,Neck,395.98523,130.4591,0.9546326,-0.064972304,-0.25183445,-0.051160045
248,Hip,401.59555,269.47546,0.8466965,-0.05304139,0.064309016,-0.00144437
248,LBigToe,373.5439,457.14755,0.7439087,,,
248,RBigToe,379.15424,422.39346,0.9584319,,,
248,LSmallToe,384.76456,464.09836,0.7484622,,,
248,RSmallToe,384.76456,415.44263,0.92625993,,,
248,LHeel,418.42654,450.19672,0.8886078,,,
248,RHeel,412.8162,422.39346,0.7977871,,,
249,Nose,367.8614,109.54843,0.9349261,,,
249,LEye,373.4789,102.59651,0.95315576,,,
249,REye,373.4789,102.59651,0.92961085,,,
249,LEar,395.949,109.54843,0.9841009,,,
249,REar,395.949,109.54843,0.7254218,,,
249,LShoulder,401.5665,151.25993,0.84467405,-0.06689164,-0.20031784,-0.12414556
249,RShoulder,395.949,151.25993,0.75615424,-0.07063741,-0.21103953,0.041684218
249,LElbow,351.00882,179.0676,0.8616536,-0.17512101,-0.13927546,-0.21700445
249,RElbow,351.00882,179.0676,0.7731964,-0.16872208,-0.14579093,0.15712987
249,LWrist,277.98105,186.01952,0.5621698,-0.31076363,-0.13315663,-0.28205726
249,RWrist,322.9212,179.0676,0.46686262,-0.2364124,-0.12602979,0.23190126
249,LHip,401.5665,269.4425,0.77130705,-0.054347664,0.06668423,-0.06889527
249,RHip,401.5665,269.4425,0.7268823,-0.057216898,0.059879374,0.067303866
249,LKnee,412.80154,359.8174,0.8817128,-0.029588332,0.28580126,0.008584254
249,RKnee,407.18402,352.8655,0.8544532,-0.04308383,0.2630154,0.17811614
249,LAnkle,412.80154,443.24042,0.9739995,-0.0285702,0.4916847,0.05367855
249,RAnkle,412.80154,415.43274,0.9018199,-0.036292452,0.416352,0.24629647
249,Head,390.33148,74.78885,0.9430278,-0.079084285,-0.3825569,-0.07057836
249,Neck,395.949,130.40417,0.9538155,-0.06516385,-0.25179568,-0.051412784
249,Hip,401.5665,269.4425,0.85531783,-0.053078987,0.0643751,-0.001493393
249,LBigToe,379.09644,457.14426,0.74618787,,,
249,RBigToe,379.09644,422.38467,0.9611947,,,
249,LSmallToe,384.71396,464.09616,0.7467526,,,
249,RSmallToe,384.71396,415.43274,0.9224551,,,
249,LHeel,418.41907,450.19232,0.89491373,,,
249,RHeel,412.80154,422.38467,0.7879007,,,
250,Nose,368.17523,109.3459,0.94520897,,,
250,LEye,373.78302,102.39017,0.9562015,,,
250,REye,373.78302,102.39017,0.92906636,,,
250,LEar,396.21417,109.3459,0.9732008,,,
250,REar,396.21417,109.3459,0.7056056,,,
250,LShoulder,396.21417,158.03607,0.82165325,-0.06758972,-0.20040299,-0.12455725
250,RShoulder,396.21417,151.08032,0.71813667,-0.07153873,-0.21138631,0.041717872
250,LElbow,351.35184,178.90327,0.8398743,-0.1763864,-0.14057778,-0.21724653
250,RElbow,345.74405,178.90327,0.747929,-0.1708146,-0.14709066,0.15631242
250,LWrist,272.84274,185.85901,0.5171764,-0.31296438,-0.1361618,-0.28376743
250,RWrist,278.45053,185.85901,0.46194068,-0.23998868,-0.12882872,0.23117042
250,LHip,401.822,269.32788,0.7513337,-0.054346256,0.06678487,-0.06911179
250,RHip,401.822,269.32788,0.70253897,-0.057133645,0.060062137,0.06756792
250,LKnee,413.03757,359.75247,0.8832622,-0.0297181,0.28579205,0.00820403
250,RKnee,407.42978,352.79672,0.84668314,-0.043182492,0.26315776,0.17800489
250,LAnkle,413.03757,443.2213,0.9815512,-0.028626813,0.4915773,0.053590283
250,RAnkle,413.03757,415.39835,0.90352494,-0.036820125,0.41670194,0.24629304
250,Head,390.60638,81.52295,0.94429255,-0.079004034,-0.3827317,-0.07129481
250,Neck,396.21417,130.21312,0.94678247,-0.06552255,-0.25183752,-0.052000318
250,Hip,401.822,269.32788,0.8490089,-0.052971814,0.06448242,-0.0015265662
250,LBigToe,373.78302,457.13278,0.7423758,,,
250,RBigToe,379.3908,422.3541,0.9505223,,,
250,LSmallToe,384.9986,464.08853,0.7442382,,,
250,RSmallToe,384.9986,415.39835,0.9291615,,,
250,LHeel,418.64536,450.17706,0.87795466,,,
250,RHeel,413.03757,422.3541,0.78396577,,,
251,Nose,367.8381,109.16704,0.94496584,,,
251,LEye,373.4708,102.207924,0.95383185,,,
251,REye,373.4708,102.207924,0.931084,,,
251,LEar,396.00143,109.16704,0.9757335,,,
251,REar,396.00143,109.16704,0.72306234,,,
251,LShoulder,396.00143,157.88083,0.83363605,-0.06883421,-0.20095044,-0.12510552
251,RShoulder,396.00143,150.9217,0.7328296,-0.07258801,-0.21197751,0.04163822
251,LElbow,345.30746,178.75816,0.87309235,-0.1782217,-0.14249533,-0.21782133
251,RElbow,345.30746,178.75816,0.7866294,-0.17260787,-0.14881988,0.15541348
251,LWrist,272.0828,185.71727,0.576281,-0.31578425,-0.13939342,-0.28608695
251,RWrist,277.71548,185.71727,0.4842188,-0.24322599,-0.13209198,0.2300497
251,LHip,401.6341,269.22662,0.76692224,-0.054218754,0.066941276,-0.06941237
251,RHip,401.6341,269.22662,0.72171307,-0.056858376,0.06024709,0.067813456
251,LKnee,412.89944,359.6951,0.9023345,-0.030050268,0.28581223,0.007949609
251,RKnee,407.26678,352.73596,0.88728917,-0.043411203,0.26332417,0.17796865
251,LAnkle,412.89944,443.20444,0.9771542,-0.028805861,0.49146202,0.053513706
251,RAnkle,412.89944,415.36798,0.8813991,-0.037504293,0.4171369,0.2462473
251,Head,390.36877,81.33059,0.9464095,-0.07913229,-0.38327685,-0.07177741
251,Neck,396.00143,130.04437,0.9502663,-0.066241406,-0.25201303,-0.052396677
251,Hip,401.6341,269.22662,0.8620212,-0.052692488,0.06462361,-0.00159
251,LBigToe,379.10345,457.12265,0.7511148,,,
251,RBigToe,379.10345,422.3271,0.94442135,,,
251,LSmallToe,384.7361,464.0818,0.74548614,,,
251,RSmallToe,384.7361,415.36798,0.9217042,,,
251,LHeel,418.5321,450.16354,0.88718414,,,
251,RHeel,412.89944,422.3271,0.7516755,,,
252,Nose,367.78403,108.92978,0.9612278,,,
252,LEye,373.42923,101.966194,0.9559424,,,
252,REye,373.42923,101.966194,0.9218018,,,
252,LEar,396.01,108.92978,0.97392344,,,
252,REar,390.3648,108.92978,0.7054557,,,
252,LShoulder,401.65518,150.71132,0.8305213,-0.07070795,-0.20172302,-0.12609802
252,RShoulder,396.01,150.71132,0.7301164,-0.073928595,-0.21267997,0.041392088
252,LElbow,345.20325,178.56567,0.8676524,-0.18029445,-0.14486824,-0.21898144
252,RElbow,345.20325,171.60208,0.7713731,-0.17460662,-0.15073141,0.15432985
252,LWrist,277.46094,178.56567,0.577068,-0.31872448,-0.14278066,-0.28891167
252,RWrist,277.46094,178.56567,0.5112237,-0.24687994,-0.13525288,0.22875658
252,LHip,401.65518,269.09232,0.75593024,-0.05373469,0.06720731,-0.069855064
252,RHip,396.01,269.09232,0.7008877,-0.056269847,0.060473103,0.068085216
252,LKnee,412.9456,359.619,0.87643737,-0.030533275,0.2859188,0.00770972
252,RKnee,407.30038,352.6554,0.85891306,-0.04369153,0.26355284,0.17792168
252,LAnkle,412.9456,443.18207,0.9727068,-0.029022774,0.49138883,0.053354174
252,RAnkle,407.30038,415.3277,0.87662,-0.03832856,0.41758987,0.24616346
252,Head,390.3648,74.11184,0.9361951,-0.07946925,-0.38417563,-0.072111815
252,Neck,396.01,129.82054,0.9596602,-0.067325585,-0.2522867,-0.052768387
252,Hip,401.65518,269.09232,0.85855496,-0.052103817,0.06488185,-0.0016609768
252,LBigToe,373.42923,464.0728,0.7278907,,,
252,RBigToe,379.07443,422.2913,0.9495604,,,
252,LSmallToe,384.7196,464.0728,0.7356427,,,
252,RSmallToe,384.7196,415.3277,0.93431956,,,
252,LHeel,412.9456,450.14563,0.88797724,,,
252,RHeel,412.9456,422.2913,0.75911146,,,
253,Nose,367.56158,108.59243,0.9698696,,,
253,LEye,373.2209,101.622475,0.97062117,,,
253,REye,367.56158,101.622475,0.9148993,,,
253,LEar,395.85812,108.59243,0.96270317,,,
253,REar,390.19882,108.59243,0.73843026,,,
253,LShoulder,395.85812,157.38211,0.84435606,-0.07279724,-0.2025282,-0.12729332
253,RShoulder,395.85812,150.41216,0.7186872,-0.0756927,-0.21331744,0.040992852
253,LElbow,344.92432,178.29198,0.8595595,-0.1830535,-0.14764322,-0.22011477
253,RElbow,344.92432,171.32202,0.7416187,-0.17694336,-0.15287979,0.15277502
253,LWrist,277.01257,178.29198,0.5744894,-0.32234025,-0.14636995,-0.2917312
253,RWrist,277.01257,178.29198,0.44741172,-0.25169855,-0.13903055,0.22648366
253,LHip,401.51746,268.90137,0.7605364,-0.052816488,0.067693636,-0.0702553
253,RHip,401.51746,268.90137,0.7188659,-0.055357385,0.06072544,0.06841474
253,LKnee,412.83606,359.51077,0.8902931,-0.031332716,0.2860792,0.007719812
253,RKnee,407.17676,352.54083,0.86992633,-0.0440914,0.2638053,0.17815621
253,LAnkle,412.83606,443.15024,0.9737149,-0.029265972,0.49136236,0.053147033
253,RAnkle,407.17676,415.27042,0.88261104,-0.03898777,0.4181784,0.24608414
253,Head,390.19882,80.712616,0.9405039,-0.08004825,-0.3846859,-0.072610945
253,Neck,395.85812,129.50229,0.9430639,-0.06883604,-0.25244904,-0.05334418
253,Hip,401.51746,268.90137,0.8687292,-0.05112615,0.06530234,-0.0017288767
253,LBigToe,373.2209,457.09015,0.73696434,,,
253,RBigToe,378.8802,422.24036,0.95271856,,,
253,LSmallToe,384.53952,464.0601,0.7423493,,,
253,RSmallToe,384.53952,415.27042,0.9312403,,,
253,LHeel,412.83606,450.12018,0.87504506,,,
253,RHeel,412.83606,422.24036,0.7519723,,,
254,Nose,366.6609,108.00754,0.9536458,,,
254,LEye,372.34863,101.02654,0.95321494,,,
254,REye,372.34863,101.02654,0.9242839,,,
254,LEar,395.09958,108.00754,0.9754858,,,
254,REar,389.41183,108.00754,0.703999,,,
254,LShoulder,395.09958,156.87447,0.85012245,-0.075537674,-0.20341238,-0.12896998
254,RShoulder,395.09958,149.89348,0.73760456,-0.07773787,-0.21395893,0.04034521
254,LElbow,343.90994,170.83644,0.85777134,-0.18609113,-0.15058035,-0.2218172
254,RElbow,343.90994,170.83644,0.7602378,-0.1795609,-0.154876,0.15101162
254,LWrist,275.65707,177.81743,0.49680954,-0.32568634,-0.14909922,-0.2942154
254,RWrist,321.159,170.83644,0.44535592,-0.25680974,-0.14270572,0.22352442
254,LHip,400.78732,268.5703,0.76139396,-0.05143589,0.06829499,-0.07077802
254,RHip,400.78732,268.5703,0.7247697,-0.054098323,0.06102136,0.06872917
254,LKnee,412.16278,359.32318,0.88675046,-0.032555584,0.286239,0.007902254
254,RKnee,406.47507,352.3422,0.8743978,-0.044678755,0.26408747,0.17841506
254,LAnkle,412.16278,443.09506,0.9768226,-0.029619655,0.4913576,0.052768707
254,RAnkle,412.16278,415.17108,0.88604754,-0.03947741,0.41877517,0.24596359
254,Head,389.41183,73.102585,0.9385159,-0.08088702,-0.3853421,-0.07285577
254,Neck,395.09958,128.9505,0.9500921,-0.07086885,-0.2525849,-0.053806074
254,Hip,400.78732,268.5703,0.87238514,-0.04977399,0.06579773,-0.0017708812
254,LBigToe,378.03638,457.05704,0.757443,,,
254,RBigToe,378.03638,422.15207,0.9347362,,,
254,LSmallToe,383.7241,464.03802,0.74998814,,,
254,RSmallToe,383.7241,415.17108,0.9255742,,,
254,LHeel,417.85052,450.07605,0.87659734,,,
254,RHeel,412.16278,422.15207,0.75451165,,,
255,Nose,365.83395,107.879616,0.9641067,,,
255,LEye,371.56085,100.89621,0.9645062,,,
255,REye,371.56085,100.89621,0.9172376,,,
255,LEar,394.46844,107.879616,0.97776973,,,
255,REar,388.74155,107.879616,0.7464706,,,
255,LShoulder,394.46844,156.76344,0.84781,-0.07866104,-0.20398723,-0.13072133
255,RShoulder,388.74155,149.78003,0.7344827,-0.08046403,-0.2142493,0.039425373
255,LElbow,342.92636,170.73024,0.87309796,-0.18941951,-0.15306868,-0.2232987
255,RElbow,342.92636,170.73024,0.80154663,-0.1836623,-0.15666462,0.14843398
255,LWrist,314.29187,170.73024,0.49687427,-0.3283644,-0.15172963,-0.29616264
255,RWrist,274.2036,177.71365,0.44608518,-0.26491556,-0.14556575,0.219493
255,LHip,405.92224,268.4979,0.77858835,-0.04939867,0.06921248,-0.071406685
255,RHip,400.19534,268.4979,0.72725624,-0.05224541,0.061505925,0.06915402
255,LKnee,411.6491,359.28214,0.9076222,-0.034312166,0.2864544,0.008140724
255,RKnee,405.92224,352.29874,0.89421755,-0.04551875,0.2644216,0.17874363
255,LAnkle,411.6491,443.08298,0.96502435,-0.029865691,0.49140468,0.052053664
255,RAnkle,411.6491,415.14938,0.8872364,-0.040248603,0.419453,0.24571104
255,Head,388.74155,72.9626,0.94502753,-0.08200094,-0.38530937,-0.07317225
255,Neck,394.46844,128.82982,0.9566961,-0.073474236,-0.25238872,-0.054358535
255,Hip,405.92224,268.4979,0.8527517,-0.047764026,0.06665447,-0.0018130757
255,LBigToe,377.28775,457.0498,0.7715031,,,
255,RBigToe,383.01465,422.13278,0.94496536,,,
255,LSmallToe,388.74155,464.0332,0.7796979,,,
255,RSmallToe,383.01465,415.14938,0.9185851,,,
255,LHeel,417.376,450.06638,0.86676645,,,
255,RHeel,411.6491,422.13278,0.7368607,,,
256,Nose,365.1789,107.92105,0.96175534,,,
256,LEye,371.01797,100.93843,0.9694443,,,
256,REye,365.1789,100.93843,0.91031206,,,
256,LEar,394.37442,107.92105,0.9634949,,,
256,REar,388.5353,107.92105,0.78399575,,,
256,LShoulder,388.5353,156.79941,0.8191856,-0.08191827,-0.20394,-0.13254493
256,RShoulder,400.21353,149.81679,0.73936427,-0.08349564,-0.21404703,0.038224105
256,LElbow,335.98334,170.76465,0.8453292,-0.19282988,-0.15509059,-0.22469069
256,RElbow,341.82245,170.76465,0.7938106,-0.18776526,-0.15833332,0.14555891
256,LWrist,271.75314,177.74727,0.6794662,-0.33344686,-0.15406828,-0.29857376
256,RWrist,312.6269,170.76465,0.48979217,-0.2723782,-0.1495222,0.21423826
256,LHip,406.05264,275.50397,0.7904106,-0.046820845,0.070573404,-0.07189525
256,RHip,406.05264,275.50397,0.7235978,-0.050078806,0.062185597,0.06952142
256,LKnee,411.89175,359.29544,0.8928605,-0.03642709,0.2866635,0.00817254
256,RKnee,406.05264,352.3128,0.8625713,-0.04644807,0.26484728,0.17904595
256,LAnkle,411.89175,443.08688,0.9707717,-0.030268671,0.49150917,0.051095165
256,RAnkle,406.05264,415.1564,0.87667906,-0.04129079,0.4200807,0.24528304
256,Head,388.5353,73.00794,0.9442973,-0.08344402,-0.38435167,-0.073644616
256,Neck,394.37442,128.86891,0.9279695,-0.07654101,-0.25163695,-0.054989114
256,Hip,406.05264,268.52136,0.86745644,-0.045366034,0.06774409,-0.0019074704
256,LBigToe,376.8571,457.05212,0.7866101,,,
256,RBigToe,376.8571,422.13904,0.9217677,,,
256,LSmallToe,388.5353,464.03476,0.7792386,,,
256,RSmallToe,382.6962,415.1564,0.91079694,,,
256,LHeel,417.73087,450.06952,0.8709904,,,
256,RHeel,411.89175,422.13904,0.72358763,,,
257,Nose,364.60114,107.938515,0.9649345,,,
257,LEye,370.5645,100.95622,0.9744642,,,
257,REye,364.60114,100.95622,0.91397876,,,
257,LEar,388.4546,107.938515,0.9628161,,,
257,REar,388.4546,107.938515,0.80504435,,,
257,LShoulder,388.4546,149.83228,0.8310817,-0.085302904,-0.20323916,-0.1345405
257,RShoulder,388.4546,149.83228,0.7718111,-0.08650401,-0.2135195,0.03668262
257,LElbow,340.7477,170.77914,0.87980276,-0.19655272,-0.1564639,-0.22600275
257,RElbow,340.7477,170.77914,0.857116,-0.19214728,-0.15947907,0.14239793
257,LWrist,310.9309,170.77914,0.53234625,-0.33634937,-0.15553682,-0.29950872
257,RWrist,316.89426,170.77914,0.6144845,-0.2804659,-0.15250158,0.20858483
257,LHip,406.34467,275.51352,0.8130222,-0.043808263,0.07212192,-0.07237967
257,RHip,406.34467,275.51352,0.7539363,-0.04754837,0.06289941,0.069893666
257,LKnee,412.308,359.30103,0.9034701,-0.039061867,0.28686795,0.008057419
257,RKnee,406.34467,352.31876,0.88583636,-0.04764177,0.26521114,0.17942367
257,LAnkle,412.308,443.08853,0.96520066,-0.030717833,0.4916542,0.04984074
257,RAnkle,406.34467,415.15936,0.88662577,-0.042115882,0.42070884,0.2448192
257,Head,388.4546,73.027054,0.9496424,-0.08507258,-0.38249815,-0.07408187
257,Neck,388.4546,128.88539,0.91348016,-0.07989255,-0.25040203,-0.05561854
257,Hip,406.34467,268.53125,0.8776696,-0.042608038,0.06899525,-0.002016755
257,LBigToe,376.52786,457.05313,0.79737025,,,
257,RBigToe,376.52786,422.14166,0.9419047,,,
257,LSmallToe,388.4546,464.03543,0.7950164,,,
257,RSmallToe,382.4912,415.15936,0.9152676,,,
257,LHeel,418.2714,450.07083,0.86176187,,,
257,RHeel,412.308,422.14166,0.7249904,,,
258,Nose,365.42297,108.11137,0.9541518,,,
258,LEye,371.48303,101.13233,0.9618652,,,
258,REye,365.42297,101.13233,0.928146,,,
258,LEar,389.66324,108.11137,0.97667956,,,
258,REar,389.66324,108.11137,0.84604114,,,
258,LShoulder,389.66324,149.98555,0.8483811,-0.088754654,-0.20129722,-0.13637313
258,RShoulder,389.66324,149.98555,0.7448419,-0.089889266,-0.21203092,0.03505903
258,LElbow,335.12262,170.92264,0.8656658,-0.20066212,-0.15678835,-0.22731984
258,RElbow,335.12262,170.92264,0.8724752,-0.19692205,-0.16001455,0.13883466
258,LWrist,268.46185,177.90167,0.6188797,-0.3416578,-0.15632921,-0.30026272
258,RWrist,268.46185,177.90167,0.5143259,-0.2892589,-0.15470727,0.20230187
258,LHip,407.84344,275.6081,0.81540823,-0.04029969,0.07404579,-0.072778404
258,RHip,407.84344,275.6081,0.74473983,-0.044630118,0.06382923,0.07029173
258,LKnee,407.84344,359.35648,0.8822316,-0.0422453,0.2869756,0.007532078
258,RKnee,407.84344,352.37744,0.86750144,-0.049060192,0.26556852,0.17982616
258,LAnkle,407.84344,443.10486,0.95341957,-0.03113616,0.49179342,0.048301533
258,RAnkle,407.84344,415.18872,0.89539605,-0.042835165,0.42139092,0.24425417
258,Head,389.66324,80.19524,0.93494713,-0.08690967,-0.37945983,-0.07467342
258,Neck,389.66324,129.04846,0.9056617,-0.08342173,-0.24832624,-0.05649174
258,Hip,407.84344,268.62906,0.8804435,-0.03946729,0.07055965,-0.0020822498
258,LBigToe,377.5431,464.04193,0.78460956,,,
258,RBigToe,377.5431,422.16776,0.88280684,,,
258,LSmallToe,383.60318,464.04193,0.7720222,,,
258,RSmallToe,383.60318,415.18872,0.8692865,,,
258,LHeel,413.9035,450.08386,0.88980144,,,
258,RHeel,413.9035,429.1468,0.7289155,,,
259,Nose,360.10736,108.93135,0.96514076,,,
259,LEye,366.33334,101.9678,0.9560142,,,
259,REye,360.10736,101.9678,0.9270411,,,
259,LEar,385.01123,108.93135,0.9684789,,,
259,REar,391.2372,108.93135,0.878795,,,
259,LShoulder,385.01123,150.7127,0.8468558,-0.09239454,-0.19807912,-0.13843983
259,RShoulder,391.2372,150.7127,0.74779207,-0.093308605,-0.20958002,0.033300657
259,LElbow,335.2035,171.6034,0.865096,-0.20531088,-0.15578862,-0.22887202
259,RElbow,335.2035,171.6034,0.8459149,-0.2015877,-0.15983468,0.13508451
259,LWrist,279.16977,171.6034,0.5696981,-0.3467043,-0.15606728,-0.30019557
259,RWrist,304.07364,171.6034,0.6219967,-0.29761422,-0.1567398,0.19537935
259,LHip,409.9151,276.0568,0.7975778,-0.036173552,0.07649638,-0.073222496
259,RHip,409.9151,269.09323,0.726948,-0.04131089,0.06512146,0.07068015
259,LKnee,403.68915,359.61948,0.872699,-0.045909874,0.28706494,0.0065734163
259,RKnee,403.68915,352.65594,0.8809013,-0.051019147,0.2659563,0.18032077
259,LAnkle,409.9151,443.1822,0.9896312,-0.031541124,0.49212316,0.0462662
259,RAnkle,409.9151,415.32797,0.90420204,-0.043519966,0.42201135,0.24340694
259,Head,385.01123,81.07712,0.9250323,-0.088882364,-0.37522325,-0.07555027
259,Neck,385.01123,129.82204,0.90753305,-0.08710265,-0.24515249,-0.05765444
259,Hip,409.9151,269.09323,0.8783499,-0.035818063,0.07259135,-0.0021277403
259,LBigToe,372.5593,464.07288,0.82191724,,,
259,RBigToe,378.78528,422.29153,0.9282474,,,
259,LSmallToe,385.01123,464.07288,0.7902772,,,
259,RSmallToe,385.01123,415.32797,0.8661354,,,
259,LHeel,416.14108,450.14575,0.9418472,,,
259,RHeel,416.14108,429.2551,0.7564531,,,
260,Nose,361.5743,111.57592,0.9591214,,,
260,LEye,367.84232,104.66226,0.96892524,,,
260,REye,361.5743,104.66226,0.9697671,,,
260,LEar,386.64636,111.57592,0.99089754,,,
260,REar,386.64636,111.57592,0.8635078,,,
260,LShoulder,386.64636,153.05789,0.8560208,-0.09634974,-0.19348346,-0.14049284
260,RShoulder,386.64636,153.05789,0.74727654,-0.09688843,-0.20605516,0.030989362
260,LElbow,336.50223,173.79887,0.8397295,-0.21086761,-0.15350138,-0.23007983
260,RElbow,336.50223,166.88522,0.89626104,-0.20663624,-0.15880032,0.13055667
260,LWrist,305.1621,173.79887,0.7089144,-0.3526563,-0.15437219,-0.29914597
260,RWrist,305.1621,173.79887,0.6227366,-0.3058758,-0.1573567,0.18786514
260,LHip,411.71844,277.5038,0.78301585,-0.031723816,0.0794965,-0.07359566
260,RHip,411.71844,277.5038,0.73874,-0.0375648,0.06703137,0.071000345
260,LKnee,405.45044,360.46774,0.874342,-0.04987982,0.28708443,0.0047602914
260,RKnee,405.45044,353.55408,0.8826041,-0.05321612,0.26625815,0.18076052
260,LAnkle,411.71844,443.4317,0.96934015,-0.03192998,0.49244955,0.043569803
260,RAnkle,405.45044,422.6907,0.85583997,-0.044456575,0.42219996,0.24158357
260,Head,386.64636,83.92127,0.942641,-0.091109976,-0.36962792,-0.07667576
260,Neck,386.64636,132.31691,0.9337136,-0.090994075,-0.2407896,-0.059372887
260,Hip,411.71844,270.59015,0.87415355,-0.03178007,0.07509278,-0.0022011215
260,LBigToe,374.11035,464.17267,0.87639457,,,
260,RBigToe,380.37836,422.6907,0.90217394,,,
260,LSmallToe,380.37836,464.17267,0.8017268,,,
260,RSmallToe,386.64636,415.77704,0.79411757,,,
260,LHeel,417.98648,450.34537,0.9484638,,,
260,RHeel,417.98648,436.51804,0.77465296,,,
261,Nose,356.45126,112.77828,0.9649349,,,
261,LEye,362.8748,105.88731,0.9534375,,,
261,REye,362.8748,105.88731,0.9589578,,,
261,LEar,388.56885,112.77828,0.96479684,,,
261,REar,382.14532,112.77828,0.84188324,,,
261,LShoulder,382.14532,154.12415,0.8432121,-0.100250855,-0.1875344,-0.142577
261,RShoulder,382.14532,154.12415,0.7719817,-0.10066072,-0.20128603,0.028509261
261,LElbow,330.75717,174.79706,0.83643436,-0.21671134,-0.14952141,-0.23128618
261,RElbow,337.1807,167.90608,0.8379384,-0.21195167,-0.1564499,0.12512322
261,LWrist,298.6396,174.79706,0.590796,-0.36045575,-0.15229703,-0.29808068
261,RWrist,305.0631,174.79706,0.6640068,-0.314489,-0.15704755,0.17923555
261,LHip,414.26294,278.1617,0.8133098,-0.026775492,0.082910225,-0.07389205
261,RHip,414.26294,278.1617,0.7364438,-0.033488616,0.0692125,0.071260676
261,LKnee,401.4159,353.96243,0.9115106,-0.054117665,0.28705904,0.0027558247
261,RKnee,401.4159,353.96243,0.89771044,-0.055984136,0.26652732,0.18122247
261,LAnkle,407.83942,443.54514,0.9228272,-0.03236644,0.4927,0.040373586
261,RAnkle,407.83942,422.8722,0.8769097,-0.04521697,0.42272532,0.23985948
261,Head,382.14532,85.21438,0.9435182,-0.09343481,-0.3626443,-0.07805533
261,Neck,382.14532,133.45122,0.90832883,-0.09496945,-0.23507787,-0.061449684
261,Hip,414.26294,271.27072,0.86534333,-0.027402353,0.077982664,-0.0022334477
261,LBigToe,375.7218,464.21805,0.895694,,,
261,RBigToe,382.14532,422.8722,0.94566095,,,
261,LSmallToe,382.14532,464.21805,0.85942364,,,
261,RSmallToe,382.14532,415.98123,0.8875835,,,
261,LHeel,414.26294,450.4361,0.9627821,,,
261,RHeel,414.26294,429.76318,0.7501795,,,
262,Nose,358.25394,115.92049,0.96907055,,,
262,LEye,364.7765,109.0888,0.98077047,,,
262,REye,358.25394,109.0888,0.9472693,,,
262,LEar,384.3441,115.92049,0.95300674,,,
262,REar,384.3441,115.92049,0.8455847,,,
262,LShoulder,384.3441,156.91061,0.8833472,-0.104156815,-0.18028253,-0.14453197
262,RShoulder,377.82156,156.91061,0.8136665,-0.10469032,-0.1953034,0.025638822
262,LElbow,332.1638,177.40569,0.8127829,-0.22341987,-0.14412677,-0.23168957
262,RElbow,332.1638,170.57399,0.8370292,-0.21755955,-0.15280418,0.118829906
262,LWrist,266.93842,184.23738,0.66143036,-0.3697313,-0.14903313,-0.2960764
262,RWrist,306.07364,170.57399,0.628589,-0.32378662,-0.15553704,0.16922009
262,LHip,416.9568,279.881,0.8026286,-0.021580376,0.08679341,-0.07413799
262,RHip,410.43423,279.881,0.7086478,-0.029196898,0.071752876,0.07152696
262,LKnee,403.9117,355.0296,0.8890791,-0.058176223,0.2870541,0.00025083567
262,RKnee,403.9117,355.0296,0.87005895,-0.059036337,0.26670706,0.18161193
262,LAnkle,410.43423,443.84155,0.94081,-0.0326816,0.4930171,0.0368926
262,RAnkle,403.9117,416.5148,0.8434567,-0.046038352,0.42332298,0.2379329
262,Head,384.3441,88.59373,0.9537162,-0.0959297,-0.35436437,-0.07970967
262,Neck,384.3441,136.41556,0.8981333,-0.098917425,-0.22818586,-0.06397416
262,Hip,416.9568,273.04932,0.8487348,-0.022756847,0.081275076,-0.00225584
262,LBigToe,371.299,464.3366,0.9006183,,,
262,RBigToe,377.82156,423.3465,0.9570794,,,
262,LSmallToe,384.3441,464.3366,0.89668334,,,
262,RSmallToe,384.3441,416.5148,0.91081953,,,
262,LHeel,416.9568,450.67325,0.93870807,,,
262,RHeel,410.43423,423.3465,0.7113988,,,
263,Nose,358.43262,119.87062,0.93732387,,,
263,LEye,365.08728,113.113464,0.9542963,,,
263,REye,358.43262,113.113464,0.9234473,,,
263,LEar,378.39664,119.87062,0.94342273,,,
263,REar,378.39664,119.87062,0.82615894,,,
263,LShoulder,378.39664,160.41357,0.86223656,-0.10824587,-0.17142905,-0.14629906
263,RShoulder,378.39664,160.41357,0.8051696,-0.10910593,-0.18772055,0.022514489
263,LElbow,325.15924,180.68504,0.81589824,-0.23123187,-0.13698152,-0.23141542
263,RElbow,331.81393,173.92789,0.8554395,-0.22358812,-0.14785358,0.1116921
263,LWrist,265.26718,180.68504,0.61151624,-0.3799712,-0.14416109,-0.29241392
263,RWrist,305.19522,173.92789,0.703332,-0.33382583,-0.15214974,0.15811813
263,LHip,418.32468,282.04242,0.7699362,-0.015843902,0.09116751,-0.07428479
263,RHip,411.67,275.28525,0.6862128,-0.024466904,0.07479459,0.07166713
263,LKnee,398.36066,356.37115,0.8832785,-0.06212838,0.28721642,-0.0025555987
263,RKnee,398.36066,349.61398,0.8298485,-0.06255095,0.2669552,0.18187436
263,LAnkle,411.67,444.2142,0.9351753,-0.033031017,0.49335924,0.03289686
263,RAnkle,405.01532,417.18558,0.82920986,-0.04675185,0.423756,0.23538594
263,Head,385.0513,92.841995,0.91879684,-0.09862582,-0.34438297,-0.08152986
263,Neck,378.39664,140.1421,0.89571273,-0.102934554,-0.21968077,-0.06660961
263,Hip,418.32468,275.28525,0.83039117,-0.017629266,0.08507444,-0.0022366045
263,LBigToe,371.74197,464.4857,0.90778995,,,
263,RBigToe,378.39664,423.94275,1.0087171,,,
263,LSmallToe,385.0513,464.4857,0.9124543,,,
263,RSmallToe,385.0513,417.18558,0.9337808,,,
263,LHeel,418.32468,450.97137,0.93758243,,,
263,RHeel,411.67,423.94275,0.70588577,,,
264,Nose,352.57343,124.21396,0.953049,,,
264,LEye,359.3722,117.53875,0.9881211,,,
264,REye,352.57343,117.53875,0.89858,,,
264,LEar,379.7686,124.21396,0.9640633,,,
264,REar,379.7686,124.21396,0.86811393,,,
264,LShoulder,379.7686,170.94041,0.8541279,-0.112434365,-0.16099627,-0.14794752
264,RShoulder,372.9698,164.26521,0.8266823,-0.11391533,-0.17850812,0.018954614
264,LElbow,325.37823,184.29083,0.847211,-0.2396596,-0.12848337,-0.23025374
264,RElbow,325.37823,177.61563,0.7997885,-0.23002073,-0.14153343,0.103838906
264,LWrist,257.3903,184.29083,0.6752851,-0.39096975,-0.13796328,-0.2875132
264,RWrist,298.18304,177.61563,0.5950871,-0.3445133,-0.14705203,0.1458072
264,LHip,420.56137,284.41895,0.7704804,-0.009672634,0.0959257,-0.074384704
264,RHip,413.76257,277.74374,0.6633675,-0.019456781,0.07830475,0.07169726
264,LKnee,400.16498,357.84625,0.8811607,-0.06592053,0.28757384,-0.0056578917
264,RKnee,400.16498,351.17105,0.79524064,-0.06642664,0.2672182,0.18204758
264,LAnkle,406.96378,444.62396,0.9079329,-0.033380285,0.49365094,0.028469656
264,RAnkle,400.16498,417.92313,0.8045928,-0.047367822,0.423977,0.2324563
264,Head,379.7686,97.51313,0.94861805,-0.10149583,-0.33277142,-0.08356913
264,Neck,379.7686,144.23958,0.92449296,-0.10694376,-0.20959578,-0.069485165
264,Hip,420.56137,277.74374,0.81073445,-0.0120714735,0.08925697,-0.0022170355
264,LBigToe,372.9698,464.6496,0.9108987,,,
264,RBigToe,379.7686,424.59833,0.97133,,,
264,LSmallToe,386.56738,464.6496,0.92497724,,,
264,RSmallToe,379.7686,417.92313,0.95894563,,,
264,LHeel,420.56137,451.29916,0.89179426,,,
264,RHeel,413.76257,424.59833,0.6991337,,,
265,Nose,353.66302,128.97952,0.9365578,,,
265,LEye,360.5167,122.394226,0.9793118,,,
265,REye,353.66302,122.394226,0.93466103,,,
265,LEar,381.07776,128.97952,0.93138313,,,
265,REar,374.2241,128.97952,0.81387335,,,
265,LShoulder,374.2241,175.07657,0.8547053,-0.11663579,-0.14934589,-0.1494337
265,RShoulder,374.2241,168.49127,0.7980431,-0.11883485,-0.16779597,0.015142185
265,LElbow,319.3946,188.24715,0.8123764,-0.24796027,-0.1187145,-0.22807361
265,RElbow,326.2483,181.66185,0.7635545,-0.23676802,-0.13402905,0.095361225
265,LWrist,250.85774,188.24715,0.78012717,-0.40136746,-0.13031067,-0.28121766
265,RWrist,298.83353,181.66185,0.4971477,-0.35515434,-0.14013356,0.1331282
265,LHip,422.1999,287.02652,0.78929096,-0.003052259,0.100850046,-0.074395515
265,RHip,422.1999,287.02652,0.6566913,-0.014092853,0.08223671,0.07162169
265,LKnee,394.78513,359.46475,0.8954286,-0.06939843,0.28809157,-0.008830064
265,RKnee,394.78513,352.87946,0.84508085,-0.07044449,0.26743633,0.1820055
265,LAnkle,408.4925,445.07355,0.9484769,-0.03362126,0.49392787,0.02378225
265,RAnkle,401.63882,418.73236,0.76934445,-0.047852617,0.4241726,0.22935653
265,Head,381.07776,102.63835,0.94627666,-0.10464231,-0.31983355,-0.08588707
265,Neck,374.2241,148.7354,0.86828065,-0.11096102,-0.19804484,-0.07234221
265,Hip,422.1999,280.44122,0.81767744,-0.0061085746,0.09367964,-0.002210852
265,LBigToe,374.2241,464.8294,0.8904832,,,
265,RBigToe,381.07776,425.31766,0.9085957,,,
265,LSmallToe,381.07776,464.8294,0.896598,,,
265,RSmallToe,381.07776,418.73236,0.953598,,,
265,LHeel,415.3462,451.65884,0.89598805,,,
265,RHeel,408.4925,425.31766,0.6613691,,,
266,Nose,349.22443,135.77335,0.9641852,,,
266,LEye,356.15338,129.31624,0.9632886,,,
266,REye,356.15338,129.31624,0.9230372,,,
266,LEar,376.94022,135.77335,0.9368936,,,
266,REar,376.94022,135.77335,0.81579816,,,
266,LShoulder,376.94022,180.9731,0.86698586,-0.12076846,-0.13640572,-0.15104929
266,RShoulder,376.94022,174.51599,0.7656181,-0.12412922,-0.15539205,0.0110394005
266,LElbow,314.57968,193.88731,0.801979,-0.25575188,-0.10754141,-0.225342
266,RElbow,314.57968,187.4302,0.73633236,-0.24358481,-0.12511027,0.08653199
266,LWrist,245.29018,187.4302,0.83841705,-0.4107325,-0.12100762,-0.27426738
266,RWrist,252.21913,193.88731,0.29527438,-0.36565518,-0.13066533,0.121186
266,LHip,425.44287,284.2868,0.7563014,0.0042150384,0.1057554,-0.07443372
266,RHip,425.44287,284.2868,0.65428,-0.008417886,0.086050496,0.0714042
266,LKnee,397.72708,355.31497,0.91455245,-0.07259238,0.28879687,-0.012050194
266,RKnee,390.79813,348.85788,0.87944263,-0.07450293,0.2675846,0.18167995
266,LAnkle,411.585,445.71448,0.9448762,-0.033728015,0.49415973,0.018988784
266,RAnkle,404.65604,413.42892,0.80509573,-0.04825024,0.4243093,0.22621828
266,Head,376.94022,109.94492,0.9457179,-0.10810959,-0.30542773,-0.08831873
266,Neck,376.94022,155.14467,0.8766083,-0.11507971,-0.1851014,-0.07538044
266,Hip,425.44287,277.82968,0.78759426,0.00035050535,0.098039925,-0.0022550595
266,LBigToe,370.0113,465.0858,0.8551833,,,
266,RBigToe,383.86917,419.88605,0.9251749,,,
266,LSmallToe,383.86917,465.0858,0.89367294,,,
266,RSmallToe,383.86917,419.88605,0.91482764,,,
266,LHeel,418.51392,452.17157,0.88659835,,,
266,RHeel,411.585,419.88605,0.67677915,,,
267,Nose,349.4275,141.15488,0.9692117,,,
267,LEye,356.44656,134.7993,0.9680033,,,
267,REye,349.4275,134.7993,0.9257567,,,
267,LEar,377.5037,147.51045,0.91526985,,,
267,REar,377.5037,141.15488,0.79384565,,,
267,LShoulder,370.48465,185.64386,0.86779714,-0.12455289,-0.12223706,-0.15235175
267,RShoulder,377.5037,179.28828,0.7469159,-0.12915152,-0.14143111,0.007060915
267,LElbow,314.33228,198.355,0.8210065,-0.2624243,-0.09503913,-0.22199887
267,RElbow,314.33228,191.99942,0.7354597,-0.2502913,-0.1152668,0.077713855
267,LWrist,244.14177,191.99942,0.8757499,-0.4183037,-0.10961743,-0.2660144
267,RWrist,258.17987,191.99942,0.31341055,-0.3749354,-0.120620266,0.1078135
267,LHip,426.63702,287.33295,0.79316294,0.011409112,0.11136104,-0.07438863
267,RHip,426.63702,287.33295,0.69967914,-0.002919108,0.09067938,0.07115985
267,LKnee,398.56085,357.2442,0.90632373,-0.0756481,0.28988206,-0.015537018
267,RKnee,391.5418,350.88864,0.9019362,-0.07843473,0.26800787,0.18152764
267,LAnkle,412.59894,446.22217,0.9416389,-0.0339739,0.49436858,0.014223705
267,RAnkle,405.5799,414.4443,0.80264646,-0.048659824,0.4244285,0.22307451
267,Head,377.5037,115.732605,0.9346708,-0.11194859,-0.28960657,-0.090337165
267,Neck,377.5037,166.57715,0.8794414,-0.119245775,-0.17044069,-0.07804795
267,Hip,426.63702,280.9774,0.809771,0.0067585506,0.10320936,-0.002246117
267,LBigToe,370.48465,465.28885,0.8559256,,,
267,RBigToe,377.5037,420.7999,0.93081623,,,
267,LSmallToe,384.52274,465.28885,0.9003786,,,
267,RSmallToe,384.52274,420.7999,0.89852965,,,
267,LHeel,419.61798,452.57773,0.89188087,,,
267,RHeel,405.5799,420.7999,0.6819309,,,
268,Nose,344.50317,147.58302,0.97218764,,,
268,LEye,351.53766,141.34875,0.9502892,,,
268,REye,351.53766,141.34875,0.9546937,,,
268,LEar,372.64114,153.8173,0.93170726,,,
268,REar,372.64114,147.58302,0.75958,,,
268,LShoulder,372.64114,191.223,0.8878722,-0.12766506,-0.10729225,-0.15342015
268,RShoulder,372.64114,184.98872,0.71941465,-0.1336492,-0.12660253,0.0033501547
268,LElbow,309.3307,203.69157,0.7858325,-0.26782122,-0.081547365,-0.21843556
268,RElbow,316.36517,197.45729,0.775808,-0.2561518,-0.10464583,0.06960449
268,LWrist,246.02025,197.45729,0.88752997,-0.42411453,-0.09641518,-0.2576228
268,RWrist,253.05475,197.45729,0.41912302,-0.3834951,-0.108937606,0.09408239
268,LHip,428.91708,290.97153,0.79471356,0.018431025,0.117253646,-0.0742611
268,RHip,428.91708,284.73724,0.6860692,0.002480901,0.09563157,0.0708724
268,LKnee,393.7446,359.54865,0.89302945,-0.07876836,0.29126707,-0.019282034
268,RKnee,393.7446,353.31436,0.8956515,-0.0822604,0.26850882,0.18131614
268,LAnkle,407.8136,446.82858,0.96624804,-0.03412068,0.4945071,0.009519308
268,RAnkle,400.7791,415.65717,0.7913071,-0.04895923,0.4246008,0.2196971
268,Head,379.67563,122.6459,0.8901534,-0.115948506,-0.27325052,-0.092044085
268,Neck,372.64114,172.52016,0.9002372,-0.12311408,-0.15516277,-0.08034106
268,Hip,435.95157,284.73724,0.8433967,0.012990024,0.10859774,-0.002204844
268,LBigToe,372.64114,465.53143,0.8709311,,,
268,RBigToe,379.67563,421.89145,0.96475035,,,
268,LSmallToe,379.67563,465.53143,0.91041505,,,
268,RSmallToe,386.7101,415.65717,0.87836367,,,
268,LHeel,414.84808,453.06287,0.9189845,,,
268,RHeel,407.8136,421.89145,0.6862243,,,
269,Nose,341.91843,154.40323,0.9354593,,,
269,LEye,355.85077,148.29762,0.93133646,,,
269,REye,348.8846,148.29762,0.93460625,,,
269,LEar,369.78314,160.50882,0.9173427,,,
269,REar,369.78314,154.40323,0.7132207,,,
269,LShoulder,376.74933,197.14243,0.8200057,-0.13016395,-0.09222531,-0.15448853
269,RShoulder,362.81696,191.03682,0.74161744,-0.13761695,-0.111247465,-0.00025916332
269,LElbow,314.0537,209.35362,0.7919695,-0.27216518,-0.06741518,-0.21498568
269,RElbow,314.0537,197.14243,0.83098334,-0.26070145,-0.093609706,0.0632108
269,LWrist,244.39194,203.24802,0.92545855,-0.4289285,-0.08203547,-0.2492592
269,RWrist,272.25665,197.14243,0.482045,-0.38914722,-0.097358644,0.08180377
269,LHip,432.47873,294.832,0.78300077,0.024425792,0.12345375,-0.07410021
269,RHip,432.47873,288.7264,0.6868871,0.0070602745,0.100972876,0.070541434
269,LKnee,390.68167,355.888,0.8691132,-0.08155408,0.29302165,-0.022790454
269,RKnee,390.68167,349.7824,0.8535465,-0.08581398,0.26913098,0.18144768
269,LAnkle,411.5802,447.47202,0.938112,-0.03436567,0.4947823,0.005214652
269,RAnkle,404.614,416.944,0.7978336,-0.049315535,0.4249428,0.2166951
269,Head,376.74933,129.98082,0.9288118,-0.12007866,-0.25678292,-0.09339183
269,Neck,369.78314,178.82562,0.8977445,-0.12670526,-0.13971375,-0.08277215
269,Hip,432.47873,288.7264,0.83494586,0.017848352,0.11425492,-0.0021651753
269,LBigToe,376.74933,459.6832,0.84902704,,,
269,RBigToe,376.74933,423.0496,1.020106,,,
269,LSmallToe,383.71548,465.7888,0.9242046,,,
269,RSmallToe,383.71548,416.944,0.89177424,,,
269,LHeel,418.5464,453.5776,0.92469233,,,
269,RHeel,411.5802,423.0496,0.67042565,,,
270,Nose,342.7443,159.73476,0.955647,,,
270,LEye,349.83527,159.73476,0.92512196,,,
270,REye,349.83527,153.72975,0.8987159,,,
270,LEar,371.10812,165.73976,0.9210153,,,
270,REar,371.10812,165.73976,0.7187102,,,
270,LShoulder,371.10812,201.76979,0.84002465,-0.13226229,-0.077538654,-0.15566564
270,RShoulder,364.01718,201.76979,0.7674353,-0.14108384,-0.09593077,-0.0038035524
270,LElbow,307.2895,213.7798,0.77650994,-0.27589104,-0.052599285,-0.21196388
270,RElbow,307.2895,201.76979,0.85877186,-0.26456934,-0.08187966,0.057472385
270,LWrist,243.47087,207.7748,0.87344474,-0.4326991,-0.06658979,-0.24174236
270,RWrist,257.6528,201.76979,0.72509515,-0.393689,-0.084361985,0.07044332
270,LHip,434.92676,297.84985,0.7649979,0.030328501,0.12948084,-0.07387053
270,RHip,427.8358,291.84485,0.6511231,0.011501345,0.10615571,0.07011867
270,LKnee,392.381,357.8999,0.8467571,-0.0842389,0.29486933,-0.026098525
270,RKnee,392.381,351.8949,0.89068687,-0.08925982,0.26953325,0.18142495
270,LAnkle,406.56293,447.97498,0.9483805,-0.0345997,0.49501374,0.0011634757
270,RAnkle,399.47195,417.94995,0.8048703,-0.049671,0.42533863,0.21365511
270,Head,371.10812,135.71474,0.9449381,-0.12440297,-0.2404676,-0.09481498
270,Neck,371.10812,183.75478,0.90820026,-0.12994483,-0.124499366,-0.085541904
270,Hip,434.92676,291.84485,0.8132908,0.022596585,0.119740754,-0.0022325877
270,LBigToe,378.1991,459.985,0.8456922,,,
270,RBigToe,378.1991,423.95496,1.0724834,,,
270,LSmallToe,385.29004,465.99,0.9300441,,,
270,RSmallToe,385.29004,417.94995,0.9106512,,,
270,LHeel,420.74484,453.97998,0.91549194,,,
270,RHeel,406.56293,423.95496,0.68613535,,,
271,Nose,341.71042,166.12477,0.9521401,,,
271,LEye,348.9353,166.12477,0.9269211,,,
271,REye,341.71042,160.24033,0.89773196,,,
271,LEar,370.61002,172.0092,0.92261803,,,
271,REar,363.3851,172.0092,0.7192077,,,
271,LShoulder,370.61002,207.31584,0.8600919,-0.13381788,-0.063170835,-0.15702572
271,RShoulder,363.3851,207.31584,0.78355724,-0.14393783,-0.08117963,-0.007538737
271,LElbow,312.81085,224.96915,0.79323214,-0.27880442,-0.037326165,-0.20952141
271,RElbow,312.81085,207.31584,0.8968684,-0.26739228,-0.069925375,0.05261594
271,LWrist,240.56189,219.08472,0.92541987,-0.4356478,-0.05005049,-0.23458087
271,RWrist,255.01167,207.31584,0.8468269,-0.39668953,-0.07099438,0.060021367
271,LHip,435.63406,295.5824,0.7336002,0.036085702,0.13483848,-0.073523864
271,RHip,428.40918,295.5824,0.65955275,0.015681606,0.11100097,0.06959938
271,LKnee,392.2847,360.31125,0.8696683,-0.08680644,0.29660174,-0.029575737
271,RKnee,392.2847,354.4268,0.8772824,-0.09266831,0.26962218,0.18101558
271,LAnkle,406.7345,448.57782,0.9554715,-0.03482824,0.49517873,-0.0027748381
271,RAnkle,406.7345,413.27118,0.8226485,-0.050003633,0.42580876,0.21049953
271,Head,370.61002,142.58702,0.9479087,-0.1286965,-0.22470108,-0.096649
271,Neck,370.61002,189.66252,0.8999195,-0.13281062,-0.109841645,-0.08878506
271,Hip,435.63406,289.69797,0.8081987,0.027119437,0.12454371,-0.0024023943
271,LBigToe,377.8349,460.34668,0.8557721,,,
271,RBigToe,377.8349,425.04007,1.079587,,,
271,LSmallToe,385.05978,466.2311,0.9152933,,,
271,RSmallToe,385.05978,419.1556,0.9045225,,,
271,LHeel,421.18427,454.46225,0.90590286,,,
271,RHeel,413.95938,419.1556,0.7233751,,,
272,Nose,341.18686,172.68417,0.9449659,,,
272,LEye,348.42734,172.68417,0.93017286,,,
272,REye,341.18686,166.9235,0.9041105,,,
272,LEar,362.90826,178.44485,0.9000404,,,
272,REar,362.90826,178.44485,0.71314114,,,
272,LShoulder,370.14874,213.00891,0.8384834,-0.13486567,-0.049097564,-0.15805095
272,RShoulder,362.90826,213.00891,0.77323806,-0.1460912,-0.06689334,-0.010503827
272,LElbow,312.22498,230.29094,0.7503426,-0.28136858,-0.022165671,-0.20706213
272,RElbow,312.22498,213.00891,0.9274967,-0.26953685,-0.05780481,0.048918914
272,LWrist,239.82027,224.53026,0.878608,-0.437796,-0.03371787,-0.22832848
272,RWrist,254.30121,213.00891,0.8506987,-0.39809197,-0.057741847,0.051744185
272,LHip,435.313,299.41904,0.7559425,0.04103966,0.14089626,-0.07316732
272,RHip,428.0725,299.41904,0.6659539,0.019253878,0.1166046,0.06910678
272,LKnee,391.87015,362.78647,0.8602522,-0.08951311,0.29844084,-0.03276898
272,RKnee,384.6297,351.26514,0.9145632,-0.09642623,0.26963443,0.18104169
272,LAnkle,406.3511,449.19662,0.9521315,-0.03509917,0.49544266,-0.006397194
272,RAnkle,406.3511,414.63257,0.8614079,-0.050507195,0.42622527,0.2078079
272,Head,370.14874,149.64146,0.9389608,-0.13270257,-0.20935147,-0.0981636
272,Neck,370.14874,195.72688,0.89680463,-0.13503507,-0.095648125,-0.091591634
272,Hip,435.313,293.65836,0.7951374,0.031087905,0.13015145,-0.0024774864
272,LBigToe,377.38922,460.718,0.8527516,,,
272,RBigToe,377.38922,426.15393,1.0713004,,,
272,LSmallToe,384.6297,466.47864,0.9107575,,,
272,RSmallToe,384.6297,420.39325,0.9107096,,,
272,LHeel,420.83203,454.9573,0.9136465,,,
272,RHeel,413.59158,420.39325,0.7385888,,,
273,Nose,336.42288,183.04315,0.9313558,,,
273,LEye,343.53864,177.3709,0.9456893,,,
273,REye,343.53864,177.3709,0.95274293,,,
273,LEar,364.88593,188.7154,0.9359965,,,
273,REar,364.88593,188.7154,0.771977,,,
273,LShoulder,364.88593,222.74887,0.83864695,-0.13537359,-0.035310257,-0.15907681
273,RShoulder,364.88593,217.07663,0.7674262,-0.14767344,-0.05303021,-0.013311507
273,LElbow,300.84412,234.09337,0.77578473,-0.2833842,-0.0073026475,-0.20470683
273,RElbow,315.07562,217.07663,0.866611,-0.27113044,-0.045650445,0.04592793
273,LWrist,236.80229,234.09337,0.90655863,-0.43919542,-0.017542332,-0.22282338
273,RWrist,258.14957,217.07663,0.8537718,-0.3988054,-0.044594094,0.04439803
273,LHip,436.0435,307.83258,0.785703,0.045816105,0.14702646,-0.07265247
273,RHip,436.0435,296.4881,0.6628157,0.023011174,0.12243952,0.06852774
273,LKnee,393.34894,364.55505,0.82135385,-0.09253885,0.3002515,-0.036023982
273,RKnee,386.2332,353.21057,0.9255048,-0.100109026,0.26929203,0.18114018
273,LAnkle,407.58044,449.63876,0.9551626,-0.035184596,0.49560347,-0.010007582
273,RAnkle,400.4647,415.6053,0.9086922,-0.051025674,0.42642915,0.20520677
273,Head,364.88593,154.68192,0.9325822,-0.13641511,-0.19432537,-0.0997668
273,Neck,364.88593,205.73213,0.9334829,-0.13654004,-0.08201073,-0.09438678
273,Hip,443.15924,296.4881,0.8163468,0.035191685,0.13579439,-0.0024914236
273,LBigToe,372.00168,460.98325,0.8507647,,,
273,RBigToe,379.11743,426.94977,1.0508912,,,
273,LSmallToe,386.2332,466.65552,0.89419764,,,
273,RSmallToe,379.11743,421.27753,0.92788476,,,
273,LHeel,421.81198,455.311,0.9164463,,,
273,RHeel,414.69623,421.27753,0.7683431,,,
274,Nose,337.93414,188.77457,0.92725796,,,
274,LEye,345.024,183.21254,0.9385935,,,
274,REye,337.93414,183.21254,0.9541566,,,
274,LEar,366.29355,194.3366,0.9197354,,,
274,REar,366.29355,194.3366,0.7296684,,,
274,LShoulder,366.29355,227.70876,0.85460407,-0.13540629,-0.02241502,-0.15995891
274,RShoulder,366.29355,222.14673,0.75702345,-0.14883332,-0.040153705,-0.015850056
274,LElbow,302.48486,238.83281,0.80920726,-0.28459996,0.0071930923,-0.2027174
274,RElbow,309.57474,222.14673,0.92065555,-0.2723139,-0.03363228,0.043765415
274,LWrist,238.6762,238.83281,0.9155002,-0.43979412,-0.0024962649,-0.21815078
274,RWrist,259.94574,222.14673,0.8793212,-0.39925304,-0.031558596,0.038795076
274,LHip,444.28195,305.57715,0.7664483,0.049829856,0.15343818,-0.07207417
274,RHip,437.19208,300.0151,0.61843586,0.025637912,0.12816986,0.06804082
274,LKnee,387.5631,361.19742,0.7601784,-0.09618627,0.3021392,-0.039984014
274,RKnee,387.5631,350.07336,0.84078175,-0.10390276,0.2689219,0.18112674
274,LAnkle,408.83267,444.62784,0.9501943,-0.035354674,0.49574718,-0.013701769
274,RAnkle,401.74283,416.8177,0.90331835,-0.051564254,0.42678842,0.20256557
274,Head,366.29355,160.96443,0.96581626,-0.13942835,-0.18023895,-0.10128878
274,Neck,366.29355,211.02267,0.95091796,-0.13744977,-0.069113046,-0.09702904
274,Hip,444.28195,300.0151,0.8170635,0.038172305,0.14163063,-0.002562484
274,LBigToe,373.3834,461.3139,0.86603487,,,
274,RBigToe,380.47327,427.94174,0.9927187,,,
274,LSmallToe,387.5631,466.87595,0.88822615,,,
274,RSmallToe,380.47327,422.37973,0.9344629,,,
274,LHeel,415.92252,455.7519,0.8674163,,,
274,RHeel,415.92252,422.37973,0.76100856,,,
275,Nose,340.38138,194.49733,0.89577454,,,
275,LEye,347.3393,189.04535,0.9093554,,,
275,REye,340.38138,189.04535,0.9517486,,,
275,LEar,368.213,194.49733,0.9259513,,,
275,REar,361.2551,199.9493,0.6793511,,,
275,LShoulder,375.1709,232.66115,0.8359384,-0.1352409,-0.010232922,-0.16120425
275,RShoulder,361.2551,227.20917,0.85590285,-0.14974678,-0.028364431,-0.018443814
275,LElbow,305.59186,249.01707,0.7390851,-0.2852701,0.021147717,-0.20155716
275,RElbow,312.54977,227.20917,0.9281882,-0.27294523,-0.021898292,0.041970856
275,LWrist,242.97075,243.5651,0.90567106,-0.43992013,0.011522666,-0.21446657
275,RWrist,256.88654,227.20917,0.83364874,-0.3993951,-0.018953716,0.034760095
275,LHip,444.74994,308.9888,0.80083895,0.052795894,0.15956496,-0.071560584
275,RHip,430.83414,303.5368,0.62303394,0.027356971,0.13375239,0.067570545
275,LKnee,389.0867,363.50854,0.7808247,-0.099673785,0.3039782,-0.043986373
275,RKnee,382.1288,352.60458,0.83217984,-0.10754278,0.26850522,0.18113565
275,LAnkle,409.96042,445.28815,0.9491299,-0.035546694,0.4960138,-0.017131826
275,RAnkle,403.00253,418.0283,0.9254718,-0.052102663,0.42701802,0.20015201
275,Head,361.2551,167.23746,0.95214957,-0.14209896,-0.16689831,-0.10301634
275,Neck,368.213,216.30522,0.9426797,-0.13804948,-0.056929093,-0.09981101
275,Hip,444.74994,298.08484,0.8285802,0.04006082,0.14714897,-0.0027277258
275,LBigToe,375.1709,461.64407,0.82562596,,,
275,RBigToe,375.1709,423.48026,0.96791965,,,
275,LSmallToe,389.0867,467.09604,0.8548526,,,
275,RSmallToe,382.1288,423.48026,0.93485135,,,
275,LHeel,416.91833,456.1921,0.853728,,,
275,RHeel,409.96042,423.48026,0.77779037,,,
276,Nose,335.5227,204.1806,0.9206303,,,
276,LEye,342.36108,198.8116,0.9109982,,,
276,REye,342.36108,193.4426,0.95105624,,,
276,LEar,362.87625,204.1806,0.9373197,,,
276,REar,362.87625,204.1806,0.7760037,,,
276,LShoulder,369.71463,236.39465,0.8542409,-0.13482538,0.0010651909,-0.16201705
276,RShoulder,362.87625,231.02565,0.79845303,-0.15033394,-0.017106878,-0.020437306
276,LElbow,308.1692,252.50168,0.77734,-0.2855831,0.034041625,-0.20019057
276,RElbow,315.00757,236.39465,0.8906845,-0.27324522,-0.010498976,0.04056964
276,LWrist,239.7854,247.13268,0.83957845,-0.44035345,0.024619762,-0.21142279
276,RWrist,260.30054,236.39465,0.8764172,-0.39916256,-0.0067097023,0.03175406
276,LHip,444.9368,311.56076,0.7417114,0.05496249,0.16656716,-0.070982724
276,RHip,438.09842,300.82275,0.5777951,0.02853896,0.1404625,0.06707468
276,LKnee,383.3914,365.25082,0.761679,-0.10360811,0.3059123,-0.04768815
276,RKnee,383.3914,349.14383,0.8148314,-0.11155788,0.2680688,0.18167478
276,LAnkle,410.7449,445.78595,0.9327598,-0.035810895,0.4962243,-0.02016699
276,RAnkle,403.90652,413.5719,0.8691204,-0.052699983,0.42730513,0.19816996
276,Head,362.87625,171.96657,0.95486665,-0.14388064,-0.15445705,-0.10460712
276,Neck,369.71463,220.28763,0.91322607,-0.13833295,-0.045410316,-0.10217904
276,Hip,444.9368,300.82275,0.84139156,0.041433975,0.15393218,-0.0027497907
276,LBigToe,369.71463,461.89297,0.8050724,,,
276,RBigToe,376.553,424.30994,0.9559594,,,
276,LSmallToe,383.3914,467.262,0.8628943,,,
276,RSmallToe,383.3914,424.30994,0.88601285,,,
276,LHeel,417.58328,456.52396,0.84099644,,,
276,RHeel,417.58328,418.94092,0.7581878,,,
277,Nose,336.95145,208.05284,0.9369077,,,
277,LEye,344.01904,202.75975,0.9436936,,,
277,REye,336.95145,197.46667,0.9117679,,,
277,LEar,365.22192,208.05284,0.9536673,,,
277,REar,365.22192,208.05284,0.75590545,,,
277,LShoulder,372.28955,239.81133,0.8974397,-0.1342405,0.011837035,-0.16243833
277,RShoulder,358.1543,234.51825,0.8405996,-0.15072806,-0.0064839274,-0.021976138
277,LElbow,301.6133,255.69057,0.7948658,-0.28578734,0.04618792,-0.1988684
277,RElbow,315.74857,239.81133,0.90738857,-0.27333033,0.00018006563,0.03979782
277,LWrist,238.00473,255.69057,0.8759259,-0.44048315,0.037731394,-0.2086056
277,RWrist,259.20758,239.81133,0.8627183,-0.39880556,0.005030766,0.030403765
277,LHip,450.0334,319.20755,0.76146126,0.056159288,0.17461477,-0.07045686
277,RHip,428.8305,308.6214,0.6453696,0.028944507,0.14795615,0.06668062
277,LKnee,386.42477,366.84528,0.78964716,-0.10782152,0.30793482,-0.050290056
277,RKnee,379.35718,350.96603,0.802797,-0.1155106,0.26756415,0.18275091
277,LAnkle,407.62766,446.24152,0.9564884,-0.0361571,0.49644306,-0.022602214
277,RAnkle,400.56003,414.48303,0.8976178,-0.0533238,0.42763758,0.19701597
277,Head,365.22192,176.29434,0.952333,-0.14508602,-0.14264536,-0.10588941
277,Neck,365.22192,223.93208,0.9617051,-0.13835391,-0.034631755,-0.10400792
277,Hip,442.96576,308.6214,0.82913655,0.042138096,0.16191106,-0.0026636443
277,LBigToe,372.28955,462.12076,0.8659661,,,
277,RBigToe,379.35718,425.06918,0.96084374,,,
277,LSmallToe,386.42477,467.41385,0.8756341,,,
277,RSmallToe,379.35718,419.7761,0.88156223,,,
277,LHeel,421.7629,451.5346,0.86624604,,,
277,RHeel,414.69528,419.7761,0.76300347,,,
278,Nose,333.8032,212.05,0.92694426,,,
278,LEye,340.99878,206.8353,0.94019026,,,
278,REye,340.99878,201.62059,0.89192057,,,
278,LEar,362.5855,212.05,0.9408686,,,
278,REar,362.5855,212.05,0.76364607,,,
278,LShoulder,369.7811,243.33823,0.8547338,-0.13331352,0.021729898,-0.16324204
278,RShoulder,362.5855,238.12352,0.84664077,-0.15099221,0.0034102723,-0.023841238
278,LElbow,305.02087,264.19705,0.8410767,-0.2853074,0.057512004,-0.19818878
278,RElbow,312.21646,243.33823,0.9808834,-0.2733883,0.010096069,0.038644794
278,LWrist,240.26064,258.98236,0.8812146,-0.44035855,0.0492861,-0.20686798
278,RWrist,261.84738,243.33823,0.8822147,-0.3985767,0.015918206,0.029326057
278,LHip,448.9325,321.5588,0.7440428,0.057235572,0.18197049,-0.06979775
278,RHip,434.54132,311.1294,0.64893055,0.02939349,0.15510586,0.06624576
278,LKnee,384.17227,368.49118,0.77715343,-0.112430036,0.30996102,-0.054757513
278,RKnee,376.97668,347.63235,0.8774539,-0.11944782,0.2669987,0.18346357
278,LAnkle,405.759,446.71176,0.9349869,-0.03648874,0.49646905,-0.02522805
278,RAnkle,398.56342,415.42352,0.8839179,-0.053866625,0.4277251,0.19539061
278,Head,362.5855,180.76176,0.9769587,-0.14606689,-0.1316758,-0.107569836
278,Neck,369.7811,227.6941,0.93403345,-0.13802889,-0.024599036,-0.1060924
278,Hip,448.9325,311.1294,0.8167685,0.042828657,0.16918163,-0.0027151608
278,LBigToe,369.7811,467.5706,0.8490586,,,
278,RBigToe,376.97668,425.85294,0.9321489,,,
278,LSmallToe,384.17227,467.5706,0.8709088,,,
278,RSmallToe,376.97668,420.63824,0.8356873,,,
278,LHeel,420.15018,451.92648,0.9234851,,,
278,RHeel,412.9546,415.42352,0.80772054,,,
279,Nose,334.31168,215.56525,0.94474465,,,
279,LEye,341.49667,210.41946,0.9478357,,,
279,REye,334.31168,210.41946,0.8982983,,,
279,LEar,363.05173,215.56525,0.9523271,,,
279,REar,363.05173,215.56525,0.77704453,,,
279,LShoulder,370.23672,251.5857,0.8831612,-0.13223907,0.03111631,-0.16418356
279,RShoulder,363.05173,241.29414,0.79643637,-0.15138265,0.012802046,-0.025805293
279,LElbow,305.57162,267.02304,0.8869592,-0.28477395,0.06793839,-0.19776031
279,RElbow,312.75662,246.43993,0.9865114,-0.27340132,0.019426387,0.037457317
279,LWrist,233.72148,261.87726,0.912325,-0.44063354,0.05999748,-0.20612279
279,RWrist,255.27652,246.43993,0.8737752,-0.3985317,0.026324961,0.02846864
279,LHip,449.27188,323.62662,0.75431454,0.057217967,0.18949701,-0.06918725
279,RHip,427.71683,313.33505,0.6503077,0.02886733,0.1623382,0.06586773
279,LKnee,377.42175,369.93863,0.78872144,-0.11722741,0.3122088,-0.05979971
279,RKnee,377.42175,349.3555,0.8482684,-0.12305075,0.26680782,0.1843399
279,LAnkle,406.1618,447.12534,0.9387435,-0.036758453,0.4965624,-0.027661907
279,RAnkle,398.97678,416.25064,0.89095014,-0.054287024,0.42804775,0.19391179
279,Head,363.05173,189.83635,0.9544323,-0.14678049,-0.12133838,-0.10918359
279,Neck,363.05173,231.00258,0.92296416,-0.13776332,-0.015149789,-0.10822254
279,Hip,449.27188,313.33505,0.8095136,0.042273574,0.1767468,-0.0027569581
279,LBigToe,370.23672,462.56265,0.86048853,,,
279,RBigToe,377.42175,426.5422,0.9199063,,,
279,LSmallToe,384.60675,467.70844,0.87071943,,,
279,RSmallToe,377.42175,421.39642,0.8272304,,,
279,LHeel,420.53183,452.2711,0.8761563,,,
279,RHeel,413.3468,421.39642,0.7575539,,,
280,Nose,334.3274,218.38715,0.93872935,,,
280,LEye,341.21057,213.2967,0.92676526,,,
280,REye,341.21057,213.2967,0.91729105,,,
280,LEar,361.86008,218.38715,0.93510103,,,
280,REar,361.86008,218.38715,0.81853354,,,
280,LShoulder,368.74326,254.0203,0.87013453,-0.13114637,0.039675567,-0.16509452
280,RShoulder,361.86008,243.83939,0.8213017,-0.1517728,0.021386493,-0.027369782
280,LElbow,306.7947,269.29163,0.8412203,-0.2839768,0.07739039,-0.19755767
280,RElbow,313.6779,248.92984,0.94687694,-0.2732048,0.028050084,0.03656271
280,LWrist,237.96297,269.29163,0.86537564,-0.4401387,0.07049838,-0.20537697
280,RWrist,258.6125,254.0203,0.87119555,-0.39807278,0.036407582,0.028282387
280,LHip,451.34134,325.28656,0.7672615,0.056207914,0.19734637,-0.06866946
280,RHip,423.80865,315.10565,0.7032712,0.027500087,0.17000525,0.06562436
280,LKnee,375.62643,366.01013,0.78747594,-0.12177992,0.31482896,-0.0643882
280,RKnee,375.62643,350.7388,0.8002364,-0.12663713,0.26680443,0.18532918
280,LAnkle,410.0423,447.4573,0.90767145,-0.037032817,0.49670687,-0.029693743
280,RAnkle,396.27594,416.9146,0.8315126,-0.054663472,0.42834035,0.19276366
280,Head,361.86008,192.9349,0.952436,-0.14722022,-0.11195549,-0.11051173
280,Neck,368.74326,233.6585,0.91651434,-0.13729861,-0.0064677075,-0.109948866
280,Hip,444.45816,315.10565,0.80045885,0.04074376,0.18477738,-0.0027103534
280,LBigToe,375.62643,462.72867,0.83006305,,,
280,RBigToe,375.62643,427.09552,0.85892934,,,
280,LSmallToe,389.3928,467.8191,0.84915453,,,
280,RSmallToe,382.5096,422.00507,0.79738265,,,
280,LHeel,416.92548,452.54776,0.86946094,,,
280,RHeel,410.0423,416.9146,0.8016996,,,
281,Nose,333.621,221.51097,0.9264882,,,
281,LEye,347.3795,216.48177,0.90966713,,,
281,REye,340.50024,216.48177,0.94105107,,,
281,LEar,368.01724,221.51097,0.93266463,,,
281,REar,361.13797,221.51097,0.7955226,,,
281,LShoulder,374.89648,256.71533,0.8702999,-0.12976675,0.047958743,-0.16578002
281,RShoulder,361.13797,246.65695,0.7877412,-0.15213189,0.029684078,-0.02873312
281,LElbow,299.22476,271.80292,0.8511733,-0.28285438,0.08634578,-0.19764078
281,RElbow,312.98325,251.68614,0.9308053,-0.27298713,0.03635989,0.03556343
281,LWrist,230.43231,271.80292,0.8674589,-0.43982625,0.080110654,-0.20531031
281,RWrist,257.94928,256.71533,0.8611232,-0.39772233,0.045524012,0.027901303
281,LHip,450.56818,327.12408,0.7724442,0.05486907,0.20578144,-0.06806397
281,RHip,423.0512,322.0949,0.7098069,0.025778553,0.17842016,0.065376006
281,LKnee,374.89648,372.38687,0.8116776,-0.12585601,0.31772563,-0.068337135
281,RKnee,374.89648,347.24088,0.7904049,-0.13020971,0.2667167,0.18664755
281,LAnkle,409.2927,447.82483,0.906055,-0.03736718,0.49681875,-0.0313548
281,RAnkle,395.5342,417.64963,0.83045924,-0.054870903,0.4287432,0.19197972
281,Head,361.13797,196.36497,0.96566117,-0.14738038,-0.10321987,-0.11177346
281,Neck,368.01724,241.62775,0.93734825,-0.13664716,0.0016463231,-0.11125479
281,Hip,443.68893,322.0949,0.80050963,0.038916033,0.1932688,-0.0025148082
281,LBigToe,374.89648,462.9124,0.8408667,,,
281,RBigToe,374.89648,427.70804,0.8497987,,,
281,LSmallToe,388.65497,467.94162,0.8445515,,,
281,RSmallToe,381.77573,422.67883,0.78021073,,,
281,LHeel,423.0512,452.854,0.86712277,,,
281,RHeel,409.2927,417.64963,0.80977064,,,
282,Nose,332.7281,224.32921,0.9231869,,,
282,LEye,346.46936,219.35527,0.91452414,,,
282,REye,339.59872,219.35527,0.94992286,,,
282,LEar,367.0813,224.32921,0.92787486,,,
282,REar,360.21066,224.32921,0.7572196,,,
282,LShoulder,373.95197,259.14676,0.8885237,-0.12826446,0.055386264,-0.1664939
282,RShoulder,360.21066,254.17284,0.84506583,-0.15243888,0.037004072,-0.029997947
282,LElbow,305.24548,279.0425,0.88099974,-0.28112102,0.09485155,-0.19781055
282,RElbow,312.11615,259.14676,0.9300391,-0.27273002,0.044118647,0.034710076
282,LWrist,236.53902,279.0425,0.861682,-0.43877682,0.08916743,-0.20550719
282,RWrist,257.15097,259.14676,0.8748587,-0.39733863,0.053706046,0.027575022
282,LHip,449.52908,328.7819,0.7691507,0.0533259,0.2134272,-0.06751134
282,RHip,422.04648,323.80795,0.7319385,0.023834428,0.18601774,0.065175995
282,LKnee,373.95197,373.54733,0.82059586,-0.12956372,0.320649,-0.073092945
282,RKnee,373.95197,348.67764,0.8402978,-0.13323484,0.2668581,0.1876325
282,LAnkle,408.3052,448.15637,0.9248298,-0.037665807,0.49692217,-0.033060085
282,RAnkle,401.43454,418.31274,0.8547531,-0.05496063,0.42905062,0.19099584
282,Head,360.21066,199.45952,0.95968443,-0.14738321,-0.09561685,-0.11298349
282,Neck,367.0813,244.22496,0.9513545,-0.13602903,0.008938093,-0.112611346
282,Hip,442.65842,323.80795,0.8160735,0.03683982,0.20092629,-0.0023945172
282,LBigToe,373.95197,463.0782,0.87333804,,,
282,RBigToe,373.95197,428.26062,0.82926565,,,
282,LSmallToe,387.69327,468.05212,0.85830456,,,
282,RSmallToe,380.8226,423.28668,0.72595143,,,
282,LHeel,422.04648,453.1303,0.87685823,,,
282,RHeel,415.17584,418.31274,0.81943154,,,
283,Nose,335.9194,227.03365,0.9465727,,,
283,LEye,342.9022,222.11273,0.938702,,,
283,REye,335.9194,222.11273,0.9234628,,,
283,LEar,363.85056,227.03365,0.9085124,,,
283,REar,363.85056,227.03365,0.71480626,,,
283,LShoulder,377.81613,261.48,0.8597743,-0.12670542,0.061923128,-0.16726616
283,RShoulder,356.86777,256.5591,0.9127039,-0.152722,0.043489333,-0.03123113
283,LElbow,307.98828,281.16364,0.85997653,-0.27937692,0.10209578,-0.19814155
283,RElbow,307.98828,261.48,0.88813674,-0.2723897,0.05082011,0.03361436
283,LWrist,231.17764,281.16364,0.9408785,-0.43798602,0.09698653,-0.20637977
283,RWrist,259.1088,261.48,0.870781,-0.39680812,0.061192837,0.027312685
283,LHip,447.64398,335.29364,0.76565427,0.051960614,0.22032757,-0.066997126
283,RHip,426.69562,325.4518,0.7127311,0.022055285,0.19308369,0.065018706
283,LKnee,370.83334,374.66092,0.80821097,-0.13268393,0.32340166,-0.07749322
283,RKnee,370.83334,350.05637,0.87145835,-0.13585335,0.26703426,0.1885393
283,LAnkle,405.74725,448.47455,0.9168451,-0.037931398,0.49699464,-0.034416668
283,RAnkle,398.76447,418.9491,0.82930547,-0.05497475,0.42923483,0.19012855
283,Head,363.85056,202.42911,0.9407096,-0.14717515,-0.08907056,-0.11414203
283,Neck,370.83334,246.71729,0.9265004,-0.13530889,0.015415512,-0.113894574
283,Hip,440.6612,325.4518,0.81803066,0.03503451,0.20797183,-0.0022966948
283,LBigToe,370.83334,463.23727,0.8535446,,,
283,RBigToe,377.81613,428.79092,0.7871269,,,
283,LSmallToe,384.79892,468.15817,0.8525464,,,
283,RSmallToe,377.81613,423.87,0.6963905,,,
283,LHeel,419.71283,453.39545,0.90598154,,,
283,RHeel,419.71283,418.9491,0.8462344,,,
284,Nose,333.20728,234.12689,0.8984026,,,
284,LEye,346.72742,229.24942,0.9321092,,,
284,REye,339.96735,224.37196,0.9578757,,,
284,LEar,367.00763,234.12689,0.90250105,,,
284,REar,367.00763,229.24942,0.668654,,,
284,LShoulder,373.7677,268.26913,0.8547874,-0.12515175,0.067432776,-0.1678118
284,RShoulder,360.24756,258.5142,0.8721697,-0.15284905,0.048876826,-0.032005757
284,LElbow,306.167,282.90152,0.8673873,-0.27754924,0.10824187,-0.19873117
284,RElbow,312.92706,263.39166,0.94761646,-0.27184293,0.056475345,0.032816574
284,LWrist,231.8062,282.90152,0.8887069,-0.436234,0.10336058,-0.20771657
284,RWrist,258.8465,268.26913,0.89757144,-0.39624828,0.0676775,0.027438998
284,LHip,448.1285,336.5536,0.7599369,0.05097249,0.22647305,-0.0666162
284,RHip,421.08823,331.67612,0.67706865,0.020417124,0.19948685,0.064922474
284,LKnee,373.7677,375.5733,0.8467714,-0.13488632,0.32605,-0.0806368
284,RKnee,373.7677,351.18597,0.84375095,-0.13777845,0.26714906,0.18951955
284,LAnkle,407.56808,448.73523,0.90799564,-0.038057216,0.4969413,-0.035440594
284,RAnkle,400.808,419.47046,0.8172157,-0.054835353,0.4293984,0.18914065
284,Head,360.24756,204.8621,0.96584195,-0.14721198,-0.083633766,-0.11512344
284,Neck,367.00763,248.75928,0.93376684,-0.1347221,0.020841185,-0.114974715
284,Hip,441.36844,331.67612,0.7921694,0.03361074,0.2143112,-0.0021621326
284,LBigToe,373.7677,463.3676,0.88255787,,,
284,RBigToe,373.7677,424.3479,0.82407194,,,
284,LSmallToe,387.28784,468.2451,0.86063486,,,
284,RSmallToe,380.52777,424.3479,0.64136815,,,
284,LHeel,421.08823,453.6127,0.89292306,,,
284,RHeel,421.08823,419.47046,0.85710716,,,
285,Nose,335.60135,235.71216,0.91806674,,,
285,LEye,342.25137,230.8664,0.89794904,,,
285,REye,342.25137,226.02065,0.92637664,,,
285,LEar,368.85147,230.8664,0.89047444,,,
285,REar,362.20145,230.8664,0.69479996,,,
285,LShoulder,375.5015,269.63245,0.8542521,-0.12374708,0.07209396,-0.16846496
285,RShoulder,362.20145,259.94095,0.9101833,-0.15307036,0.053353895,-0.03284879
285,LElbow,309.00125,284.16974,0.8065129,-0.27557474,0.113613844,-0.19953887
285,RElbow,315.65128,264.7867,0.9409247,-0.27140787,0.061193373,0.032045335
285,LWrist,242.50098,284.16974,0.83669686,-0.43378174,0.109123275,-0.20929033
285,RWrist,255.80103,269.63245,0.8955621,-0.3959124,0.07281488,0.02728648
285,LHip,448.6518,337.47305,0.7587944,0.050071746,0.23141621,-0.06629764
285,RHip,422.0517,332.6273,0.7067658,0.019264206,0.20474276,0.064839534
285,LKnee,375.5015,376.2391,0.80393004,-0.13689925,0.3281964,-0.08365742
285,RKnee,368.85147,352.0103,0.7952544,-0.13971627,0.26723453,0.19020386
285,LAnkle,408.75162,448.92545,0.8979257,-0.03819987,0.4968535,-0.036468714
285,RAnkle,402.1016,415.00516,0.83213705,-0.054712698,0.42946702,0.18799506
285,Head,362.20145,206.63762,0.97066045,-0.14709473,-0.07938331,-0.11614358
285,Neck,368.85147,250.24942,0.92952174,-0.13416448,0.025257733,-0.116085045
285,Hip,435.35175,332.6273,0.7899259,0.03237513,0.21953805,-0.0020987962
285,LBigToe,368.85147,463.46274,0.86536974,,,
285,RBigToe,375.5015,424.6967,0.81899977,,,
285,LSmallToe,382.15152,468.30847,0.82529855,,,
285,RSmallToe,382.15152,424.6967,0.6641604,,,
285,LHeel,422.0517,453.7712,0.8845933,,,
285,RHeel,415.40164,419.85092,0.8591023,,,
286,Nose,339.75162,236.94249,0.9189916,,,
286,LEye,346.5076,232.12134,0.9440492,,,
286,REye,339.75162,227.30019,0.950735,,,
286,LEar,366.7755,232.12134,0.9005559,,,
286,REar,366.7755,232.12134,0.6662459,,,
286,LShoulder,380.28748,265.8694,0.8682517,-0.12243645,0.07545175,-0.16882548
286,RShoulder,360.01953,261.04825,0.93273985,-0.15305668,0.056335565,-0.033351928
286,LElbow,312.7277,289.97516,0.82754356,-0.27345484,0.11759855,-0.20024085
286,RElbow,312.7277,265.8694,0.9253185,-0.27076912,0.06435552,0.031730197
286,LWrist,238.41194,289.97516,0.8746326,-0.43203324,0.113858595,-0.21016403
286,RWrist,258.67987,270.69055,0.90839434,-0.3952363,0.07643032,0.02762885
286,LHip,447.84726,343.00778,0.7484814,0.049673922,0.23477225,-0.06613525
286,RHip,420.82333,333.3655,0.67052543,0.018259756,0.20847194,0.064755626
286,LKnee,373.5315,376.75586,0.85015416,-0.13825345,0.32953635,-0.08614914
286,RKnee,373.5315,347.82895,0.8121621,-0.14088258,0.2672254,0.19077452
286,LAnkle,407.3114,449.0731,0.9067789,-0.038297348,0.4967098,-0.037084
286,RAnkle,400.55542,415.32504,0.8306365,-0.054516643,0.4294726,0.1872409
286,Head,360.01953,208.0156,0.96000594,-0.14687842,-0.07673694,-0.11688015
286,Neck,366.7755,251.40594,0.92252207,-0.13353288,0.028113801,-0.116628714
286,Hip,441.09128,333.3655,0.8011603,0.03174195,0.22301063,-0.0020724044
286,LBigToe,373.5315,463.53656,0.86902016,,,
286,RBigToe,373.5315,424.96735,0.8158191,,,
286,LSmallToe,387.04346,468.3577,0.8485083,,,
286,RSmallToe,380.28748,424.96735,0.63758796,,,
286,LHeel,420.82333,453.89426,0.8904354,,,
286,RHeel,420.82333,420.1462,0.85258186,,,
287,Nose,337.98636,237.65338,0.9377252,,,
287,LEye,344.79132,232.84645,0.95567703,,,
287,REye,337.98636,228.03952,0.93839437,,,
287,LEar,365.2062,237.65338,0.90682614,,,
287,REar,365.2062,232.84645,0.6678912,,,
287,LShoulder,378.8161,266.49496,0.86165094,-0.121479996,0.07715443,-0.16907565
287,RShoulder,358.40125,261.68805,0.88918245,-0.15306774,0.05787683,-0.033583842
287,LElbow,317.5715,290.52963,0.8417424,-0.27209553,0.11974464,-0.200698
287,RElbow,310.76654,266.49496,0.9110886,-0.270285,0.06613046,0.031380814
287,LWrist,235.912,290.52963,0.86441606,-0.43101525,0.11646454,-0.21127303
287,RWrist,256.32687,271.3019,0.9155362,-0.3948187,0.078442514,0.027771315
287,LHip,446.8657,343.40588,0.7450044,0.049210675,0.23691945,-0.06603526
287,RHip,419.64587,333.79202,0.6350293,0.017381415,0.21089162,0.06472468
287,LKnee,372.01117,377.0544,0.8543274,-0.13942888,0.3304425,-0.08814963
287,RKnee,372.01117,353.01974,0.8127453,-0.14182767,0.26742417,0.19100946
287,LAnkle,406.03595,449.15842,0.8981069,-0.038442824,0.49661168,-0.037491582
287,RAnkle,399.231,415.5099,0.8459132,-0.05436883,0.42944318,0.18672246
287,Head,365.2062,208.81178,0.92663807,-0.14628711,-0.075735226,-0.11748816
287,Neck,372.01117,252.07417,0.9429726,-0.133019,0.02960252,-0.11706848
287,Hip,440.06073,333.79202,0.79559547,0.031007115,0.22529699,-0.002042265
287,LBigToe,372.01117,463.5792,0.8718934,,,
287,RBigToe,372.01117,425.12375,0.80999327,,,
287,LSmallToe,385.62106,468.38614,0.8495639,,,
287,RSmallToe,378.8161,425.12375,0.5878687,,,
287,LHeel,419.64587,453.96533,0.8971801,,,
287,RHeel,419.64587,420.3168,0.9138035,,,
288,Nose,338.0808,237.59932,0.93496,,,
288,LEye,344.84784,232.7913,0.9508056,,,
288,REye,338.0808,227.98329,0.9520876,,,
288,LEar,365.14883,237.59932,0.90242094,,,
288,REar,365.14883,232.7913,0.6638583,,,
288,LShoulder,378.68283,271.2554,0.85994107,-0.120936066,0.07740055,-0.16911046
288,RShoulder,358.38184,261.63937,0.8898903,-0.15311557,0.058041755,-0.033394232
288,LElbow,311.01282,290.48746,0.8696253,-0.2712174,0.120389625,-0.2007084
288,RElbow,311.01282,266.4474,0.8973112,-0.26974362,0.066541016,0.031515475
288,LWrist,236.57578,290.48746,0.8573965,-0.429579,0.11740334,-0.212206
288,RWrist,256.87677,271.2554,0.91747093,-0.3941996,0.078983426,0.028362392
288,LHip,446.35287,343.3756,0.70588577,0.049036875,0.23772953,-0.065918736
288,RHip,419.28485,333.75958,0.62248784,0.01684056,0.21192639,0.064655885
288,LKnee,371.91583,377.0317,0.85691285,-0.14001586,0.3310208,-0.08928156
288,RKnee,371.91583,348.18362,0.82458746,-0.1426957,0.26754907,0.19120774
288,LAnkle,405.75085,449.15192,0.8995322,-0.038488746,0.49652854,-0.037538737
288,RAnkle,398.98386,415.49582,0.8451923,-0.054126333,0.42935434,0.18672922
288,Head,358.38184,208.75124,0.9254243,-0.14629783,-0.07599902,-0.11788665
288,Neck,371.91583,252.02336,0.9275845,-0.13275762,0.02966709,-0.117268085
288,Hip,439.58588,333.75958,0.78357905,0.030529806,0.22621237,-0.0020336832
288,LBigToe,371.91583,463.57596,0.8590518,,,
288,RBigToe,371.91583,425.11185,0.8195684,,,
288,LSmallToe,385.44986,468.38397,0.83522195,,,
288,RSmallToe,378.68283,420.30383,0.6440585,,,
288,LHeel,419.28485,453.95993,0.89681864,,,
288,RHeel,419.28485,420.30383,0.87460065,,,
289,Nose,339.06195,237.41396,0.92959887,,,
289,LEye,345.7693,232.60223,0.94998807,,,
289,REye,339.06195,227.79051,0.9571796,,,
289,LEar,365.89133,237.41396,0.9118385,,,
289,REar,365.89133,232.60223,0.6793418,,,
289,LShoulder,379.30603,271.096,0.8504457,-0.120814815,0.07607226,-0.16882569
289,RShoulder,365.89133,261.47256,0.8843402,-0.15307099,0.056617167,-0.032788813
289,LElbow,312.23254,290.3429,0.87672526,-0.27063197,0.119170636,-0.20076051
289,RElbow,312.23254,266.28427,0.89740956,-0.26907337,0.065358385,0.032091327
289,LWrist,238.4517,290.3429,0.8383247,-0.42849523,0.11657812,-0.21259537
289,RWrist,258.57376,271.096,0.9203919,-0.3934893,0.07786372,0.029442493
289,LHip,446.37952,343.27182,0.7040234,0.048754044,0.23705845,-0.06584648
289,RHip,426.25748,333.64838,0.6165396,0.016415391,0.2116114,0.06464464
289,LKnee,372.5987,376.95386,0.87313026,-0.14028232,0.3310246,-0.08934883
289,RKnee,372.5987,348.08353,0.8453717,-0.14322202,0.26791057,0.19119804
289,LAnkle,406.13544,449.12967,0.8989601,-0.03848838,0.49648556,-0.03725024
289,RAnkle,399.42807,415.44763,0.85100377,-0.05380532,0.42925963,0.18696252
289,Head,359.184,208.54362,0.9362748,-0.1456753,-0.07824756,-0.118071504
289,Neck,372.5987,251.84912,0.92840934,-0.13266745,0.027911987,-0.11706089
289,Hip,439.67218,333.64838,0.7746974,0.030229023,0.22563744,-0.0020036197
289,LBigToe,372.5987,463.56485,0.8622963,,,
289,RBigToe,372.5987,425.07108,0.8279867,,,
289,LSmallToe,386.0134,468.37656,0.83642256,,,
289,RSmallToe,379.30603,420.25934,0.62599933,,,
289,LHeel,419.55014,453.9414,0.89376384,,,
289,RHeel,419.55014,420.25934,0.9172986,,,
290,Nose,340.47293,237.35048,0.9203962,,,
290,LEye,347.09247,232.53749,0.93798107,,,
290,REye,340.47293,227.7245,0.9576013,,,
290,LEar,366.95105,232.53749,0.90489733,,,
290,REar,366.95105,232.53749,0.66616696,,,
290,LShoulder,373.5706,271.0414,0.8374207,-0.12110937,0.072882876,-0.16833101
290,RShoulder,360.33154,261.41544,0.8737473,-0.1529548,0.053136956,-0.0316023
290,LElbow,307.37527,290.29337,0.8231074,-0.2703985,0.115661815,-0.20075214
290,RElbow,313.9948,266.22842,0.94562995,-0.26840726,0.06230038,0.03335959
290,LWrist,234.5604,290.29337,0.8351048,-0.4278205,0.11364809,-0.21245047
290,RWrist,261.03854,271.0414,0.9110405,-0.39275822,0.07490775,0.031077376
290,LHip,446.38547,343.23627,0.72454655,0.048092376,0.23498689,-0.065863565
290,RHip,426.52686,333.6103,0.60545474,0.015896197,0.20976217,0.0647087
290,LKnee,373.5706,376.92722,0.8659769,-0.14040366,0.33057198,-0.08853354
290,RKnee,366.95105,348.04926,0.8144076,-0.14338589,0.26844493,0.19089137
290,LAnkle,406.66827,449.12207,0.9116366,-0.038498472,0.49643496,-0.036601674
290,RAnkle,400.04874,415.43112,0.8366385,-0.053461052,0.4290965,0.18754394
290,Head,360.33154,208.47253,0.9347897,-0.14438966,-0.082684055,-0.117941305
290,Neck,366.95105,251.78944,0.9287524,-0.1328245,0.024132334,-0.116283625
290,Hip,439.76593,333.6103,0.7783283,0.029867204,0.22361296,-0.0019512118
290,LBigToe,373.5706,463.56104,0.8691298,,,
290,RBigToe,373.5706,425.0571,0.80956405,,,
290,LSmallToe,386.80966,468.37402,0.8471931,,,
290,RSmallToe,380.19012,425.0571,0.6180576,,,
290,LHeel,419.90732,453.93506,0.89742875,,,
290,RHeel,419.90732,420.2441,0.8950317,,,
291,Nose,341.5824,230.52254,0.9294234,,,
291,LEye,348.12637,225.67003,0.92786443,,,
291,REye,341.5824,225.67003,0.94154775,,,
291,LEar,367.75824,230.52254,0.9241574,,,
291,REar,367.75824,230.52254,0.68544173,,,
291,LShoulder,380.84616,264.49002,0.8342534,-0.121685535,0.067283094,-0.16801232
291,RShoulder,361.21426,259.6375,0.88102037,-0.15260407,0.047233965,-0.030459156
291,LElbow,308.8626,283.90002,0.7774384,-0.27015465,0.10967435,-0.20038399
291,RElbow,315.40656,264.49002,0.96724325,-0.26781684,0.057013478,0.03463611
291,LWrist,236.87906,288.75253,0.84174496,-0.42678016,0.10814957,-0.21168926
291,RWrist,263.0549,269.34253,0.901802,-0.39221033,0.06962147,0.032829538
291,LHip,446.28574,342.13,0.7373346,0.04669687,0.23110442,-0.06604751
291,RHip,420.10992,332.42502,0.6120189,0.015043804,0.2058977,0.06486531
291,LKnee,374.3022,376.0975,0.8461924,-0.14069712,0.32973137,-0.08721524
291,RKnee,367.75824,351.83502,0.8158897,-0.14294508,0.26934963,0.19058165
291,LAnkle,407.022,448.885,0.91569006,-0.038540743,0.4963402,-0.0356345
291,RAnkle,400.47803,419.77002,0.8340009,-0.053164933,0.42887723,0.18853402
291,Head,361.21426,201.40753,0.9390872,-0.14246257,-0.08980338,-0.11786089
291,Neck,367.75824,249.93253,0.9338079,-0.13279532,0.017904919,-0.115469545
291,Hip,439.7418,332.42502,0.7876714,0.029179545,0.21969081,-0.0019392406
291,LBigToe,374.3022,463.4425,0.86782765,,,
291,RBigToe,374.3022,424.6225,0.81513804,,,
291,LSmallToe,387.3901,468.295,0.8482269,,,
291,RSmallToe,380.84616,424.6225,0.6313002,,,
291,LHeel,420.10992,453.7375,0.89458925,,,
291,RHeel,420.10992,419.77002,0.88153166,,,
292,Nose,339.03854,226.7702,0.9586879,,,
292,LEye,345.6819,221.84413,0.9484717,,,
292,REye,339.03854,221.84413,0.93277305,,,
292,LEar,365.61188,226.7702,0.908953,,,
292,REar,365.61188,226.7702,0.68956465,,,
292,LShoulder,378.89856,261.25272,0.872432,-0.12248883,0.05975676,-0.16759855
292,RShoulder,358.96857,256.32666,0.9186545,-0.1521025,0.039425056,-0.029121822
292,LElbow,319.10855,280.95703,0.82788354,-0.2700232,0.101882204,-0.20056453
292,RElbow,312.4652,261.25272,0.9681316,-0.26729947,0.049889904,0.035950504
292,LWrist,246.03188,285.8831,0.8250091,-0.4257903,0.10082944,-0.21111271
292,RWrist,259.31854,266.1788,0.9219688,-0.39181376,0.062357288,0.034686588
292,LHip,445.33188,340.06992,0.75144374,0.044896316,0.22578318,-0.06633786
292,RHip,418.75854,330.21777,0.6527514,0.0140475575,0.20066923,0.06503776
292,LKnee,372.25522,374.55243,0.83849555,-0.14094187,0.32839552,-0.08528572
292,RKnee,372.25522,349.92206,0.79459876,-0.14215587,0.2704018,0.1901456
292,LAnkle,405.4719,448.44354,0.89769715,-0.038567595,0.49614957,-0.034365825
292,RAnkle,398.82855,418.88712,0.8049385,-0.0528367,0.42862448,0.18982872
292,Head,365.61188,202.13983,0.9372822,-0.1401597,-0.09889409,-0.11745246
292,Neck,372.25522,246.4745,0.9272203,-0.13277948,0.009814549,-0.114346825
292,Hip,438.68857,330.21777,0.7978264,0.028233381,0.21425486,-0.0019567304
292,LBigToe,372.25522,463.22177,0.8710966,,,
292,RBigToe,372.25522,423.81317,0.75284016,,,
292,LSmallToe,385.5419,468.14786,0.8536806,,,
292,RSmallToe,378.89856,423.81317,0.62765217,,,
292,LHeel,418.75854,453.36963,0.90500927,,,
292,RHeel,418.75854,418.88712,0.8459785,,,
293,Nose,340.21457,223.22694,0.95082545,,,
293,LEye,346.79648,218.23138,0.9490739,,,
293,REye,340.21457,218.23138,0.9062078,,,
293,LEar,366.54224,223.22694,0.91614485,,,
293,REar,366.54224,223.22694,0.7228952,,,
293,LShoulder,379.70605,258.1958,0.8431375,-0.123413384,0.05007122,-0.16724512
293,RShoulder,359.96033,253.20024,0.9121406,-0.15137613,0.029353306,-0.027603587
293,LElbow,313.88693,278.17798,0.8317077,-0.27043253,0.09231298,-0.20046377
293,RElbow,313.88693,258.1958,0.9729002,-0.26645207,0.04101525,0.037512265
293,LWrist,241.48593,283.17355,0.83521193,-0.42629963,0.0914523,-0.20939982
293,RWrist,261.23166,263.19135,0.90785265,-0.39105988,0.053341668,0.03693889
293,LHip,445.52515,338.1246,0.7302429,0.042772315,0.21891682,-0.0666297
293,RHip,419.1975,328.13348,0.6564625,0.012659796,0.19374344,0.0651973
293,LKnee,373.12415,378.089,0.8495879,-0.14088589,0.32666668,-0.08275125
293,RKnee,373.12415,353.11124,0.78057563,-0.14116901,0.27150586,0.18946151
293,LAnkle,406.0337,448.0267,0.9211929,-0.038517762,0.49588785,-0.032615747
293,RAnkle,399.45178,418.0534,0.84276104,-0.052386913,0.42825645,0.19138591
293,Head,366.54224,193.25363,0.9297597,-0.13780843,-0.10991657,-0.117058925
293,Neck,366.54224,243.20914,0.91243964,-0.13276596,-0.0005053356,-0.11310768
293,Hip,438.94324,328.13348,0.7781897,0.026909329,0.20711549,-0.0021053476
293,LBigToe,373.12415,463.01334,0.8754987,,,
293,RBigToe,373.12415,428.0445,0.82787937,,,
293,LSmallToe,386.28796,468.0089,0.86933035,,,
293,RSmallToe,379.70605,423.04895,0.6443291,,,
293,LHeel,419.1975,453.02225,0.89147174,,,
293,RHeel,419.1975,418.0534,0.84857506,,,
294,Nose,340.3433,219.24446,0.93725187,,,
294,LEye,346.93457,214.17082,0.93932307,,,
294,REye,340.3433,209.09718,0.9180366,,,
294,LEar,366.70834,219.24446,0.9259214,,,
294,REar,366.70834,219.24446,0.7479183,,,
294,LShoulder,373.29962,254.75992,0.8707261,-0.124241084,0.038530834,-0.16723883
294,RShoulder,360.1171,249.6863,0.87583864,-0.15039688,0.017341658,-0.026275363
294,LElbow,313.97824,275.05447,0.83324033,-0.27071223,0.08072668,-0.20087859
294,RElbow,313.97824,254.75992,0.95957613,-0.2652663,0.030379172,0.03883579
294,LWrist,241.47437,275.05447,0.8918937,-0.42692983,0.07994707,-0.20880327
294,RWrist,261.24814,259.83356,0.90398765,-0.3902187,0.042181242,0.038964506
294,LHip,445.8035,330.8645,0.7493934,0.03985562,0.21061684,-0.06701761
294,RHip,419.43845,325.79086,0.64907795,0.01058548,0.1853394,0.06536684
294,LKnee,373.29962,376.52725,0.84369826,-0.14073552,0.324672,-0.08015064
294,RKnee,373.29962,351.15906,0.78353167,-0.14004502,0.27271926,0.18827371
294,LAnkle,406.25592,447.55817,0.93997806,-0.038415726,0.49549344,-0.030943772
294,RAnkle,406.25592,417.11633,0.83595765,-0.051850278,0.42764825,0.19280005
294,Head,366.70834,188.80263,0.9533619,-0.13540086,-0.12286039,-0.116615735
294,Neck,366.70834,239.53902,0.9105102,-0.13253066,-0.012625079,-0.11204892
294,Hip,439.21225,320.71722,0.7578263,0.024689298,0.19835046,-0.0024500217
294,LBigToe,373.29962,462.77908,0.88384986,,,
294,RBigToe,373.29962,427.2636,0.7996848,,,
294,LSmallToe,386.48215,467.85272,0.86986995,,,
294,RSmallToe,379.89087,427.2636,0.61603,,,
294,LHeel,419.43845,452.6318,0.8833584,,,
294,RHeel,419.43845,422.18997,0.8588782,,,
295,Nose,343.49976,209.93605,0.90188247,,,
295,LEye,349.9192,204.78096,0.9042513,,,
295,REye,343.49976,204.78096,0.9511738,,,
295,LEar,369.1775,215.09113,0.9238059,,,
295,REar,362.75806,215.09113,0.71681917,,,
295,LShoulder,375.59692,251.17665,0.8668923,-0.124953136,0.025989737,-0.16705242
295,RShoulder,362.75806,240.8665,0.8128697,-0.1490939,0.0042672716,-0.024492806
295,LElbow,311.40262,266.64188,0.82227975,-0.27081686,0.06778753,-0.20178255
295,RElbow,317.82205,251.17665,0.94384634,-0.2635751,0.018494803,0.040597364
295,LWrist,240.7889,271.79697,0.88362235,-0.42720994,0.06776093,-0.20838451
295,RWrist,260.04718,251.17665,0.9037727,-0.38924035,0.029423457,0.04151334
295,LHip,439.7912,328.5028,0.7492985,0.036050588,0.20249861,-0.06754158
295,RHip,420.5329,318.19263,0.6624687,0.007774002,0.17738935,0.06569146
295,LKnee,369.1775,374.89847,0.8263719,-0.14057972,0.3225497,-0.077082805
295,RKnee,369.1775,354.27817,0.830153,-0.13898708,0.27396345,0.18720016
295,LAnkle,407.69406,447.06955,0.95398355,-0.03838364,0.49504724,-0.029214622
295,RAnkle,407.69406,416.1391,0.800278,-0.051431067,0.4270621,0.1945586
295,Head,369.1775,184.16066,0.95505464,-0.13281988,-0.13701464,-0.11570755
295,Neck,369.1775,230.55635,0.94874024,-0.13191885,-0.025661502,-0.11051721
295,Hip,439.7912,318.19263,0.7717833,0.021646982,0.19000013,-0.0025018381
295,LBigToe,375.59692,462.53476,0.8334656,,,
295,RBigToe,375.59692,426.44925,0.8195528,,,
295,LSmallToe,382.01633,467.68985,0.8200017,,,
295,RSmallToe,375.59692,426.44925,0.6690266,,,
295,LHeel,420.5329,452.2246,0.83374053,,,
295,RHeel,420.5329,421.29416,0.8117397,,,
296,Nose,337.99197,204.39903,0.9074306,,,
296,LEye,351.29947,199.13748,0.9098791,,,
296,REye,344.64572,199.13748,0.9217789,,,
296,LEar,364.607,209.6606,0.9265579,,,
296,REar,364.607,209.6606,0.7119861,,,
296,LShoulder,371.26074,246.4915,0.8376428,-0.12548599,0.012506597,-0.1664384
296,RShoulder,364.607,235.96838,0.80424714,-0.1475668,-0.009878192,-0.022104997
296,LElbow,304.72318,262.27615,0.8281308,-0.27013302,0.05402558,-0.20358157
296,RElbow,318.0307,241.22993,0.9373363,-0.26166254,0.0056362506,0.04299853
296,LWrist,238.1856,262.27615,0.90003633,-0.4267579,0.05464607,-0.20908526
296,RWrist,258.14688,246.4915,0.8721845,-0.3875485,0.01615582,0.045106173
296,LHip,437.79834,320.1533,0.76230335,0.03125581,0.19452654,-0.06815801
296,RHip,417.83707,314.89172,0.66568595,0.0043764664,0.16953109,0.06610137
296,LKnee,371.26074,372.76886,0.8051779,-0.14010754,0.32059634,-0.07265419
296,RKnee,371.26074,356.9842,0.77451193,-0.13763742,0.2750659,0.18627925
296,LAnkle,404.52954,446.43066,0.9419459,-0.038359255,0.49459258,-0.026892578
296,RAnkle,404.52954,414.86133,0.8455941,-0.0511074,0.42664853,0.1969944
296,Head,371.26074,178.09125,0.9389715,-0.13024467,-0.15206735,-0.11421427
296,Neck,371.26074,225.44527,0.92300415,-0.13100983,-0.03975719,-0.10820531
296,Hip,431.14456,314.89172,0.77894956,0.01735845,0.18182361,-0.002458901
296,LBigToe,371.26074,467.4769,0.84945846,,,
296,RBigToe,377.91452,430.646,0.76975,,,
296,LSmallToe,384.56827,467.4769,0.8651205,,,
296,RSmallToe,384.56827,430.646,0.60104346,,,
296,LHeel,417.83707,451.69223,0.9053707,,,
296,RHeel,417.83707,420.12286,0.8542078,,,
297,Nose,338.84027,199.03998,0.9226167,,,
297,LEye,345.42758,193.67537,0.9292531,,,
297,REye,345.42758,193.67537,0.9263928,,,
297,LEar,365.1895,204.4046,0.91019785,,,
297,REar,365.1895,204.4046,0.7295103,,,
297,LShoulder,371.77686,236.5923,0.86807966,-0.12555891,-0.0016361158,-0.16542888
297,RShoulder,365.1895,231.22768,0.80065423,-0.14545164,-0.02452398,-0.019201713
297,LElbow,305.90372,258.05075,0.8326927,-0.2683893,0.039781515,-0.20538445
297,RElbow,319.07834,236.5923,0.9919851,-0.25904164,-0.007205542,0.046289906
297,LWrist,240.03058,258.05075,0.90254503,-0.42526513,0.04169071,-0.20894542
297,RWrist,266.37982,241.95691,0.8495394,-0.3849876,0.0024122763,0.049458206
297,LHip,437.64996,322.42615,0.76676923,0.026518831,0.18656535,-0.068710215
297,RHip,417.88803,311.6969,0.65106773,0.0011669293,0.16196999,0.066603266
297,LKnee,371.77686,370.70767,0.8176161,-0.13925189,0.31840906,-0.068138085
297,RKnee,371.77686,354.61383,0.81017053,-0.13608721,0.27575043,0.18560554
297,LAnkle,404.7134,445.81232,0.9548806,-0.03829907,0.4940814,-0.024302838
297,RAnkle,404.7134,418.98923,0.8023238,-0.05078583,0.42602018,0.19960696
297,Head,371.77686,172.2169,0.93229896,-0.1275797,-0.16761829,-0.11241924
297,Neck,371.77686,220.49844,0.9262233,-0.12953559,-0.054414067,-0.105291106
297,Hip,431.06265,311.6969,0.76744086,0.0136045385,0.17393051,-0.00243923
297,LBigToe,371.77686,461.90616,0.86570394,,,
297,RBigToe,378.36417,429.71844,0.7872572,,,
297,LSmallToe,384.95148,467.27078,0.8739956,,,
297,RSmallToe,378.36417,424.35385,0.6288848,,,
297,LHeel,417.88803,451.1769,0.91205794,,,
297,RHeel,417.88803,418.98923,0.8102866,,,
298,Nose,346.07227,192.33435,0.9237944,,,
298,LEye,352.58594,186.84079,0.9407769,,,
298,REye,346.07227,186.84079,0.90672934,,,
298,LEar,365.6133,197.82793,0.89784884,,,
298,REar,365.6133,197.82793,0.72841424,,,
298,LShoulder,378.64066,230.78935,0.8519585,-0.12520063,-0.016086534,-0.16420543
298,RShoulder,365.6133,225.29578,0.8172254,-0.14284214,-0.039391242,-0.015962146
298,LElbow,306.99017,252.76363,0.799716,-0.26595744,0.024973467,-0.20661324
298,RElbow,320.01752,230.78935,0.9272592,-0.2560243,-0.019869234,0.050160863
298,LWrist,241.85336,252.76363,0.8920467,-0.42291668,0.028380599,-0.20923218
298,RWrist,261.3944,236.28291,0.8282363,-0.38204926,-0.011209268,0.05458416
298,LHip,437.2638,318.68646,0.76024765,0.021579782,0.17883445,-0.06934165
298,RHip,417.72275,313.1929,0.67175597,-0.002343916,0.15466483,0.067101814
298,LKnee,372.12698,368.1286,0.8089476,-0.13830656,0.31631643,-0.06337709
298,RKnee,372.12698,357.14145,0.812839,-0.1344903,0.27615276,0.18490732
298,LAnkle,404.69537,445.03857,0.9467404,-0.038214535,0.4935842,-0.021519156
298,RAnkle,404.69537,417.57074,0.81383616,-0.05040918,0.4252915,0.20252527
298,Head,372.12698,164.8665,0.9406508,-0.12477416,-0.18353724,-0.11026511
298,Neck,372.12698,214.30864,0.91546166,-0.12762587,-0.069248766,-0.102115914
298,Hip,430.75012,307.69934,0.7878601,0.009699215,0.16635297,-0.002389625
298,LBigToe,372.12698,461.5193,0.8552266,,,
298,RBigToe,378.64066,428.55786,0.7684828,,,
298,LSmallToe,385.15433,467.01285,0.87085986,,,
298,RSmallToe,378.64066,428.55786,0.6159817,,,
298,LHeel,417.72275,450.53214,0.88780415,,,
298,RHeel,417.72275,417.57074,0.7998925,,,
299,Nose,342.0125,185.71147,0.9007503,,,
299,LEye,354.70087,180.09055,0.92090523,,,
299,REye,348.3567,174.4696,0.91143674,,,
299,LEar,373.73343,185.71147,0.92087865,,,
299,REar,367.38925,185.71147,0.7354807,,,
299,LShoulder,380.0776,225.05801,0.84617543,-0.12421243,-0.03142741,-0.16246605
299,RShoulder,361.04507,219.43707,0.8083919,-0.13967586,-0.054758634,-0.01211881
299,LElbow,316.6358,247.54175,0.74318075,-0.26223102,0.009559799,-0.20888932
299,RElbow,316.6358,225.05801,0.8805749,-0.25239128,-0.032392137,0.054749046
299,LWrist,246.84985,247.54175,0.86545354,-0.41957125,0.014775503,-0.20945045
299,RWrist,265.8824,230.67894,0.8259977,-0.37829286,-0.024982464,0.05998127
299,LHip,430.83102,314.99295,0.7639453,0.016363865,0.17096569,-0.070021205
299,RHip,411.7985,309.372,0.67518514,-0.006208161,0.1474158,0.06761128
299,LKnee,373.73343,371.20227,0.8223065,-0.1368011,0.31415138,-0.05821469
299,RKnee,373.73343,354.33948,0.80267566,-0.13270882,0.2763342,0.1841981
299,LAnkle,405.4543,444.2744,0.95774746,-0.038086914,0.4932311,-0.01838382
299,RAnkle,405.4543,416.16974,0.80229807,-0.050045073,0.42456907,0.20596156
299,Head,373.73343,157.60681,0.9415619,-0.12166359,-0.20006065,-0.10768173
299,Neck,373.73343,208.1952,0.90841085,-0.12516838,-0.08465031,-0.09841984
299,Hip,430.83102,303.75107,0.7939861,0.0054493616,0.15883704,-0.0023257087
299,LBigToe,373.73343,461.1372,0.8450549,,,
299,RBigToe,373.73343,427.4116,0.8792776,,,
299,LSmallToe,386.42178,466.75815,0.86121815,,,
299,RSmallToe,380.0776,427.4116,0.75586134,,,
299,LHeel,418.14267,455.51627,0.8773796,,,
299,RHeel,418.14267,421.79068,0.7831301,,,
300,Nose,346.82663,174.33875,0.94820946,,,
300,LEye,353.19424,168.60928,0.9250323,,,
300,REye,346.82663,168.60928,0.9049783,,,
300,LEar,372.29715,180.0682,0.9361004,,,
300,REar,372.29715,180.0682,0.75155026,,,
300,LShoulder,372.29715,220.17441,0.8226398,-0.12258786,-0.046690058,-0.15995452
300,RShoulder,365.92953,214.44495,0.7537656,-0.13552605,-0.06981577,-0.0071560564
300,LElbow,321.35608,237.36278,0.7502631,-0.25820723,-0.0060416386,-0.21046048
300,RElbow,321.35608,220.17441,0.94027513,-0.24832702,-0.044280775,0.060188502
300,LWrist,244.94447,243.09224,0.84795755,-0.41597867,0.0011781156,-0.20858729
300,RWrist,270.415,225.90387,0.7962114,-0.37406325,-0.03837507,0.06620714
300,LHip,429.60587,311.84573,0.7723375,0.011054249,0.163978,-0.070675135
300,RHip,410.50296,306.11627,0.67176026,-0.0100819,0.14109789,0.068153195
300,LKnee,372.29715,363.41086,0.76028156,-0.13478595,0.3120653,-0.052416094
300,RKnee,372.29715,351.95193,0.81746817,-0.13072637,0.27634376,0.18397354
300,LAnkle,404.1353,443.62326,0.9504686,-0.03797639,0.49311617,-0.014919149
300,RAnkle,404.1353,414.97595,0.77612585,-0.049730327,0.42395166,0.20982319
300,Head,372.29715,151.42091,0.9524118,-0.1182923,-0.21627022,-0.10454943
300,Neck,372.29715,202.98604,0.88053465,-0.12213534,-0.09974775,-0.0941676
300,Hip,423.23822,306.11627,0.79289156,0.0010821812,0.15230182,-0.0019952005
300,LBigToe,372.29715,460.8116,0.85150856,,,
300,RBigToe,372.29715,426.43488,0.89757776,,,
300,LSmallToe,385.0324,466.54108,0.87413424,,,
300,RSmallToe,372.29715,420.7054,0.8164072,,,
300,LHeel,416.8706,455.08218,0.8998758,,,
300,RHeel,416.8706,420.7054,0.7222439,,,
301,Nose,346.06982,169.12462,0.9638382,,,
301,LEye,352.41898,163.29677,0.94536775,,,
301,REye,352.41898,163.29677,0.9170814,,,
301,LEar,371.4664,174.95245,0.90860444,,,
301,REar,371.4664,169.12462,0.74484956,,,
301,LShoulder,371.4664,215.74731,0.81817234,-0.12064444,-0.062446937,-0.15768176
301,RShoulder,371.4664,209.91948,0.6975495,-0.13065487,-0.08518314,-0.0024497493
301,LElbow,320.67328,233.23082,0.7512432,-0.25361326,-0.021554865,-0.21200731
301,RElbow,320.67328,215.74731,0.97253203,-0.24365748,-0.05562692,0.06586958
301,LWrist,244.48355,239.05865,0.8870253,-0.41142076,-0.012483345,-0.20749447
301,RWrist,269.88013,221.57515,0.7980284,-0.36926308,-0.050910383,0.0729138
301,LHip,428.60867,308.9927,0.7557385,0.0058970684,0.15619056,-0.07121039
301,RHip,415.9104,303.1649,0.65681344,-0.013773741,0.13418888,0.068607666
301,LKnee,371.4664,367.2711,0.80337983,-0.13203764,0.30961505,-0.046856165
301,RKnee,371.4664,355.61542,0.8473014,-0.1281728,0.27603748,0.18342182
301,LAnkle,409.56125,443.033,0.9509833,-0.0378,0.49311307,-0.011390233
301,RAnkle,396.86298,419.72162,0.7813844,-0.04931394,0.42300734,0.21352229
301,Head,377.81555,139.98543,0.94075227,-0.114697814,-0.23307087,-0.101791605
301,Neck,371.4664,192.43596,0.8828229,-0.11855514,-0.11509663,-0.09016234
301,Hip,422.25955,303.1649,0.7785975,-0.0030102695,0.14509656,-0.0018466723
301,LBigToe,371.4664,466.34433,0.89488333,,,
301,RBigToe,377.81555,425.54947,0.87466395,,,
301,LSmallToe,384.16467,466.34433,0.89654505,,,
301,RSmallToe,377.81555,419.72162,0.8499991,,,
301,LHeel,415.9104,454.68866,0.9237732,,,
301,RHeel,415.9104,425.54947,0.6500655,,,
302,Nose,350.20056,165.94872,0.93393964,,,
302,LEye,356.58606,159.94772,0.95987755,,,
302,REye,350.20056,153.94675,0.88251555,,,
302,LEar,375.74252,165.94872,0.95780116,,,
302,REar,375.74252,165.94872,0.82573503,,,
302,LShoulder,375.74252,207.95561,0.8615985,-0.1183718,-0.0786064,-0.1554494
302,RShoulder,375.74252,201.95464,0.7140126,-0.12541835,-0.10065791,0.0022223312
302,LElbow,318.2731,225.95857,0.7618912,-0.24865404,-0.037349477,-0.21312654
302,RElbow,324.6586,213.9566,0.8927261,-0.23843627,-0.0667058,0.07174103
302,LWrist,248.0327,237.96054,0.82759935,-0.40653318,-0.02721818,-0.20704815
302,RWrist,267.18918,213.9566,0.7771285,-0.3641535,-0.06315866,0.07953202
302,LHip,420.44095,303.9714,0.74204874,0.00030030566,0.1479386,-0.0717494
302,RHip,414.05545,303.9714,0.66577005,-0.01765812,0.12694786,0.069035254
302,LKnee,375.74252,363.98126,0.8848077,-0.12864414,0.30702838,-0.041198842
302,RKnee,375.74252,357.9803,0.88636637,-0.12500882,0.27544346,0.18277612
302,LAnkle,407.66998,447.99506,0.96814597,-0.0375522,0.49317637,-0.00725457
302,RAnkle,401.2845,417.99014,0.7919396,-0.048822366,0.4223445,0.21734235
302,Head,375.74252,135.94379,0.9392107,-0.11082428,-0.25036123,-0.09883111
302,Neck,375.74252,183.95168,0.8756145,-0.11443723,-0.1307479,-0.086142264
302,Hip,420.44095,297.9704,0.81750226,-0.0073999986,0.13748582,-0.0017323378
302,LBigToe,375.74252,459.99704,0.8861335,,,
302,RBigToe,375.74252,429.9921,0.8618748,,,
302,LSmallToe,382.12802,465.99802,0.9230363,,,
302,RSmallToe,375.74252,423.99112,0.8307436,,,
302,LHeel,420.44095,453.99606,0.9211864,,,
302,RHeel,420.44095,423.99112,0.70150054,,,
303,Nose,352.8291,154.40303,0.94719267,,,
303,LEye,358.98328,148.29742,0.96268976,,,
303,REye,352.8291,148.29742,0.9160714,,,
303,LEar,377.4458,160.50864,0.9389451,,,
303,REar,377.4458,154.40303,0.8342844,,,
303,LShoulder,377.4458,197.14226,0.85282063,-0.11555211,-0.09472591,-0.15313843
303,RShoulder,377.4458,197.14226,0.6727745,-0.119812414,-0.11595476,0.006617319
303,LElbow,315.9041,221.56467,0.7797787,-0.24325487,-0.052632824,-0.21388203
303,RElbow,322.05826,209.35345,0.84622735,-0.23284918,-0.07743488,0.077553436
303,LWrist,254.36241,227.67027,0.86463493,-0.40114653,-0.042739548,-0.20700675
303,RWrist,272.82492,209.35345,0.6885311,-0.35797402,-0.07463464,0.085903734
303,LHip,420.525,300.9375,0.738924,-0.0051988894,0.13925825,-0.07223532
303,RHip,414.37082,294.8319,0.67107326,-0.021331033,0.11944489,0.06945554
303,LKnee,377.4458,361.99353,0.8471702,-0.12452003,0.304212,-0.036158673
303,RKnee,371.29163,355.88794,0.8913979,-0.12123438,0.27448133,0.18216665
303,LAnkle,408.21664,447.472,0.9485898,-0.037268825,0.49319568,-0.0030619449
303,RAnkle,402.06247,416.94397,0.7844475,-0.048349764,0.4218264,0.22089094
303,Head,377.4458,129.98062,0.94206905,-0.10688396,-0.267471,-0.095966294
303,Neck,377.4458,178.82544,0.9041054,-0.10990183,-0.14623699,-0.082236834
303,Hip,420.525,294.8319,0.8187519,-0.011691095,0.12964287,-0.0016384306
303,LBigToe,371.29163,465.7888,0.8719036,,,
303,RBigToe,377.4458,429.15518,0.872801,,,
303,LSmallToe,383.59998,465.7888,0.90291107,,,
303,RSmallToe,377.4458,423.04956,0.8672645,,,
303,LHeel,414.37082,453.57758,0.9089952,,,
303,RHeel,414.37082,423.04956,0.6508275,,,
304,Nose,351.98315,146.68317,0.95053566,,,
304,LEye,358.1266,140.4319,0.9407112,,,
304,REye,358.1266,140.4319,0.91997373,,,
304,LEar,382.7003,152.93443,0.9276216,,,
304,REar,382.7003,152.93443,0.84727585,,,
304,LShoulder,376.5569,196.69325,0.8593108,-0.11224744,-0.110721886,-0.15074202
304,RShoulder,376.5569,190.44199,0.67156994,-0.11406335,-0.1309723,0.010470993
304,LElbow,321.26602,215.44704,0.83658236,-0.23793948,-0.067491725,-0.21346259
304,RElbow,327.40945,202.94452,0.7938717,-0.22671418,-0.08802056,0.08332531
304,LWrist,253.68832,221.6983,0.8447309,-0.39539132,-0.05813923,-0.20657414
304,RWrist,272.1186,202.94452,0.6683656,-0.35136557,-0.08528836,0.09258573
304,LHip,419.56085,296.71344,0.7737811,-0.0107816495,0.13028203,-0.072616525
304,RHip,413.41745,296.71344,0.67115664,-0.024887996,0.111767635,0.0698164
304,LKnee,376.5569,365.4773,0.8918558,-0.11972961,0.3012723,-0.031511914
304,RKnee,376.5569,352.9748,0.8661873,-0.116699,0.27329084,0.18135673
304,LAnkle,407.27402,446.74368,0.9426355,-0.03701649,0.4931701,0.0015310033
304,RAnkle,401.13058,421.73865,0.74903286,-0.047894873,0.42153165,0.2238825
304,Head,382.7003,121.67812,0.9123213,-0.10297474,-0.28448954,-0.09330749
304,Neck,376.5569,171.68822,0.8977169,-0.10531141,-0.16155072,-0.078671984
304,Hip,419.56085,290.46216,0.8347745,-0.016017044,0.12152901,-0.0016169038
304,LBigToe,376.5569,465.49747,0.8742583,,,
304,RBigToe,376.5569,427.9899,0.8611995,,,
304,LSmallToe,382.7003,465.49747,0.91560465,,,
304,RSmallToe,376.5569,421.73865,0.8490922,,,
304,LHeel,419.56085,452.99496,0.9034881,,,
304,RHeel,419.56085,421.73865,0.704715,,,
305,Nose,356.56558,139.74123,0.96120197,,,
305,LEye,362.67365,133.35898,0.95409733,,,
305,REye,356.56558,133.35898,0.91801393,,,
305,LEar,380.99786,146.12347,0.9504008,,,
305,REar,380.99786,139.74123,0.8392702,,,
305,LShoulder,380.99786,190.79915,0.8621367,-0.10877557,-0.1259946,-0.14868274
305,RShoulder,380.99786,184.41692,0.70294017,-0.10835509,-0.14525335,0.013967149
305,LElbow,326.02524,203.56363,0.834711,-0.23270938,-0.081645116,-0.21315488
305,RElbow,332.1333,197.1814,0.80965924,-0.2204937,-0.09837896,0.08890953
305,LWrist,264.94455,209.94588,0.82923406,-0.38923192,-0.07332286,-0.20677608
305,RWrist,277.1607,203.56363,0.61148494,-0.34387785,-0.09520833,0.09940887
305,LHip,417.64627,292.915,0.75351065,-0.016508007,0.1213408,-0.073034644
305,RHip,411.5382,292.915,0.6371157,-0.028363066,0.104133114,0.07018001
305,LKnee,380.99786,363.11966,0.84618115,-0.114327505,0.29829347,-0.026910622
305,RKnee,374.8898,356.73743,0.83570373,-0.11167753,0.27191517,0.18054137
305,LAnkle,405.43015,446.0888,0.93981856,-0.0366987,0.49320963,0.0061332714
305,RAnkle,405.43015,420.55984,0.70454395,-0.047463004,0.42138347,0.226592
305,Head,380.99786,114.212265,0.9265847,-0.099178635,-0.30100268,-0.09083224
305,Neck,380.99786,165.27019,0.9031202,-0.10059328,-0.17626117,-0.07549284
305,Hip,417.64627,286.53278,0.8489527,-0.020455996,0.11347838,-0.0015996636
305,LBigToe,374.8898,465.2355,0.87575203,,,
305,RBigToe,374.8898,426.94208,0.8228925,,,
305,LSmallToe,380.99786,465.2355,0.90514266,,,
305,RSmallToe,380.99786,426.94208,0.8570149,,,
305,LHeel,417.64627,452.47104,0.87908006,,,
305,RHeel,417.64627,426.94208,0.6966159,,,
306,Nose,355.96106,134.1398,0.97028244,,,
306,LEye,361.9633,127.65187,0.9619545,,,
306,REye,361.9633,127.65187,0.91991097,,,
306,LEar,379.97,140.62773,0.9430359,,,
306,REar,379.97,134.1398,0.8159424,,,
306,LShoulder,379.97,179.5553,0.8506562,-0.105110765,-0.14047366,-0.14652584
306,RShoulder,391.97446,173.06737,0.72852385,-0.102748096,-0.15872784,0.017082978
306,LElbow,331.95212,199.01909,0.8371393,-0.22713065,-0.09447931,-0.21171221
306,RElbow,331.95212,199.01909,0.67818356,-0.21455602,-0.10808852,0.093979366
306,LWrist,271.9298,205.50702,0.7337595,-0.38242394,-0.08747484,-0.20387493
306,RWrist,283.93427,199.01909,0.46215644,-0.33601105,-0.10433479,0.10659655
306,LHip,415.9834,289.85007,0.73103005,-0.02204031,0.112480804,-0.073399134
306,RHip,415.9834,289.85007,0.60689634,-0.03177547,0.09663309,0.070469625
306,LKnee,379.97,361.2173,0.8645277,-0.10811474,0.29521465,-0.022377944
306,RKnee,379.97,354.72937,0.7997739,-0.10606323,0.27043644,0.17965151
306,LAnkle,403.9789,445.56036,0.9086565,-0.036365822,0.4931638,0.010732959
306,RAnkle,403.9789,419.60864,0.6662414,-0.04703141,0.42144215,0.22873318
306,Head,385.97223,108.18809,0.92746186,-0.09562436,-0.31665632,-0.08858599
306,Neck,385.97223,160.0915,0.86823964,-0.09611819,-0.19023788,-0.07263064
306,Hip,415.9834,283.36215,0.82941055,-0.024830995,0.10549967,-0.0016091692
306,LBigToe,373.96774,465.02414,0.89105904,,,
306,RBigToe,373.96774,426.0966,0.7681865,,,
306,LSmallToe,379.97,465.02414,0.8970577,,,
306,RSmallToe,379.97,419.60864,0.8526089,,,
306,LHeel,415.9834,452.04828,0.880653,,,
306,RHeel,415.9834,426.0966,0.6353842,,,
307,Nose,358.90112,128.34306,0.9502461,,,
307,LEye,364.905,121.74576,0.9864078,,,
307,REye,358.90112,121.74576,0.9303055,,,
307,LEar,382.91653,128.34306,0.94771546,,,
307,REar,382.91653,128.34306,0.8561661,,,
307,LShoulder,382.91653,174.52417,0.8501839,-0.1013308,-0.1535372,-0.14464593
307,RShoulder,394.92426,167.92686,0.7324703,-0.09756154,-0.17108224,0.019944211
307,LElbow,328.88187,194.31607,0.79783946,-0.22159806,-0.10602993,-0.21003115
307,RElbow,334.8857,194.31607,0.64362645,-0.20911726,-0.117452785,0.09864653
307,LWrist,262.83948,200.91336,0.5977436,-0.37580878,-0.100199506,-0.19794643
307,RWrist,304.86646,194.31607,0.33984512,-0.32770815,-0.112746865,0.114269316
307,LHip,412.93582,286.67828,0.7286762,-0.0274785,0.10400526,-0.073696025
307,RHip,412.93582,286.67828,0.62383276,-0.03526368,0.08937241,0.07068651
307,LKnee,382.91653,359.2486,0.8724618,-0.10124996,0.2923409,-0.017731981
307,RKnee,382.91653,352.65128,0.7872448,-0.100046776,0.26896706,0.17899951
307,LAnkle,406.93195,445.0135,0.89279246,-0.036009755,0.49320415,0.015300604
307,RAnkle,406.93195,418.6243,0.68063354,-0.04663905,0.42150888,0.23086195
307,Head,382.91653,101.95386,0.9523,-0.09217632,-0.33096728,-0.0864565
307,Neck,382.91653,148.13496,0.86815995,-0.09187777,-0.20330611,-0.069814466
307,Hip,412.93582,280.08096,0.8446922,-0.02920683,0.09774895,-0.0016294688
307,LBigToe,370.90884,464.8054,0.85350466,,,
307,RBigToe,382.91653,425.2216,0.9056772,,,
307,LSmallToe,382.91653,464.8054,0.8919393,,,
307,RSmallToe,382.91653,418.6243,0.9372075,,,
307,LHeel,418.93967,451.6108,0.89767337,,,
307,RHeel,418.93967,425.2216,0.68608415,,,
308,Nose,360.49594,122.401665,0.9698225,,,
308,LEye,366.62347,115.69226,0.969396,,,
308,REye,360.49594,115.69226,0.9440881,,,
308,LEar,385.006,122.401665,0.93679804,,,
308,REar,385.006,122.401665,0.89945936,,,
308,LShoulder,378.8785,169.36748,0.8464038,-0.09752059,-0.16528861,-0.14268485
308,RShoulder,391.1335,162.65808,0.74664134,-0.092916265,-0.18213162,0.022577362
308,LElbow,329.85837,189.49568,0.84210324,-0.21583448,-0.116475865,-0.20787816
308,RElbow,335.98587,189.49568,0.6069527,-0.20412329,-0.12615222,0.10327261
308,LWrist,262.4557,196.2051,0.7484475,-0.36875537,-0.11202893,-0.19260839
308,RWrist,305.3483,189.49568,0.35916388,-0.31999284,-0.12012276,0.122293055
308,LHip,409.51608,283.42734,0.7391913,-0.032496795,0.09602949,-0.07398428
308,RHip,409.51608,283.42734,0.64766747,-0.038629737,0.08263229,0.070911236
308,LKnee,385.006,357.23074,0.88465387,-0.09365792,0.28959498,-0.013323337
308,RKnee,385.006,350.52136,0.8328659,-0.0936372,0.26752976,0.17826785
308,LAnkle,409.51608,444.45297,0.9090752,-0.035585485,0.4932426,0.019757118
308,RAnkle,403.38855,417.6154,0.7155336,-0.04625654,0.42147043,0.23278774
308,Head,385.006,95.56406,0.9527402,-0.08903223,-0.34375587,-0.08444216
308,Neck,385.006,142.52988,0.8865681,-0.08778044,-0.21514137,-0.067291655
308,Hip,409.51608,276.71793,0.85002863,-0.033268787,0.09048785,-0.0016956455
308,LBigToe,372.75098,464.5812,0.88725364,,,
308,RBigToe,378.8785,424.32477,0.96307397,,,
308,LSmallToe,385.006,464.5812,0.8981967,,,
308,RSmallToe,378.8785,417.6154,0.96470165,,,
308,LHeel,415.6436,451.16238,0.8879777,,,
308,RHeel,415.6436,424.32477,0.6920296,,,
309,Nose,364.6397,117.84467,0.94891006,,,
309,LEye,370.74026,111.04929,0.9592919,,,
309,REye,364.6397,111.04929,0.97538286,,,
309,LEar,389.04187,117.84467,0.97351253,,,
309,REar,389.04187,117.84467,0.8553943,,,
309,LShoulder,382.94135,165.41235,0.81521773,-0.09396507,-0.1753576,-0.14087152
309,RShoulder,395.14243,158.61697,0.75686353,-0.08896543,-0.19154644,0.024701362
309,LElbow,334.137,185.79851,0.85626704,-0.21029235,-0.12548539,-0.20548503
309,RElbow,340.23755,179.00313,0.77676773,-0.19988734,-0.13377811,0.107608415
309,LWrist,267.03104,192.59389,0.7261991,-0.36159807,-0.122748524,-0.18771109
309,RWrist,303.63428,185.79851,0.46768528,-0.3130247,-0.12663376,0.12985975
309,LHip,407.3435,280.93387,0.76365894,-0.037269816,0.08878811,-0.0742287
309,RHip,407.3435,280.93387,0.6868254,-0.04215941,0.0766401,0.071087755
309,LKnee,389.04187,355.6831,0.9005263,-0.0857887,0.2871436,-0.009375608
309,RKnee,389.04187,348.88773,0.85010684,-0.087321,0.26629904,0.17733857
309,LAnkle,407.3435,444.02307,0.92695814,-0.0351045,0.49319926,0.023927134
309,RAnkle,407.3435,416.84155,0.78553754,-0.04585356,0.42130426,0.23455223
309,Head,389.04187,90.66314,0.9348124,-0.086209044,-0.35489792,-0.08289675
309,Neck,389.04187,138.23082,0.93226045,-0.08395192,-0.22545956,-0.06527855
309,Hip,407.3435,274.1385,0.86522007,-0.03725166,0.083896145,-0.0017735681
309,LBigToe,376.8408,464.40924,0.91796875,,,
309,RBigToe,382.94135,423.63693,1.0170199,,,
309,LSmallToe,382.94135,464.40924,0.894791,,,
309,RSmallToe,382.94135,416.84155,0.9754519,,,
309,LHeel,419.5446,450.81845,0.9091649,,,
309,RHeel,413.44403,423.63693,0.7372155,,,
310,Nose,363.2621,114.67122,0.966807,,,
310,LEye,369.27155,107.815956,0.97212213,,,
310,REye,363.2621,107.815956,0.94695234,,,
310,LEar,387.29993,114.67122,0.95434076,,,
310,REar,393.3094,114.67122,0.87563145,,,
310,LShoulder,387.29993,162.65804,0.8168962,-0.09049289,-0.18382789,-0.13915387
310,RShoulder,399.31885,155.80278,0.7919813,-0.08539511,-0.19952269,0.02656673
310,LElbow,339.22427,183.22382,0.8409221,-0.20487536,-0.13318259,-0.20293248
310,RElbow,339.22427,176.36856,0.76867646,-0.19607331,-0.14027485,0.11165155
310,LWrist,267.11078,190.07907,0.7451916,-0.35465604,-0.13229762,-0.18180409
310,RWrist,309.17697,183.22382,0.5236659,-0.30690917,-0.13242775,0.1369932
310,LHip,405.3283,279.19745,0.7481894,-0.04155518,0.08232829,-0.074382335
310,RHip,405.3283,272.3422,0.6768411,-0.0455641,0.07137664,0.07117516
310,LKnee,393.3094,354.60532,0.88471013,-0.077561796,0.2850109,-0.005816456
310,RKnee,393.3094,354.60532,0.85107046,-0.08114205,0.2651886,0.17621829
310,LAnkle,411.33777,443.7237,0.95880944,-0.034433782,0.4931989,0.027579688
310,RAnkle,405.3283,416.30267,0.79172564,-0.04535306,0.42098677,0.23607463
310,Head,387.29993,87.250175,0.93578726,-0.08351166,-0.36442122,-0.08165904
310,Neck,387.29993,135.237,0.9184545,-0.08030862,-0.23420586,-0.06363154
310,Hip,405.3283,272.3422,0.85711306,-0.040935833,0.07801074,-0.0018529228
310,LBigToe,375.281,464.2895,0.92759633,,,
310,RBigToe,381.29047,423.15793,0.98022,,,
310,LSmallToe,381.29047,464.2895,0.87813205,,,
310,RSmallToe,381.29047,416.30267,0.90421236,,,
310,LHeel,417.34723,450.57895,0.92394584,,,
310,RHeel,417.34723,430.01318,0.7755899,,,
311,Nose,363.10522,110.918686,0.957383,,,
311,LEye,369.04373,103.99262,0.9473565,,,
311,REye,369.04373,103.99262,0.91991454,,,
311,LEar,392.79773,110.918686,0.9395031,,,
311,REar,392.79773,110.918686,0.83885676,,,
311,LShoulder,386.85922,159.40112,0.8371143,-0.08740896,-0.19053479,-0.13743854
311,RShoulder,398.73624,152.47507,0.73222625,-0.08265261,-0.20580421,0.028028464
311,LElbow,339.35123,180.1793,0.84819233,-0.19999613,-0.13931935,-0.20045243
311,RElbow,339.35123,173.25325,0.7806814,-0.19283518,-0.1453277,0.115269884
311,LWrist,268.0892,187.10538,0.7964294,-0.34844995,-0.14029673,-0.17558756
311,RWrist,274.0277,187.10538,0.44940272,-0.30287546,-0.1365122,0.1434266
311,LHip,404.67474,270.2181,0.71945417,-0.04524924,0.07699184,-0.074417524
311,RHip,404.67474,270.2181,0.6575712,-0.048686,0.06713639,0.071187444
311,LKnee,398.73624,353.33087,0.88447255,-0.069956556,0.28323206,-0.0029966265
311,RKnee,392.79773,353.33087,0.82456964,-0.07558082,0.2643598,0.17503455
311,LAnkle,410.61322,443.3697,0.979477,-0.03386855,0.49300393,0.03075434
311,RAnkle,404.67474,415.66544,0.8535111,-0.044854533,0.4205785,0.23715684
311,Head,386.85922,83.21444,0.9091101,-0.0811478,-0.3721209,-0.08069949
311,Neck,392.79773,131.69687,0.8879708,-0.07714453,-0.2411183,-0.062495425
311,Hip,404.67474,270.2181,0.8583963,-0.044126183,0.073132366,-0.0019055374
311,LBigToe,374.98224,464.1479,0.88508976,,,
311,RBigToe,380.92072,422.5915,0.9840562,,,
311,LSmallToe,380.92072,464.1479,0.8042576,,,
311,RSmallToe,380.92072,415.66544,0.88085306,,,
311,LHeel,416.55173,450.29575,0.9472186,,,
311,RHeel,410.61322,422.5915,0.7496737,,,
312,Nose,367.91843,109.31064,0.94919753,,,
312,LEye,373.76837,102.35423,0.9653604,,,
312,REye,367.91843,102.35423,0.92570084,,,
312,LEar,391.31827,109.31064,0.9679708,,,
312,REar,391.31827,109.31064,0.85195917,,,
312,LShoulder,391.31827,151.04906,0.81976783,-0.08459508,-0.19579585,-0.13565364
312,RShoulder,391.31827,151.04906,0.6943402,-0.08015302,-0.21081571,0.029417291
312,LElbow,344.5186,178.87466,0.8580858,-0.19533259,-0.14429632,-0.19794944
312,RElbow,338.6686,171.91826,0.7864436,-0.19017354,-0.14919984,0.11849794
312,LWrist,268.46906,185.83107,0.71424466,-0.34284967,-0.14703247,-0.16895926
312,RWrist,274.31903,178.87466,0.55436957,-0.29784796,-0.14069043,0.1497615
312,LHip,403.0182,269.3079,0.7291116,-0.048553143,0.07261892,-0.07432092
312,RHip,403.0182,269.3079,0.66769767,-0.051651552,0.06368929,0.07115375
312,LKnee,397.1682,352.78473,0.89946187,-0.06294294,0.28181806,-0.0010838464
312,RKnee,397.1682,352.78473,0.81669754,-0.07037452,0.2637389,0.17386588
312,LAnkle,408.86816,443.218,0.99626726,-0.03335002,0.49265608,0.033367015
312,RAnkle,403.0182,415.39236,0.8090943,-0.04431168,0.42014262,0.23792307
312,Head,391.31827,81.48502,0.9285639,-0.0789973,-0.37830052,-0.07997195
312,Neck,391.31827,130.17984,0.9070448,-0.07440997,-0.2465302,-0.06146673
312,Hip,403.0182,269.3079,0.85942733,-0.047141127,0.06913385,-0.0019568207
312,LBigToe,373.76837,464.0872,0.85535103,,,
312,RBigToe,379.61835,422.3488,0.9780401,,,
312,LSmallToe,379.61835,464.0872,0.7641782,,,
312,RSmallToe,385.4683,415.39236,0.8867188,,,
312,LHeel,414.7181,450.17438,0.9517927,,,
312,RHeel,414.7181,429.30518,0.71529055,,,
313,Nose,367.5739,108.6421,0.96521777,,,
313,LEye,373.319,101.67308,0.9725473,,,
313,REye,367.5739,101.67308,0.9160844,,,
313,LEar,396.29935,108.6421,0.9585323,,,
313,REar,390.55426,108.6421,0.83427083,,,
313,LShoulder,390.55426,157.42522,0.8042305,-0.08201365,-0.19932453,-0.13380659
313,RShoulder,402.04443,150.45619,0.6982934,-0.07777192,-0.21421893,0.03040384
313,LElbow,344.59357,178.33226,0.8303025,-0.19157533,-0.14759506,-0.19582148
313,RElbow,344.59357,171.36325,0.7339029,-0.18754521,-0.15196107,0.12139924
313,LWrist,269.9074,178.33226,0.6861338,-0.33803087,-0.15175273,-0.16274428
313,RWrist,269.9074,178.33226,0.41996568,-0.29233482,-0.14400254,0.15557784
313,LHip,402.04443,268.92947,0.72933537,-0.05098879,0.06944737,-0.074166246
313,RHip,402.04443,268.92947,0.67073035,-0.054177355,0.061223175,0.070996396
313,LKnee,402.04443,352.55768,0.84857243,-0.05690939,0.28087136,7.400173e-05
313,RKnee,396.29935,352.55768,0.8434289,-0.06600144,0.263348,0.17291965
313,LAnkle,407.78952,443.1549,0.9814245,-0.032795295,0.49231884,0.035303384
313,RAnkle,407.78952,415.27884,0.8289592,-0.043610137,0.41982168,0.23846017
313,Head,390.55426,73.79701,0.91566503,-0.077058636,-0.38288024,-0.079571255
313,Neck,390.55426,129.54915,0.8988765,-0.07197189,-0.25027722,-0.0608
313,Hip,402.04443,268.92947,0.86545736,-0.049524516,0.066281274,-0.0019788912
313,LBigToe,373.319,464.06195,0.8164572,,,
313,RBigToe,379.0641,422.24786,1.0045413,,,
313,LSmallToe,384.80917,464.06195,0.75598526,,,
313,RSmallToe,384.80917,415.27884,0.9441134,,,
313,LHeel,413.5346,450.12393,0.9321834,,,
313,RHeel,413.5346,429.2169,0.69883144,,,
314,Nose,366.76776,108.002365,0.9533586,,,
314,LEye,372.49893,101.02128,0.96151507,,,
314,REye,366.76776,101.02128,0.88895893,,,
314,LEar,395.4236,108.002365,0.9786232,,,
314,REar,389.69244,108.002365,0.8102403,,,
314,LShoulder,389.69244,156.86998,0.7993192,-0.07989293,-0.2016527,-0.1320959
314,RShoulder,401.15475,149.88889,0.70397466,-0.075862296,-0.21654339,0.031301204
314,LElbow,343.84308,170.83215,0.8019974,-0.1883896,-0.15004738,-0.1945406
314,RElbow,343.84308,170.83215,0.7375592,-0.18567769,-0.1538248,0.123851806
314,LWrist,269.3379,177.81323,0.6372284,-0.33436334,-0.15513207,-0.15624252
314,RWrist,315.18723,170.83215,0.48036796,-0.28648335,-0.14696848,0.1614034
314,LHip,401.15475,268.56738,0.7377992,-0.05297798,0.06716719,-0.07388161
314,RHip,401.15475,268.56738,0.67480963,-0.056268774,0.059454735,0.07080633
314,LKnee,401.15475,352.34042,0.86781895,-0.051719952,0.28029427,0.0005688432
314,RKnee,401.15475,352.34042,0.8255646,-0.062180802,0.2630848,0.1721628
314,LAnkle,406.88593,443.09457,0.95511603,-0.03229767,0.49208108,0.03681302
314,RAnkle,406.88593,415.17023,0.8398357,-0.042872522,0.41940048,0.23886174
314,Head,389.69244,73.096924,0.91059625,-0.07539524,-0.38617435,-0.07916523
314,Neck,395.4236,128.94563,0.924113,-0.07001575,-0.25279513,-0.06025599
314,Hip,401.15475,268.56738,0.87070984,-0.051479224,0.06418975,-0.0019707007
314,LBigToe,372.49893,464.0378,0.78548497,,,
314,RBigToe,378.2301,422.1513,0.97259337,,,
314,LSmallToe,383.96127,464.0378,0.74613667,,,
314,RSmallToe,383.96127,415.17023,0.94944817,,,
314,LHeel,412.6171,450.07565,0.89733016,,,
314,RHeel,412.6171,429.1324,0.6949171,,,
315,Nose,365.9627,107.90166,0.9360675,,,
315,LEye,377.40887,100.91867,0.93634266,,,
315,REye,371.6858,100.91867,0.8986876,,,
315,LEar,394.57816,107.90166,0.98308104,,,
315,REar,394.57816,107.90166,0.78837025,,,
315,LShoulder,394.57816,149.79958,0.8287817,-0.078118525,-0.20292608,-0.13054074
315,RShoulder,394.57816,149.79958,0.6880781,-0.07429253,-0.21782795,0.03211496
315,LElbow,343.07034,170.74855,0.83492714,-0.1851725,-0.15118651,-0.19182491
315,RElbow,343.07034,170.74855,0.7598945,-0.18389475,-0.15470012,0.12650566
315,LWrist,268.67023,177.73154,0.6093293,-0.33176148,-0.15708081,-0.1488936
315,RWrist,274.3933,177.73154,0.49521738,-0.28339642,-0.1479071,0.16620283
315,LHip,400.30124,268.51038,0.7438542,-0.054471537,0.065721646,-0.07351638
315,RHip,400.30124,268.51038,0.68258876,-0.057825144,0.058318418,0.07057882
315,LKnee,406.02432,352.3062,0.8325553,-0.047286063,0.28016168,0.00057854387
315,RKnee,400.30124,352.3062,0.86035097,-0.058970194,0.2630693,0.17161918
315,LAnkle,411.7474,443.08505,0.94239116,-0.031819686,0.49198845,0.037906714
315,RAnkle,406.02432,415.1531,0.8410297,-0.042099323,0.4190131,0.23911902
315,Head,394.57816,72.98672,0.9213414,-0.07394419,-0.3881879,-0.07905733
315,Neck,394.57816,128.85062,0.9447152,-0.0685229,-0.25419533,-0.059907347
315,Hip,400.30124,268.51038,0.8644037,-0.05299186,0.06285389,-0.0019507001
315,LBigToe,377.40887,464.03403,0.7906764,,,
315,RBigToe,377.40887,422.1361,0.93413264,,,
315,LSmallToe,388.85504,464.03403,0.752533,,,
315,RSmallToe,383.13196,415.1531,0.90322065,,,
315,LHeel,417.4705,450.06805,0.87547493,,,
315,RHeel,411.7474,429.11908,0.67015237,,,
316,Nose,365.57816,107.812965,0.94317836,,,
316,LEye,376.98553,100.82831,0.9551073,,,
316,REye,371.28186,100.82831,0.9188621,,,
316,LEar,394.09662,107.812965,0.9768565,,,
316,REar,394.09662,107.812965,0.7853748,,,
316,LShoulder,394.09662,156.7056,0.82243586,-0.07669903,-0.20315826,-0.12871566
316,RShoulder,394.09662,149.72093,0.68228835,-0.07310526,-0.21818508,0.032769687
316,LElbow,348.46707,177.65958,0.81053686,-0.18249494,-0.15097995,-0.18807416
316,RElbow,342.7634,170.67491,0.7169866,-0.18270248,-0.15481216,0.12865222
316,LWrist,268.6154,177.65958,0.6828512,-0.3299482,-0.15734868,-0.14155768
316,RWrist,274.31906,177.65958,0.4317619,-0.27987725,-0.14849323,0.17063934
316,LHip,399.80032,268.46017,0.74905246,-0.055407166,0.06494747,-0.07308257
316,RHip,399.80032,268.46017,0.68657583,-0.058921393,0.057759736,0.070280515
316,LKnee,405.504,352.2761,0.8565715,-0.04354783,0.28037968,0.00035350933
316,RKnee,399.80032,352.2761,0.8747512,-0.056218807,0.26313713,0.17135927
316,LAnkle,411.2077,443.0767,0.946104,-0.031361938,0.4919149,0.038797766
316,RAnkle,405.504,415.13806,0.8598255,-0.041269787,0.41859475,0.23938872
316,Head,394.09662,72.88966,0.9228491,-0.072795264,-0.38911363,-0.07914746
316,Neck,394.09662,128.76695,0.93807817,-0.067379855,-0.2546855,-0.05978749
316,Hip,399.80032,268.46017,0.8676214,-0.05397244,0.062171053,-0.0019095673
316,LBigToe,376.98553,464.03067,0.7763559,,,
316,RBigToe,376.98553,422.1227,0.93763924,,,
316,LSmallToe,388.3929,464.03067,0.7460766,,,
316,RSmallToe,382.68924,415.13806,0.9145393,,,
316,LHeel,416.91138,450.06137,0.8833304,,,
316,RHeel,411.2077,422.1227,0.6849604,,,
317,Nose,365.33044,107.86012,0.93356353,,,
317,LEye,376.72134,100.87635,0.95366424,,,
317,REye,371.02588,100.87635,0.91167134,,,
317,LEar,393.8077,107.86012,0.9783061,,,
317,REar,393.8077,107.86012,0.7649187,,,
317,LShoulder,393.8077,156.74652,0.82546926,-0.0757553,-0.20276426,-0.12728904
317,RShoulder,393.8077,149.76276,0.69742167,-0.07202776,-0.21805468,0.03333861
317,LElbow,348.24405,177.69783,0.8375707,-0.1803992,-0.15028416,-0.18575263
317,RElbow,342.5486,170.71407,0.74754864,-0.18141402,-0.15469183,0.13077241
317,LWrist,268.50766,177.69783,0.6166168,-0.3282666,-0.15639636,-0.13463435
317,RWrist,274.2031,177.69783,0.42245683,-0.27588364,-0.14837602,0.17520082
317,LHip,399.50317,268.48688,0.75062233,-0.05595515,0.0646888,-0.0726131
317,RHip,399.50317,268.48688,0.6889614,-0.059583887,0.05760332,0.07000063
317,LKnee,405.19864,352.2921,0.85020995,-0.040343046,0.28084353,-0.00012908247
317,RKnee,399.50317,352.2921,0.8636296,-0.053809337,0.26325837,0.17135915
317,LAnkle,410.8941,443.08115,0.9572951,-0.030965628,0.49193475,0.03945846
317,RAnkle,405.19864,415.14606,0.8686472,-0.040353958,0.41826746,0.2398797
317,Head,393.8077,72.94127,0.93531543,-0.07185448,-0.3894069,-0.07916895
317,Neck,393.8077,128.81143,0.9352724,-0.06656782,-0.25462747,-0.059726015
317,Hip,399.50317,268.48688,0.86469907,-0.054524448,0.06197418,-0.00186141
317,LBigToe,376.72134,457.04868,0.768894,,,
317,RBigToe,382.4168,422.12982,0.9374054,,,
317,LSmallToe,388.11227,464.03247,0.74906826,,,
317,RSmallToe,382.4168,415.14606,0.90614563,,,
317,LHeel,416.58954,450.0649,0.88856906,,,
317,RHeel,410.8941,422.12982,0.70103425,,,
318,Nose,371.0202,107.88885,0.938888,,,
318,LEye,376.70792,100.90562,0.9663641,,,
318,REye,371.0202,100.90562,0.9259153,,,
318,LEar,393.771,107.88885,0.97753316,,,
318,REar,393.771,107.88885,0.7811412,,,
318,LShoulder,399.4587,156.77145,0.8139925,-0.07527669,-0.20188098,-0.1261588
318,RShoulder,393.771,149.78822,0.70468944,-0.07122803,-0.21757132,0.03384368
318,LElbow,342.58173,170.73792,0.8201913,-0.17876604,-0.14923741,-0.18411447
318,RElbow,342.58173,170.73792,0.7309434,-0.18030536,-0.15437286,0.13282269
318,LWrist,268.64163,177.72115,0.5720534,-0.32662702,-0.15451981,-0.12793729
318,RWrist,274.32935,177.72115,0.4529298,-0.27219236,-0.14765756,0.17945945
318,LHip,399.4587,268.5031,0.75109154,-0.056216512,0.064731434,-0.0721322
318,RHip,393.771,268.5031,0.6861878,-0.059918344,0.05771945,0.06970728
318,LKnee,405.1464,352.30188,0.8438606,-0.037612587,0.28149405,-0.00064644055
318,RKnee,399.4587,352.30188,0.8384256,-0.051680326,0.26342052,0.17148474
318,LAnkle,410.8341,443.08386,0.9773487,-0.030618103,0.49204054,0.03988497
318,RAnkle,410.8341,415.15094,0.8899221,-0.039425503,0.41796866,0.24043407
318,Head,393.771,72.9727,0.93088084,-0.07109153,-0.3891851,-0.07912328
318,Neck,393.771,128.83853,0.9241671,-0.06604044,-0.25419694,-0.059778254
318,Hip,399.4587,268.5031,0.85837126,-0.05479026,0.062034663,-0.0018341772
318,LBigToe,376.70792,457.05032,0.76436543,,,
318,RBigToe,382.3956,422.13416,0.9842596,,,
318,LSmallToe,388.0833,464.03354,0.7508047,,,
318,RSmallToe,382.3956,415.15094,0.9414,,,
318,LHeel,416.5218,450.06708,0.8872263,,,
318,RHeel,416.5218,422.13416,0.7351482,,,
319,Nose,371.52533,108.20669,0.93922544,,,
319,LEye,377.17703,101.229454,0.97096825,,,
319,REye,371.52533,101.229454,0.92621195,,,
319,LEar,394.1321,108.20669,0.9750803,,,
319,REar,394.1321,108.20669,0.778108,,,
319,LShoulder,399.7838,157.04732,0.81560653,-0.07508175,-0.2007235,-0.12508012
319,RShoulder,399.7838,150.07008,0.7042842,-0.070712164,-0.21677546,0.03424305
319,LElbow,348.91855,177.979,0.82357585,-0.17694545,-0.14725812,-0.18058448
319,RElbow,343.26685,171.00179,0.72720134,-0.17932975,-0.15372764,0.13478518
319,LWrist,275.4465,177.979,0.57990277,-0.32443175,-0.15201767,-0.12103185
319,RWrist,275.4465,177.979,0.5534087,-0.2694111,-0.14627825,0.18307504
319,LHip,399.7838,268.68304,0.7431001,-0.056216247,0.065131575,-0.07162643
319,RHip,399.7838,268.68304,0.6811126,-0.059870765,0.05807009,0.069422476
319,LKnee,411.0872,359.38705,0.83824205,-0.035343647,0.28234527,-0.0012052024
319,RKnee,405.43552,352.40982,0.8379961,-0.04981816,0.26359016,0.1717697
319,LAnkle,411.0872,443.11383,0.9763391,-0.030260643,0.49222103,0.04013019
319,RAnkle,411.0872,415.2049,0.8937127,-0.03854426,0.41768974,0.24098954
319,Head,394.1321,73.320526,0.9287836,-0.07054122,-0.38844398,-0.07919602
319,Neck,394.1321,129.13838,0.9136097,-0.06579067,-0.25335515,-0.05996434
319,Hip,399.7838,268.68304,0.8607378,-0.05475103,0.062451106,-0.001819839
319,LBigToe,377.17703,457.0683,0.75885516,,,
319,RBigToe,382.82874,422.18213,0.9842919,,,
319,LSmallToe,388.4804,464.04553,0.75020945,,,
319,RSmallToe,382.82874,415.2049,0.95008516,,,
319,LHeel,416.7389,450.09106,0.87995535,,,
319,RHeel,416.7389,422.18213,0.7356242,,,
320,Nose,371.66553,108.71385,0.93576306,,,
320,LEye,377.3135,101.746185,0.9676754,,,
320,REye,371.66553,101.746185,0.92691326,,,
320,LEar,394.2574,108.71385,0.9711711,,,
320,REar,394.2574,108.71385,0.765135,,,
320,LShoulder,399.90536,150.51982,0.8089956,-0.075037904,-0.19952434,-0.12413589
320,RShoulder,399.90536,150.51982,0.72593445,-0.070229545,-0.21593268,0.0345098
320,LElbow,349.07367,178.39049,0.832134,-0.17529173,-0.14544053,-0.17790917
320,RElbow,343.42572,171.42282,0.74074024,-0.17841396,-0.15307997,0.1363627
320,LWrist,275.65015,178.39049,0.6207438,-0.32066488,-0.14957187,-0.113338806
320,RWrist,275.65015,178.39049,0.55408055,-0.26699397,-0.14484681,0.18617082
320,LHip,399.90536,268.9701,0.7402824,-0.056116343,0.065653756,-0.07118698
320,RHip,399.90536,268.9701,0.68699265,-0.059646815,0.058552574,0.06912054
320,LKnee,411.2013,352.58206,0.8526234,-0.033452585,0.28311363,-0.0016611146
320,RKnee,405.5533,352.58206,0.8338629,-0.04822796,0.2637485,0.17210335
320,LAnkle,411.2013,443.16168,0.9644844,-0.02996135,0.4923909,0.040358916
320,RAnkle,411.2013,415.29102,0.89852923,-0.03785158,0.4174864,0.24150985
320,Head,394.2574,73.875534,0.9274071,-0.0701183,-0.38752255,-0.079209335
320,Neck,394.2574,129.61684,0.917991,-0.06566513,-0.2524017,-0.060165524
320,Hip,399.90536,268.9701,0.8529964,-0.054565936,0.06299369,-0.0018042943
320,LBigToe,377.3135,457.09702,0.75776225,,,
320,RBigToe,382.96146,422.2587,0.9942821,,,
320,LSmallToe,388.60944,464.06467,0.75045043,,,
320,RSmallToe,382.96146,415.29102,0.9430766,,,
320,LHeel,416.84924,450.12933,0.88246423,,,
320,RHeel,416.84924,422.2587,0.7450843,,,
321,Nose,372.50403,109.15201,0.93225807,,,
321,LEye,378.16702,102.19261,0.9678953,,,
321,REye,372.50403,102.19261,0.931715,,,
321,LEar,395.15594,109.15201,0.9800321,,,
321,REar,395.15594,109.15201,0.75714505,,,
321,LShoulder,395.15594,157.86778,0.82016134,-0.07521718,-0.19811736,-0.12319722
321,RShoulder,395.15594,150.90839,0.7132521,-0.069801435,-0.21498452,0.03478024
321,LElbow,349.8521,178.74597,0.85264057,-0.17354326,-0.14353608,-0.17573339
321,RElbow,344.18915,171.78658,0.7553852,-0.17730018,-0.15242754,0.1380751
321,LWrist,315.87424,171.78658,0.48353305,-0.31560934,-0.148318,-0.108536586
321,RWrist,276.23337,178.74597,0.5445905,-0.26456833,-0.14299202,0.189413
321,LHip,400.81894,269.2181,0.7296626,-0.055909522,0.06618439,-0.070800446
321,RHip,395.15594,269.2181,0.68457776,-0.059293654,0.059089374,0.06890773
321,LKnee,412.1449,359.69028,0.8682735,-0.031871147,0.28392807,-0.0022502805
321,RKnee,406.48193,352.73087,0.826052,-0.046859924,0.26392832,0.17254832
321,LAnkle,412.1449,443.20303,0.97727966,-0.02962677,0.49258766,0.040459644
321,RAnkle,412.1449,415.36545,0.89422274,-0.03716893,0.4173102,0.24207418
321,Head,395.15594,74.35503,0.91139865,-0.06977816,-0.3863732,-0.07920673
321,Neck,395.15594,130.0302,0.9185718,-0.06560943,-0.25136733,-0.06045997
321,Hip,400.81894,269.2181,0.8247795,-0.05427358,0.063635424,-0.0017705213
321,LBigToe,378.16702,457.12183,0.7516142,,,
321,RBigToe,378.16702,422.32483,0.970173,,,
321,LSmallToe,383.83,464.0812,0.74373865,,,
321,RSmallToe,383.83,415.36545,0.9563016,,,
321,LHeel,412.1449,450.1624,0.88246506,,,
321,RHeel,412.1449,422.32483,0.75201184,,,
322,Nose,372.6361,109.33823,0.929786,,,
322,LEye,378.3053,102.38235,0.97210455,,,
322,REye,372.6361,102.38235,0.93177265,,,
322,LEar,395.3129,109.33823,0.9743412,,,
322,REar,395.3129,109.33823,0.7547647,,,
322,LShoulder,395.3129,158.0294,0.8252069,-0.07546168,-0.19679491,-0.12228854
322,RShoulder,395.3129,151.07353,0.70578647,-0.06936368,-0.21410866,0.035247333
322,LElbow,349.95932,178.89705,0.83555555,-0.17196886,-0.1419582,-0.17373632
322,RElbow,344.2901,171.94118,0.73243475,-0.17596169,-0.15197058,0.13992661
322,LWrist,321.6133,171.94118,0.50252104,-0.31218183,-0.14680767,-0.10392881
322,RWrist,276.25974,178.89705,0.45746186,-0.26175025,-0.14099279,0.19308701
322,LHip,400.9821,269.32352,0.73157537,-0.055763416,0.066672385,-0.07042874
322,RHip,395.3129,269.32352,0.6791831,-0.058860246,0.05953059,0.068701394
322,LKnee,412.3205,359.75,0.9012717,-0.030760502,0.28453442,-0.002585253
322,RKnee,406.6513,352.79413,0.82718444,-0.045854203,0.26404622,0.17299423
322,LAnkle,412.3205,443.22058,0.97830474,-0.029398387,0.49269822,0.04067256
322,RAnkle,412.3205,415.39706,0.9079207,-0.036694977,0.41718742,0.24261987
322,Head,395.3129,74.558815,0.90738785,-0.069542356,-0.3852798,-0.07895812
322,Neck,395.3129,130.20587,0.9159024,-0.06556314,-0.25041464,-0.060567826
322,Hip,400.9821,269.32352,0.83048785,-0.05394649,0.06416513,-0.0017657995
322,LBigToe,378.3053,457.13235,0.7517162,,,
322,RBigToe,378.3053,422.35294,0.96641946,,,
322,LSmallToe,383.9745,464.08823,0.75267535,,,
322,RSmallToe,383.9745,415.39706,0.9582116,,,
322,LHeel,417.9897,450.17648,0.8836302,,,
322,RHeel,412.3205,422.35294,0.7761688,,,
323,Nose,372.2391,109.56607,0.9319072,,,
323,LEye,377.92566,102.61449,0.96937233,,,
323,REye,372.2391,102.61449,0.9280059,,,
323,LEar,394.98538,109.56607,0.96911997,,,
323,REar,394.98538,109.56607,0.7585032,,,
323,LShoulder,394.98538,158.22716,0.8216089,-0.07562139,-0.19560224,-0.12141899
323,RShoulder,400.67197,151.27557,0.74270403,-0.06896063,-0.21332905,0.035683565
323,LElbow,349.4928,179.08191,0.8278789,-0.17054808,-0.14065282,-0.17214653
323,RElbow,349.4928,172.13033,0.739981,-0.17460328,-0.15161923,0.14159203
323,LWrist,315.37338,172.13033,0.4512465,-0.308529,-0.14549643,-0.09886245
323,RWrist,281.25394,179.08191,0.43239418,-0.25890222,-0.13916557,0.19699286
323,LHip,400.67197,269.45248,0.73330057,-0.05563122,0.067074984,-0.07005479
323,RHip,400.67197,269.45248,0.6783247,-0.05848667,0.05987389,0.06849751
323,LKnee,412.0451,359.8231,0.90950674,-0.02999427,0.2849985,-0.0027782063
323,RKnee,406.35852,352.8715,0.8236993,-0.045130134,0.2641171,0.17332524
323,LAnkle,412.0451,443.2421,0.97844803,-0.029231744,0.49274316,0.040901512
323,RAnkle,412.0451,415.43576,0.90819836,-0.03635691,0.4170976,0.24301903
323,Head,394.98538,74.80815,0.9119372,-0.06935988,-0.38426036,-0.078687586
323,Neck,394.98538,130.42082,0.90923667,-0.065501705,-0.2495625,-0.060642205
323,Hip,400.67197,269.45248,0.84099865,-0.0536661,0.06460531,-0.0017839691
323,LBigToe,377.92566,457.14526,0.76491255,,,
323,RBigToe,383.61224,422.38733,0.978562,,,
323,LSmallToe,383.61224,464.09683,0.7640917,,,
323,RSmallToe,383.61224,415.43576,0.96454823,,,
323,LHeel,417.73166,450.19366,0.8919978,,,
323,RHeel,412.0451,422.38733,0.7786134,,,
324,Nose,371.96094,109.62215,0.9293996,,,
324,LEye,377.65088,102.67162,0.9684608,,,
324,REye,371.96094,102.67162,0.92821157,,,
324,LEar,394.7208,109.62215,0.9701122,,,
324,REar,394.7208,109.62215,0.7489804,,,
324,LShoulder,394.7208,158.27582,0.82934284,-0.07560447,-0.1945495,-0.120586045
324,RShoulder,400.41077,151.3253,0.7413326,-0.068684846,-0.21271168,0.036139634
324,LElbow,349.20105,179.1274,0.8430599,-0.169202,-0.1397219,-0.17085572
324,RElbow,349.20105,172.17688,0.7553601,-0.17392568,-0.1515399,0.14299764
324,LWrist,315.06122,172.17688,0.5220112,-0.30499434,-0.14428717,-0.093524925
324,RWrist,320.7512,172.17688,0.54112923,-0.25599474,-0.13783543,0.2008926
324,LHip,400.41077,269.48422,0.72899437,-0.05564211,0.06733914,-0.06974909
324,RHip,400.41077,269.48422,0.6856133,-0.058265544,0.06014524,0.06830718
324,LKnee,411.7907,359.84106,0.88314354,-0.02950642,0.28527784,-0.0029180238
324,RKnee,406.10074,352.89053,0.8213457,-0.04466556,0.26420075,0.17352682
324,LAnkle,411.7907,443.24738,0.9811823,-0.02908562,0.49272087,0.041055746
324,RAnkle,411.7907,415.44528,0.90505224,-0.036096007,0.41707715,0.24330333
324,Head,394.7208,74.86952,0.90971756,-0.06917752,-0.38330176,-0.0784098
324,Neck,394.7208,130.47372,0.91032755,-0.06541307,-0.24884273,-0.06069147
324,Hip,400.41077,269.48422,0.8438503,-0.0535545,0.064934954,-0.0018024913
324,LBigToe,377.65088,457.14844,0.76725835,,,
324,RBigToe,377.65088,422.39578,0.9778338,,,
324,LSmallToe,383.34085,464.09894,0.7546057,,,
324,RSmallToe,383.34085,415.44528,0.9639356,,,
324,LHeel,417.48068,450.1979,0.89714557,,,
324,RHeel,411.7907,422.39578,0.7727787,,,
325,Nose,371.85626,109.5816,0.93285906,,,
325,LEye,377.56903,102.6303,0.9703257,,,
325,REye,371.85626,102.6303,0.9280545,,,
325,LEar,394.70737,109.5816,0.96728796,,,
325,REar,394.70737,109.5816,0.75809216,,,
325,LShoulder,394.70737,158.24063,0.8071137,-0.075356655,-0.19369628,-0.11979358
325,RShoulder,400.42014,151.28934,0.73481363,-0.0684371,-0.21220063,0.03661693
325,LElbow,349.00516,179.0945,0.8566513,-0.16802177,-0.1392502,-0.16984275
325,RElbow,349.00516,172.14322,0.7707462,-0.17323849,-0.15162192,0.14444476
325,LWrist,320.44128,172.14322,0.5895465,-0.30163693,-0.14351134,-0.08811163
325,RWrist,320.44128,172.14322,0.5128242,-0.25397262,-0.13639835,0.20474331
325,LHip,400.42014,269.46127,0.7322544,-0.055779133,0.06746392,-0.06949951
325,RHip,400.42014,269.46127,0.6712805,-0.058289513,0.060317855,0.06815506
325,LKnee,411.84567,359.82806,0.8859483,-0.029229214,0.2853937,-0.0030028292
325,RKnee,406.1329,352.87677,0.84391534,-0.04446809,0.26423246,0.17363325
325,LAnkle,411.84567,443.24356,0.9690239,-0.028961098,0.49264434,0.041150704
325,RAnkle,411.84567,415.4384,0.89717865,-0.03590675,0.41708907,0.2434217
325,Head,394.70737,74.82514,0.90860564,-0.06898728,-0.38240036,-0.07818551
325,Neck,394.70737,130.43547,0.9089264,-0.065233916,-0.24824256,-0.06069135
325,Hip,400.42014,269.46127,0.853979,-0.05365388,0.0651366,-0.001817716
325,LBigToe,377.56903,457.14612,0.77414006,,,
325,RBigToe,377.56903,422.38968,0.97357273,,,
325,LSmallToe,388.99457,464.0974,0.7601563,,,
325,RSmallToe,383.2818,415.4384,0.95186025,,,
325,LHeel,417.55847,450.19482,0.89395195,,,
325,RHeel,411.84567,422.38968,0.7668436,,,
326,Nose,371.85333,109.50222,0.93133414,,,
326,LEye,377.55276,102.54943,0.97237635,,,
326,REye,371.85333,102.54943,0.9297215,,,
326,LEar,394.65106,109.50222,0.96882206,,,
326,REar,394.65106,109.50222,0.76164436,,,
326,LShoulder,394.65106,158.17174,0.81738293,-0.074893236,-0.19303258,-0.119068064
326,RShoulder,400.35046,151.21895,0.7456307,-0.06820625,-0.21179263,0.037119433
326,LElbow,349.05566,179.0301,0.8423913,-0.16705072,-0.13917196,-0.1690191
326,RElbow,349.05566,172.07732,0.7654738,-0.17256305,-0.15182365,0.14596553
326,LWrist,320.55853,172.07732,0.6032707,-0.29842448,-0.14296362,-0.08237865
326,RWrist,320.55853,172.07732,0.5678197,-0.2524109,-0.13526729,0.20835981
326,LHip,400.35046,269.41635,0.7313206,-0.056093194,0.067462236,-0.06927838
326,RHip,400.35046,269.41635,0.67241216,-0.05865416,0.060407545,0.06802704
326,LKnee,411.74933,359.8026,0.8796093,-0.029128632,0.2853955,-0.0030542428
326,RKnee,406.0499,352.84982,0.8350668,-0.044462036,0.26423544,0.17367388
326,LAnkle,411.74933,443.23605,0.96808666,-0.028895093,0.49257407,0.041192036
326,RAnkle,411.74933,415.4249,0.9022892,-0.035815097,0.41711253,0.24350269
326,Head,394.65106,74.73827,0.910319,-0.068820596,-0.38152233,-0.07801619
326,Neck,394.65106,130.36058,0.91121477,-0.06499896,-0.247752,-0.06064219
326,Hip,400.35046,269.41635,0.8532646,-0.05401839,0.06521572,-0.0018416301
326,LBigToe,377.55276,457.14163,0.77086425,,,
326,RBigToe,383.2522,422.3777,0.9836232,,,
326,LSmallToe,388.95163,464.09442,0.76578695,,,
326,RSmallToe,383.2522,415.4249,0.954361,,,
326,LHeel,417.44873,450.18884,0.88957316,,,
326,RHeel,411.74933,422.3777,0.7676122,,,
327,Nose,372.35468,109.38119,0.92868656,,,
327,LEye,378.01794,102.42612,0.9667177,,,
327,REye,372.35468,102.42612,0.9323492,,,
327,LEar,395.00778,109.38119,0.9723699,,,
327,REar,395.00778,109.38119,0.7526508,,,
327,LShoulder,395.00778,158.0667,0.8120331,-0.074210584,-0.19257613,-0.118615486
327,RShoulder,400.67105,151.11162,0.71652323,-0.06807949,-0.2114758,0.03760318
327,LElbow,349.70157,178.9319,0.8444548,-0.16630024,-0.13944481,-0.16855398
327,RElbow,349.70157,171.97684,0.7880466,-0.17197898,-0.15218635,0.14735843
327,LWrist,315.72192,178.9319,0.5815416,-0.295589,-0.14289412,-0.07727465
327,RWrist,315.72192,178.9319,0.5304227,-0.25130934,-0.13450328,0.21175772
327,LHip,400.67105,269.34784,0.7193976,-0.05663712,0.06738226,-0.06912955
327,RHip,400.67105,269.34784,0.6566974,-0.05938921,0.060438078,0.06795222
327,LKnee,411.99762,359.76376,0.85769373,-0.029169498,0.2853492,-0.003165603
327,RKnee,406.33432,352.80872,0.82224303,-0.044627793,0.26424906,0.1735715
327,LAnkle,411.99762,443.22464,0.9719565,-0.028843416,0.49249706,0.04119841
327,RAnkle,411.99762,415.40436,0.88289815,-0.035745397,0.4171879,0.24352631
327,Head,395.00778,81.5609,0.91020226,-0.068667844,-0.3806263,-0.07802183
327,Neck,395.00778,130.2464,0.9198577,-0.06471885,-0.24734281,-0.060608864
327,Hip,400.67105,269.34784,0.8347479,-0.054697216,0.065163314,-0.0018696694
327,LBigToe,378.01794,457.1348,0.75917274,,,
327,RBigToe,378.01794,422.35944,0.94674075,,,
327,LSmallToe,383.68124,464.08984,0.7511146,,,
327,RSmallToe,383.68124,415.40436,0.92597073,,,
327,LHeel,417.6609,450.17972,0.8875249,,,
327,RHeel,411.99762,422.35944,0.75870675,,,
328,Nose,372.16095,109.438286,0.9275419,,,
328,LEye,377.83337,102.48429,0.96938074,,,
328,REye,372.16095,102.48429,0.93066543,,,
328,LEar,394.85068,109.438286,0.969101,,,
328,REar,394.85068,109.438286,0.78679615,,,
328,LShoulder,400.5231,158.11624,0.823535,-0.07347225,-0.19241376,-0.11820022
328,RShoulder,400.5231,151.16225,0.7333185,-0.0680287,-0.21134485,0.03813594
328,LElbow,349.47125,178.97823,0.8344456,-0.16569738,-0.14019029,-0.16805965
328,RElbow,349.47125,172.02423,0.7680714,-0.17188832,-0.15267318,0.14861128
328,LWrist,315.43668,172.02423,0.5133202,-0.29286015,-0.14354527,-0.072645
328,RWrist,315.43668,178.97823,0.45809776,-0.25126362,-0.13445452,0.2144543
328,LHip,400.5231,269.38016,0.7280947,-0.057406384,0.06710859,-0.06909143
328,RHip,400.5231,269.38016,0.6702919,-0.060403787,0.06031316,0.06793105
328,LKnee,411.86795,359.7821,0.85543764,-0.029395143,0.2851133,-0.0033477761
328,RKnee,406.19553,352.8281,0.8280802,-0.044971745,0.2641744,0.17330968
328,LAnkle,411.86795,443.23004,0.96868044,-0.028870976,0.49232796,0.04105653
328,RAnkle,411.86795,415.41406,0.9038692,-0.03581692,0.4173128,0.24335909
328,Head,394.85068,81.62231,0.92248005,-0.06857292,-0.3799489,-0.077891774
328,Neck,394.85068,130.30026,0.91112846,-0.06437171,-0.24718146,-0.060441114
328,Hip,400.5231,269.38016,0.8411617,-0.05565992,0.06490487,-0.0018968845
328,LBigToe,377.83337,457.13803,0.7683695,,,
328,RBigToe,377.83337,422.36804,0.96495426,,,
328,LSmallToe,383.5058,464.092,0.75027823,,,
328,RSmallToe,383.5058,415.41406,0.9413682,,,
328,LHeel,417.54037,450.18402,0.8951137,,,
328,RHeel,411.86795,422.36804,0.7706509,,,
329,Nose,372.24716,109.437645,0.9263366,,,
329,LEye,377.9146,102.48364,0.965375,,,
329,REye,372.24716,102.48364,0.9322992,,,
329,LEar,394.917,109.437645,0.9735142,,,
329,REar,394.917,109.437645,0.7691742,,,
329,LShoulder,400.58444,158.11569,0.8168411,-0.07262325,-0.19264059,-0.1179015
329,RShoulder,394.917,151.16168,0.7194426,-0.0681418,-0.2114811,0.038684357
329,LElbow,349.57736,178.9777,0.8480112,-0.16522895,-0.14148203,-0.1679664
329,RElbow,349.57736,172.02371,0.756513,-0.17217755,-0.15343212,0.14972275
329,LWrist,315.57263,172.02371,0.5256395,-0.29026988,-0.14501874,-0.069649264
329,RWrist,281.5679,178.9777,0.41333205,-0.2508794,-0.13541584,0.21703032
329,LHip,400.58444,269.3798,0.7219387,-0.0584037,0.06660582,-0.069118686
329,RHip,394.917,269.3798,0.66295606,-0.061757296,0.05998459,0.06794189
329,LKnee,411.91934,359.7819,0.86542404,-0.029769985,0.28475192,-0.0036415348
329,RKnee,406.2519,352.82788,0.8198159,-0.04543574,0.26403937,0.1728963
329,LAnkle,411.91934,443.22998,0.97895986,-0.028969174,0.49209955,0.04083431
329,RAnkle,411.91934,415.41394,0.8965596,-0.03596712,0.41742417,0.24309063
329,Head,394.917,81.62162,0.9148327,-0.068581745,-0.37952286,-0.07784299
329,Neck,394.917,130.29967,0.9149938,-0.06410573,-0.24729538,-0.06028995
329,Hip,400.58444,269.3798,0.8342275,-0.05689584,0.064411104,-0.0019188749
329,LBigToe,377.9146,457.13797,0.767451,,,
329,RBigToe,377.9146,422.36795,0.9502003,,,
329,LSmallToe,383.58206,464.09198,0.7481909,,,
329,RSmallToe,383.58206,415.41394,0.93593687,,,
329,LHeel,417.5868,450.18396,0.8947373,,,
329,RHeel,411.91934,422.36795,0.7798706,,,
330,Nose,372.24313,109.34814,0.9265777,,,
330,LEye,377.89438,102.39244,0.9631453,,,
330,REye,372.24313,102.39244,0.92765194,,,
330,LEar,394.8481,109.34814,0.9610496,,,
330,REar,394.8481,109.34814,0.78575146,,,
330,LShoulder,400.49936,158.03801,0.8133771,-0.07183853,-0.19324313,-0.11789714
330,RShoulder,400.49936,151.0823,0.73926187,-0.0685508,-0.21185435,0.03917279
330,LElbow,349.63812,178.90509,0.842014,-0.16501471,-0.14317666,-0.16842932
330,RElbow,349.63812,171.94939,0.7618479,-0.17240314,-0.1546403,0.15067017
330,LWrist,321.3819,171.94939,0.5897739,-0.28807458,-0.14719199,-0.06848543
330,RWrist,321.3819,171.94939,0.47788882,-0.25080898,-0.13652976,0.21891028
330,LHip,400.49936,269.32913,0.73012537,-0.059424303,0.06589514,-0.06921428
330,RHip,400.49936,269.32913,0.67500716,-0.06324172,0.059461083,0.06802784
330,LKnee,411.80185,359.75317,0.87621164,-0.030289223,0.28433663,-0.004092482
330,RKnee,406.1506,352.7975,0.83053654,-0.046058327,0.26382452,0.17226365
330,LAnkle,411.80185,443.22153,0.9680945,-0.029134905,0.49180785,0.040605783
330,RAnkle,411.80185,415.39874,0.90802854,-0.036173534,0.41754794,0.24279347
330,Head,394.8481,81.52535,0.9256519,-0.06878114,-0.37942824,-0.07790928
330,Neck,394.8481,130.21523,0.90110457,-0.06399126,-0.24769458,-0.060268085
330,Hip,400.49936,269.32913,0.8398652,-0.058231734,0.06365138,-0.001930136
330,LBigToe,377.89438,457.1329,0.776744,,,
330,RBigToe,377.89438,422.35443,0.97265637,,,
330,LSmallToe,389.19687,464.08862,0.7672693,,,
330,RSmallToe,383.54562,415.39874,0.9387281,,,
330,LHeel,417.4531,450.17722,0.8897669,,,
330,RHeel,411.80185,422.35443,0.7755201,,,
331,Nose,372.23425,109.34012,0.92663455,,,
331,LEye,377.8913,102.38427,0.96485126,,,
331,REye,372.23425,102.38427,0.93473566,,,
331,LEar,394.8625,109.34012,0.9763757,,,
331,REar,394.8625,109.34012,0.7680381,,,
331,LShoulder,400.51953,158.03105,0.82432127,-0.07119922,-0.19424695,-0.118259504
331,RShoulder,394.8625,151.0752,0.74176586,-0.06919563,-0.21257061,0.03961028
331,LElbow,349.60605,178.89859,0.8572872,-0.16499531,-0.14545265,-0.16938075
331,RElbow,343.94897,171.94273,0.78352153,-0.17345095,-0.15617034,0.15132266
331,LWrist,315.66373,171.94273,0.5420896,-0.28653193,-0.15007392,-0.06787359
331,RWrist,281.72137,178.89859,0.52409136,-0.2519629,-0.13871421,0.22005154
331,LHip,400.51953,269.3246,0.7268093,-0.060642406,0.06499319,-0.06938172
331,RHip,394.8625,269.3246,0.6748225,-0.06466791,0.058694568,0.06810861
331,LKnee,411.83365,359.7506,0.87133735,-0.030936232,0.28387132,-0.0045390557
331,RKnee,400.51953,352.79477,0.8151111,-0.04667935,0.26362714,0.1715276
331,LAnkle,411.83365,443.22076,0.97662836,-0.02935546,0.49151447,0.040422507
331,RAnkle,411.83365,415.39737,0.8853034,-0.03649175,0.4177349,0.24240485
331,Head,394.8625,81.51673,0.9184183,-0.069083616,-0.3796744,-0.078101136
331,Neck,394.8625,130.20766,0.9141659,-0.064000264,-0.24838103,-0.060371377
331,Hip,400.51953,269.3246,0.83071065,-0.05968973,0.06264122,-0.0018831559
331,LBigToe,377.8913,457.13245,0.7668095,,,
331,RBigToe,377.8913,422.3532,0.9447644,,,
331,LSmallToe,383.54837,464.08832,0.7568713,,,
331,RSmallToe,383.54837,415.39737,0.92991364,,,
331,LHeel,417.4907,450.1766,0.8931997,,,
331,RHeel,411.83365,422.3532,0.7683072,,,
332,Nose,371.9194,109.4595,0.93409365,,,
332,LEye,377.58868,102.50591,0.9674175,,,
332,REye,371.9194,102.50591,0.9286361,,,
332,LEar,394.59653,109.4595,0.9515074,,,
332,REar,394.59653,109.4595,0.78639656,,,
332,LShoulder,400.2658,158.13466,0.82191384,-0.070925385,-0.19556485,-0.11891075
332,RShoulder,400.2658,151.18108,0.7296542,-0.070131645,-0.21349521,0.0400004
332,LElbow,349.2423,178.99545,0.83550715,-0.16537535,-0.1481444,-0.17091075
332,RElbow,349.2423,172.04185,0.76700497,-0.17411661,-0.15804248,0.15182036
332,LWrist,320.8959,172.04185,0.5783489,-0.28541103,-0.15353633,-0.068872996
332,RWrist,320.8959,172.04185,0.52007985,-0.25304517,-0.1416207,0.22084767
332,LHip,400.2658,269.39218,0.7329768,-0.061788455,0.06408091,-0.06964963
332,RHip,394.59653,269.39218,0.6698214,-0.06594097,0.05796593,0.06829332
332,LKnee,411.60437,359.7889,0.88325036,-0.03175886,0.2834343,-0.0051115816
332,RKnee,405.9351,352.8353,0.8300594,-0.047410615,0.26345024,0.17079112
332,LAnkle,411.60437,443.23203,0.9694045,-0.02962303,0.491219,0.040270768
332,RAnkle,411.60437,415.41766,0.91073495,-0.036927436,0.41794592,0.24198326
332,Head,394.59653,81.64513,0.9260321,-0.069707215,-0.3802329,-0.07839736
332,Neck,394.59653,130.32028,0.89988,-0.06429972,-0.24921234,-0.060546257
332,Hip,400.2658,269.39218,0.8429791,-0.061071277,0.061622974,-0.0018164327
332,LBigToe,377.58868,457.13922,0.78171664,,,
332,RBigToe,383.25797,422.37125,0.9828053,,,
332,LSmallToe,388.92725,464.0928,0.775447,,,
332,RSmallToe,383.25797,415.41766,0.9502934,,,
332,LHeel,417.27365,450.1856,0.8902412,,,
332,RHeel,411.60437,422.37125,0.7843548,,,
333,Nose,371.72455,109.35314,0.93695164,,,
333,LEye,377.37753,102.39754,0.96839833,,,
333,REye,371.72455,102.39754,0.9249612,,,
333,LEar,394.33646,109.35314,0.95584667,,,
333,REar,394.33646,109.35314,0.7980741,,,
333,LShoulder,399.98944,158.04234,0.8057911,-0.0711178,-0.19717641,-0.11992598
333,RShoulder,399.98944,151.08675,0.72787523,-0.071382,-0.21468751,0.040274292
333,LElbow,349.1126,171.95355,0.8346647,-0.16613507,-0.15160207,-0.17365631
333,RElbow,349.1126,171.95355,0.74048436,-0.17580909,-0.16039334,0.15187383
333,LWrist,320.84772,171.95355,0.61040926,-0.2852836,-0.15763558,-0.07055651
333,RWrist,320.84772,171.95355,0.6077515,-0.2553054,-0.14560361,0.22089536
333,LHip,399.98944,269.33197,0.72212976,-0.062714934,0.06334843,-0.070008285
333,RHip,394.33646,269.33197,0.6705472,-0.06679568,0.05734768,0.06857311
333,LKnee,411.2954,359.7548,0.8678119,-0.03279185,0.2830458,-0.0056086825
333,RKnee,405.64243,352.7992,0.8177149,-0.048244875,0.2632738,0.17017154
333,LAnkle,411.2954,443.222,0.96959406,-0.029964732,0.49091455,0.040184934
333,RAnkle,411.2954,415.3996,0.89507854,-0.03748771,0.41817847,0.24156733
333,Head,394.33646,81.53074,0.9200282,-0.07058567,-0.38113755,-0.0786977
333,Neck,394.33646,130.21994,0.8919357,-0.064919196,-0.250187,-0.0606182
333,Hip,399.98944,269.33197,0.8296274,-0.062148258,0.060784895,-0.0017655336
333,LBigToe,377.37753,457.1332,0.7684635,,,
333,RBigToe,383.03052,422.3552,0.9824345,,,
333,LSmallToe,388.6835,464.0888,0.76598245,,,
333,RSmallToe,383.03052,415.3996,0.9509607,,,
333,LHeel,416.9484,450.17758,0.8918653,,,
333,RHeel,411.2954,422.3552,0.77248424,,,
334,Nose,371.5781,109.23199,0.93791765,,,
334,LEye,377.2276,102.2741,0.96737325,,,
334,REye,371.5781,102.2741,0.9286745,,,
334,LEar,394.17618,109.23199,0.96254927,,,
334,REar,394.17618,109.23199,0.79288125,,,
334,LShoulder,399.82568,157.9372,0.8070634,-0.07162286,-0.19894572,-0.12115321
334,RShoulder,394.17618,150.97931,0.71230567,-0.07292941,-0.21603534,0.040200613
334,LElbow,348.98,171.85297,0.84888214,-0.16720125,-0.15506856,-0.17606133
334,RElbow,348.98,171.85297,0.7524544,-0.1780703,-0.16298987,0.15112081
334,LWrist,320.7324,171.85297,0.57571405,-0.28598338,-0.16236897,-0.07321605
334,RWrist,320.7324,171.85297,0.6167762,-0.25917757,-0.14999516,0.21987018
334,LHip,399.82568,269.2634,0.730467,-0.06322022,0.062868774,-0.07051821
334,RHip,394.17618,269.2634,0.68125093,-0.067123175,0.056888487,0.06894285
334,LKnee,411.12473,359.7159,0.86225224,-0.034095973,0.2827253,-0.0060448907
334,RKnee,399.82568,352.75803,0.8149757,-0.049159594,0.26311216,0.16972217
334,LAnkle,411.12473,443.21057,0.97045225,-0.030363606,0.4906477,0.04013126
334,RAnkle,411.12473,415.37903,0.8893516,-0.03817509,0.41845605,0.24113174
334,Head,394.17618,81.40044,0.9164776,-0.071781814,-0.3821827,-0.0790579
334,Neck,394.17618,130.10565,0.91169876,-0.06592845,-0.25120014,-0.06071095
334,Hip,399.82568,262.3055,0.8309508,-0.06271562,0.060277935,-0.0017850285
334,LBigToe,377.2276,457.12634,0.7648362,,,
334,RBigToe,382.87714,422.3369,0.98410374,,,
334,LSmallToe,388.52664,464.08423,0.76366484,,,
334,RSmallToe,382.87714,415.37903,0.94658464,,,
334,LHeel,416.77426,450.16846,0.8866443,,,
334,RHeel,411.12473,422.3369,0.76817644,,,
335,Nose,370.12146,109.006676,0.94059366,,,
335,LEye,375.8489,102.04453,0.9620944,,,
335,REye,370.12146,102.04453,0.9227567,,,
335,LEar,393.0313,109.006676,0.9482911,,,
335,REar,393.0313,109.006676,0.7984714,,,
335,LShoulder,398.7588,157.74164,0.8286163,-0.07285472,-0.20066835,-0.122520305
335,RShoulder,393.0313,150.77951,0.7557515,-0.07513969,-0.21715297,0.04001171
335,LElbow,347.21158,171.66592,0.8962649,-0.1690323,-0.15852676,-0.1786474
335,RElbow,347.21158,164.70378,0.7953866,-0.18119577,-0.16576916,0.14989153
335,LWrist,318.57425,171.66592,0.6988558,-0.28800395,-0.16730662,-0.07679411
335,RWrist,324.30173,171.66592,0.6622718,-0.26464945,-0.1547227,0.21781318
335,LHip,398.7588,269.13586,0.75664645,-0.063092716,0.06300776,-0.07102036
335,RHip,393.0313,269.13586,0.7200607,-0.06676043,0.05685552,0.06932425
335,LKnee,410.2137,352.68152,0.8649206,-0.03568712,0.2826806,-0.0062139863
335,RKnee,404.48624,352.68152,0.82025445,-0.050216593,0.26315156,0.169669
335,LAnkle,410.2137,443.1893,0.9699425,-0.030798009,0.4904733,0.040071554
335,RAnkle,410.2137,415.34076,0.9227815,-0.03904789,0.41881564,0.24072327
335,Head,393.0313,81.15812,0.9284655,-0.073457554,-0.3830815,-0.079336055
335,Neck,393.0313,129.8931,0.90749264,-0.06753911,-0.25194073,-0.06047771
335,Hip,398.7588,262.1737,0.8658689,-0.062579215,0.060356032,-0.0018464217
335,LBigToe,375.8489,457.1136,0.767058,,,
335,RBigToe,381.5764,422.3029,1.0238111,,,
335,LSmallToe,387.30386,464.0757,0.7834957,,,
335,RSmallToe,381.5764,415.34076,0.9534394,,,
335,LHeel,415.94116,450.15146,0.87259525,,,
335,RHeel,410.2137,422.3029,0.7654614,,,
336,Nose,368.74963,108.59932,0.9416776,,,
336,LEye,374.52017,101.62949,0.9568942,,,
336,REye,368.74963,101.62949,0.92231,,,
336,LEar,397.6024,108.59932,0.9570004,,,
336,REar,391.83185,108.59932,0.80751556,,,
336,LShoulder,397.6024,157.38809,0.83166105,-0.07498241,-0.20224236,-0.12421826
336,RShoulder,391.83185,150.41826,0.76657987,-0.07783731,-0.21803565,0.039448664
336,LElbow,345.66742,171.32774,0.9113091,-0.17162985,-0.16150342,-0.18161207
336,RElbow,345.66742,164.35791,0.80771005,-0.18486595,-0.16817822,0.14805543
336,LWrist,316.81467,171.32774,0.7221465,-0.29165334,-0.1719598,-0.0814931
336,RWrist,322.5852,164.35791,0.6851024,-0.2720104,-0.1593068,0.21421422
336,LHip,397.6024,268.90527,0.76955146,-0.062010616,0.06378129,-0.07138353
336,RHip,397.6024,268.90527,0.7241427,-0.065563984,0.057284486,0.0696409
336,LKnee,409.1435,359.513,0.88062984,-0.03761217,0.28301486,-0.0064220997
336,RKnee,403.37292,352.54315,0.8650154,-0.05145003,0.26342568,0.16998377
336,LAnkle,409.1435,443.15088,0.9589073,-0.031186791,0.4903864,0.039766315
336,RAnkle,409.1435,415.27158,0.9231558,-0.03998467,0.41932938,0.24056652
336,Head,391.83185,80.720024,0.9284415,-0.07567431,-0.38367173,-0.07968754
336,Neck,391.83185,129.50879,0.8924078,-0.06991276,-0.2523022,-0.060070246
336,Hip,397.6024,268.90527,0.86158633,-0.061659224,0.060991313,-0.0019111221
336,LBigToe,374.52017,457.0905,0.7688678,,,
336,RBigToe,380.29074,422.2414,1.0164199,,,
336,LSmallToe,386.06128,464.06036,0.78840864,,,
336,RSmallToe,386.06128,415.27158,0.9666468,,,
336,LHeel,414.91403,450.1207,0.87176114,,,
336,RHeel,414.91403,422.2414,0.7573694,,,
337,Nose,367.3088,108.51556,0.94831926,,,
337,LEye,373.08453,101.54416,0.9530529,,,
337,REye,367.3088,101.54416,0.9169331,,,
337,LEar,396.18747,108.51556,0.9371496,,,
337,REar,390.41174,108.51556,0.8025252,,,
337,LShoulder,396.18747,150.344,0.8244148,-0.07796697,-0.2038516,-0.12641197
337,RShoulder,390.41174,150.344,0.7543644,-0.080861375,-0.21890396,0.038371406
337,LElbow,344.20587,171.2582,0.9474605,-0.1749244,-0.16418725,-0.18516701
337,RElbow,344.20587,164.28679,0.90589637,-0.18886575,-0.17048804,0.14515337
337,LWrist,315.3272,164.28679,0.7201509,-0.29709244,-0.17609234,-0.087244295
337,RWrist,315.3272,171.2582,0.53439707,-0.28016114,-0.16341728,0.209196
337,LHip,401.9632,268.85785,0.7838184,-0.060148165,0.06465924,-0.07193338
337,RHip,396.18747,268.85785,0.73950696,-0.06369196,0.057679754,0.06996787
337,LKnee,407.73895,359.4861,0.908555,-0.039963074,0.28328657,-0.006774525
337,RKnee,401.9632,352.5147,0.8820704,-0.052883234,0.26364458,0.17020616
337,LAnkle,407.73895,443.14297,0.9357702,-0.03162486,0.4903181,0.039388068
337,RAnkle,407.73895,415.25735,0.9317154,-0.041101612,0.41986755,0.2403279
337,Head,390.41174,80.629944,0.918415,-0.07839677,-0.3841928,-0.080216125
337,Neck,390.41174,129.42978,0.911451,-0.07302883,-0.2526969,-0.059702985
337,Hip,396.18747,268.85785,0.8591092,-0.05985903,0.06168407,-0.001964234
337,LBigToe,373.08453,457.0858,0.7791843,,,
337,RBigToe,378.86026,422.22876,1.0179894,,,
337,LSmallToe,384.63602,464.0572,0.80398977,,,
337,RSmallToe,384.63602,415.25735,0.97386444,,,
337,LHeel,419.2904,450.11438,0.8631809,,,
337,RHeel,407.73895,422.22876,0.7812115,,,
338,Nose,366.04788,107.94128,0.94828594,,,
338,LEye,371.83444,100.95904,0.9520004,,,
338,REye,366.04788,100.95904,0.9137425,,,
338,LEar,389.19418,107.94128,0.95155084,,,
338,REar,389.19418,107.94128,0.79730576,,,
338,LShoulder,394.98074,149.83472,0.8338678,-0.08173993,-0.20496431,-0.12874562
338,RShoulder,389.19418,149.83472,0.73577565,-0.08422713,-0.21943785,0.03713882
338,LElbow,342.90158,170.78143,0.9209478,-0.1790374,-0.16612257,-0.18919393
338,RElbow,337.11502,163.7992,0.9111601,-0.19326466,-0.1723585,0.14173889
338,LWrist,308.18213,163.7992,0.68045574,-0.30428264,-0.17892553,-0.09366747
338,RWrist,308.18213,170.78143,0.41011968,-0.28923434,-0.16626896,0.20309684
338,LHip,400.76733,268.5328,0.8158506,-0.057235774,0.06579858,-0.07256245
338,RHip,394.98074,268.5328,0.7350004,-0.06103447,0.05823436,0.07032227
338,LKnee,406.5539,359.3019,0.91144013,-0.042837188,0.28363472,-0.0072403178
338,RKnee,400.76733,352.31967,0.87857753,-0.054545343,0.2639211,0.17051193
338,LAnkle,406.5539,443.0888,0.91402733,-0.03195907,0.4903938,0.038768962
338,RAnkle,406.5539,415.15985,0.9158696,-0.042236507,0.42052758,0.24007072
338,Head,389.19418,73.030075,0.92591476,-0.08143585,-0.38443962,-0.08066616
338,Neck,389.19418,128.888,0.9066834,-0.07671847,-0.25296646,-0.059105817
338,Hip,400.76733,268.5328,0.8775119,-0.056968145,0.06265491,-0.0021186594
338,LBigToe,377.62103,457.05328,0.79900026,,,
338,RBigToe,377.62103,422.1421,1.0045607,,,
338,LSmallToe,383.4076,464.03552,0.8136403,,,
338,RSmallToe,383.4076,415.15985,0.9960032,,,
338,LHeel,418.12704,450.07104,0.8806043,,,
338,RHeel,412.34045,422.1421,0.76455015,,,
339,Nose,365.51132,107.706314,0.94594157,,,
339,LEye,371.30264,100.719635,0.959406,,,
339,REye,365.51132,100.719635,0.92192197,,,
339,LEar,388.67664,107.706314,0.963331,,,
339,REar,388.67664,107.706314,0.7985317,,,
339,LShoulder,394.468,149.62636,0.82297385,-0.086327605,-0.2049221,-0.13125993
339,RShoulder,382.8853,149.62636,0.7442113,-0.088025734,-0.21927863,0.035724916
339,LElbow,342.346,170.58636,0.91253835,-0.1846736,-0.1671107,-0.19429356
339,RElbow,336.5547,163.5997,0.946204,-0.19814187,-0.17377427,0.13755184
339,LWrist,307.59802,163.5997,0.7038288,-0.31375167,-0.18088304,-0.10316719
339,RWrist,296.01538,170.58636,0.52568,-0.2988729,-0.16872363,0.19538313
339,LHip,400.2593,268.3998,0.7973563,-0.05325733,0.06749672,-0.07318753
339,RHip,400.2593,268.3998,0.7603329,-0.057501927,0.059060995,0.07062235
339,LKnee,406.05063,359.22656,0.91618377,-0.046172246,0.28407004,-0.008171163
339,RKnee,400.2593,352.23987,0.87905425,-0.056498468,0.26424003,0.17088932
339,LAnkle,411.84195,443.06662,0.9167432,-0.032272074,0.49060926,0.03787986
339,RAnkle,406.05063,415.11993,0.9083364,-0.043358758,0.4212392,0.23958476
339,Head,388.67664,72.77294,0.9242768,-0.085207015,-0.38326403,-0.08133503
339,Neck,388.67664,128.66634,0.91781807,-0.08125084,-0.2523415,-0.058650244
339,Hip,400.2593,268.3998,0.88515455,-0.053050537,0.06391351,-0.0021557447
339,LBigToe,377.094,457.03998,0.8077899,,,
339,RBigToe,377.094,422.1066,0.9755011,,,
339,LSmallToe,382.8853,464.02664,0.8147916,,,
339,RSmallToe,382.8853,415.11993,0.9992292,,,
339,LHeel,417.6333,450.0533,0.8725115,,,
339,RHeel,411.84195,422.1066,0.7635235,,,
340,Nose,358.81955,107.91658,0.9264642,,,
340,LEye,370.66858,100.933876,0.9400051,,,
340,REye,364.74408,93.95117,0.90813214,,,
340,LEar,388.44217,107.91658,0.9860343,,,
340,REar,388.44217,107.91658,0.7816293,,,
340,LShoulder,388.44217,149.81282,0.8527263,-0.09146093,-0.20330112,-0.13405015
340,RShoulder,388.44217,142.83011,0.7249474,-0.092237234,-0.21797423,0.034053873
340,LElbow,341.04596,163.77823,0.89078635,-0.19186945,-0.1666812,-0.20130749
340,RElbow,335.12143,163.77823,0.9071029,-0.20287344,-0.1742949,0.132906
340,LWrist,299.57428,163.77823,0.6199389,-0.32504976,-0.18068595,-0.11303585
340,RWrist,293.64975,170.76094,0.54613096,-0.30826747,-0.17011248,0.18673742
340,LHip,400.29123,275.50153,0.78117424,-0.04819943,0.06978598,-0.07381759
340,RHip,400.29123,275.50153,0.7370246,-0.053114474,0.06043392,0.07092348
340,LKnee,406.21576,359.294,0.908011,-0.050036825,0.28458822,-0.009781116
340,RKnee,400.29123,352.31128,0.88818854,-0.05882276,0.26468283,0.17119947
340,LAnkle,406.21576,443.08646,0.9086138,-0.032481857,0.49072352,0.03664679
340,RAnkle,406.21576,415.15564,0.8746654,-0.044383846,0.42191556,0.23873188
340,Head,388.44217,73.00305,0.9350304,-0.089636624,-0.38043925,-0.082629286
340,Neck,388.44217,128.8647,0.9574137,-0.0865341,-0.25038853,-0.05880727
340,Hip,406.21576,268.51883,0.86580575,-0.0479639,0.06562555,-0.0021464804
340,LBigToe,376.5931,457.05188,0.81565046,,,
340,RBigToe,376.5931,422.13837,0.9614886,,,
340,LSmallToe,382.51764,464.03458,0.8257645,,,
340,RSmallToe,382.51764,415.15564,0.96914065,,,
340,LHeel,418.06482,450.06918,0.8625624,,,
340,RHeel,406.21576,422.13837,0.71002626,,,
341,Nose,360.71698,108.66597,0.9469071,,,
341,LEye,366.72342,101.6974,0.9612345,,,
341,REye,360.71698,94.728836,0.9112567,,,
341,LEar,384.7427,108.66597,0.9700209,,,
341,REar,384.7427,108.66597,0.81919175,,,
341,LShoulder,384.7427,150.47737,0.8515125,-0.09704444,-0.19973664,-0.13695979
341,RShoulder,390.7491,143.5088,0.7237778,-0.09674518,-0.2153401,0.03179954
341,LElbow,336.69128,164.4145,0.8927535,-0.20070307,-0.16396172,-0.20709568
341,RElbow,336.69128,164.4145,0.8845619,-0.20802955,-0.17337684,0.12754668
341,LWrist,294.6463,164.4145,0.67821914,-0.338884,-0.17894286,-0.12565523
341,RWrist,294.6463,164.4145,0.5869507,-0.31880933,-0.17100291,0.17566669
341,LHip,402.76196,275.91156,0.7710529,-0.041797638,0.072384834,-0.07425959
341,RHip,402.76196,275.91156,0.7108724,-0.047724593,0.061880287,0.07111371
341,LKnee,402.76196,352.5658,0.87028784,-0.054523744,0.28517535,-0.012280287
341,RKnee,396.75555,352.5658,0.87290454,-0.061703295,0.2651175,0.17158246
341,LAnkle,408.7684,443.15717,0.9644049,-0.032643788,0.49110737,0.03480001
341,RAnkle,402.76196,415.2829,0.8762922,-0.0454256,0.4224827,0.23767409
341,Head,384.7427,80.7917,0.9390151,-0.09466161,-0.3753826,-0.084203295
341,Neck,384.7427,129.57167,0.90349436,-0.09232174,-0.24688569,-0.05990556
341,Hip,408.7684,268.943,0.86240304,-0.041481063,0.067761585,-0.002075466
341,LBigToe,372.72983,464.06287,0.80881715,,,
341,RBigToe,378.73627,422.25146,0.9717772,,,
341,LSmallToe,384.7427,464.06287,0.82618546,,,
341,RSmallToe,384.7427,415.2829,0.9580207,,,
341,LHeel,414.7748,450.12573,0.87274104,,,
341,RHeel,408.7684,422.25146,0.69530857,,,
342,Nose,355.63458,111.66549,0.94864494,,,
342,LEye,361.7495,104.75352,0.93756956,,,
342,REye,361.7495,97.841545,0.88937503,,,
342,LEar,380.0943,111.66549,0.95695424,,,
342,REar,386.2092,111.66549,0.8506999,,,
342,LShoulder,380.0943,153.13731,0.8573768,-0.102584586,-0.19426271,-0.13989922
342,RShoulder,386.2092,146.22534,0.7288127,-0.10169253,-0.21108204,0.029192453
342,LElbow,337.2898,173.87323,0.8977726,-0.21049784,-0.15922806,-0.21296842
342,RElbow,337.2898,160.04929,0.85407627,-0.21445088,-0.1710254,0.121072285
342,LWrist,294.48532,166.96126,0.61112875,-0.35469365,-0.17534673,-0.13985537
342,RWrist,306.71518,160.04929,0.61879015,-0.33076286,-0.1703697,0.16163906
342,LHip,410.6689,270.64084,0.7733017,-0.03448458,0.07582475,-0.07464779
342,RHip,404.554,270.64084,0.6939434,-0.04167787,0.06393473,0.071273424
342,LKnee,398.43906,353.5845,0.8591258,-0.059439838,0.28597185,-0.015764533
342,RKnee,398.43906,353.5845,0.86604226,-0.065112844,0.26549613,0.17197603
342,LAnkle,410.6689,443.44016,0.95714355,-0.032711945,0.49153402,0.032208025
342,RAnkle,404.554,415.79227,0.9282257,-0.046212226,0.4230865,0.2365046
342,Head,386.2092,84.0176,0.91594195,-0.099888116,-0.36856082,-0.085942276
342,Neck,380.0943,132.4014,0.9132185,-0.09826297,-0.24152146,-0.061642237
342,Hip,410.6689,270.64084,0.8782079,-0.03416924,0.07091053,-0.0019959828
342,LBigToe,373.97937,464.17606,0.82170534,,,
342,RBigToe,380.0943,422.70422,0.94807917,,,
342,LSmallToe,386.2092,464.17606,0.81533706,,,
342,RSmallToe,386.2092,415.79227,0.9336023,,,
342,LHeel,416.78384,450.3521,0.90335095,,,
342,RHeel,410.6689,422.70422,0.7172175,,,
343,Nose,352.16492,114.86006,0.94694775,,,
343,LEye,364.73563,108.00836,0.94258845,,,
343,REye,358.45026,108.00836,0.9483749,,,
343,LEar,383.5917,114.86006,0.97905934,,,
343,REar,377.30637,114.86006,0.8534991,,,
343,LShoulder,377.30637,155.97025,0.8222064,-0.108006574,-0.18665491,-0.14316499
343,RShoulder,377.30637,149.11855,0.73423636,-0.107162006,-0.20437588,0.025978528
343,LElbow,333.30884,176.52533,0.84995747,-0.22176681,-0.15288739,-0.2196127
343,RElbow,333.30884,162.82195,0.84675014,-0.22180602,-0.16628833,0.113280796
343,LWrist,295.59665,169.67363,0.5762837,-0.37116516,-0.16942367,-0.15157327
343,RWrist,308.1674,162.82195,0.61668915,-0.34380746,-0.16678141,0.14624523
343,LHip,415.01852,272.4491,0.7573931,-0.026960265,0.08037931,-0.07488536
343,RHip,408.73315,272.4491,0.6876528,-0.035620853,0.06703757,0.07134891
343,LKnee,396.16245,354.66946,0.89685094,-0.06463371,0.2871193,-0.019808672
343,RKnee,396.16245,354.66946,0.8589885,-0.06913908,0.26600936,0.17232615
343,LAnkle,408.73315,443.74152,0.9704661,-0.032734625,0.49199006,0.028980652
343,RAnkle,402.44778,416.33472,0.89545935,-0.046908636,0.42346153,0.23473734
343,Head,377.30637,87.45327,0.92209476,-0.10536845,-0.35947293,-0.08827297
343,Neck,377.30637,135.41515,0.9036317,-0.10433712,-0.23379534,-0.06433025
343,Hip,415.01852,272.4491,0.8591156,-0.026556917,0.075149596,-0.0019966916
343,LBigToe,377.30637,464.2966,0.8294718,,,
343,RBigToe,377.30637,423.18643,0.9667682,,,
343,LSmallToe,383.5917,464.2966,0.79715186,,,
343,RSmallToe,383.5917,416.33472,0.9144979,,,
343,LHeel,415.01852,450.5932,0.96061695,,,
343,RHeel,408.73315,423.18643,0.78779835,,,
344,Nose,354.4225,118.909035,0.9547486,,,
344,LEye,360.8668,112.133736,0.9753891,,,
344,REye,354.4225,112.133736,0.93812704,,,
344,LEar,380.1997,118.909035,0.9725438,,,
344,REar,380.1997,118.909035,0.8868497,,,
344,LShoulder,380.1997,159.56084,0.84822136,-0.113218196,-0.1770853,-0.14615518
344,RShoulder,380.1997,152.78554,0.727732,-0.113263994,-0.19520429,0.022244735
344,LElbow,328.6453,173.11145,0.79664165,-0.23361474,-0.14469352,-0.22498596
344,RElbow,328.6453,166.33614,0.8203465,-0.22954622,-0.15920292,0.10472881
344,LWrist,264.20224,179.88675,0.5999425,-0.38702306,-0.16011319,-0.15713894
344,RWrist,302.86807,166.33614,0.4381172,-0.35635668,-0.16072345,0.1306085
344,LHip,418.86554,274.74097,0.75356984,-0.019702006,0.08579101,-0.07485744
344,RHip,412.42123,274.74097,0.67720777,-0.030003244,0.07104887,0.07137088
344,LKnee,399.53262,356.0446,0.88970757,-0.06961843,0.2886338,-0.02447155
344,RKnee,399.53262,349.2693,0.8238636,-0.073711604,0.26670063,0.17232352
344,LAnkle,412.42123,444.1235,0.938717,-0.032753892,0.49245223,0.025182921
344,RAnkle,405.97693,417.02228,0.87852705,-0.047529627,0.42365512,0.23232618
344,Head,380.1997,91.80783,0.919686,-0.110594675,-0.34837916,-0.090931974
344,Neck,380.1997,139.23494,0.88484794,-0.110264,-0.22400539,-0.067575164
344,Hip,418.86554,274.74097,0.82718873,-0.019311806,0.08023919,-0.002035205
344,LBigToe,373.7554,464.4494,0.90440416,,,
344,RBigToe,380.1997,423.79758,1.0056977,,,
344,LSmallToe,380.1997,464.4494,0.83879924,,,
344,RSmallToe,380.1997,417.02228,0.90201354,,,
344,LHeel,418.86554,450.8988,0.934171,,,
344,RHeel,412.42123,423.79758,0.77623767,,,
345,Nose,349.09497,123.24934,0.9531499,,,
345,LEye,355.6517,116.55592,0.99186605,,,
345,REye,349.09497,116.55592,0.9252517,,,
345,LEar,375.32187,123.24934,0.9760859,,,
345,REar,375.32187,123.24934,0.8795066,,,
345,LShoulder,375.32187,163.40979,0.8549271,-0.11790615,-0.16545309,-0.14873299
345,RShoulder,375.32187,163.40979,0.7300519,-0.119882494,-0.183603,0.018203972
345,LElbow,316.31137,183.49002,0.80720097,-0.24378976,-0.13438088,-0.22880751
345,RElbow,322.8681,170.1032,0.7720543,-0.23741198,-0.14965285,0.09586524
345,LWrist,250.74419,176.7966,0.717011,-0.40179348,-0.14994213,-0.16633141
345,RWrist,257.3009,176.7966,0.36043054,-0.36784336,-0.15253711,0.115298115
345,LHip,414.66217,283.89114,0.7457946,-0.013068406,0.09198074,-0.074635215
345,RHip,414.66217,277.19772,0.64884984,-0.025135916,0.07600106,0.071235694
345,LKnee,394.99203,357.51865,0.8724608,-0.074278444,0.29067332,-0.029271757
345,RKnee,394.99203,350.82523,0.82503945,-0.07892382,0.2676735,0.1722258
345,LAnkle,408.10547,444.53296,0.91802853,-0.032799378,0.49279985,0.021031514
345,RAnkle,401.54874,417.7593,0.80890495,-0.048063893,0.42351165,0.22970818
345,Head,375.32187,96.4757,0.9403299,-0.115582325,-0.3351623,-0.09361832
345,Neck,375.32187,143.32956,0.9154292,-0.11587814,-0.21202922,-0.07072944
345,Hip,421.2189,277.19772,0.82777995,-0.013071764,0.086031675,-0.002062766
345,LBigToe,375.32187,464.6132,0.9289706,,,
345,RBigToe,381.87857,424.45273,0.9988397,,,
345,LSmallToe,381.87857,464.6132,0.88579863,,,
345,RSmallToe,381.87857,417.7593,0.9576889,,,
345,LHeel,414.66217,451.22638,0.9218969,,,
345,RHeel,408.10547,424.45273,0.73828334,,,
346,Nose,344.76016,128.73973,0.9527611,,,
346,LEye,351.42868,122.149925,0.9628052,,,
346,REye,351.42868,122.149925,0.92124414,,,
346,LEar,371.43423,128.73973,0.96178097,,,
346,REar,371.43423,128.73973,0.82532084,,,
346,LShoulder,371.43423,168.27864,0.8037616,-0.1214861,-0.15230557,-0.15126222
346,RShoulder,371.43423,168.27864,0.73899937,-0.12620527,-0.17030048,0.013711599
346,LElbow,318.08606,188.04808,0.7975779,-0.2518482,-0.12279175,-0.2304093
346,RElbow,318.08606,181.45827,0.7201667,-0.24470103,-0.13883351,0.08701601
346,LWrist,251.40085,181.45827,0.7793944,-0.41179565,-0.13807276,-0.1744556
346,RWrist,298.0805,174.86845,0.31382576,-0.37719953,-0.1430006,0.100464605
346,LHip,418.1139,280.3055,0.7265766,-0.0069637727,0.09848946,-0.07438679
346,RHip,418.1139,280.3055,0.6311196,-0.020695163,0.081568316,0.0709536
346,LKnee,391.43982,359.3833,0.90639955,-0.07875942,0.29295722,-0.03431661
346,RKnee,391.43982,352.7935,0.8167606,-0.084656395,0.26852044,0.17216785
346,LAnkle,411.44537,445.05093,0.90406424,-0.032733522,0.49307343,0.01643763
346,RAnkle,404.77686,418.69165,0.79014754,-0.048517432,0.42326662,0.22699192
346,Head,371.43423,102.38047,0.9209999,-0.12013933,-0.3204166,-0.09672225
346,Neck,371.43423,148.50919,0.8735854,-0.1206783,-0.19844835,-0.07435029
346,Hip,424.7824,280.3055,0.78876823,-0.007855444,0.09217861,-0.0020977517
346,LBigToe,371.43423,464.82037,0.90781194,,,
346,RBigToe,378.10275,425.28146,0.9646886,,,
346,LSmallToe,384.77127,464.82037,0.9115769,,,
346,RSmallToe,384.77127,418.69165,0.9637435,,,
346,LHeel,418.1139,451.64075,0.8878715,,,
346,RHeel,411.44537,425.28146,0.7014779,,,
347,Nose,347.24805,135.77684,0.97774994,,,
347,LEye,353.9908,129.31981,0.9699123,,,
347,REye,347.24805,129.31981,0.9418782,,,
347,LEar,374.21915,135.77684,0.94798046,,,
347,REar,374.21915,135.77684,0.879279,,,
347,LShoulder,374.21915,174.51909,0.842258,-0.12417853,-0.13782904,-0.15350977
347,RShoulder,374.21915,174.51909,0.75942343,-0.13208446,-0.15547575,0.0089598885
347,LElbow,320.27695,187.43317,0.8024434,-0.25809446,-0.10997762,-0.2309944
347,RElbow,313.53418,187.43317,0.73002917,-0.2511478,-0.12687968,0.07859626
347,LWrist,246.1064,187.43317,0.7360171,-0.4191005,-0.12392053,-0.18187548
347,RWrist,252.84917,187.43317,0.41906974,-0.38510934,-0.13031738,0.087094836
347,LHip,421.41858,284.2888,0.7551697,-0.0018170804,0.10592224,-0.07400114
347,RHip,414.6758,284.2888,0.6710731,-0.017241938,0.08800852,0.07067799
347,LKnee,394.44748,361.77325,0.8726371,-0.08300263,0.29575327,-0.039183907
347,RKnee,387.7047,355.31622,0.8466187,-0.09059277,0.26964304,0.17248675
347,LAnkle,407.93304,445.71478,0.93336165,-0.03284339,0.4933274,0.0119510945
347,RAnkle,401.19028,413.4296,0.73938715,-0.04914712,0.42312756,0.22436026
347,Head,374.21915,109.948685,0.92224586,-0.124238744,-0.30450648,-0.09954656
347,Neck,374.21915,155.14796,0.87128145,-0.1247147,-0.18332724,-0.078029566
347,Hip,421.41858,284.2888,0.80081874,-0.0043122657,0.09892975,-0.0020698805
347,LBigToe,374.21915,465.0859,0.87813896,,,
347,RBigToe,380.96194,426.3437,0.91312647,,,
347,LSmallToe,380.96194,465.0859,0.90179145,,,
347,RSmallToe,380.96194,419.88663,0.9331083,,,
347,LHeel,414.6758,452.17184,0.8695292,,,
347,RHeel,414.6758,426.3437,0.6567967,,,
348,Nose,341.6563,141.50972,0.9597238,,,
348,LEye,348.4832,135.16086,0.9504285,,,
348,REye,348.4832,135.16086,0.9531749,,,
348,LEar,368.96384,147.8586,0.9499585,,,
348,REar,368.96384,141.50972,0.8394621,,,
348,LShoulder,375.7907,185.95184,0.85289085,-0.12579197,-0.12251209,-0.15590847
348,RShoulder,368.96384,179.60297,0.71435755,-0.1368514,-0.14001462,0.0042792456
348,LElbow,314.34875,198.64958,0.80724895,-0.261818,-0.09592171,-0.23106492
348,RElbow,314.34875,192.3007,0.7536011,-0.2559775,-0.11497703,0.07141564
348,LWrist,246.07994,192.3007,0.8166801,-0.4227351,-0.10866447,-0.18826191
348,RWrist,252.90681,192.3007,0.4332682,-0.38993716,-0.11829923,0.07525729
348,LHip,423.57892,287.5338,0.77193654,0.0032527687,0.11367668,-0.07361593
348,RHip,416.752,287.5338,0.70644987,-0.014017129,0.0949408,0.07035334
348,LKnee,389.4445,357.3714,0.86526835,-0.08736054,0.2987468,-0.043904275
348,RKnee,382.6176,351.02255,0.86245936,-0.09667066,0.27073997,0.1729025
348,LAnkle,409.92514,446.25565,0.9597826,-0.032845385,0.49356404,0.0075599533
348,RAnkle,403.09827,414.51126,0.7946922,-0.04964268,0.42288196,0.22172096
348,Head,375.7907,116.114235,0.8994677,-0.1280799,-0.2879158,-0.10252743
348,Neck,368.96384,166.90521,0.88218904,-0.12771346,-0.1676005,-0.08165224
348,Hip,423.57892,287.5338,0.8193184,-0.0011716711,0.10607009,-0.0020989545
348,LBigToe,375.7907,465.30225,0.8651031,,,
348,RBigToe,382.6176,420.86014,0.8938792,,,
348,LSmallToe,382.6176,465.30225,0.9080105,,,
348,RSmallToe,382.6176,420.86014,0.9098159,,,
348,LHeel,416.752,452.60452,0.8757807,,,
348,RHeel,409.92514,420.86014,0.6704851,,,
349,Nose,339.7535,147.53305,0.9155031,,,
349,LEye,353.15793,147.53305,0.91390157,,,
349,REye,346.45572,141.29782,0.9219552,,,
349,LEar,373.26453,153.76828,0.94633013,,,
349,REar,366.56232,153.76828,0.74692166,,,
349,LShoulder,373.26453,191.17963,0.86392623,-0.12631124,-0.10735226,-0.15866971
349,RShoulder,366.56232,184.9444,0.6775323,-0.14054742,-0.1243729,-0.0005122281
349,LElbow,312.9447,203.65009,0.81429833,-0.26372302,-0.08145025,-0.23129833
349,RElbow,312.9447,197.41486,0.8203481,-0.25934088,-0.10300133,0.065308504
349,LWrist,245.92268,197.41486,0.8465619,-0.42360938,-0.0921748,-0.1928343
349,RWrist,252.62488,197.41486,0.6015397,-0.3921311,-0.10578936,0.06522297
349,LHip,426.88214,290.94324,0.7830473,0.008100594,0.121533364,-0.073158145
349,RHip,420.17993,290.94324,0.6931442,-0.010938515,0.102050975,0.0699364
349,LKnee,393.37112,359.53073,0.8676959,-0.09197225,0.30174556,-0.048618954
349,RKnee,379.96674,353.2955,0.8693671,-0.10261309,0.27165148,0.17344403
349,LAnkle,406.77554,446.82388,0.9496646,-0.0329187,0.4936671,0.00316565
349,RAnkle,400.07333,415.64774,0.78202266,-0.05016376,0.42259312,0.21901774
349,Head,366.56232,122.59215,0.93295383,-0.13169725,-0.27109063,-0.10571859
349,Neck,366.56232,172.47395,0.8803005,-0.12958527,-0.15201275,-0.08562926
349,Hip,426.88214,284.708,0.8208461,0.001641353,0.11330408,-0.0022427107
349,LBigToe,373.26453,465.52954,0.8908738,,,
349,RBigToe,379.96674,421.88297,0.84980416,,,
349,LSmallToe,379.96674,465.52954,0.8963125,,,
349,RSmallToe,386.6689,421.88297,0.86584747,,,
349,LHeel,413.47772,453.0591,0.88507426,,,
349,RHeel,406.77554,428.1182,0.64997274,,,
350,Nose,340.30408,155.22469,0.95422167,,,
350,LEye,347.11276,149.13458,0.9266793,,,
350,REye,347.11276,149.13458,0.9091638,,,
350,LEar,367.5388,161.31477,0.9459994,,,
350,REar,367.5388,161.31477,0.76187986,,,
350,LShoulder,374.34744,197.85538,0.8593227,-0.12606761,-0.0922641,-0.16130784
350,RShoulder,367.5388,191.76529,0.7163922,-0.1432624,-0.108535856,-0.0049623754
350,LElbow,313.0694,210.03558,0.82803833,-0.2646597,-0.06657499,-0.2312541
350,RElbow,313.0694,197.85538,0.84448785,-0.261686,-0.09075853,0.060306884
350,LWrist,251.79132,210.03558,0.8686328,-0.4232276,-0.0748575,-0.19594592
350,RWrist,258.6,203.94548,0.7437372,-0.39316407,-0.09238808,0.057051286
350,LHip,428.81683,295.297,0.7835439,0.012344576,0.12992975,-0.072667696
350,RHip,415.1995,295.297,0.70257443,-0.008243745,0.10965295,0.069572486
350,LKnee,387.96478,362.2881,0.8551734,-0.096884206,0.30478278,-0.05313357
350,RKnee,381.15613,356.198,0.86784536,-0.10815209,0.27263978,0.17442046
350,LAnkle,408.3908,447.5495,0.95898014,-0.033071905,0.49392846,-0.000949505
350,RAnkle,401.58215,417.099,0.80031204,-0.05073177,0.4225497,0.21666223
350,Head,367.5388,130.86427,0.9407423,-0.13475403,-0.25444016,-0.10856391
350,Neck,367.5388,179.58508,0.8940034,-0.13063687,-0.13664961,-0.08953095
350,Hip,428.81683,289.20688,0.8172739,0.0040443325,0.12105133,-0.0023258498
350,LBigToe,374.34744,465.8198,0.8818088,,,
350,RBigToe,381.15613,423.1891,0.88178843,,,
350,LSmallToe,381.15613,465.8198,0.88107073,,,
350,RSmallToe,381.15613,423.1891,0.8375251,,,
350,LHeel,415.1995,453.6396,0.89679176,,,
350,RHeel,408.3908,423.1891,0.68192756,,,
351,Nose,339.71268,161.47664,0.9445155,,,
351,LEye,346.57614,161.47664,0.9271252,,,
351,REye,346.57614,155.5045,0.9029296,,,
351,LEar,367.1666,167.44878,0.94371235,,,
351,REar,367.1666,167.44878,0.7572826,,,
351,LShoulder,374.03006,203.28162,0.8772649,-0.12521034,-0.07747944,-0.16370746
351,RShoulder,367.1666,197.30948,0.74010175,-0.14518563,-0.092781305,-0.009331083
351,LElbow,312.25876,215.22589,0.8294541,-0.26518962,-0.051466383,-0.23102711
351,RElbow,312.25876,203.28162,0.9124362,-0.26352757,-0.07765414,0.05584155
351,LWrist,250.48746,215.22589,0.8851056,-0.4232654,-0.057915263,-0.19899282
351,RWrist,257.35095,203.28162,0.7995284,-0.39384848,-0.07833016,0.049891233
351,LHip,428.93787,298.83585,0.79277045,0.016450267,0.13847403,-0.072101824
351,RHip,422.0744,298.83585,0.6980653,-0.0056371987,0.11753546,0.06917262
351,LKnee,387.75702,364.52936,0.81007993,-0.101730354,0.30762973,-0.057080932
351,RKnee,380.89352,352.58508,0.84426224,-0.11337854,0.273272,0.1756112
351,LAnkle,408.34744,448.1393,0.9664283,-0.033303652,0.49418524,-0.0047037536
351,RAnkle,401.48398,412.30646,0.8149515,-0.051385716,0.42258516,0.21466756
351,Head,367.1666,137.58809,0.94735694,-0.13728704,-0.2380531,-0.11109831
351,Neck,367.1666,185.36519,0.91197014,-0.13108018,-0.1216837,-0.09344308
351,Hip,428.93787,292.8637,0.82947326,0.0064631794,0.12901227,-0.002413051
351,LBigToe,374.03006,466.05573,0.8949612,,,
351,RBigToe,380.89352,424.25076,0.90627664,,,
351,LSmallToe,380.89352,466.05573,0.89377946,,,
351,RSmallToe,380.89352,418.27863,0.8270379,,,
351,LHeel,415.21094,454.11145,0.9021476,,,
351,RHeel,415.21094,418.27863,0.66105396,,,
352,Nose,338.64572,174.28482,0.93273914,,,
352,LEye,345.21063,168.44414,0.93560094,,,
352,REye,345.21063,162.60347,0.92552066,,,
352,LEar,371.47025,174.28482,0.9423414,,,
352,REar,364.90533,174.28482,0.73161024,,,
352,LShoulder,378.03516,209.32887,0.86675435,-0.12403959,-0.06262815,-0.16575877
352,RShoulder,364.90533,203.4882,0.7676151,-0.14645842,-0.07702136,-0.013254043
352,LElbow,312.38608,221.01024,0.7771641,-0.26552144,-0.036005273,-0.23063216
352,RElbow,312.38608,209.32887,0.86780006,-0.2648939,-0.06409702,0.051952396
352,LWrist,253.3019,221.01024,0.8860513,-0.42336416,-0.04085315,-0.20128739
352,RWrist,266.4317,209.32887,0.70437735,-0.39427203,-0.063259944,0.04362773
352,LHip,430.55444,302.7797,0.76088864,0.020548603,0.14758472,-0.071544185
352,RHip,417.42462,302.7797,0.69139904,-0.0027489776,0.12566696,0.06870148
352,LKnee,384.60007,367.02716,0.80938125,-0.106734395,0.31032875,-0.060804553
352,RKnee,378.03516,355.3458,0.89650303,-0.118058644,0.2734959,0.17706947
352,LAnkle,410.8597,448.79663,0.94367486,-0.033526942,0.49450317,-0.008403685
352,RAnkle,404.2948,413.75256,0.77779406,-0.05194422,0.42247778,0.2127789
352,Head,364.90533,145.08144,0.92129904,-0.13938892,-0.22156025,-0.113146536
352,Neck,371.47025,191.80685,0.92607707,-0.13117221,-0.1065077,-0.097077824
352,Hip,430.55444,296.93903,0.8011691,0.009336776,0.13748549,-0.0024765588
352,LBigToe,371.47025,466.31863,0.85762507,,,
352,RBigToe,378.03516,425.4339,1.0077528,,,
352,LSmallToe,384.60007,466.31863,0.8464565,,,
352,RSmallToe,378.03516,419.59323,0.9149024,,,
352,LHeel,417.42462,454.6373,0.90915084,,,
352,RHeel,417.42462,419.59323,0.67541033,,,
353,Nose,338.63638,180.45868,0.9480292,,,
353,LEye,345.22018,174.73672,0.95557624,,,
353,REye,345.22018,174.73672,0.93105704,,,
353,LEar,371.55527,180.45868,0.9300437,,,
353,REar,364.9715,180.45868,0.7244724,,,
353,LShoulder,378.13904,214.79037,0.8728011,-0.12262946,-0.047799774,-0.1673401
353,RShoulder,364.9715,209.06842,0.73959744,-0.1472455,-0.061293688,-0.016705474
353,LElbow,312.3013,231.9562,0.8066039,-0.26545882,-0.020033028,-0.22989455
353,RElbow,312.3013,214.79037,0.86505806,-0.26578155,-0.05009733,0.048697606
353,LWrist,246.46353,231.9562,0.88908654,-0.42354202,-0.023269912,-0.20224267
353,RWrist,259.63107,220.51231,0.76386034,-0.3942211,-0.04766754,0.039414275
353,LHip,430.80927,306.34155,0.74602175,0.024738787,0.1570419,-0.07096232
353,RHip,417.6417,300.6196,0.6713552,0.00027840934,0.13406964,0.06817285
353,LKnee,384.72284,369.283,0.75947565,-0.11167544,0.31286553,-0.06444161
353,RKnee,378.13904,357.83908,0.89030385,-0.12228918,0.27334583,0.17841531
353,LAnkle,411.05792,449.39026,0.9482175,-0.033813745,0.49479464,-0.011920261
353,RAnkle,397.89038,415.05856,0.7957378,-0.052535757,0.42237762,0.2110829
353,Head,364.9715,151.84894,0.940124,-0.14100155,-0.20499787,-0.114728965
353,Neck,371.55527,197.62453,0.91641045,-0.13105994,-0.091374815,-0.10027743
353,Hip,430.80927,300.6196,0.8024212,0.0122784255,0.14631617,-0.0025335064
353,LBigToe,371.55527,466.5561,0.8724614,,,
353,RBigToe,378.13904,426.50247,0.9703477,,,
353,LSmallToe,384.72284,466.5561,0.86572504,,,
353,RSmallToe,378.13904,420.78052,0.8971438,,,
353,LHeel,417.6417,455.1122,0.9091424,,,
353,RHeel,411.05792,420.78052,0.6593417,,,
354,Nose,338.08817,185.47414,0.9217869,,,
354,LEye,344.71014,179.84865,0.91138184,,,
354,REye,344.71014,179.84865,0.9298927,,,
354,LEar,364.57605,191.09964,0.9472932,,,
354,REar,364.57605,191.09964,0.7560645,,,
354,LShoulder,377.81998,219.22713,0.8755348,-0.12114793,-0.03246708,-0.16842315
354,RShoulder,357.95407,219.22713,0.7887065,-0.14763802,-0.04524122,-0.019621685
354,LElbow,318.22226,236.10362,0.75644594,-0.2653286,-0.004087437,-0.22874358
354,RElbow,311.60028,224.85262,0.86386436,-0.26629776,-0.035510838,0.04586707
354,LWrist,245.38058,236.10362,0.9072956,-0.42364803,-0.006510636,-0.20400253
354,RWrist,258.62454,224.85262,0.82538486,-0.39387232,-0.032619294,0.035840843
354,LHip,430.79572,314.86057,0.7367642,0.029081864,0.16716251,-0.07028825
354,RHip,417.5518,309.23508,0.6804953,0.0034563218,0.14317949,0.06762121
354,LKnee,377.81998,365.49005,0.7206773,-0.11659206,0.31523657,-0.068349734
354,RKnee,371.198,359.86456,0.8560708,-0.12616584,0.27254677,0.1801194
354,LAnkle,410.9298,449.87253,0.9478018,-0.03412506,0.4949861,-0.015088545
354,RAnkle,397.68588,416.11954,0.82963073,-0.053102426,0.42235604,0.20970477
354,Head,364.57605,157.34665,0.95493525,-0.142296,-0.1878464,-0.115814276
354,Neck,371.198,207.97614,0.94866925,-0.13073172,-0.075709105,-0.10294562
354,Hip,430.79572,303.6096,0.7857526,0.015710926,0.15584432,-0.0026021337
354,LBigToe,371.198,466.749,0.87767124,,,
354,RBigToe,377.81998,427.3705,0.92055386,,,
354,LSmallToe,384.44196,466.749,0.88088894,,,
354,RSmallToe,377.81998,421.74503,0.8823737,,,
354,LHeel,417.5518,455.49802,0.8986097,,,
354,RHeel,410.9298,416.11954,0.68531156,,,
355,Nose,338.81128,197.03653,0.93926084,,,
355,LEye,345.3965,191.52744,0.9294824,,,
355,REye,338.81128,186.01836,0.92090404,,,
355,LEar,365.15225,197.03653,0.94224244,,,
355,REar,365.15225,197.03653,0.76841426,,,
355,LShoulder,378.32272,224.58197,0.8633727,-0.11979907,-0.017242048,-0.1691299
355,RShoulder,365.15225,224.58197,0.795069,-0.1473563,-0.02958398,-0.021825375
355,LElbow,319.05554,241.10922,0.7149543,-0.26513824,0.011860516,-0.2270619
355,RElbow,312.4703,230.09105,0.855222,-0.26660362,-0.02163166,0.04351441
355,LWrist,246.61787,241.10922,0.8884063,-0.42343998,0.009783529,-0.20616534
355,RWrist,259.78836,230.09105,0.83838093,-0.39325184,-0.018212339,0.03314118
355,LHip,437.5899,318.23645,0.744051,0.03404627,0.17721368,-0.06947358
355,RHip,417.8342,312.72736,0.6552776,0.007519734,0.15219586,0.06696544
355,LKnee,378.32272,367.81824,0.7946127,-0.121111274,0.3172672,-0.07225671
355,RKnee,371.7375,356.80008,0.8370275,-0.12956597,0.27075866,0.18214335
355,LAnkle,411.24893,444.94547,0.9493703,-0.034432895,0.4949039,-0.01802738
355,RAnkle,398.07846,417.40002,0.8296301,-0.053478997,0.42252472,0.20814146
355,Head,365.15225,163.982,0.9586944,-0.1433184,-0.17092423,-0.11660202
355,Neck,371.7375,213.56378,0.96235824,-0.13028228,-0.060123634,-0.10533867
355,Hip,437.5899,307.2183,0.7771707,0.020117002,0.16541217,-0.00269241
355,LBigToe,371.7375,466.9818,0.8617724,,,
355,RBigToe,378.32272,428.4182,0.8991754,,,
355,LSmallToe,384.90796,466.9818,0.88632363,,,
355,RSmallToe,378.32272,422.90912,0.8321115,,,
355,LHeel,417.8342,455.96365,0.89830023,,,
355,RHeel,417.8342,417.40002,0.71629214,,,
356,Nose,342.51913,203.97568,0.923036,,,
356,LEye,348.93564,198.60266,0.92711186,,,
356,REye,342.51913,193.22963,0.94122666,,,
356,LEar,368.18518,203.97568,0.9381482,,,
356,REar,368.18518,203.97568,0.6506783,,,
356,LShoulder,381.0182,236.21384,0.87829846,-0.11860187,-0.0022013467,-0.16963819
356,RShoulder,361.76868,230.8408,0.82246184,-0.14727172,-0.014249513,-0.023758838
356,LElbow,310.43658,246.95988,0.7184503,-0.26497117,0.027897138,-0.22539829
356,RElbow,316.8531,230.8408,0.9088341,-0.26669264,-0.008224738,0.041614577
356,LWrist,252.688,246.95988,0.86480474,-0.423227,0.02581495,-0.20873551
356,RWrist,259.10452,236.21384,0.8886924,-0.3924405,-0.0044492856,0.03115132
356,LHip,438.76678,322.18225,0.7306989,0.0383214,0.18728893,-0.06864315
356,RHip,419.51724,311.4362,0.647359,0.010951541,0.16127594,0.06630657
356,LKnee,374.60168,370.5395,0.9012863,-0.12525274,0.31930068,-0.07653959
356,RKnee,374.60168,349.0474,0.7665274,-0.13257262,0.26848266,0.1841414
356,LAnkle,406.68423,445.76184,0.9492418,-0.034877315,0.4949601,-0.020602565
356,RAnkle,400.26773,413.52368,0.81557995,-0.053887215,0.42303714,0.20691538
356,Head,361.76868,171.73752,0.97005105,-0.14421198,-0.15405779,-0.11706579
356,Neck,368.18518,220.09476,0.9866697,-0.1298758,-0.044734035,-0.10736375
356,Hip,438.76678,311.4362,0.79648983,0.02379345,0.17504425,-0.0026261297
356,LBigToe,374.60168,461.88092,0.82758474,,,
356,RBigToe,374.60168,424.26974,0.91779035,,,
356,LSmallToe,381.0182,467.25394,0.8431092,,,
356,RSmallToe,381.0182,418.89673,0.7971634,,,
356,LHeel,419.51724,456.5079,0.863496,,,
356,RHeel,413.10074,418.89673,0.72598773,,,
357,Nose,336.56046,210.0495,0.9181725,,,
357,LEye,343.2316,204.79556,0.9231556,,,
357,REye,343.2316,204.79556,0.91118324,,,
357,LEar,369.91608,210.0495,0.9150777,,,
357,REar,363.24496,210.0495,0.68223804,,,
357,LShoulder,383.2583,241.57307,0.8505143,-0.11737655,0.012708485,-0.17004405
357,RShoulder,369.91608,236.31915,0.74896157,-0.14705324,0.0010288171,-0.025678894
357,LElbow,309.87598,257.33487,0.77874786,-0.2646039,0.044291217,-0.2240296
357,RElbow,316.54712,241.57307,0.95094645,-0.26622123,0.0056812055,0.039916337
357,LWrist,243.16476,257.33487,0.84909636,-0.423387,0.042442467,-0.21006492
357,RWrist,263.17813,241.57307,0.89153767,-0.39122725,0.009158514,0.029660542
357,LHip,436.6273,330.88992,0.72776824,0.041942827,0.19777946,-0.06784198
357,RHip,423.28503,315.1281,0.65845114,0.013740892,0.17107652,0.065665945
357,LKnee,376.5872,372.92136,0.8108737,-0.12885116,0.32150808,-0.08057186
357,RKnee,376.5872,346.6517,0.8138136,-0.13519828,0.26626155,0.18600853
357,LAnkle,409.9428,446.4764,0.96023446,-0.035234876,0.4952077,-0.023031885
357,RAnkle,396.60056,414.95282,0.8842736,-0.05406227,0.42357385,0.20628095
357,Head,363.24496,178.52591,0.9620025,-0.14485559,-0.1374375,-0.11759289
357,Neck,369.91608,225.81128,0.9391669,-0.12930322,-0.029405491,-0.10921637
357,Hip,436.6273,320.38205,0.7829507,0.026987066,0.18526901,-0.0024394759
357,LBigToe,376.5872,462.23822,0.86530983,,,
357,RBigToe,376.5872,425.4607,0.9047196,,,
357,LSmallToe,383.2583,467.49213,0.87925375,,,
357,RSmallToe,376.5872,420.20676,0.7615654,,,
357,LHeel,416.61392,451.73035,0.8952426,,,
357,RHeel,416.61392,420.20676,0.7571621,,,
358,Nose,337.33832,215.60397,0.91653466,,,
358,LEye,343.90982,210.45895,0.9288362,,,
358,REye,337.33832,210.45895,0.9086502,,,
358,LEar,370.1959,215.60397,0.913343,,,
358,REar,363.62436,215.60397,0.71262026,,,
358,LShoulder,376.7674,246.47409,0.85593843,-0.11589971,0.026875868,-0.17078793
358,RShoulder,370.1959,241.32907,0.77077556,-0.14677319,0.015197154,-0.027844606
358,LElbow,304.48074,267.05417,0.87616307,-0.26380914,0.060284477,-0.22366948
358,RElbow,317.62375,246.47409,0.9513116,-0.26562947,0.018966887,0.038238693
358,LWrist,245.33708,261.90915,0.91423637,-0.42281055,0.058339175,-0.21233687
358,RWrist,265.05164,246.47409,0.9034885,-0.38983685,0.022516076,0.028522905
358,LHip,442.48254,328.7944,0.72966933,0.045719743,0.20720191,-0.06695707
358,RHip,422.768,318.50436,0.6754085,0.01655213,0.17959952,0.06496252
358,LKnee,370.1959,375.0996,0.8365041,-0.13200863,0.32311147,-0.08577904
358,RKnee,376.7674,349.3745,0.80075765,-0.13672808,0.26426306,0.18718451
358,LAnkle,409.62497,447.12988,0.9732368,-0.035584524,0.4952728,-0.025356244
358,RAnkle,396.48193,416.25977,0.8620385,-0.054004773,0.4240751,0.20512286
358,Head,363.62436,184.73386,0.9540008,-0.14550164,-0.1216127,-0.11849328
358,Neck,370.1959,236.18405,0.9334258,-0.12861454,-0.0150532015,-0.111140944
358,Hip,442.48254,318.50436,0.7728185,0.030507246,0.19419673,-0.0025172897
358,LBigToe,376.7674,462.56494,0.8673226,,,
358,RBigToe,376.7674,426.5498,0.8686944,,,
358,LSmallToe,383.33893,467.70996,0.85881853,,,
358,RSmallToe,376.7674,421.4048,0.7403348,,,
358,LHeel,416.1965,452.2749,0.9156919,,,
358,RHeel,416.1965,416.25977,0.75952876,,,
359,Nose,337.47632,221.02695,0.9214313,,,
359,LEye,350.07404,215.98827,0.91009897,,,
359,REye,343.77518,215.98827,0.9302363,,,
359,LEar,368.97058,221.02695,0.94693,,,
359,REar,362.67172,221.02695,0.7175779,,,
359,LShoulder,381.56827,251.25906,0.8675226,-0.11443819,0.040015455,-0.17122589
359,RShoulder,362.67172,251.25906,0.7970463,-0.14623697,0.028065637,-0.029487858
359,LElbow,299.68323,271.41382,0.86941177,-0.26321447,0.074821666,-0.2225111
359,RElbow,312.2809,251.25906,0.89328974,-0.2648365,0.031401213,0.03731276
359,LWrist,242.99359,271.41382,0.8640255,-0.4223862,0.07338193,-0.21366233
359,RWrist,261.89014,251.25906,0.9255988,-0.38839155,0.035269104,0.028626928
359,LHip,444.55676,336.91675,0.70225537,0.048217382,0.21671985,-0.06630855
359,RHip,425.66022,321.8007,0.65307343,0.018428124,0.18877396,0.06443274
359,LKnee,375.2694,372.18756,0.86487544,-0.13428196,0.3254036,-0.08989866
359,RKnee,375.2694,346.99414,0.8886936,-0.13834748,0.2628811,0.1881926
359,LAnkle,406.76367,447.76788,0.9277444,-0.036030434,0.49536464,-0.02761132
359,RAnkle,400.4648,417.53577,0.83650243,-0.05354135,0.42501774,0.20395026
359,Head,362.67172,195.83351,0.9595856,-0.14619577,-0.106793314,-0.11919421
359,Neck,368.97058,241.1817,0.9777872,-0.12790075,-0.0016793683,-0.11283312
359,Hip,444.55676,326.8394,0.7740992,0.033015434,0.20349106,-0.0023218652
359,LBigToe,375.2694,462.88394,0.81005925,,,
359,RBigToe,375.2694,427.61313,0.8594483,,,
359,LSmallToe,381.56827,467.92264,0.8323145,,,
359,RSmallToe,375.2694,422.57443,0.73487735,,,
359,LHeel,419.36136,452.80655,0.88217914,,,
359,RHeel,419.36136,422.57443,0.7781047,,,
360,Nose,341.1194,230.67441,0.914509,,,
360,LEye,347.61377,225.72789,0.9414436,,,
360,REye,341.1194,220.78137,0.9473688,,,
360,LEar,367.0969,225.72789,0.9154958,,,
360,REar,367.0969,225.72789,0.6671124,,,
360,LShoulder,380.08566,260.3535,0.85310894,-0.112930305,0.051709805,-0.17195249
360,RShoulder,360.6025,255.40697,0.79690665,-0.1457544,0.039577898,-0.031716675
360,LElbow,308.64746,275.19302,0.864685,-0.2622702,0.088706076,-0.2205536
360,RElbow,315.14185,255.40697,0.9026341,-0.2638157,0.04315992,0.036071774
360,LWrist,237.20923,275.19302,0.855568,-0.42208755,0.08766694,-0.2151721
360,RWrist,263.18677,255.40697,0.8987746,-0.38679036,0.04782095,0.028561773
360,LHip,445.0295,339.49765,0.6932984,0.04984852,0.22505283,-0.065766454
360,RHip,425.54636,329.60464,0.6367052,0.018990686,0.19685501,0.063876614
360,LKnee,373.59128,374.12326,0.9036664,-0.13612798,0.32752708,-0.09414315
360,RKnee,373.59128,344.44418,0.8685088,-0.13964778,0.26212677,0.18852516
360,LAnkle,406.0632,448.32092,0.90798724,-0.036386818,0.49543467,-0.029526582
360,RAnkle,399.56882,413.69534,0.85116357,-0.05291995,0.4258426,0.20265219
360,Head,360.6025,200.99533,0.9586719,-0.14692806,-0.093471706,-0.12039745
360,Neck,373.59128,245.51393,0.9668692,-0.12723419,0.01033169,-0.11497872
360,Hip,445.0295,329.60464,0.7445739,0.033926938,0.211578,-0.0023266582
360,LBigToe,373.59128,463.16046,0.8571912,,,
360,RBigToe,373.59128,423.58838,0.816002,,,
360,LSmallToe,386.58005,468.10696,0.84514946,,,
360,RSmallToe,380.08566,423.58838,0.68958753,,,
360,LHeel,419.05197,453.26743,0.8883863,,,
360,RHeel,419.05197,418.64185,0.86056197,,,
361,Nose,341.8722,234.42146,0.907553,,,
361,LEye,348.42294,229.5499,0.9283733,,,
361,REye,341.8722,229.5499,0.9319493,,,
361,LEar,368.07516,229.5499,0.8987337,,,
361,REar,361.5244,229.5499,0.64876235,,,
361,LShoulder,381.17664,263.65088,0.8745741,-0.111575425,0.061899748,-0.1729104
361,RShoulder,361.5244,258.77933,0.8721489,-0.14541319,0.04952773,-0.033699393
361,LElbow,309.1185,283.13718,0.8221354,-0.26094037,0.1018894,-0.219675
361,RElbow,315.66922,263.65088,0.88201946,-0.26274297,0.053973984,0.035365064
361,LWrist,243.6111,283.13718,0.8488206,-0.4205607,0.10131279,-0.21577731
361,RWrist,263.2633,263.65088,0.8822489,-0.38506806,0.060033094,0.029180681
361,LHip,446.68402,341.596,0.72805417,0.050353806,0.23240499,-0.065415606
361,RHip,420.48108,331.85287,0.66069776,0.0182108,0.20404886,0.06347544
361,LKnee,374.6259,375.69702,0.87565666,-0.13751069,0.32969525,-0.09788409
361,RKnee,374.6259,346.4676,0.8733034,-0.14044349,0.2623324,0.18872914
361,LAnkle,407.37958,448.77057,0.9220098,-0.03664498,0.49557236,-0.031235656
361,RAnkle,400.82886,414.6696,0.8244349,-0.052147374,0.42672464,0.20122427
361,Head,361.5244,205.19203,0.9740242,-0.14769733,-0.081936985,-0.12178713
361,Neck,374.6259,249.03618,0.95220387,-0.1268789,0.0205675,-0.11715124
361,Hip,440.1333,331.85287,0.7788162,0.033072446,0.21871565,-0.002363187
361,LBigToe,368.07516,458.5137,0.82373303,,,
361,RBigToe,374.6259,424.41272,0.8256904,,,
361,LSmallToe,381.17664,468.25687,0.8406793,,,
361,RSmallToe,381.17664,424.41272,0.66860914,,,
361,LHeel,420.48108,453.64215,0.89622307,,,
361,RHeel,420.48108,419.54114,0.8659772,,,
362,Nose,336.9579,238.89853,0.9088691,,,
362,LEye,343.44925,234.1165,0.9008527,,,
362,REye,343.44925,234.1165,0.90507996,,,
362,LEar,369.41464,238.89853,0.8856433,,,
362,REar,362.92328,234.1165,0.6390599,,,
362,LShoulder,382.39734,267.5907,0.8843797,-0.11025364,0.070822775,-0.17384955
362,RShoulder,362.92328,262.8087,0.9046972,-0.14509632,0.058142673,-0.035410494
362,LElbow,317.48383,286.71884,0.8367671,-0.2592362,0.11362605,-0.21919373
362,RElbow,317.48383,267.5907,0.92961895,-0.26169312,0.06357971,0.034688815
362,LWrist,246.07896,286.71884,0.8666057,-0.41889566,0.11379586,-0.2170763
362,RWrist,265.553,267.5907,0.89339894,-0.3834647,0.07129544,0.029694246
362,LHip,447.31085,344.10318,0.74011517,0.05092753,0.2387688,-0.06508681
362,RHip,421.34546,334.53912,0.6732265,0.017486062,0.2102432,0.06311192
362,LKnee,369.41464,377.5774,0.8047832,-0.1386058,0.33144727,-0.10166133
362,RKnee,369.41464,348.88522,0.8517701,-0.14113352,0.26291484,0.18855695
362,LAnkle,408.36276,449.30783,0.9185563,-0.036860526,0.49558184,-0.03274937
362,RAnkle,401.8714,415.83362,0.87411255,-0.051331315,0.42743742,0.199718
362,Head,362.92328,210.20636,0.9696103,-0.14863136,-0.07186961,-0.12318625
362,Neck,369.41464,253.24463,0.92904776,-0.12663123,0.029377397,-0.11918286
362,Hip,440.81952,334.53912,0.7974959,0.03261877,0.224792,-0.0024238017
362,LBigToe,369.41464,458.8719,0.8800528,,,
362,RBigToe,375.906,425.39767,0.8665322,,,
362,LSmallToe,382.39734,468.43594,0.83723754,,,
362,RSmallToe,375.906,420.61566,0.66257346,,,
362,LHeel,421.34546,454.08984,0.89063966,,,
362,RHeel,421.34546,420.61566,0.8731344,,,
363,Nose,335.75095,242.1427,0.8938917,,,
363,LEye,348.89453,237.42555,0.90965366,,,
363,REye,342.32272,237.42555,0.9224219,,,
363,LEar,368.60986,237.42555,0.8822742,,,
363,REar,362.0381,237.42555,0.6430712,,,
363,LShoulder,381.75342,270.4456,0.882211,-0.10918113,0.07827234,-0.17483486
363,RShoulder,362.0381,265.72842,0.8713913,-0.14481308,0.06518926,-0.036987476
363,LElbow,322.6074,289.31415,0.82414615,-0.25773537,0.12401374,-0.21883714
363,RElbow,316.0356,270.4456,0.9217104,-0.26065636,0.07174426,0.033953816
363,LWrist,250.31778,294.0313,0.8789805,-0.41740707,0.12553826,-0.21826723
363,RWrist,263.46133,270.4456,0.86005527,-0.3819801,0.08164619,0.030340387
363,LHip,447.47125,345.91992,0.7324239,0.051225603,0.24412437,-0.06485339
363,RHip,421.1841,336.48563,0.6803987,0.016600257,0.21557087,0.06277354
363,LKnee,375.18164,378.93994,0.79486126,-0.13914955,0.33299896,-0.10447936
363,RKnee,368.60986,350.63705,0.83066416,-0.14145799,0.2636607,0.18852085
363,LAnkle,408.04056,449.6971,0.91861933,-0.037065677,0.49551377,-0.033950195
363,RAnkle,401.46878,416.6771,0.84401107,-0.050501883,0.42797568,0.19830808
363,Head,362.0381,213.83983,0.95614624,-0.14960048,-0.06336996,-0.12469231
363,Neck,375.18164,256.29413,0.9452325,-0.12633668,0.036731236,-0.12091101
363,Hip,440.89948,336.48563,0.7991843,0.032071456,0.2299126,-0.0024937724
363,LBigToe,368.60986,459.1314,0.8688196,,,
363,RBigToe,375.18164,426.1114,0.8430314,,,
363,LSmallToe,381.75342,468.5657,0.8425171,,,
363,RSmallToe,381.75342,421.39426,0.6609455,,,
363,LHeel,421.1841,454.41428,0.89890456,,,
363,RHeel,421.1841,421.39426,0.87870187,,,
364,Nose,340.11914,244.99335,0.8888206,,,
364,LEye,346.81723,240.3332,0.9252298,,,
364,REye,340.11914,240.3332,0.9601815,,,
364,LEar,366.91147,244.99335,0.8962945,,,
364,REar,366.91147,240.3332,0.6269441,,,
364,LShoulder,387.0057,272.95413,0.8738906,-0.10851398,0.084579796,-0.17585301
364,RShoulder,360.21338,268.294,0.9004993,-0.14469054,0.07096033,-0.038450506
364,LElbow,313.32684,296.2548,0.85160017,-0.25697887,0.13329796,-0.2182521
364,RElbow,313.32684,272.95413,0.8991651,-0.2597378,0.07855342,0.033268057
364,LWrist,246.34604,296.2548,0.88477176,-0.41733435,0.13549988,-0.21950248
364,RWrist,266.44028,277.6143,0.86475736,-0.38044935,0.09129815,0.030994223
364,LHip,447.28842,347.51627,0.73762435,0.05129645,0.24854259,-0.06462793
364,RHip,420.4961,338.196,0.666787,0.0157692,0.21992476,0.062418126
364,LKnee,373.60956,380.1372,0.8690069,-0.13978235,0.3343399,-0.107297204
364,RKnee,373.60956,347.51627,0.7832928,-0.14145906,0.26451108,0.18856268
364,LAnkle,407.09995,450.0392,0.9250116,-0.037235305,0.4953865,-0.03496778
364,RAnkle,407.09995,417.41827,0.85511035,-0.049657155,0.4283277,0.19683981
364,Head,360.21338,217.03255,0.9610037,-0.15066095,-0.056268793,-0.12618767
364,Neck,373.60956,258.97375,0.95475465,-0.12627964,0.042861227,-0.12252813
364,Hip,440.59033,338.196,0.79319394,0.03151377,0.23408256,-0.0025593068
364,LBigToe,373.60956,459.35947,0.86823404,,,
364,RBigToe,373.60956,426.73853,0.82899547,,,
364,LSmallToe,387.0057,468.67975,0.82711947,,,
364,RSmallToe,380.30762,422.0784,0.6252165,,,
364,LHeel,420.4961,454.69934,0.88850605,,,
364,RHeel,420.4961,422.0784,0.9281382,,,
365,Nose,335.20764,247.49336,0.92021316,,,
365,LEye,342.14145,242.88322,0.9356257,,,
365,REye,335.20764,242.88322,0.9284591,,,
365,LEar,369.8766,247.49336,0.8871312,,,
365,REar,369.8766,242.88322,0.6527514,,,
365,LShoulder,383.74414,275.15414,0.9001963,-0.1079381,0.08943479,-0.17651331
365,RShoulder,362.9428,270.54404,0.8905713,-0.14456134,0.07537979,-0.039275788
365,LElbow,314.4063,298.20483,0.8055849,-0.2560292,0.14063573,-0.21783444
365,RElbow,314.4063,275.15414,0.8956568,-0.2588641,0.084086955,0.032896023
365,LWrist,238.13464,302.81494,0.8802696,-0.41716453,0.1442508,-0.22085917
365,RWrist,265.86978,279.76428,0.89289725,-0.37918195,0.09897308,0.031590767
365,LHip,446.14822,348.9163,0.767574,0.05130957,0.25203612,-0.0645087
365,RHip,418.4131,339.696,0.7159174,0.01497793,0.22343163,0.06219492
365,LKnee,369.8766,381.18723,0.78499526,-0.14019349,0.33538377,-0.10954925
365,RKnee,369.8766,353.52643,0.7405124,-0.14147869,0.2654961,0.18824296
365,LAnkle,404.5455,450.3392,0.90362877,-0.037300885,0.49524662,-0.035879526
365,RAnkle,404.5455,418.06827,0.8944206,-0.049113356,0.4288038,0.19560435
365,Head,356.009,219.83257,0.91974574,-0.15171331,-0.05067849,-0.12723619
365,Neck,369.8766,261.32376,0.9733833,-0.12634572,0.047714483,-0.12369836
365,Hip,439.21445,339.696,0.8032287,0.031025356,0.23741977,-0.002593479
365,LBigToe,369.8766,459.55948,0.8805826,,,
365,RBigToe,376.81036,427.28854,0.88777983,,,
365,LSmallToe,383.74414,468.77972,0.8681132,,,
365,RSmallToe,376.81036,418.06827,0.6853731,,,
365,LHeel,418.4131,454.94934,0.9017009,,,
365,RHeel,418.4131,422.6784,0.9626361,,,
366,Nose,336.21848,249.25183,0.9195311,,,
366,LEye,343.11414,244.67686,0.9415115,,,
366,REye,336.21848,244.67686,0.9397677,,,
366,LEar,363.80115,249.25183,0.89019716,,,
366,REar,363.80115,244.67686,0.66064394,,,
366,LShoulder,384.4882,276.7016,0.8822903,-0.10742922,0.09319425,-0.17692986
366,RShoulder,363.80115,272.12665,0.8797757,-0.14433095,0.07871415,-0.03980489
366,LElbow,315.53146,299.57642,0.8424052,-0.2548588,0.14660989,-0.21752693
366,RElbow,315.53146,276.7016,0.87476075,-0.25796366,0.08836308,0.032645933
366,LWrist,246.57475,304.1514,0.8763944,-0.41600886,0.15129945,-0.22187065
366,RWrist,267.26175,281.27658,0.9018767,-0.37795022,0.105209455,0.0321557
366,LHip,446.54922,349.90103,0.7431357,0.05158254,0.2547095,-0.06442786
366,RHip,418.96652,340.7511,0.6933506,0.014569088,0.2261723,0.062017664
366,LKnee,370.69684,377.3508,0.81445116,-0.14034697,0.33618793,-0.11116646
366,RKnee,370.69684,349.90103,0.76864374,-0.14139396,0.26613513,0.18803939
366,LAnkle,405.1752,445.97525,0.92564434,-0.03725014,0.4951361,-0.036489405
366,RAnkle,405.1752,418.52548,0.8765962,-0.048616216,0.42906675,0.19452815
366,Head,356.9055,221.80205,0.9214819,-0.15232024,-0.046583366,-0.1280945
366,Neck,370.69684,262.9767,0.9711756,-0.12629654,0.051374372,-0.12446954
366,Hip,439.65353,340.7511,0.8026248,0.030950682,0.23994784,-0.0026217245
366,LBigToe,370.69684,459.70013,0.8869935,,,
366,RBigToe,377.5925,423.10043,0.88689077,,,
366,LSmallToe,384.4882,468.85007,0.8345662,,,
366,RSmallToe,377.5925,418.52548,0.70171773,,,
366,LHeel,418.96652,455.12518,0.8859055,,,
366,RHeel,418.96652,423.10043,0.9547154,,,
367,Nose,336.721,250.10847,0.913938,,,
367,LEye,343.59027,245.55064,0.93845713,,,
367,REye,336.721,245.55064,0.9485295,,,
367,LEar,364.198,250.10847,0.89172244,,,
367,REar,364.198,245.55064,0.64727134,,,
367,LShoulder,384.80576,277.45547,0.8971323,-0.107137606,0.09563938,-0.17722112
367,RShoulder,364.198,272.89764,0.8993144,-0.14418939,0.08078617,-0.040105328
367,LElbow,316.11328,304.80246,0.8384833,-0.2542096,0.15111908,-0.21715671
367,RElbow,316.11328,277.45547,0.87552303,-0.25725076,0.0912386,0.032484297
367,LWrist,240.55153,304.80246,0.87167424,-0.41589096,0.15659294,-0.22318634
367,RWrist,268.02853,282.0133,0.91194695,-0.3769672,0.10983339,0.03272758
367,LHip,446.629,350.38074,0.7508632,0.05191572,0.25645617,-0.06435955
367,RHip,419.152,341.26508,0.7087603,0.014306719,0.22801964,0.06187265
367,LKnee,371.06726,377.72772,0.8645508,-0.14037734,0.33663583,-0.11228923
367,RKnee,371.06726,350.38074,0.76949,-0.14129126,0.26679185,0.18782169
367,LAnkle,405.4135,446.09518,0.9219881,-0.03719991,0.4951184,-0.036830958
367,RAnkle,405.4135,414.19037,0.9106476,-0.048183694,0.42929146,0.19363873
367,Head,357.32877,222.7615,0.9340588,-0.15279196,-0.04400646,-0.12874553
367,Neck,371.06726,263.78198,0.9664381,-0.12632531,0.053742852,-0.12496174
367,Hip,439.75974,341.26508,0.7969039,0.03095946,0.24159314,-0.0026306657
367,LBigToe,371.06726,459.76868,0.8925537,,,
367,RBigToe,371.06726,423.30603,0.8850425,,,
367,LSmallToe,384.80576,468.88434,0.86034334,,,
367,RSmallToe,377.9365,418.7482,0.6928017,,,
367,LHeel,419.152,455.21085,0.8922845,,,
367,RHeel,419.152,423.30603,0.979209,,,
368,Nose,337.28268,254.93954,0.9160612,,,
368,LEye,344.13095,250.38728,0.9143251,,,
368,REye,337.28268,245.83504,0.9360357,,,
368,LEar,371.5239,250.38728,0.91189444,,,
368,REar,364.67566,245.83504,0.6455542,,,
368,LShoulder,385.2204,277.7008,0.9033475,-0.10689205,0.096656635,-0.17722231
368,RShoulder,364.67566,273.14856,0.9093624,-0.14402229,0.081505984,-0.039941493
368,LElbow,316.73798,305.01434,0.8743268,-0.2534004,0.15353386,-0.21689616
368,RElbow,316.73798,277.7008,0.878648,-0.25660133,0.092580706,0.032607667
368,LWrist,241.4073,309.5666,0.8936694,-0.41518873,0.16048093,-0.22369306
368,RWrist,268.80026,286.80533,0.901483,-0.3761234,0.11304201,0.033669338
368,LHip,446.85458,350.5369,0.7593239,0.052377775,0.25723818,-0.06431826
368,RHip,419.4616,341.43237,0.70746154,0.014289741,0.22893776,0.061784044
368,LKnee,371.5239,382.40265,0.86307794,-0.14021555,0.33670786,-0.11291559
368,RKnee,371.5239,355.08914,0.7682883,-0.14108205,0.26737496,0.1875797
368,LAnkle,405.7651,450.68646,0.91849416,-0.037153132,0.49518457,-0.036879756
368,RAnkle,405.7651,418.8207,0.926683,-0.047853008,0.42931977,0.19337343
368,Head,357.82742,223.07376,0.94261956,-0.15307143,-0.043077275,-0.12908313
368,Neck,371.5239,264.04404,0.9633842,-0.12636231,0.054709878,-0.12509416
368,Hip,440.00635,341.43237,0.797842,0.031204527,0.24233638,-0.0026396823
368,LBigToe,371.5239,459.791,0.8916531,,,
368,RBigToe,371.5239,423.37296,0.8723207,,,
368,LSmallToe,385.2204,468.89548,0.86694455,,,
368,RSmallToe,378.37216,418.8207,0.6605249,,,
368,LHeel,419.4616,455.23874,0.89706767,,,
368,RHeel,419.4616,423.37296,0.9688757,,,
369,Nose,339.32413,255.00626,0.9047121,,,
369,LEye,346.06607,250.45537,0.9033497,,,
369,REye,339.32413,245.90448,0.9413394,,,
369,LEar,366.2919,250.45537,0.91319686,,,
369,REar,366.2919,245.90448,0.64027816,,,
369,LShoulder,379.7758,277.7607,0.90789473,-0.106634766,0.09645818,-0.1769661
369,RShoulder,366.2919,273.20984,0.9164103,-0.14396782,0.08113505,-0.03951955
369,LElbow,319.09833,305.06607,0.87992305,-0.25274658,0.15409403,-0.21685353
369,RElbow,319.09833,277.7607,0.8848519,-0.2561434,0.09260215,0.032886855
369,LWrist,244.93697,309.61697,0.89774215,-0.41436377,0.16196473,-0.2245419
369,RWrist,265.16278,286.86252,0.915153,-0.3757051,0.114084154,0.034311455
369,LHip,447.1952,350.575,0.7572983,0.0527986,0.25714162,-0.06428614
369,RHip,420.22742,341.47324,0.7082161,0.014504404,0.22904222,0.061712507
369,LKnee,373.03384,382.43124,0.8337871,-0.1399555,0.33667958,-0.11314614
369,RKnee,373.03384,350.575,0.7606306,-0.14108115,0.26753256,0.18753573
369,LAnkle,406.74353,450.69464,0.9230374,-0.03705603,0.49522677,-0.03683379
369,RAnkle,406.74353,418.8384,0.90105927,-0.047639307,0.4293078,0.19336374
369,Head,359.54996,223.15001,0.9556259,-0.1532559,-0.043616705,-0.1290765
369,Neck,373.03384,264.10803,0.95603293,-0.12645356,0.054455783,-0.1248619
369,Hip,440.45325,341.47324,0.7997929,0.031567756,0.24224247,-0.0026302964
369,LBigToe,373.03384,459.79642,0.89998174,,,
369,RBigToe,373.03384,423.38928,0.8839899,,,
369,LSmallToe,386.5177,468.89822,0.84808993,,,
369,RSmallToe,379.7758,423.38928,0.669423,,,
369,LHeel,420.22742,455.24554,0.88211393,,,
369,RHeel,420.22742,423.38928,0.9480781,,,
370,Nose,338.40076,254.4668,0.90035295,,,
370,LEye,345.19727,245.34299,0.9185844,,,
370,REye,338.40076,245.34299,0.94832754,,,
370,LEar,365.58676,249.90489,0.9159844,,,
370,REar,365.58676,245.34299,0.6428009,,,
370,LShoulder,385.97623,277.2763,0.8951239,-0.10664438,0.09511039,-0.17672873
370,RShoulder,365.58676,272.71442,0.9016895,-0.14406216,0.079750955,-0.038919188
370,LElbow,318.0113,304.64774,0.8828766,-0.25233853,0.15302333,-0.21697666
370,RElbow,318.0113,277.2763,0.87940365,-0.255869,0.091266245,0.033353396
370,LWrist,243.24985,309.20963,0.8967163,-0.41394982,0.1616021,-0.2255939
370,RWrist,270.43582,286.40012,0.93596345,-0.37548864,0.113540456,0.03483419
370,LHip,447.14468,350.26675,0.7371052,0.053164266,0.25628516,-0.064302094
370,RHip,419.9587,341.14294,0.68310976,0.014755687,0.22835381,0.061733846
370,LKnee,372.38324,377.63815,0.82415676,-0.13966133,0.3364883,-0.11303566
370,RKnee,372.38324,350.26675,0.75509655,-0.1412029,0.26790813,0.18723577
370,LAnkle,406.36572,450.6286,0.91860557,-0.036925815,0.49533734,-0.0366326
370,RAnkle,406.36572,418.69528,0.92046124,-0.04759201,0.4293581,0.1935523
370,Head,358.79025,222.53348,0.9500619,-0.15338689,-0.04540484,-0.12890245
370,Neck,372.38324,263.5906,0.9637103,-0.12655205,0.053093005,-0.12441855
370,Hip,440.34818,341.14294,0.79558617,0.03203378,0.24141799,-0.002591376
370,LBigToe,372.38324,459.75238,0.8980491,,,
370,RBigToe,372.38324,423.25717,0.86591995,,,
370,LSmallToe,385.97623,464.3143,0.8514164,,,
370,RSmallToe,379.17975,418.69528,0.6498879,,,
370,LHeel,419.9587,455.1905,0.8795738,,,
370,RHeel,419.9587,423.25717,0.96425414,,,
371,Nose,340.2999,249.37395,0.88196033,,,
371,LEye,347.00073,244.80142,0.91289485,,,
371,REye,340.2999,244.80142,0.9501666,,,
371,LEar,367.1032,249.37395,0.89868623,,,
371,REar,367.1032,244.80142,0.6099432,,,
371,LShoulder,380.50485,276.80908,0.8927195,-0.10653446,0.09247474,-0.17615429
371,RShoulder,360.40237,272.23654,0.9339675,-0.14420435,0.07716796,-0.037790507
371,LElbow,320.19745,304.2442,0.887587,-0.2519068,0.15023671,-0.21749863
371,RElbow,320.19745,276.80908,0.8616662,-0.25572222,0.08867261,0.034111343
371,LWrist,246.4884,308.8167,0.9248909,-0.41326368,0.15944037,-0.22691587
371,RWrist,266.59088,285.9541,0.9227694,-0.37578386,0.111159205,0.035642706
371,LHip,447.51306,349.96942,0.7591161,0.053547844,0.2546434,-0.06431653
371,RHip,420.70978,340.82437,0.72444284,0.0150099555,0.22694393,0.06179274
371,LKnee,373.80402,381.97705,0.80215764,-0.13935016,0.33592793,-0.11256099
371,RKnee,373.80402,349.96942,0.74975073,-0.14140683,0.26834527,0.18692327
371,LAnkle,407.30814,450.56488,0.9223451,-0.036765292,0.49543265,-0.03620606
371,RAnkle,400.6073,418.55722,0.86790603,-0.04756965,0.42934546,0.19406706
371,Head,360.40237,221.93881,0.95500124,-0.15338382,-0.04870829,-0.12827352
371,Neck,373.80402,263.09152,0.9520771,-0.12673214,0.050466884,-0.12349474
371,Hip,440.81223,340.82437,0.7954158,0.032604493,0.23987322,-0.002527212
371,LBigToe,373.80402,459.70993,0.89508575,,,
371,RBigToe,373.80402,423.12976,0.8699777,,,
371,LSmallToe,387.20566,468.85495,0.8492267,,,
371,RSmallToe,380.50485,418.55722,0.6338475,,,
371,LHeel,420.70978,455.1374,0.8665064,,,
371,RHeel,420.70978,423.12976,0.93890435,,,
372,Nose,338.64508,247.73567,0.8979548,,,
372,LEye,345.42566,243.13039,0.9291788,,,
372,REye,338.64508,243.13039,0.9566385,,,
372,LEar,365.7674,247.73567,0.90397346,,,
372,REar,365.7674,243.13039,0.6432162,,,
372,LShoulder,386.10913,275.3674,0.88244367,-0.10664891,0.08826971,-0.17553878
372,RShoulder,365.7674,270.76212,0.90977514,-0.14446051,0.07325874,-0.036433
372,LElbow,318.30334,302.9991,0.8546678,-0.2517162,0.14531569,-0.21824475
372,RElbow,318.30334,275.3674,0.8782403,-0.25576064,0.08452739,0.035061803
372,LWrist,243.717,307.6044,0.9281256,-0.41294703,0.15494208,-0.22856855
372,RWrist,270.8393,284.57797,0.91639996,-0.37630135,0.10695617,0.036487408
372,LHip,447.13434,349.05197,0.76937646,0.053411834,0.25192368,-0.06435854
372,RHip,420.01202,339.8414,0.726473,0.014934085,0.22453412,0.061900772
372,LKnee,372.54797,381.28897,0.8047049,-0.13910747,0.33522078,-0.11156761
372,RKnee,372.54797,353.65726,0.7824176,-0.14175344,0.269012,0.18651813
372,LAnkle,406.45087,450.3683,0.9162384,-0.03664736,0.49555817,-0.035614736
372,RAnkle,406.45087,418.1313,0.9295163,-0.04749637,0.42920315,0.19484316
372,Head,358.98682,220.10396,0.95407015,-0.15332167,-0.05366985,-0.12745668
372,Neck,372.54797,261.55154,0.9690505,-0.1269663,0.046278853,-0.1223808
372,Hip,440.35376,339.8414,0.8027471,0.032847285,0.23736598,-0.0024464142
372,LBigToe,372.54797,459.57886,0.8937437,,,
372,RBigToe,372.54797,422.73657,0.8655389,,,
372,LSmallToe,386.10913,468.78943,0.8688066,,,
372,RSmallToe,379.32855,418.1313,0.64805067,,,
372,LHeel,420.01202,454.97357,0.8840275,,,
372,RHeel,420.01202,422.73657,0.97916096,,,
373,Nose,338.52588,245.27809,0.88301754,,,
373,LEye,345.32205,240.62366,0.9254563,,,
373,REye,338.52588,240.62366,0.95088047,,,
373,LEar,365.71057,245.27809,0.9179582,,,
373,REar,372.50674,240.62366,0.6768511,,,
373,LShoulder,379.30292,273.2047,0.89732194,-0.10661562,0.08252972,-0.17458162
373,RShoulder,365.71057,268.5503,0.86185545,-0.1446625,0.067880005,-0.034581065
373,LElbow,318.13736,301.13135,0.86122304,-0.25142428,0.13825078,-0.21947934
373,RElbow,318.13736,273.2047,0.89686185,-0.2558453,0.07890591,0.03631765
373,LWrist,243.37946,301.13135,0.9172925,-0.4123919,0.1481094,-0.23078023
373,RWrist,263.76797,282.5136,0.90895087,-0.3772734,0.100715354,0.03767426
373,LHip,447.26465,352.33017,0.74596834,0.05293546,0.24829264,-0.06438198
373,RHip,420.07996,338.36685,0.7198685,0.014652934,0.2214319,0.062001154
373,LKnee,372.50674,380.2568,0.8700316,-0.13884304,0.3343874,-0.11004861
373,RKnee,372.50674,352.33017,0.76815325,-0.14221187,0.26969415,0.1862039
373,LAnkle,406.4876,450.07336,0.926939,-0.03649625,0.49564782,-0.03472302
373,RAnkle,406.4876,417.4923,0.91921026,-0.047518414,0.42892894,0.19591278
373,Head,358.9144,217.35147,0.95396626,-0.15296006,-0.06040551,-0.12612695
373,Neck,372.50674,259.24142,0.96682614,-0.12719643,0.040611338,-0.120766826
373,Hip,440.46848,338.36685,0.78578234,0.03305413,0.2340541,-0.0023511883
373,LBigToe,372.50674,459.38223,0.90464485,,,
373,RBigToe,372.50674,426.80118,0.8777352,,,
373,LSmallToe,386.0991,468.69113,0.8633229,,,
373,RSmallToe,379.30292,422.14673,0.6381494,,,
373,LHeel,420.07996,454.7278,0.8811571,,,
373,RHeel,420.07996,422.14673,0.9455836,,,
374,Nose,337.55588,241.85783,0.9056863,,,
374,LEye,344.39807,237.135,0.9346774,,,
374,REye,337.55588,237.135,0.95436627,,,
374,LEar,364.92468,241.85783,0.9221403,,,
374,REar,371.76688,237.135,0.68114364,,,
374,LShoulder,385.4513,270.1949,0.8753362,-0.106656246,0.074787214,-0.17375538
374,RShoulder,364.92468,265.47205,0.87047815,-0.14481828,0.06067979,-0.032576077
374,LElbow,317.02927,298.53195,0.86860126,-0.25069058,0.12858309,-0.2211175
374,RElbow,317.02927,270.1949,0.90432316,-0.2558317,0.071484536,0.037876815
374,LWrist,241.76503,298.53195,0.92339015,-0.41155934,0.13972199,-0.23286733
374,RWrist,269.13385,279.6406,0.91777253,-0.37835482,0.09246893,0.038490288
374,LHip,447.0311,350.48322,0.74412477,0.052043416,0.24358575,-0.064521186
374,RHip,419.6623,336.3147,0.7183686,0.013838821,0.21690147,0.062271286
374,LKnee,371.76688,378.82028,0.8368213,-0.13852572,0.33338007,-0.10794633
374,RKnee,371.76688,350.48322,0.7871967,-0.14286572,0.2706825,0.1856296
374,LAnkle,405.9779,449.66293,0.9191687,-0.036325134,0.4956915,-0.033624455
374,RAnkle,405.9779,416.60303,0.9225114,-0.0477371,0.42851368,0.19724363
374,Head,358.0825,213.52077,0.9515548,-0.1521928,-0.06935618,-0.12471507
374,Neck,371.76688,256.02637,0.96245074,-0.12725905,0.032913577,-0.119047016
374,Hip,440.1889,336.3147,0.7915046,0.032727532,0.2295507,-0.0022740026
374,LBigToe,371.76688,463.83148,0.90349835,,,
374,RBigToe,378.60907,426.04874,0.87812626,,,
374,LSmallToe,385.4513,468.55432,0.8740036,,,
374,RSmallToe,378.60907,421.32587,0.61332315,,,
374,LHeel,419.6623,454.38577,0.8893405,,,
374,RHeel,419.6623,421.32587,0.95001584,,,
375,Nose,337.60458,237.61118,0.92823106,,,
375,LEye,344.15076,232.80339,0.9232934,,,
375,REye,337.60458,232.80339,0.91491205,,,
375,LEar,370.33554,237.61118,0.90616965,,,
375,REar,363.78934,232.80339,0.7144522,,,
375,LShoulder,383.42795,266.45782,0.8724956,-0.10649774,0.06557314,-0.1728277
375,RShoulder,363.78934,261.65005,0.9168806,-0.14474669,0.052083682,-0.030312518
375,LElbow,324.51218,290.4967,0.85688025,-0.24953353,0.11693524,-0.22330517
375,RElbow,317.96597,266.45782,0.9418209,-0.25573397,0.06286737,0.039579883
375,LWrist,245.95784,295.30447,0.8647021,-0.41041076,0.12989156,-0.23502195
375,RWrist,265.59644,276.0734,0.8990301,-0.3797658,0.082525104,0.03954024
375,LHip,448.8899,343.38226,0.74948806,0.05091294,0.2382838,-0.06468625
375,RHip,422.7051,333.7667,0.7094509,0.012811538,0.21158697,0.06261277
375,LKnee,370.33554,377.03668,0.8046489,-0.13816962,0.33229473,-0.10529805
375,RKnee,370.33554,352.9978,0.8392423,-0.14344585,0.2719412,0.18507102
375,LAnkle,409.6127,449.15335,0.8706321,-0.036138736,0.49564913,-0.032173134
375,RAnkle,403.06653,415.4989,0.8337028,-0.04803326,0.42786142,0.19881487
375,Head,357.24316,208.76451,0.938817,-0.15091743,-0.079937726,-0.12302337
375,Neck,370.33554,252.0345,0.9487268,-0.12713796,0.023732428,-0.11705571
375,Hip,442.3437,333.7667,0.78811693,0.032216378,0.22434054,-0.002195482
375,LBigToe,370.33554,463.57666,0.8936408,,,
375,RBigToe,376.88174,425.11447,0.85860646,,,
375,LSmallToe,383.42795,463.57666,0.8534966,,,
375,RSmallToe,376.88174,420.30667,0.66916126,,,
375,LHeel,416.1589,453.96112,0.85012364,,,
375,RHeel,416.1589,420.30667,0.90594107,,,
376,Nose,339.17377,233.38187,0.9399356,,,
376,LEye,345.6186,228.4895,0.93398285,,,
376,REye,339.17377,223.59714,0.91034883,,,
376,LEar,371.39786,228.4895,0.9130338,,,
376,REar,364.95303,228.4895,0.75125223,,,
376,LShoulder,384.28748,262.73605,0.8551938,-0.10646686,0.054394778,-0.17178439
376,RShoulder,364.95303,257.8437,0.8750168,-0.14454108,0.04143505,-0.027842704
376,LElbow,319.83932,282.30548,0.78148234,-0.24866852,0.103134915,-0.22565044
376,RElbow,319.83932,262.73605,0.9605375,-0.25547612,0.05258048,0.041462228
376,LWrist,248.94633,292.0902,0.8378845,-0.4093793,0.11754598,-0.23752397
376,RWrist,268.2808,267.62842,0.8972602,-0.38121653,0.07035498,0.040446002
376,LHip,448.73566,341.01385,0.7443858,0.048646703,0.23195396,-0.064992204
376,RHip,422.9564,331.22913,0.6829714,0.0108403405,0.20550779,0.06300037
376,LKnee,371.39786,375.26038,0.80760366,-0.13767661,0.3312947,-0.10195671
376,RKnee,371.39786,350.79858,0.9049787,-0.14395262,0.2733825,0.18466634
376,LAnkle,410.06674,448.6458,0.8570122,-0.03604968,0.49553493,-0.030426962
376,RAnkle,397.17712,419.29166,0.81511104,-0.048274167,0.42698714,0.20082694
376,Head,358.5082,204.0277,0.9452752,-0.14879313,-0.09283863,-0.121025935
376,Neck,371.39786,248.05896,0.9481693,-0.12682769,0.012428582,-0.11475751
376,Hip,442.29083,331.22913,0.77966964,0.030329205,0.2182285,-0.0021533098
376,LBigToe,371.39786,463.3229,0.8892047,,,
376,RBigToe,377.84265,429.0764,0.8031331,,,
376,LSmallToe,384.28748,468.21527,0.8652372,,,
376,RSmallToe,377.84265,424.18402,0.6576126,,,
376,LHeel,416.51157,453.53818,0.85608345,,,
376,RHeel,416.51157,419.29166,0.8856334,,,
377,Nose,337.15558,228.4812,0.9005909,,,
377,LEye,343.66315,218.50044,0.8812395,,,
377,REye,343.66315,218.50044,0.91546327,,,
377,LEar,369.69336,223.49083,0.935697,,,
377,REar,363.1858,223.49083,0.7319777,,,
377,LShoulder,382.70847,253.43307,0.8497819,-0.10631993,0.041604046,-0.17061843
377,RShoulder,363.1858,253.43307,0.82380146,-0.1440478,0.029037308,-0.025074514
377,LElbow,324.14047,278.38495,0.8133828,-0.24732167,0.08794339,-0.228538
377,RElbow,317.6329,258.42346,0.93523467,-0.25495464,0.04100063,0.043826405
377,LWrist,252.55734,283.37534,0.8159693,-0.4082674,0.10288097,-0.24052179
377,RWrist,265.57245,263.41382,0.9172567,-0.3823502,0.057286408,0.04239022
377,LHip,447.78403,338.26947,0.7372687,0.045443784,0.22491035,-0.06544274
377,RHip,421.7538,328.28873,0.6979653,0.008076565,0.19873226,0.063473776
377,LKnee,376.20093,373.20212,0.8205191,-0.13698225,0.33024275,-0.09778706
377,RKnee,369.69336,353.2406,0.8895165,-0.14422429,0.27521035,0.1841751
377,LAnkle,408.7387,448.05774,0.9002499,-0.036001332,0.49533585,-0.028516602
377,RAnkle,402.23114,418.11548,0.8400644,-0.048205793,0.4263582,0.20265251
377,Head,363.1858,198.53894,0.94565946,-0.1460664,-0.10760425,-0.118687026
377,Neck,369.69336,243.45233,0.9434514,-0.12628838,-0.0006432794,-0.11209373
377,Hip,441.2765,328.28873,0.7806869,0.027294537,0.21142577,-0.0020934723
377,LBigToe,369.69336,463.02887,0.8589216,,,
377,RBigToe,376.20093,428.09625,0.8480936,,,
377,LSmallToe,382.70847,468.01926,0.8599333,,,
377,RSmallToe,376.20093,423.10587,0.68501854,,,
377,LHeel,421.7538,453.04813,0.8295957,,,
377,RHeel,415.24625,418.11548,0.8668652,,,
378,Nose,338.82303,217.89691,0.9198101,,,
378,LEye,345.22214,212.79684,0.90935445,,,
378,REye,345.22214,212.79684,0.91810393,,,
378,LEar,370.81848,217.89691,0.9399521,,,
378,REar,364.4194,217.89691,0.74289334,,,
378,LShoulder,383.61664,248.49727,0.86648774,-0.106219195,0.026893843,-0.16949895
378,RShoulder,364.4194,248.49727,0.7660248,-0.14322583,0.014648039,-0.02205127
378,LElbow,313.22668,273.9976,0.8157291,-0.2459652,0.0709167,-0.2321081
378,RElbow,319.6258,253.59734,0.94115114,-0.25413275,0.027996283,0.046334516
378,LWrist,249.23582,279.09763,0.819065,-0.40746114,0.08638376,-0.24426842
378,RWrist,262.034,258.6974,0.9068713,-0.38334835,0.042744216,0.044662178
378,LHip,441.20844,335.1983,0.7424571,0.04075142,0.21693985,-0.06611072
378,RHip,415.6121,324.99817,0.6853605,0.0040685795,0.19115557,0.06407365
378,LKnee,377.21756,375.99878,0.83557916,-0.13633981,0.32913902,-0.09332102
378,RKnee,370.81848,355.59854,0.83908397,-0.14419006,0.27719668,0.18370995
378,LAnkle,409.213,447.39963,0.9065562,-0.035980757,0.495034,-0.026276108
378,RAnkle,402.8139,416.7993,0.79338515,-0.048131842,0.42555103,0.20501116
378,Head,364.4194,192.3966,0.9489185,-0.14296709,-0.124252304,-0.11607476
378,Neck,370.81848,238.29715,0.9321712,-0.12539287,-0.01562545,-0.10915612
378,Hip,434.80936,324.99817,0.78656715,0.022300998,0.20376943,-0.0020233134
378,LBigToe,370.81848,462.69983,0.8498953,,,
378,RBigToe,370.81848,426.9994,0.8589385,,,
378,LSmallToe,383.61664,467.79987,0.8642925,,,
378,RSmallToe,377.21756,421.89932,0.71503097,,,
378,LHeel,415.6121,452.4997,0.84140855,,,
378,RHeel,415.6121,421.89932,0.8343768,,,
379,Nose,344.71298,212.29343,0.9247986,,,
379,LEye,351.10956,207.0835,0.929786,,,
379,REye,344.71298,207.0835,0.9123439,,,
379,LEar,370.29932,212.29343,0.95825267,,,
379,REar,363.90274,212.29343,0.7183853,,,
379,LShoulder,383.0925,243.55302,0.8909165,-0.10562673,0.011312798,-0.16819319
379,RShoulder,370.29932,238.3431,0.75333387,-0.14187652,-0.00044335052,-0.019032395
379,LElbow,312.73004,264.39276,0.84514046,-0.24411938,0.053052377,-0.23469979
379,RElbow,319.12665,248.76295,0.9230098,-0.252856,0.014413934,0.049077384
379,LWrist,248.76418,269.6027,0.8708986,-0.4062455,0.06841433,-0.2484316
379,RWrist,261.55734,248.76295,0.8853548,-0.38359934,0.02769931,0.047227222
379,LHip,440.66177,332.1219,0.7441523,0.03600117,0.2085408,-0.06677931
379,RHip,415.07544,321.70203,0.670657,0.00022378447,0.1830466,0.06465814
379,LKnee,376.69592,373.80133,0.81602764,-0.13582307,0.32796457,-0.08890421
379,RKnee,370.29932,358.17154,0.8506087,-0.14394383,0.2786806,0.18298584
379,LAnkle,408.67886,446.74042,0.9186361,-0.036043886,0.4945754,-0.024000999
379,RAnkle,402.28226,415.4808,0.7830704,-0.048061363,0.424544,0.20743743
379,Head,363.90274,181.03383,0.9594963,-0.13973027,-0.14152223,-0.11342093
379,Neck,370.29932,227.92322,0.9452986,-0.12391353,-0.03126421,-0.10613
379,Hip,434.2652,321.70203,0.77887124,0.017775986,0.19563094,-0.0019931856
379,LBigToe,370.29932,462.3702,0.8240253,,,
379,RBigToe,376.69592,425.90067,0.8833013,,,
379,LSmallToe,383.0925,467.58014,0.85756063,,,
379,RSmallToe,376.69592,425.90067,0.76247054,,,
379,LHeel,415.07544,451.95035,0.8334012,,,
379,RHeel,415.07544,420.69073,0.79481405,,,
380,Nose,342.94644,206.24135,0.94370407,,,
380,LEye,349.35968,200.91275,0.92647487,,,
380,REye,342.94644,195.58415,0.8874831,,,
380,LEar,368.5994,206.24135,0.91282886,,,
380,REar,368.5994,206.24135,0.6994387,,,
380,LShoulder,381.42587,238.21295,0.86204636,-0.10476575,-0.0056247693,-0.16672522
380,RShoulder,368.5994,232.88435,0.7768033,-0.14010851,-0.017078318,-0.015554484
380,LElbow,323.7067,254.19876,0.75844353,-0.24174494,0.03380102,-0.23724896
380,RElbow,323.7067,238.21295,0.9245107,-0.25115108,-0.00033847988,0.052193835
380,LWrist,246.7478,264.85596,0.85161364,-0.4045084,0.048720997,-0.2534608
380,RWrist,265.98752,243.54156,0.790618,-0.3829253,0.011914246,0.05061246
380,LHip,439.14505,323.47058,0.72678053,0.030349676,0.19940783,-0.06756317
380,RHip,413.4921,318.14197,0.6745761,-0.0042162435,0.17411177,0.06525851
380,LKnee,375.01263,371.42798,0.8103588,-0.13520631,0.3266276,-0.08411039
380,RKnee,368.5994,355.44217,0.8538104,-0.14346826,0.27982527,0.1822572
380,LAnkle,407.07886,446.02838,0.9412939,-0.036146507,0.4940354,-0.021564703
380,RAnkle,407.07886,414.0568,0.7629259,-0.047944218,0.42356744,0.20995703
380,Head,368.5994,174.26974,0.95019925,-0.13618371,-0.16006975,-0.110381104
380,Neck,375.01263,222.22716,0.9510544,-0.12191439,-0.04823104,-0.10266271
380,Hip,432.7318,318.14197,0.78565,0.01242982,0.18663503,-0.0019481427
380,LBigToe,375.01263,462.0142,0.8385508,,,
380,RBigToe,375.01263,424.714,0.9270214,,,
380,LSmallToe,381.42587,467.3428,0.8500294,,,
380,RSmallToe,375.01263,424.714,0.7763956,,,
380,LHeel,419.90533,456.6856,0.8496529,,,
380,RHeel,419.90533,419.38538,0.79216427,,,
381,Nose,343.30283,199.00734,0.941363,,,
381,LEye,349.6656,193.5369,0.9287915,,,
381,REye,343.30283,188.06645,0.88415915,,,
381,LEar,375.11676,199.00734,0.9275899,,,
381,REar,368.75397,199.00734,0.724909,,,
381,LShoulder,387.84232,226.35956,0.86252135,-0.103865206,-0.023017632,-0.16521144
381,RShoulder,368.75397,226.35956,0.7897602,-0.13785505,-0.034193926,-0.011784737
381,LElbow,330.57724,248.24133,0.7687593,-0.23900053,0.014154658,-0.24062002
381,RElbow,317.85168,231.83,0.84457064,-0.24893296,-0.01516391,0.056312263
381,LWrist,247.86102,253.71179,0.84193105,-0.4025171,0.026959602,-0.25840613
381,RWrist,260.58658,242.77089,0.70337325,-0.3815046,-0.003976494,0.055401035
381,LHip,432.38184,319.35712,0.76291734,0.02410387,0.18972228,-0.068371795
381,RHip,413.29346,313.88666,0.6814424,-0.00885819,0.16497125,0.065854125
381,LKnee,375.11676,374.06155,0.8091177,-0.13433464,0.325027,-0.07945794
381,RKnee,368.75397,357.65024,0.87472504,-0.14245835,0.28060243,0.18143106
381,LAnkle,406.9307,445.17734,0.9427953,-0.036281146,0.49348536,-0.018926311
381,RAnkle,400.5679,417.8251,0.73611826,-0.047821216,0.42252988,0.2127567
381,Head,368.75397,166.18468,0.955399,-0.13265899,-0.17902473,-0.107049964
381,Neck,375.11676,215.41867,0.9466993,-0.11960198,-0.06572528,-0.09879714
381,Hip,426.01904,313.88666,0.7996664,0.006885794,0.17730382,-0.001886517
381,LBigToe,375.11676,461.58865,0.82714874,,,
381,RBigToe,375.11676,428.766,0.9157208,,,
381,LSmallToe,381.47952,467.0591,0.84591097,,,
381,RSmallToe,375.11676,423.29556,0.8071002,,,
381,LHeel,419.65625,456.11823,0.8695723,,,
381,RHeel,419.65625,423.29556,0.7610341,,,
382,Nose,348.8452,192.2581,0.92978776,,,
382,LEye,355.171,181.05254,0.9234416,,,
382,REye,348.8452,181.05254,0.93408656,,,
382,LEar,374.14835,186.65532,0.96633124,,,
382,REar,374.14835,186.65532,0.69928104,,,
382,LShoulder,386.79993,220.27202,0.8842187,-0.1025649,-0.04102585,-0.16323826
382,RShoulder,367.82257,220.27202,0.77130824,-0.13496603,-0.05168149,-0.0077169454
382,LElbow,323.54208,237.08037,0.7979592,-0.23597944,-0.0058110543,-0.24340475
382,RElbow,323.54208,225.8748,0.87521195,-0.24629271,-0.029993806,0.06086508
382,LWrist,260.28424,242.68315,0.8768815,-0.39984018,0.0048558954,-0.26348475
382,RWrist,266.61002,231.47758,0.78650194,-0.3796487,-0.020575287,0.060503505
382,LHip,431.0804,315.51932,0.781153,0.017967364,0.17968543,-0.069136895
382,RHip,412.10306,309.91653,0.6852401,-0.01341326,0.15555342,0.06637793
382,LKnee,374.14835,371.54715,0.8378072,-0.13319257,0.32305327,-0.07456175
382,RKnee,367.82257,354.7388,0.8552193,-0.14082927,0.28087312,0.18041736
382,LAnkle,405.77728,444.3833,0.9439544,-0.03642761,0.49295858,-0.01626483
382,RAnkle,405.77728,416.3694,0.7417794,-0.047655314,0.42166743,0.21562105
382,Head,367.82257,158.64142,0.97719705,-0.12884599,-0.1982691,-0.10350875
382,Neck,374.14835,203.46367,0.9277838,-0.11678517,-0.08348656,-0.09460763
382,Hip,424.7546,309.91653,0.8199011,0.0017761673,0.16772747,-0.001793219
382,LBigToe,374.14835,461.19165,0.8544642,,,
382,RBigToe,374.14835,427.57495,0.9351498,,,
382,LSmallToe,386.79993,466.79443,0.87217903,,,
382,RSmallToe,374.14835,421.97217,0.8394981,,,
382,LHeel,418.42883,455.58887,0.8933806,,,
382,RHeel,418.42883,421.97217,0.7650693,,,
383,Nose,347.95908,179.64388,0.9685989,,,
383,LEye,354.25864,173.90627,0.9516031,,,
383,REye,347.95908,173.90627,0.9189377,,,
383,LEar,373.15735,179.64388,0.96268696,,,
383,REar,373.15735,179.64388,0.73063755,,,
383,LShoulder,385.75647,214.06958,0.8678107,-0.100951575,-0.05880951,-0.16115946
383,RShoulder,373.15735,214.06958,0.71707773,-0.13160846,-0.06865853,-0.0036671592
383,LElbow,322.76083,231.28244,0.8219696,-0.23289636,-0.025190782,-0.24582705
383,RElbow,322.76083,219.8072,0.86022955,-0.24346213,-0.044358417,0.06569383
383,LWrist,259.76517,237.02005,0.86373836,-0.39733315,-0.01657301,-0.26909006
383,RWrist,266.06473,225.54482,0.7143236,-0.3772934,-0.03637266,0.06613253
383,LHip,429.85342,311.6091,0.7609671,0.012036117,0.16972409,-0.06987045
383,RHip,410.9547,305.87146,0.69015634,-0.017730737,0.14625914,0.0668338
383,LKnee,373.15735,368.98526,0.8545925,-0.13168609,0.32070225,-0.06929202
383,RKnee,366.8578,357.51004,0.8455627,-0.13854171,0.28073218,0.17933652
383,LAnkle,404.65515,443.57428,0.9378844,-0.036556337,0.4925038,-0.01313586
383,RAnkle,404.65515,414.8862,0.73624533,-0.047432672,0.4209852,0.21849945
383,Head,373.15735,150.9558,0.95376277,-0.12496179,-0.21714929,-0.10018823
383,Neck,373.15735,196.85674,0.90374285,-0.11357866,-0.100938514,-0.090409376
383,Hip,423.55386,305.87146,0.8217545,-0.0030442749,0.15822403,-0.0016189527
383,LBigToe,373.15735,460.78714,0.8548684,,,
383,RBigToe,373.15735,426.36145,0.92367387,,,
383,LSmallToe,385.75647,466.52475,0.884825,,,
383,RSmallToe,373.15735,420.6238,0.84390926,,,
383,LHeel,417.2543,455.04953,0.91237354,,,
383,RHeel,417.2543,420.6238,0.73629814,,,
384,Nose,348.63004,172.1965,0.9499055,,,
384,LEye,354.8798,166.31566,0.9312979,,,
384,REye,348.63004,166.31566,0.87603486,,,
384,LEar,373.62903,172.1965,0.93497133,,,
384,REar,373.62903,172.1965,0.7338332,,,
384,LShoulder,386.1285,207.48152,0.8800746,-0.09923575,-0.07637666,-0.15902168
384,RShoulder,379.87875,207.48152,0.67639536,-0.1280027,-0.08522769,0.00035508326
384,LElbow,323.63107,225.12402,0.7945295,-0.2298903,-0.044139296,-0.24788636
384,RElbow,323.63107,219.2432,0.81960416,-0.2401776,-0.058276467,0.070969686
384,LWrist,261.13364,225.12402,0.87256104,-0.3947997,-0.03791214,-0.27479383
384,RWrist,267.38336,219.2432,0.554508,-0.37443644,-0.05190311,0.072072074
384,LHip,423.62695,307.45575,0.7433013,0.006168469,0.15969987,-0.07059511
384,RHip,417.37723,301.5749,0.6660045,-0.02180857,0.13715102,0.0672797
384,LKnee,373.62903,366.2641,0.9056139,-0.12976411,0.31798327,-0.06374433
384,RKnee,373.62903,354.50244,0.8067793,-0.13577327,0.2801496,0.17819895
384,LAnkle,404.87775,442.71497,0.9372355,-0.036698014,0.49223706,-0.009474762
384,RAnkle,404.87775,419.19162,0.7391063,-0.047200724,0.4204214,0.22153515
384,Head,373.62903,142.79231,0.94547296,-0.12118616,-0.23573954,-0.0971076
384,Neck,379.87875,189.839,0.90073025,-0.11006138,-0.11796379,-0.08640382
384,Hip,423.62695,301.5749,0.82516253,-0.007642708,0.14876917,-0.0014856984
384,LBigToe,373.62903,466.2383,0.8460826,,,
384,RBigToe,373.62903,425.07248,0.93834054,,,
384,LSmallToe,386.1285,466.2383,0.8713841,,,
384,RSmallToe,373.62903,419.19162,0.85150063,,,
384,LHeel,417.37723,454.47665,0.9093656,,,
384,RHeel,417.37723,419.19162,0.71359026,,,
385,Nose,348.43552,165.07669,0.9403816,,,
385,LEye,354.9331,159.05893,0.940518,,,
385,REye,354.9331,159.05893,0.90021104,,,
385,LEar,380.92343,165.07669,0.9507125,,,
385,REar,380.92343,159.05893,0.8102571,,,
385,LShoulder,380.92343,201.18323,0.84179294,-0.09706578,-0.09365606,-0.1566051
385,RShoulder,374.42584,201.18323,0.7665065,-0.12404299,-0.10184224,0.0047137113
385,LElbow,328.94278,213.21873,0.8214887,-0.22681397,-0.06271684,-0.24954465
385,RElbow,322.4452,213.21873,0.81855875,-0.23671122,-0.072340935,0.076807074
385,LWrist,263.96698,219.2365,0.793807,-0.39168447,-0.058380857,-0.2807384
385,RWrist,263.96698,213.21873,0.56159025,-0.37106812,-0.067457296,0.0787187
385,LHip,426.4065,303.48508,0.7860578,0.0002761709,0.14959459,-0.071318805
385,RHip,413.41132,297.46732,0.71761924,-0.025773536,0.12793368,0.06767292
385,LKnee,374.42584,369.6804,0.9175563,-0.1271777,0.31495216,-0.0581156
385,RKnee,374.42584,357.64487,0.89885604,-0.13186388,0.2791486,0.17741121
385,LAnkle,406.91373,447.91122,0.95910615,-0.03680569,0.49216464,-0.005593013
385,RAnkle,400.41617,417.82245,0.76358443,-0.046882026,0.42002454,0.22464885
385,Head,374.42584,134.98792,0.9163576,-0.11733006,-0.25415796,-0.093922876
385,Neck,380.92343,183.12996,0.90480846,-0.106349945,-0.13480932,-0.082350455
385,Hip,419.9089,297.46732,0.8573346,-0.012312321,0.13926622,-0.0013593175
385,LBigToe,374.42584,465.96448,0.8976188,,,
385,RBigToe,374.42584,423.8402,0.8460307,,,
385,LSmallToe,380.92343,465.96448,0.9257322,,,
385,RSmallToe,374.42584,423.8402,0.8256572,,,
385,LHeel,419.9089,453.929,0.8797955,,,
385,RHeel,419.9089,423.8402,0.71315587,,,
386,Nose,351.69818,157.5696,0.9469944,,,
386,LEye,357.92468,151.40747,0.96156657,,,
386,REye,351.69818,145.24535,0.87865067,,,
386,LEar,382.83066,157.5696,0.9433677,,,
386,REar,382.83066,151.40747,0.83670306,,,
386,LShoulder,382.83066,194.54233,0.8527151,-0.09479246,-0.11052522,-0.15428576
386,RShoulder,376.60416,194.54233,0.70207286,-0.11974256,-0.118078366,0.008661275
386,LElbow,320.5657,206.86658,0.8286875,-0.22350433,-0.08040121,-0.25148812
386,RElbow,326.7922,206.86658,0.6250857,-0.23277539,-0.08629225,0.08248066
386,LWrist,258.30075,206.86658,0.90698606,-0.38880903,-0.0780444,-0.28691944
386,RWrist,295.65973,213.0287,0.27387616,-0.36633217,-0.08264962,0.08611677
386,LHip,420.18964,299.29843,0.7549304,-0.0058472147,0.13939337,-0.07200564
386,RHip,413.96313,293.1363,0.667569,-0.029987274,0.11868377,0.06800067
386,LKnee,376.60416,367.0818,0.8747674,-0.1239309,0.3115469,-0.051826328
386,RKnee,370.37766,354.75754,0.8514508,-0.12708074,0.27788848,0.17664166
386,LAnkle,407.73663,447.1894,0.90615153,-0.03689957,0.49211797,-0.001286858
386,RAnkle,401.51013,416.37875,0.8081666,-0.046569847,0.41996276,0.2275945
386,Head,376.60416,126.75897,0.92902696,-0.11349247,-0.2723927,-0.091236524
386,Neck,382.83066,176.05595,0.90148383,-0.10252115,-0.15137151,-0.078749694
386,Hip,420.18964,293.1363,0.84574425,-0.017039865,0.12976764,-0.0012764281
386,LBigToe,376.60416,459.51364,0.8543512,,,
386,RBigToe,376.60416,428.703,0.8902518,,,
386,LSmallToe,382.83066,465.67575,0.90403616,,,
386,RSmallToe,376.60416,422.5409,0.904336,,,
386,LHeel,413.96313,453.3515,0.8795831,,,
386,RHeel,420.18964,422.5409,0.77372396,,,
387,Nose,352.35278,151.31522,0.92836714,,,
387,LEye,358.48264,145.03282,0.93091404,,,
387,REye,358.48264,138.75043,0.884149,,,
387,LEar,383.00208,151.31522,0.95841426,,,
387,REar,383.00208,145.03282,0.8735376,,,
387,LShoulder,389.13196,189.00961,0.8101644,-0.092126176,-0.12653112,-0.15211162
387,RShoulder,376.87222,189.00961,0.72743315,-0.115342215,-0.13396019,0.012262939
387,LElbow,327.83334,201.57442,0.7536914,-0.21978736,-0.09712602,-0.25291878
387,RElbow,327.83334,201.57442,0.5290483,-0.22877708,-0.100439355,0.0880638
387,LWrist,260.40485,201.57442,0.84082377,-0.3842098,-0.09605089,-0.2925219
387,RWrist,315.5736,201.57442,0.34921765,-0.36256778,-0.09688966,0.09353133
387,LHip,419.78125,295.81042,0.76810884,-0.011917117,0.1294265,-0.07267458
387,RHip,407.52155,289.528,0.7293807,-0.033870026,0.10971962,0.06830298
387,LKnee,376.87222,364.9168,0.8896482,-0.119935736,0.30774546,-0.045085005
387,RKnee,370.74237,358.6344,0.8458727,-0.12141496,0.27625802,0.17624238
387,LAnkle,407.52155,446.588,0.9140429,-0.036962695,0.49203244,0.0033861918
387,RAnkle,401.39166,415.176,0.7751267,-0.046258606,0.4201668,0.23022828
387,Head,376.87222,119.90323,0.9173518,-0.10974266,-0.28995478,-0.08894733
387,Neck,383.00208,170.16241,0.896457,-0.09879318,-0.1674004,-0.07575963
387,Hip,413.6514,289.528,0.84886026,-0.021753723,0.12049046,-0.0012783215
387,LBigToe,370.74237,465.4352,0.87467176,,,
387,RBigToe,376.87222,427.7408,0.8873755,,,
387,LSmallToe,383.00208,465.4352,0.89937943,,,
387,RSmallToe,376.87222,421.4584,0.8978474,,,
387,LHeel,413.6514,452.8704,0.8649143,,,
387,RHeel,419.78125,421.4584,0.7812397,,,
388,Nose,355.87042,138.4566,0.9196824,,,
388,LEye,362.00842,138.4566,0.9336233,,,
388,REye,355.87042,132.05013,0.91293764,,,
388,LEar,380.42245,144.86308,0.9493376,,,
388,REar,380.42245,138.4566,0.82838446,,,
388,LShoulder,386.56046,176.89548,0.87021166,-0.08933615,-0.14165676,-0.14978266
388,RShoulder,374.28445,183.30196,0.79691046,-0.11066698,-0.14899515,0.016047403
388,LElbow,331.31842,196.11491,0.7612133,-0.2153529,-0.112378046,-0.25433764
388,RElbow,325.18042,196.11491,0.48361102,-0.22403908,-0.11361995,0.09452576
388,LWrist,257.66238,196.11491,0.6780615,-0.3784332,-0.11258657,-0.29769686
388,RWrist,312.90442,196.11491,0.39159256,-0.3567859,-0.1112923,0.1037516
388,LHip,417.25046,292.2121,0.78242254,-0.017861795,0.119631276,-0.073281564
388,RHip,404.97446,292.2121,0.76451224,-0.037760273,0.10121809,0.0685714
388,LKnee,380.42245,362.68338,0.8884392,-0.11526336,0.30366448,-0.038205925
388,RKnee,374.28445,356.2769,0.84150064,-0.11529352,0.27455658,0.17575173
388,LAnkle,404.97446,445.9676,0.90877086,-0.036887318,0.49191818,0.008391418
388,RAnkle,404.97446,420.34167,0.7576191,-0.04591036,0.42053506,0.23261161
388,Head,380.42245,112.83069,0.93326074,-0.10603909,-0.30682063,-0.086775206
388,Neck,380.42245,164.08252,0.8943992,-0.095268756,-0.18260293,-0.072633
388,Hip,411.11246,285.80563,0.8519985,-0.026496327,0.111469954,-0.0013065056
388,LBigToe,374.28445,465.18704,0.8797924,,,
388,RBigToe,374.28445,426.74817,0.84333336,,,
388,LSmallToe,380.42245,465.18704,0.9044006,,,
388,RSmallToe,380.42245,420.34167,0.8992609,,,
388,LHeel,417.25046,452.37408,0.8610784,,,
388,RHeel,417.25046,420.34167,0.77296406,,,
389,Nose,358.86542,138.82222,0.93103176,,,
389,LEye,365.07144,132.29958,0.95124185,,,
389,REye,358.86542,125.776924,0.9500767,,,
389,LEar,383.68954,138.82222,0.93909854,,,
389,REar,383.68954,132.29958,0.82515866,,,
389,LShoulder,389.8956,171.43547,0.89764607,-0.086904794,-0.15546598,-0.14762375
389,RShoulder,377.48352,171.43547,0.7976397,-0.105991445,-0.16293265,0.019840142
389,LElbow,334.04126,191.00342,0.76183695,-0.21075775,-0.12609173,-0.25551203
389,RElbow,327.83524,191.00342,0.651803,-0.21880735,-0.12591277,0.10133928
389,LWrist,259.56882,184.48077,0.5032743,-0.37133265,-0.12761538,-0.30185363
389,RWrist,309.2171,191.00342,0.30391353,-0.35116184,-0.12460385,0.11452541
389,LHip,414.71973,288.84317,0.75432396,-0.023616208,0.11004569,-0.07383424
389,RHip,402.30765,282.32053,0.716827,-0.04151455,0.09295438,0.06872877
389,LKnee,383.68954,360.59232,0.8674531,-0.11002429,0.2993833,-0.03158359
389,RKnee,377.48352,354.06967,0.8073462,-0.10887488,0.27248144,0.17532554
389,LAnkle,408.5137,445.38675,0.8964669,-0.036644094,0.49178788,0.013057259
389,RAnkle,408.5137,419.29614,0.7636518,-0.04548819,0.42091572,0.23488241
389,Head,377.48352,106.20897,0.9315056,-0.10238065,-0.32266566,-0.084735565
389,Neck,383.68954,151.86752,0.9287529,-0.0917963,-0.19703345,-0.06955891
389,Hip,414.71973,282.32053,0.85314804,-0.031077525,0.10266523,-0.0013353007
389,LBigToe,371.27747,464.9547,0.86328775,,,
389,RBigToe,377.48352,425.81882,0.87929416,,,
389,LSmallToe,383.68954,464.9547,0.90378773,,,
389,RSmallToe,383.68954,419.29614,0.9025509,,,
389,LHeel,414.71973,451.9094,0.8423584,,,
389,RHeel,420.92578,425.81882,0.78069204,,,
390,Nose,360.89395,127.29684,0.95548743,,,
390,LEye,367.1917,120.679794,0.9521295,,,
390,REye,360.89395,120.679794,0.96891093,,,
390,LEar,386.08496,127.29684,0.985318,,,
390,REar,386.08496,127.29684,0.8470059,,,
390,LShoulder,392.38272,166.99908,0.85273635,-0.08472808,-0.16798688,-0.14529893
390,RShoulder,373.48944,166.99908,0.816665,-0.101527706,-0.17592005,0.023729261
390,LElbow,335.7029,180.23315,0.8246803,-0.20645772,-0.13821937,-0.2556907
390,RElbow,329.40515,180.23315,0.8016151,-0.2136295,-0.13733009,0.10812908
390,LWrist,310.5119,180.23315,0.53227794,-0.36393198,-0.13961783,-0.30604622
390,RWrist,266.42758,180.23315,0.41422784,-0.3449663,-0.13544849,0.12687884
390,LHip,411.276,279.48877,0.75664073,-0.029382283,0.10094842,-0.074305
390,RHip,404.97824,279.48877,0.706309,-0.045104865,0.08534689,0.06883525
390,LKnee,379.7872,358.89325,0.8437671,-0.1037872,0.29502475,-0.024302756
390,RKnee,379.7872,352.2762,0.8447468,-0.10175739,0.27037683,0.17524329
390,LAnkle,404.97824,444.9148,0.8898531,-0.03634917,0.49149588,0.018128432
390,RAnkle,404.97824,418.44662,0.74409205,-0.045148797,0.42110845,0.23717101
390,Head,379.7872,100.828674,0.9315863,-0.09892412,-0.33709615,-0.08246673
390,Neck,386.08496,147.14796,0.8813766,-0.08857092,-0.21030837,-0.06637148
390,Hip,411.276,279.48877,0.8454555,-0.035639793,0.09427664,-0.0014020139
390,LBigToe,373.48944,464.76593,0.89270395,,,
390,RBigToe,379.7872,425.06366,0.9471411,,,
390,LSmallToe,379.7872,464.76593,0.9101825,,,
390,RSmallToe,379.7872,418.44662,0.9525116,,,
390,LHeel,417.57376,451.53183,0.8980638,,,
390,RHeel,417.57376,425.06366,0.778538,,,
391,Nose,359.23044,121.816536,0.9668266,,,
391,LEye,365.48428,115.09609,0.94986725,,,
391,REye,359.23044,115.09609,0.95911926,,,
391,LEar,390.49957,121.816536,0.9758782,,,
391,REar,384.24576,121.816536,0.8217771,,,
391,LShoulder,390.49957,162.13919,0.85758513,-0.08272048,-0.17872189,-0.14261158
391,RShoulder,377.9919,162.13919,0.75053245,-0.09763607,-0.18719293,0.027194632
391,LElbow,334.21515,175.58008,0.8308852,-0.20207494,-0.14752376,-0.25446638
391,RElbow,334.21515,175.58008,0.83135784,-0.20896897,-0.14708152,0.11416642
391,LWrist,309.19983,175.58008,0.5544806,-0.35569352,-0.14922781,-0.30889598
391,RWrist,271.67688,182.30052,0.62172246,-0.3385645,-0.14448059,0.13865134
391,LHip,409.26105,276.38672,0.742299,-0.03463587,0.09270483,-0.07466859
391,RHip,403.00723,276.38672,0.68524784,-0.04850688,0.078613445,0.06897025
391,LKnee,384.24576,357.03204,0.8940428,-0.097279385,0.29108676,-0.017652156
391,RKnee,384.24576,350.31158,0.81735593,-0.09478188,0.2684268,0.17494875
391,LAnkle,409.26105,444.3978,0.8948508,-0.035965048,0.491205,0.022764342
391,RAnkle,409.26105,417.51602,0.74771523,-0.044846993,0.42120156,0.23922063
391,Head,384.24576,94.93476,0.9593958,-0.095659755,-0.34957477,-0.08034273
391,Neck,384.24576,141.97786,0.8947522,-0.08581376,-0.22185786,-0.06325908
391,Hip,409.26105,276.38672,0.84432477,-0.039876424,0.086745605,-0.0014916598
391,LBigToe,371.7381,464.5591,0.8876518,,,
391,RBigToe,377.9919,424.23645,1.0135534,,,
391,LSmallToe,384.24576,464.5591,0.89182615,,,
391,RSmallToe,377.9919,417.51602,0.9648123,,,
391,LHeel,415.5149,451.11823,0.8946704,,,
391,RHeel,415.5149,424.23645,0.78357595,,,
392,Nose,364.89645,117.48237,0.9366794,,,
392,LEye,371.07095,110.68015,0.9468052,,,
392,REye,364.89645,110.68015,0.9713832,,,
392,LEar,389.59448,117.48237,0.97513324,,,
392,REar,389.59448,117.48237,0.81631505,,,
392,LShoulder,389.59448,158.29568,0.8581249,-0.080867305,-0.18775074,-0.13996607
392,RShoulder,389.59448,158.29568,0.6954223,-0.09397362,-0.19671953,0.030268526
392,LElbow,340.19843,171.90013,0.88860524,-0.1975025,-0.15458344,-0.25250652
392,RElbow,340.19843,171.90013,0.86501783,-0.20425531,-0.15527368,0.12006584
392,LWrist,284.62784,178.70235,0.61764485,-0.34718925,-0.15680273,-0.31093195
392,RWrist,284.62784,178.70235,0.5613143,-0.33206457,-0.1517949,0.15024246
392,LHip,408.118,280.73563,0.7252373,-0.039857708,0.08523397,-0.07500925
392,RHip,401.9435,273.9334,0.6578618,-0.05176781,0.07271513,0.069051124
392,LKnee,383.41998,355.56006,0.8752748,-0.09016402,0.2875408,-0.011410765
392,RKnee,389.59448,348.75784,0.8412099,-0.08789795,0.26660708,0.17436582
392,LAnkle,408.118,443.9889,0.9045656,-0.0355015,0.49083892,0.027126255
392,RAnkle,408.118,416.78003,0.7877215,-0.044573784,0.42109826,0.24074358
392,Head,383.41998,90.27349,0.95988244,-0.09242175,-0.36050344,-0.07855144
392,Neck,389.59448,137.88902,0.91561013,-0.08312334,-0.23185706,-0.06056743
392,Hip,408.118,273.9334,0.852014,-0.04399337,0.07995409,-0.001564937
392,LBigToe,377.24548,464.39557,0.8961009,,,
392,RBigToe,377.24548,423.58224,1.0520273,,,
392,LSmallToe,383.41998,464.39557,0.9040179,,,
392,RSmallToe,383.41998,416.78003,0.9945221,,,
392,LHeel,414.29254,450.7911,0.89357835,,,
392,RHeel,420.46704,423.58224,0.80165315,,,
393,Nose,361.85828,113.70794,0.97182375,,,
393,LEye,368.05225,106.8345,0.959559,,,
393,REye,361.85828,106.8345,0.94416153,,,
393,LEar,392.8281,113.70794,0.95410264,,,
393,REar,392.8281,113.70794,0.8446056,,,
393,LShoulder,386.63412,154.94855,0.8735327,-0.079296336,-0.19478212,-0.13745625
393,RShoulder,392.8281,148.07512,0.7202333,-0.090752065,-0.20430519,0.033002306
393,LElbow,343.27637,168.69542,0.9062782,-0.19342172,-0.15907343,-0.25004506
393,RElbow,337.0824,168.69542,0.8995553,-0.20047605,-0.16114984,0.12532906
393,LWrist,287.5307,175.56886,0.6333551,-0.34017795,-0.16106153,-0.31155348
393,RWrist,293.72467,175.56886,0.63359666,-0.3263129,-0.15673254,0.16004568
393,LHip,405.21603,278.67038,0.74766654,-0.044658806,0.07908304,-0.07511807
393,RHip,405.21603,271.79694,0.706157,-0.05476977,0.06788321,0.06902188
393,LKnee,386.63412,354.27817,0.89147407,-0.08295175,0.2847583,-0.0061078668
393,RKnee,392.8281,354.27817,0.8337678,-0.08177407,0.26506218,0.17359209
393,LAnkle,411.40997,443.6328,0.92546713,-0.03507836,0.49049464,0.030903239
393,RAnkle,405.21603,416.1391,0.8278081,-0.044351805,0.42083085,0.2419264
393,Head,386.63412,86.2142,0.93116933,-0.08929677,-0.36930415,-0.07683582
393,Neck,386.63412,134.32825,0.90604913,-0.08062616,-0.23992756,-0.05805935
393,Hip,405.21603,271.79694,0.8664342,-0.047799803,0.074326575,-0.0016471762
393,LBigToe,374.2462,464.25314,0.9241818,,,
393,RBigToe,380.44016,423.0125,1.0758834,,,
393,LSmallToe,380.44016,464.25314,0.8588689,,,
393,RSmallToe,380.44016,416.1391,0.91648835,,,
393,LHeel,417.60394,450.50626,0.93324244,,,
393,RHeel,417.60394,423.0125,0.831354,,,
394,Nose,366.06482,111.33886,0.9807575,,,
394,LEye,372.11227,104.42072,0.97849286,,,
394,REye,366.06482,104.42072,0.9567033,,,
394,LEar,390.25464,111.33886,0.9568584,,,
394,REar,390.25464,111.33886,0.7916148,,,
394,LShoulder,390.25464,152.84767,0.85781413,-0.0780177,-0.20000543,-0.1351609
394,RShoulder,390.25464,145.92953,0.71618193,-0.0879944,-0.2102028,0.035105508
394,LElbow,341.875,166.68393,0.86892134,-0.18981248,-0.16097718,-0.24722704
394,RElbow,335.82755,166.68393,0.8793449,-0.19715962,-0.16511758,0.12961185
394,LWrist,287.44794,173.60207,0.6182032,-0.33475316,-0.16284381,-0.31076738
394,RWrist,287.44794,173.60207,0.6842193,-0.32234615,-0.15925814,0.167739
394,LHip,402.34955,270.45596,0.7441084,-0.04928957,0.07395379,-0.07499756
394,RHip,402.34955,270.45596,0.69332343,-0.057635576,0.06390239,0.068855725
394,LKnee,396.3021,353.47357,0.8794923,-0.07564182,0.28253612,-0.0014440666
394,RKnee,396.3021,353.47357,0.81140864,-0.076299846,0.26379013,0.17271395
394,LAnkle,408.39697,443.40933,0.97219026,-0.034699645,0.49008903,0.034168042
394,RAnkle,408.39697,415.7368,0.8428921,-0.044086758,0.42066607,0.24282491
394,Head,390.25464,76.748184,0.9406775,-0.08614855,-0.37641272,-0.07527756
394,Neck,390.25464,132.09326,0.93081945,-0.07816228,-0.24641438,-0.056358702
394,Hip,402.34955,270.45596,0.861415,-0.051467016,0.06964357,-0.001714217
394,LBigToe,372.11227,464.16373,0.8404031,,,
394,RBigToe,378.15973,422.6549,1.0354366,,,
394,LSmallToe,384.20718,464.16373,0.76518047,,,
394,RSmallToe,384.20718,415.7368,0.9434543,,,
394,LHeel,414.44443,450.32745,0.9408294,,,
394,RHeel,414.44443,422.6549,0.8104793,,,
395,Nose,364.88385,108.65812,0.96837264,,,
395,LEye,370.874,101.68941,0.9652786,,,
395,REye,364.88385,101.68941,0.9286527,,,
395,LEar,394.83453,108.65812,0.9891674,,,
395,REar,388.8444,108.65812,0.8015699,,,
395,LShoulder,394.83453,150.47041,0.8272666,-0.07698273,-0.20305024,-0.13299766
395,RShoulder,388.8444,143.5017,0.7085049,-0.08554297,-0.21413879,0.036577944
395,LElbow,340.92328,171.37656,0.88578415,-0.1865129,-0.1602451,-0.24422626
395,RElbow,340.92328,164.40784,0.89653695,-0.19444674,-0.16709279,0.13283356
395,LWrist,281.0219,171.37656,0.61408013,-0.33066463,-0.16264184,-0.30893555
395,RWrist,281.0219,171.37656,0.60343474,-0.31923112,-0.1601278,0.17331506
395,LHip,400.82468,268.93857,0.74422014,-0.053566493,0.07009275,-0.07478836
395,RHip,400.82468,268.93857,0.6869518,-0.060341053,0.0610425,0.06865227
395,LKnee,394.83453,352.56314,0.8677176,-0.06864386,0.28102,0.0019367503
395,RKnee,394.83453,352.56314,0.8315891,-0.07183991,0.26297408,0.1719768
395,LAnkle,406.81482,443.15643,0.9706718,-0.034354858,0.4898083,0.036728367
395,RAnkle,406.81482,415.28156,0.8383047,-0.04388424,0.42030722,0.24341494
395,Head,388.8444,73.814545,0.94424266,-0.083370045,-0.3814376,-0.07394571
395,Neck,394.83453,129.56427,0.9419468,-0.07591317,-0.25092894,-0.055121735
395,Hip,400.82468,268.93857,0.86425596,-0.054896068,0.06613381,-0.0017280979
395,LBigToe,370.874,464.06256,0.81493807,,,
395,RBigToe,376.86414,422.25027,0.9528151,,,
395,LSmallToe,382.85425,464.06256,0.762984,,,
395,RSmallToe,382.85425,415.28156,0.92263275,,,
395,LHeel,412.80496,450.12515,0.9078224,,,
395,RHeel,412.80496,422.25027,0.70061374,,,
396,Nose,364.73962,107.731415,0.9390363,,,
396,LEye,376.5304,100.74522,0.9511376,,,
396,REye,370.635,100.74522,0.9408463,,,
396,LEar,394.21655,107.731415,0.99275655,,,
396,REar,394.21655,107.731415,0.7783739,,,
396,LShoulder,394.21655,149.6486,0.8468709,-0.07604079,-0.2043219,-0.13089196
396,RShoulder,388.32117,149.6486,0.71538365,-0.08334186,-0.21649553,0.037691556
396,LElbow,347.0535,170.60721,0.9260862,-0.18404084,-0.15782027,-0.24101898
396,RElbow,341.1581,163.62102,0.89962703,-0.19241153,-0.16749693,0.1353422
396,LWrist,282.20428,170.60721,0.64263546,-0.3269385,-0.16099188,-0.30630797
396,RWrist,299.89044,170.60721,0.46114582,-0.31620204,-0.15985462,0.17693405
396,LHip,400.11194,268.414,0.73953146,-0.057477485,0.06738201,-0.07440538
396,RHip,400.11194,268.414,0.66998464,-0.06288707,0.05913469,0.0683619
396,LKnee,400.11194,352.2484,0.84888124,-0.062135883,0.28012338,0.004089945
396,RKnee,394.21655,352.2484,0.8438785,-0.068083346,0.2623978,0.17141807
396,LAnkle,411.9027,443.069,0.9386159,-0.034028143,0.48967734,0.03855118
396,RAnkle,406.00732,415.1242,0.8529025,-0.04368319,0.4198203,0.24384873
396,Head,388.32117,72.800415,0.93603283,-0.080850646,-0.3845434,-0.07288356
396,Neck,394.21655,128.69002,0.96387047,-0.07399611,-0.25364652,-0.054327697
396,Hip,400.11194,268.414,0.86851263,-0.05815178,0.06374225,-0.0016969498
396,LBigToe,376.5304,464.0276,0.81752074,,,
396,RBigToe,376.5304,422.1104,0.9640754,,,
396,LSmallToe,388.32117,464.0276,0.7647219,,,
396,RSmallToe,382.42578,415.1242,0.92406833,,,
396,LHeel,411.9027,450.0552,0.86050767,,,
396,RHeel,411.9027,429.0966,0.6927102,,,
397,Nose,369.3642,107.53369,0.93489766,,,
397,LEye,375.2305,100.54376,0.9661004,,,
397,REye,369.3642,100.54376,0.9508901,,,
397,LEar,392.82935,107.53369,0.96713495,,,
397,REar,392.82935,107.53369,0.7949199,,,
397,LShoulder,392.82935,149.47327,0.8601616,-0.0752604,-0.20416786,-0.12864816
397,RShoulder,392.82935,142.48334,0.7319636,-0.081553265,-0.21743008,0.038581975
397,LElbow,345.89905,170.44307,0.91979307,-0.18269908,-0.15403627,-0.2373778
397,RElbow,345.89905,163.45312,0.86699444,-0.19111091,-0.16645883,0.13657732
397,LWrist,310.7013,170.44307,0.64625734,-0.32547572,-0.15756057,-0.30228874
397,RWrist,316.5676,163.45312,0.5877204,-0.3145305,-0.15793417,0.17869717
397,LHip,398.69565,268.3021,0.7531248,-0.061000317,0.06566036,-0.073844455
397,RHip,398.69565,268.3021,0.68873924,-0.06524691,0.0581231,0.06798506
397,LKnee,398.69565,352.18124,0.8291451,-0.056261186,0.27972844,0.005129776
397,RKnee,398.69565,352.18124,0.8502957,-0.065038934,0.2620457,0.17111632
397,LAnkle,410.42822,443.05035,0.96080875,-0.033838905,0.48956248,0.03988979
397,RAnkle,404.56195,415.09064,0.8554094,-0.043463785,0.41928717,0.24426089
397,Head,392.82935,72.58404,0.9246444,-0.07857275,-0.38606545,-0.07204238
397,Neck,392.82935,128.50348,0.9480575,-0.072279155,-0.25487053,-0.053749368
397,Hip,398.69565,268.3021,0.87238497,-0.061164513,0.06229804,-0.0016487204
397,LBigToe,375.2305,464.02014,0.80844337,,,
397,RBigToe,381.09677,422.08057,0.9718658,,,
397,LSmallToe,386.96307,464.02014,0.76862454,,,
397,RSmallToe,386.96307,415.09064,0.9134577,,,
397,LHeel,416.29453,450.04028,0.8833557,,,
397,RHeel,410.42822,422.08057,0.6543602,,,
398,Nose,368.718,107.56308,0.94333756,,,
398,LEye,374.5483,100.57371,0.95719445,,,
398,REye,368.718,100.57371,0.93845373,,,
398,LEar,397.8696,107.56308,0.94942063,,,
398,REar,397.8696,107.56308,0.80903566,,,
398,LShoulder,392.03928,149.49934,0.8411533,-0.07458301,-0.20266746,-0.12626873
398,RShoulder,392.03928,149.49934,0.7444825,-0.07997531,-0.21718018,0.03907364
398,LElbow,345.39667,177.45685,0.8937549,-0.18192026,-0.14927599,-0.2335963
398,RElbow,345.39667,163.47809,0.8475687,-0.19033027,-0.16397531,0.1371469
398,LWrist,310.41473,170.46747,0.68135154,-0.32557416,-0.1534288,-0.29802993
398,RWrist,322.07538,163.47809,0.60850257,-0.3144797,-0.15480825,0.1784804
398,LHip,397.8696,268.31873,0.76206076,-0.06422362,0.06490339,-0.073084004
398,RHip,397.8696,268.31873,0.69883174,-0.067509755,0.05784477,0.06753077
398,LKnee,403.69992,352.19122,0.8313196,-0.051117416,0.27990398,0.005329983
398,RKnee,397.8696,352.19122,0.8637276,-0.06255894,0.26199508,0.17118953
398,LAnkle,409.53024,443.05313,0.9778667,-0.03378004,0.4895619,0.040890183
398,RAnkle,403.69992,415.0956,0.8461195,-0.043275326,0.4188617,0.24490587
398,Head,392.03928,72.6162,0.92634344,-0.07657373,-0.38622704,-0.07133638
398,Neck,392.03928,128.5312,0.92669946,-0.07071273,-0.25476402,-0.05354231
398,Hip,397.8696,268.31873,0.8789217,-0.064038225,0.0617454,-0.0015648943
398,LBigToe,374.5483,457.03186,0.7999434,,,
398,RBigToe,380.37863,422.085,0.9861693,,,
398,LSmallToe,386.20895,464.02124,0.7782736,,,
398,RSmallToe,386.20895,415.0956,0.93519497,,,
398,LHeel,415.36057,450.0425,0.8886904,,,
398,RHeel,409.53024,422.085,0.66094184,,,
399,Nose,369.64667,107.69879,0.94856733,,,
399,LEye,375.37918,100.711975,0.95991576,,,
399,REye,369.64667,100.711975,0.9329427,,,
399,LEar,398.30923,107.69879,0.95283246,,,
399,REar,392.57672,107.69879,0.79039854,,,
399,LShoulder,392.57672,156.60649,0.8223128,-0.07397479,-0.20061135,-0.12389768
399,RShoulder,392.57672,149.61967,0.7361002,-0.078472555,-0.21607514,0.039425753
399,LElbow,346.7166,177.56694,0.8847793,-0.18235648,-0.1454263,-0.22979465
399,RElbow,340.9841,170.58012,0.7953241,-0.18961264,-0.16098773,0.1370966
399,LWrist,272.19397,177.56694,0.56872267,-0.32787654,-0.14909051,-0.29503515
399,RWrist,318.05408,170.58012,0.60643184,-0.31503788,-0.15155594,0.1766176
399,LHip,398.30923,268.39554,0.72859335,-0.06694625,0.06483105,-0.07219862
399,RHip,398.30923,268.39554,0.6664736,-0.069397256,0.058102515,0.06703252
399,LKnee,404.04175,352.23734,0.8309613,-0.0468393,0.2804636,0.0050021866
399,RKnee,398.30923,352.23734,0.83722925,-0.06056633,0.26211557,0.17148803
399,LAnkle,409.77426,443.06592,0.9712261,-0.033779383,0.48962578,0.041563436
399,RAnkle,409.77426,415.11865,0.84727067,-0.043065432,0.4186294,0.24572253
399,Head,392.57672,79.751526,0.92564714,-0.07481363,-0.3854931,-0.070783265
399,Neck,392.57672,128.65924,0.92367655,-0.06927045,-0.25380394,-0.053494364
399,Hip,398.30923,268.39554,0.85217106,-0.06653467,0.061873022,-0.0014777104
399,LBigToe,375.37918,457.03955,0.7792581,,,
399,RBigToe,381.1117,422.10547,0.9680771,,,
399,LSmallToe,386.8442,464.02637,0.76469105,,,
399,RSmallToe,386.8442,415.11865,0.92322016,,,
399,LHeel,415.50674,450.05273,0.8795333,,,
399,RHeel,415.50674,422.10547,0.674769,,,
400,Nose,369.69678,108.31461,0.9495707,,,
400,LEye,375.4104,101.33942,0.96033376,,,
400,REye,369.69678,101.33942,0.92683846,,,
400,LEar,398.26483,108.31461,0.9570966,,,
400,REar,398.26483,108.31461,0.79010123,,,
400,LShoulder,392.5512,157.14099,0.80675095,-0.073745236,-0.19872336,-0.12173103
400,RShoulder,392.5512,150.16579,0.7368695,-0.07719258,-0.21480156,0.039884303
400,LElbow,346.84235,178.06657,0.9105812,-0.18367405,-0.14218344,-0.22624025
400,RElbow,341.12872,171.09137,0.837575,-0.18923348,-0.15813924,0.13672306
400,LWrist,266.8518,178.06657,0.6318217,-0.330288,-0.14470285,-0.2912417
400,RWrist,272.56543,178.06657,0.5662422,-0.31701487,-0.14798613,0.17422785
400,LHip,392.5512,268.7441,0.71462923,-0.06930518,0.064955056,-0.07115244
400,RHip,392.5512,268.7441,0.66478395,-0.07097842,0.058532182,0.06637897
400,LKnee,403.97845,352.44647,0.80383223,-0.043099523,0.2811171,0.0043060426
400,RKnee,398.26483,352.44647,0.81326914,-0.05886914,0.2621735,0.1719096
400,LAnkle,409.69205,443.12402,0.96652323,-0.03401631,0.48967215,0.041973945
400,RAnkle,409.69205,415.22324,0.8338625,-0.04305578,0.41828102,0.246366
400,Head,392.5512,80.413826,0.92700505,-0.07310884,-0.38453075,-0.06993843
400,Neck,392.5512,129.2402,0.9165969,-0.067879684,-0.25266466,-0.053131122
400,Hip,392.5512,268.7441,0.8484339,-0.06871557,0.062147614,-0.0013823055
400,LBigToe,375.4104,457.0744,0.77637714,,,
400,RBigToe,381.124,422.19843,0.93043447,,,
400,LSmallToe,386.83762,464.04962,0.76533407,,,
400,RSmallToe,386.83762,415.22324,0.89953077,,,
400,LHeel,415.40567,450.0992,0.8859224,,,
400,RHeel,415.40567,422.19843,0.67812246,,,
401,Nose,370.22937,108.885994,0.9454145,,,
401,LEye,375.8929,101.92158,0.9646788,,,
401,REye,370.22937,101.92158,0.92175025,,,
401,LEar,398.54703,108.885994,0.9421407,,,
401,REar,392.88348,108.885994,0.80168647,,,
401,LShoulder,392.88348,157.6369,0.8149026,-0.07382467,-0.19704609,-0.119796865
401,RShoulder,392.88348,150.67249,0.7132517,-0.07600947,-0.2135392,0.040142804
401,LElbow,341.9117,178.53015,0.8461628,-0.18586026,-0.13974358,-0.22294453
401,RElbow,347.57523,171.56573,0.77419645,-0.18961403,-0.15558644,0.13559313
401,LWrist,268.28577,178.53015,0.8029307,-0.3325794,-0.14044696,-0.28740332
401,RWrist,319.25757,171.56573,0.5716985,-0.31822383,-0.14508812,0.17112409
401,LHip,392.88348,269.06754,0.71604156,-0.07124527,0.065398544,-0.07023092
401,RHip,392.88348,269.06754,0.66453654,-0.07216026,0.05915532,0.065765135
401,LKnee,409.87408,359.60495,0.8132003,-0.04044869,0.28191152,0.0033769102
401,RKnee,398.54703,352.64053,0.7894515,-0.05775244,0.26213813,0.17247087
401,LAnkle,409.87408,443.17792,0.9680083,-0.034196854,0.48972663,0.04209068
401,RAnkle,409.87408,415.32025,0.84254503,-0.043047193,0.4179823,0.2469506
401,Head,392.88348,74.06392,0.92372066,-0.07164186,-0.38337165,-0.06896654
401,Neck,392.88348,129.77924,0.9124427,-0.066612154,-0.25135836,-0.052787535
401,Hip,392.88348,269.06754,0.85429853,-0.07031208,0.06273544,-0.0013100493
401,LBigToe,375.8929,457.10675,0.7619131,,,
401,RBigToe,381.55643,422.28467,0.95396966,,,
401,LSmallToe,387.21997,464.07117,0.75351006,,,
401,RSmallToe,387.21997,415.32025,0.9268234,,,
401,LHeel,415.53763,450.14233,0.88042194,,,
401,RHeel,415.53763,422.28467,0.684063,,,
402,Nose,368.7364,109.28789,0.9339724,,,
402,LEye,380.13574,102.331055,0.9444793,,,
402,REye,374.43607,102.331055,0.9309659,,,
402,LEar,397.23477,109.28789,0.9670213,,,
402,REar,397.23477,109.28789,0.8418303,,,
402,LShoulder,397.23477,157.98572,0.82690746,-0.07424399,-0.19543375,-0.11810887
402,RShoulder,391.5351,151.02888,0.73683095,-0.075039394,-0.21221204,0.040251613
402,LElbow,345.93768,178.85622,0.8823251,-0.18838388,-0.13781622,-0.21995226
402,RElbow,345.93768,171.89938,0.7761221,-0.19035476,-0.15331043,0.1340965
402,LWrist,271.84186,185.81303,0.64779127,-0.33433998,-0.13711393,-0.28376213
402,RWrist,271.84186,178.85622,0.525947,-0.3200406,-0.14241897,0.16778752
402,LHip,397.23477,269.29504,0.71922237,-0.07292588,0.066015825,-0.069367
402,RHip,391.5351,276.25186,0.67642576,-0.073012784,0.059938233,0.06519641
402,LKnee,408.63412,359.73386,0.9236471,-0.038776886,0.2827616,0.0025732077
402,RKnee,402.93445,352.777,0.8403046,-0.056979828,0.26218963,0.17305295
402,LAnkle,408.63412,443.21585,0.9597638,-0.034334518,0.48985568,0.042282924
402,RAnkle,408.63412,415.38852,0.9181759,-0.043098383,0.41780433,0.24746847
402,Head,391.5351,81.460556,0.9045878,-0.070601486,-0.38188446,-0.06835559
402,Neck,397.23477,130.15839,0.89814043,-0.065654576,-0.24988045,-0.05270941
402,Hip,397.23477,269.29504,0.8454982,-0.0715636,0.06352849,-0.0012324254
402,LBigToe,374.43607,457.12952,0.7929501,,,
402,RBigToe,380.13574,422.34534,0.9572534,,,
402,LSmallToe,385.83542,464.08633,0.7928598,,,
402,RSmallToe,385.83542,415.38852,0.9230145,,,
402,LHeel,414.3338,450.17267,0.8563572,,,
402,RHeel,414.3338,422.34534,0.7473624,,,
403,Nose,373.948,109.70774,0.9395592,,,
403,LEye,379.6473,102.75883,0.9571748,,,
403,REye,373.948,102.75883,0.94269675,,,
403,LEar,396.74527,109.70774,0.9660635,,,
403,REar,396.74527,109.70774,0.8377579,,,
403,LShoulder,396.74527,158.35011,0.82278174,-0.07496728,-0.19445029,-0.11670584
403,RShoulder,396.74527,151.4012,0.7570072,-0.07437822,-0.21128288,0.040532775
403,LElbow,345.45142,179.19685,0.881265,-0.19138926,-0.13652979,-0.21722668
403,RElbow,345.45142,172.24794,0.79224724,-0.19171852,-0.15162598,0.132384
403,LWrist,316.9548,172.24794,0.56565815,-0.33750814,-0.13443531,-0.27830648
403,RWrist,322.6541,172.24794,0.6106357,-0.32091507,-0.13996348,0.16395012
403,LHip,396.74527,269.53268,0.74058664,-0.07426781,0.06638497,-0.06856073
403,RHip,391.04596,269.53268,0.70300484,-0.073325254,0.06029625,0.06452308
403,LKnee,408.1439,359.86853,0.9219364,-0.03777226,0.28341982,0.0021002756
403,RKnee,402.44458,352.91962,0.8362152,-0.056376327,0.26212886,0.17361748
403,LAnkle,408.1439,443.25543,0.93781996,-0.03464252,0.48987183,0.04249877
403,RAnkle,408.1439,415.4598,0.92078936,-0.043258056,0.41771466,0.24788535
403,Head,396.74527,81.9121,0.89879394,-0.06974986,-0.38066497,-0.06757109
403,Neck,396.74527,130.55447,0.90564555,-0.06484227,-0.24882331,-0.052358042
403,Hip,396.74527,269.53268,0.8422942,-0.07240282,0.0639471,-0.0011635292
403,LBigToe,373.948,464.10217,0.7719762,,,
403,RBigToe,379.6473,422.40872,0.9795685,,,
403,LSmallToe,385.34662,464.10217,0.7926826,,,
403,RSmallToe,385.34662,415.4598,0.9499788,,,
403,LHeel,413.8432,450.20435,0.85356104,,,
403,RHeel,413.8432,422.40872,0.7516252,,,
404,Nose,373.8228,109.81717,0.9392065,,,
404,LEye,379.50656,102.87032,0.9566358,,,
404,REye,373.8228,102.87032,0.9416619,,,
404,LEar,396.5578,109.81717,0.9631138,,,
404,REar,396.5578,109.81717,0.84885454,,,
404,LShoulder,390.87405,158.4451,0.8202726,-0.07573728,-0.19398917,-0.11514325
404,RShoulder,396.5578,151.49825,0.7686608,-0.07373187,-0.21075767,0.04067103
404,LElbow,339.72034,179.28563,0.8486913,-0.19416994,-0.13594633,-0.21412897
404,RElbow,345.40408,172.33879,0.7665446,-0.19319883,-0.15057757,0.13032386
404,LWrist,271.5154,186.23248,0.61824775,-0.34089082,-0.131456,-0.2768467
404,RWrist,316.98535,172.33879,0.5885967,-0.32294244,-0.13820393,0.15959202
404,LHip,396.5578,269.59464,0.72696704,-0.07530239,0.06643641,-0.06770566
404,RHip,396.5578,269.59464,0.68425155,-0.07348767,0.06031381,0.06384831
404,LKnee,407.92526,359.90363,0.90611535,-0.037226986,0.28385392,0.0020711052
404,RKnee,402.24152,352.9568,0.81687564,-0.055896647,0.26201823,0.17394471
404,LAnkle,407.92526,443.26578,0.94150347,-0.035003792,0.48977605,0.042677924
404,RAnkle,407.92526,415.4784,0.9136017,-0.04351912,0.41774175,0.24820748
404,Head,396.5578,82.029785,0.89896965,-0.06915635,-0.37976497,-0.06694346
404,Neck,396.5578,130.65771,0.9065703,-0.064300925,-0.24816886,-0.052124463
404,Hip,396.5578,269.59464,0.8324987,-0.07305875,0.06398973,-0.0011207347
404,LBigToe,373.8228,464.10632,0.7741801,,,
404,RBigToe,379.50656,422.42523,0.97938323,,,
404,LSmallToe,385.1903,464.10632,0.7953474,,,
404,RSmallToe,385.1903,415.4784,0.94899845,,,
404,LHeel,413.609,450.21262,0.8579285,,,
404,RHeel,413.609,422.42523,0.74500203,,,
405,Nose,374.07495,109.72615,0.9353156,,,
405,LEye,379.7231,102.77759,0.9518657,,,
405,REye,374.07495,102.77759,0.9348568,,,
405,LEar,396.6676,109.72615,0.967091,,,
405,REar,396.6676,109.72615,0.8582675,,,
405,LShoulder,391.01944,158.36609,0.8387659,-0.07675415,-0.19392034,-0.1141005
405,RShoulder,396.6676,151.41753,0.77658945,-0.07327855,-0.2106831,0.04053086
405,LElbow,340.18594,179.21179,0.8683826,-0.19670376,-0.13567193,-0.21158984
405,RElbow,345.8341,172.26323,0.7979761,-0.19460025,-0.15001601,0.12835822
405,LWrist,266.7598,186.16035,0.7410768,-0.34417802,-0.12941822,-0.2737715
405,RWrist,317.5933,172.26323,0.5616283,-0.32473052,-0.13733539,0.15547061
405,LHip,391.01944,269.5431,0.74757755,-0.07624708,0.0661726,-0.06696599
405,RHip,391.01944,269.5431,0.7097172,-0.07333273,0.06005564,0.06311614
405,LKnee,407.96393,359.87442,0.8958646,-0.0370135,0.28403023,0.0022092157
405,RKnee,402.31577,352.92587,0.8291504,-0.055544596,0.26185364,0.17417541
405,LAnkle,407.96393,443.25717,0.9620942,-0.035415754,0.4896027,0.042807937
405,RAnkle,407.96393,415.46292,0.87734455,-0.043817956,0.41768804,0.248342
405,Head,396.6676,81.9319,0.8988859,-0.06872292,-0.37928072,-0.066469185
405,Neck,396.6676,130.57184,0.90400755,-0.064020194,-0.24794741,-0.05210669
405,Hip,391.01944,269.5431,0.8492691,-0.073568255,0.06363894,-0.0010849857
405,LBigToe,374.07495,464.10287,0.78949267,,,
405,RBigToe,379.7231,422.4115,0.9507285,,,
405,LSmallToe,385.37128,464.10287,0.79882413,,,
405,RSmallToe,385.37128,415.46292,0.9253485,,,
405,LHeel,413.6121,450.20575,0.8804341,,,
405,RHeel,413.6121,422.4115,0.70189124,,,
406,Nose,368.36005,110.074814,0.93347657,,,
406,LEye,379.67242,103.132835,0.94835603,,,
406,REye,374.01624,103.132835,0.92801255,,,
406,LEar,396.64096,110.074814,0.96518356,,,
406,REar,396.64096,110.074814,0.8613132,,,
406,LShoulder,390.98477,158.66872,0.8332585,-0.07775058,-0.19415174,-0.113295905
406,RShoulder,396.64096,151.72673,0.76630706,-0.072963186,-0.2108944,0.04024052
406,LElbow,340.07916,179.49466,0.84728444,-0.19863048,-0.13569221,-0.20957798
406,RElbow,345.73532,172.55267,0.7779995,-0.19612573,-0.14983116,0.12635411
406,LWrist,266.54883,186.43665,0.8048148,-0.34636313,-0.12826945,-0.27083367
406,RWrist,272.205,186.43665,0.46295288,-0.3264538,-0.13694458,0.15132716
406,LHip,390.98477,269.74045,0.7451582,-0.077153355,0.06573737,-0.06645752
406,RHip,390.98477,269.74045,0.7061407,-0.073078945,0.05963924,0.062487364
406,LKnee,407.9533,359.98627,0.8483854,-0.037257686,0.2839826,0.0023392325
406,RKnee,402.29712,353.04428,0.80670816,-0.05541038,0.26157573,0.17427698
406,LAnkle,407.9533,443.29007,0.9608994,-0.035685543,0.48931566,0.04280324
406,RAnkle,407.9533,415.52213,0.8695051,-0.044058207,0.4176868,0.24832952
406,Head,390.98477,75.36489,0.9054247,-0.06841675,-0.37912807,-0.06628526
406,Neck,396.64096,130.90077,0.9027813,-0.063874274,-0.24805757,-0.052294172
406,Hip,390.98477,269.74045,0.8379227,-0.07387937,0.06310618,-0.0010722475
406,LBigToe,374.01624,464.11603,0.79659784,,,
406,RBigToe,379.67242,422.4641,0.9537913,,,
406,LSmallToe,385.32858,464.11603,0.79630786,,,
406,RSmallToe,385.32858,415.52213,0.91136605,,,
406,LHeel,413.6095,450.23206,0.8716491,,,
406,RHeel,413.6095,422.4641,0.68950856,,,
407,Nose,368.16745,109.500916,0.9347703,,,
407,LEye,379.4191,102.5481,0.94023734,,,
407,REye,373.79327,102.5481,0.9201773,,,
407,LEar,396.2966,109.500916,0.9584789,,,
407,REar,396.2966,109.500916,0.84618735,,,
407,LShoulder,396.2966,158.17061,0.82287776,-0.07879402,-0.19454838,-0.11285303
407,RShoulder,396.2966,151.21779,0.7681005,-0.07290666,-0.21139105,0.039762773
407,LElbow,340.03827,179.02904,0.8661862,-0.2002447,-0.13592513,-0.20809557
407,RElbow,345.6641,172.07623,0.7851564,-0.1979154,-0.14991851,0.12426567
407,LWrist,266.90244,185.98186,0.70518,-0.3482276,-0.12769538,-0.26864895
407,RWrist,317.53494,172.07623,0.44923112,-0.32789806,-0.13692863,0.1470862
407,LHip,390.67078,269.41562,0.73853624,-0.077987686,0.06507571,-0.066003695
407,RHip,390.67078,269.41562,0.7111657,-0.07264225,0.058994588,0.061981115
407,LKnee,407.54828,359.8022,0.8798409,-0.037698086,0.2838245,0.0026760965
407,RKnee,401.92242,352.84937,0.8058684,-0.055305324,0.26129904,0.17426485
407,LAnkle,407.54828,443.23593,0.94330007,-0.03600005,0.48903564,0.043057203
407,RAnkle,407.54828,415.42468,0.8874151,-0.04433127,0.4176778,0.24835458
407,Head,396.2966,81.68966,0.90047884,-0.068468675,-0.37917507,-0.06625634
407,Neck,396.2966,130.35936,0.9032006,-0.06402396,-0.24841858,-0.052651882
407,Hip,390.67078,269.41562,0.8335961,-0.07407111,0.062305834,-0.0010690873
407,LBigToe,373.79327,464.09436,0.7833424,,,
407,RBigToe,379.4191,422.3775,0.95886207,,,
407,LSmallToe,385.04495,464.09436,0.78627604,,,
407,RSmallToe,385.04495,415.42468,0.92109853,,,
407,LHeel,418.79993,450.18875,0.8663366,,,
407,RHeel,413.1741,422.3775,0.7075204,,,
408,Nose,368.65805,109.90449,0.945788,,,
408,LEye,374.2893,102.95929,0.9598039,,,
408,REye,374.2893,102.95929,0.9095146,,,
408,LEar,396.8144,109.90449,0.94571865,,,
408,REar,396.8144,109.90449,0.8290485,,,
408,LShoulder,391.1831,158.52087,0.842833,-0.07962797,-0.19515838,-0.11236147
408,RShoulder,396.8144,151.57567,0.7658523,-0.072929054,-0.21195224,0.03913203
408,LElbow,340.50168,179.35648,0.8923848,-0.20128864,-0.13615964,-0.20687896
408,RElbow,340.50168,172.41127,0.80639756,-0.1997238,-0.15006886,0.122230604
408,LWrist,267.29517,186.30167,0.8134844,-0.34942615,-0.12734291,-0.2660843
408,RWrist,272.92645,179.35648,0.52490515,-0.33000034,-0.13658316,0.14292733
408,LHip,391.1831,269.64404,0.75066274,-0.07861561,0.06432009,-0.06558926
408,RHip,391.1831,269.64404,0.7136791,-0.072076164,0.058251794,0.061439924
408,LKnee,408.07693,359.93164,0.87502265,-0.038279917,0.2835695,0.0029416864
408,RKnee,396.8144,352.98642,0.7973615,-0.05523892,0.26092133,0.1741659
408,LAnkle,408.07693,443.27402,0.96347433,-0.036231916,0.48871508,0.04306655
408,RAnkle,408.07693,415.49323,0.8842652,-0.04458183,0.4176495,0.24827428
408,Head,391.1831,75.17849,0.9111839,-0.06850345,-0.37940037,-0.06667458
408,Neck,396.8144,130.74008,0.90042454,-0.06423511,-0.24891455,-0.053187303
408,Hip,391.1831,269.64404,0.8558664,-0.073927246,0.061408084,-0.0010918498
408,LBigToe,374.2893,464.1096,0.7922862,,,
408,RBigToe,379.92056,422.43842,0.9674776,,,
408,LSmallToe,385.55185,464.1096,0.795262,,,
408,RSmallToe,385.55185,415.49323,0.9268429,,,
408,LHeel,413.7082,450.2192,0.8657103,,,
408,RHeel,413.7082,422.43842,0.71326023,,,
409,Nose,373.1195,110.02902,0.935111,,,
409,LEye,378.81168,103.086174,0.9534958,,,
409,REye,373.1195,103.086174,0.9297421,,,
409,LEar,395.88818,110.02902,0.9603432,,,
409,REar,395.88818,110.02902,0.83061755,,,
409,LShoulder,390.196,158.62897,0.8334831,-0.080506645,-0.19589113,-0.11215796
409,RShoulder,395.88818,151.68611,0.7810578,-0.07303865,-0.21279185,0.038343795
409,LElbow,338.96646,179.4575,0.8638078,-0.20226449,-0.13658029,-0.20601457
409,RElbow,344.65863,172.51466,0.7896091,-0.20128852,-0.15035014,0.11979804
409,LWrist,270.6604,186.40036,0.7826288,-0.35064486,-0.1273451,-0.26388028
409,RWrist,270.6604,179.4575,0.5854812,-0.33097592,-0.13609843,0.13890411
409,LHip,390.196,269.71454,0.7308027,-0.07908988,0.06333549,-0.06528136
409,RHip,395.88818,269.71454,0.69235766,-0.07139033,0.057305153,0.06107426
409,LKnee,407.27252,359.9716,0.87089545,-0.038932562,0.28322577,0.0032728412
409,RKnee,401.58035,353.02872,0.82492054,-0.0552337,0.26054552,0.17386937
409,LAnkle,407.27252,443.28577,0.9182424,-0.036422502,0.4883761,0.043374423
409,RAnkle,407.27252,415.51437,0.8906845,-0.044774503,0.41761544,0.24811897
409,Head,395.88818,82.25763,0.89676344,-0.06885869,-0.3797525,-0.06713403
409,Neck,395.88818,130.85757,0.9064756,-0.06465782,-0.24966334,-0.053804804
409,Hip,395.88818,262.7717,0.8405724,-0.07350923,0.060281318,-0.0011444336
409,LBigToe,373.1195,464.1143,0.7827002,,,
409,RBigToe,378.81168,422.4572,0.97360325,,,
409,LSmallToe,384.50385,464.1143,0.80123717,,,
409,RSmallToe,384.50385,415.51437,0.94185936,,,
409,LHeel,418.65686,450.2286,0.8864119,,,
409,RHeel,412.9647,422.4572,0.7343492,,,
